date,특,상,보통,하
2001-01-03,,40000.0,25000.0,15000.0
2001-01-04,,40000.0,25000.0,15000.0
2001-01-05,,35000.0,25000.0,15000.0
2001-01-06,,35000.0,25000.0,15000.0
2001-01-08,,34000.0,25000.0,15000.0
2001-01-09,,34000.0,25000.0,15000.0
2001-01-10,,25000.0,17500.0,11000.0
2001-01-11,,33500.0,20000.0,11000.0
2001-01-12,,32500.0,20000.0,11000.0
2001-01-13,,29000.0,17500.0,10000.0
2001-01-15,,31000.0,17500.0,10000.0
2001-01-16,,29500.0,17500.0,10000.0
2001-01-17,,29000.0,17500.0,10000.0
2001-01-18,,29500.0,17500.0,10000.0
2001-01-19,,32000.0,17500.0,10000.0
2001-01-20,,40000.0,25000.0,12500.0
2001-01-22,,42500.0,25000.0,12500.0
2001-01-23,,42500.0,25000.0,12500.0
2001-01-27,,42500.0,25000.0,15000.0
2001-01-29,,38000.0,25000.0,15000.0
2001-01-30,,36000.0,25000.0,15000.0
2001-01-31,,34500.0,25000.0,14000.0
2001-02-01,,32500.0,25000.0,14000.0
2001-02-02,,34000.0,25000.0,14000.0
2001-02-03,,31000.0,20000.0,10500.0
2001-02-05,,27500.0,20000.0,10500.0
2001-02-06,,30000.0,20000.0,10500.0
2001-02-07,,29000.0,17500.0,10500.0
2001-02-08,,26000.0,17500.0,10500.0
2001-02-09,,30000.0,20000.0,10500.0
2001-02-10,,29000.0,20000.0,10500.0
2001-02-12,,26000.0,17500.0,10500.0
2001-02-13,,26500.0,17500.0,10500.0
2001-02-14,,25500.0,17500.0,10500.0
2001-02-15,,26000.0,17500.0,10500.0
2001-02-16,,25000.0,17500.0,10500.0
2001-02-17,,26000.0,17500.0,10500.0
2001-02-19,,30500.0,22500.0,14000.0
2001-02-20,,29000.0,22500.0,14000.0
2001-02-21,,31500.0,22500.0,14000.0
2001-02-22,,31500.0,22500.0,14000.0
2001-02-23,,39500.0,32000.0,18000.0
2001-02-24,,45500.0,35000.0,22500.0
2001-02-26,,57000.0,50000.0,34000.0
2001-02-27,,67000.0,56000.0,35000.0
2001-02-28,,70000.0,50000.0,29000.0
2001-03-01,,81500.0,69000.0,45000.0
2001-03-02,,86500.0,71500.0,45000.0
2001-03-03,,86500.0,71500.0,45000.0
2001-03-05,,80500.0,69000.0,40000.0
2001-03-06,,77500.0,67500.0,40000.0
2001-03-07,,62000.0,40000.0,20000.0
2001-03-08,,53000.0,36500.0,20000.0
2001-03-09,,50000.0,30000.0,15000.0
2001-03-10,,56000.0,40000.0,20000.0
2001-03-12,,60000.0,40000.0,20000.0
2001-03-13,,73000.0,60000.0,31000.0
2001-03-14,,73000.0,59000.0,30000.0
2001-03-15,,71500.0,59000.0,30000.0
2001-03-16,,64500.0,45000.0,20000.0
2001-03-17,,58500.0,42500.0,20000.0
2001-03-19,,61500.0,42500.0,20000.0
2001-03-20,,69500.0,53500.0,25000.0
2001-03-21,,69500.0,53500.0,25000.0
2001-03-22,,64500.0,51000.0,25000.0
2001-03-23,,62000.0,49000.0,25000.0
2001-03-24,,61500.0,49000.0,25000.0
2001-03-26,,68000.0,52500.0,27500.0
2001-03-27,,71000.0,55000.0,30000.0
2001-03-28,,73500.0,57500.0,32500.0
2001-03-29,,72500.0,55000.0,32500.0
2001-03-30,,75000.0,55000.0,32500.0
2001-03-31,,77000.0,55000.0,32500.0
2001-04-02,,82500.0,60000.0,32500.0
2001-04-03,,100000.0,75000.0,40000.0
2001-04-04,,112500.0,82500.0,45000.0
2001-04-05,,112500.0,82500.0,45000.0
2001-04-06,,107500.0,80000.0,45000.0
2001-04-07,,110000.0,80000.0,45000.0
2001-04-09,,105000.0,80000.0,45000.0
2001-04-10,,105000.0,80000.0,45000.0
2001-04-11,,104000.0,80000.0,45000.0
2001-04-12,,98000.0,70000.0,45000.0
2001-04-13,,96500.0,70000.0,45000.0
2001-04-14,,100000.0,70000.0,45000.0
2001-04-16,,100000.0,70000.0,45000.0
2001-04-17,,98500.0,70000.0,45000.0
2001-04-18,,95000.0,70000.0,45000.0
2001-04-19,,90000.0,70000.0,45000.0
2001-04-20,,80000.0,60000.0,35000.0
2001-04-21,,75500.0,60000.0,35000.0
2001-04-23,,71500.0,57500.0,35000.0
2001-04-24,,76500.0,57500.0,35000.0
2001-04-25,,72500.0,57500.0,35000.0
2001-04-26,,70500.0,57500.0,35000.0
2001-04-27,,57000.0,45000.0,30000.0
2001-04-28,,46500.0,35000.0,25000.0
2001-04-30,,47000.0,35000.0,25000.0
2001-05-01,,49000.0,35000.0,25000.0
2001-05-02,,49500.0,35000.0,25000.0
2001-05-03,,60500.0,54000.0,40000.0
2001-05-04,,57500.0,50000.0,32500.0
2001-05-05,,53000.0,45000.0,32500.0
2001-05-07,,50000.0,44000.0,32500.0
2001-05-08,,47500.0,40000.0,27500.0
2001-05-09,,46000.0,36000.0,25000.0
2001-05-10,,37500.0,30000.0,17500.0
2001-05-11,,33000.0,27500.0,20000.0
2001-05-12,,25000.0,19500.0,11000.0
2001-05-14,,21000.0,15000.0,10000.0
2001-05-15,,20000.0,13500.0,7500.0
2001-05-16,,18500.0,13500.0,9000.0
2001-05-17,,18500.0,13500.0,7500.0
2001-05-18,,18500.0,13500.0,7500.0
2001-05-19,,18500.0,13500.0,7500.0
2001-05-21,,18500.0,13500.0,7500.0
2001-05-22,,18500.0,13500.0,7500.0
2001-05-23,,18500.0,13500.0,9000.0
2001-05-24,,18500.0,13500.0,9000.0
2001-05-25,,17500.0,12500.0,9000.0
2001-05-26,,17500.0,12500.0,9000.0
2001-05-28,,17500.0,12500.0,9000.0
2001-05-29,,17500.0,12500.0,9000.0
2001-05-30,,18000.0,13000.0,9000.0
2001-05-31,,18000.0,13000.0,9000.0
2001-06-01,,19500.0,13000.0,9000.0
2001-06-02,,19500.0,13000.0,9000.0
2001-06-04,,19000.0,13000.0,9000.0
2001-06-05,,22500.0,17500.0,12500.0
2001-06-06,,22500.0,17500.0,12500.0
2001-06-07,,23000.0,17500.0,12500.0
2001-06-08,,22500.0,17500.0,12500.0
2001-06-09,,22500.0,17500.0,12500.0
2001-06-11,,22500.0,17500.0,12500.0
2001-06-12,,21000.0,17500.0,12500.0
2001-06-13,,20000.0,15000.0,10000.0
2001-06-14,,20500.0,15000.0,10000.0
2001-06-15,,20500.0,15000.0,10000.0
2001-06-16,,20000.0,15000.0,10000.0
2001-06-18,,20500.0,15000.0,10000.0
2001-06-19,,19500.0,14000.0,10000.0
2001-06-20,,20500.0,14000.0,10000.0
2001-06-21,,21500.0,15000.0,10000.0
2001-06-22,,21500.0,15000.0,11000.0
2001-06-23,,22500.0,18000.0,13000.0
2001-06-25,,22500.0,18000.0,13000.0
2001-06-26,,27500.0,22500.0,15000.0
2001-06-27,,41500.0,30000.0,20000.0
2001-06-28,,35500.0,27500.0,17500.0
2001-06-29,,26000.0,19500.0,10000.0
2001-06-30,,22500.0,15000.0,8500.0
2001-07-02,,26000.0,20000.0,13000.0
2001-07-03,,28500.0,24000.0,16000.0
2001-07-04,,24000.0,18000.0,12000.0
2001-07-05,,24000.0,18000.0,13000.0
2001-07-06,,22500.0,18000.0,12000.0
2001-07-07,,21500.0,17000.0,12000.0
2001-07-09,,22500.0,17500.0,11500.0
2001-07-10,,22500.0,17500.0,12500.0
2001-07-11,,22500.0,17500.0,11500.0
2001-07-12,,22500.0,17500.0,11500.0
2001-07-13,,20000.0,14000.0,8000.0
2001-07-14,,19500.0,14000.0,9000.0
2001-07-16,,26500.0,20000.0,11500.0
2001-07-17,,26500.0,20000.0,11500.0
2001-07-18,,22500.0,17500.0,11500.0
2001-07-19,,22000.0,17500.0,11500.0
2001-07-20,,21500.0,16500.0,9500.0
2001-07-21,,23000.0,16500.0,10000.0
2001-07-23,,25500.0,22000.0,15000.0
2001-07-24,,32000.0,25000.0,15000.0
2001-07-25,,27500.0,18500.0,10500.0
2001-07-26,,20000.0,14000.0,8000.0
2001-07-27,,14000.0,9000.0,6500.0
2001-07-28,,14000.0,9000.0,6500.0
2001-07-30,,17500.0,11000.0,7000.0
2001-07-31,,18500.0,11500.0,7500.0
2001-08-01,,20000.0,12500.0,7500.0
2001-08-02,,20000.0,12500.0,7500.0
2001-08-03,,18000.0,11500.0,6500.0
2001-08-04,,17500.0,11000.0,6000.0
2001-08-06,,17500.0,11000.0,7000.0
2001-08-07,,20000.0,14500.0,8500.0
2001-08-08,,20500.0,14500.0,8500.0
2001-08-09,,20500.0,14500.0,8500.0
2001-08-10,,20500.0,14500.0,9000.0
2001-08-11,,20500.0,14500.0,9000.0
2001-08-13,,20500.0,14500.0,9500.0
2001-08-14,,22000.0,14500.0,9500.0
2001-08-15,,18000.0,14000.0,9500.0
2001-08-16,,18000.0,14000.0,9500.0
2001-08-17,,18000.0,13000.0,8500.0
2001-08-18,,19500.0,14000.0,8500.0
2001-08-20,,22000.0,16000.0,11000.0
2001-08-21,,23500.0,20000.0,13000.0
2001-08-22,,26000.0,22000.0,14000.0
2001-08-23,,24500.0,20000.0,14000.0
2001-08-24,,21000.0,16500.0,12500.0
2001-08-25,,22000.0,16500.0,11500.0
2001-08-27,,21500.0,16500.0,11500.0
2001-08-28,,21500.0,16500.0,11500.0
2001-08-29,,21500.0,16500.0,11500.0
2001-08-30,,22500.0,17500.0,12500.0
2001-08-31,,22500.0,17500.0,12500.0
2001-09-01,,21500.0,15000.0,9000.0
2001-09-03,,19000.0,14000.0,9500.0
2001-09-04,,21000.0,16000.0,11000.0
2001-09-05,,24000.0,17000.0,11000.0
2001-09-06,,22500.0,17000.0,11000.0
2001-09-07,,22500.0,17000.0,11000.0
2001-09-08,,22500.0,17000.0,12000.0
2001-09-10,,24000.0,17000.0,12000.0
2001-09-11,,22500.0,17000.0,12000.0
2001-09-12,,25000.0,17000.0,12000.0
2001-09-13,,23000.0,17000.0,11000.0
2001-09-14,,22500.0,17000.0,11000.0
2001-09-15,,20000.0,14000.0,9000.0
2001-09-17,,23500.0,15000.0,9000.0
2001-09-18,,21500.0,16000.0,10000.0
2001-09-19,,21500.0,16000.0,10000.0
2001-09-20,,22500.0,16000.0,10000.0
2001-09-21,,22000.0,14000.0,10000.0
2001-09-22,,22000.0,14000.0,10000.0
2001-09-24,,22000.0,14000.0,10000.0
2001-09-25,,25500.0,17500.0,10500.0
2001-09-26,,32500.0,20000.0,11500.0
2001-09-27,,31500.0,20000.0,11500.0
2001-09-28,,30500.0,20000.0,11500.0
2001-09-29,,25000.0,16500.0,9500.0
2001-10-05,,37500.0,26500.0,15500.0
2001-10-06,,37500.0,22500.0,10500.0
2001-10-08,,29000.0,15000.0,8000.0
2001-10-09,,27500.0,15000.0,8000.0
2001-10-10,,26500.0,15000.0,8000.0
2001-10-11,,25000.0,15000.0,7500.0
2001-10-12,,22500.0,14000.0,7500.0
2001-10-13,,23000.0,14000.0,7500.0
2001-10-15,,23000.0,14000.0,7500.0
2001-10-16,,25000.0,15000.0,7500.0
2001-10-17,,28500.0,15000.0,7500.0
2001-10-18,,31500.0,20000.0,10500.0
2001-10-19,,31500.0,20000.0,10500.0
2001-10-20,,27500.0,16000.0,8500.0
2001-10-22,,29000.0,16000.0,9000.0
2001-10-23,,22500.0,12500.0,7500.0
2001-10-24,,22500.0,12500.0,7500.0
2001-10-25,,24000.0,12500.0,7500.0
2001-10-26,,23500.0,12500.0,7500.0
2001-10-27,,25000.0,12500.0,7500.0
2001-10-29,,27500.0,15000.0,7500.0
2001-10-30,,32500.0,20000.0,10000.0
2001-10-31,,32500.0,17500.0,7500.0
2001-11-01,,32500.0,17500.0,7500.0
2001-11-02,,31500.0,17500.0,7500.0
2001-11-03,,31500.0,17500.0,7500.0
2001-11-05,,31500.0,20000.0,10000.0
2001-11-06,,30000.0,20000.0,10000.0
2001-11-07,,27500.0,17500.0,10000.0
2001-11-08,,27500.0,17500.0,10000.0
2001-11-09,,29500.0,17000.0,7500.0
2001-11-10,,32500.0,20000.0,10000.0
2001-11-12,,32500.0,20000.0,10000.0
2001-11-13,,34500.0,20000.0,10000.0
2001-11-14,,31500.0,17500.0,10000.0
2001-11-15,,29000.0,17500.0,10000.0
2001-11-16,,29000.0,15000.0,7500.0
2001-11-17,,27500.0,15000.0,7500.0
2001-11-19,,32500.0,22500.0,12500.0
2001-11-20,,34500.0,20000.0,10000.0
2001-11-21,,36000.0,23000.0,11500.0
2001-11-22,,36500.0,23000.0,11500.0
2001-11-23,,35000.0,23000.0,10500.0
2001-11-24,,32500.0,20000.0,9000.0
2001-11-26,,36500.0,25000.0,12500.0
2001-11-27,,36500.0,25000.0,12500.0
2001-11-28,,34500.0,25000.0,12500.0
2001-11-29,,34500.0,25000.0,12500.0
2001-11-30,,32500.0,25000.0,12500.0
2001-12-01,,29000.0,20000.0,10000.0
2001-12-03,,29000.0,20000.0,10000.0
2001-12-04,,29500.0,21500.0,11500.0
2001-12-05,,27500.0,21500.0,11500.0
2001-12-06,,31000.0,21500.0,11500.0
2001-12-07,,30000.0,21500.0,11500.0
2001-12-08,,26000.0,17500.0,10000.0
2001-12-10,,25500.0,17500.0,10000.0
2001-12-11,,27000.0,18500.0,10000.0
2001-12-12,,25500.0,18500.0,10000.0
2001-12-13,,24000.0,17500.0,10000.0
2001-12-14,,23000.0,17500.0,10000.0
2001-12-15,,22500.0,15000.0,6500.0
2001-12-17,,23500.0,15000.0,6500.0
2001-12-18,,25000.0,15000.0,6500.0
2001-12-19,,23500.0,15000.0,6500.0
2001-12-20,,25000.0,15000.0,7000.0
2001-12-21,,25000.0,15000.0,7500.0
2001-12-22,,26000.0,15000.0,7500.0
2001-12-24,,25000.0,15000.0,7500.0
2001-12-25,,24000.0,15000.0,7500.0
2001-12-26,,23000.0,15000.0,7500.0
2001-12-27,,23000.0,15000.0,7500.0
2001-12-28,,20000.0,13000.0,6500.0
2001-12-29,,18500.0,12000.0,6500.0
2001-12-31,,17500.0,12000.0,6500.0
2002-01-03,,23000.0,12000.0,6500.0
2002-01-04,,23000.0,12000.0,6500.0
2002-01-05,,24000.0,17500.0,9000.0
2002-01-07,,24000.0,17500.0,9000.0
2002-01-08,,22000.0,14000.0,6500.0
2002-01-09,,22000.0,14000.0,6500.0
2002-01-10,,21500.0,13000.0,6500.0
2002-01-11,,23000.0,15000.0,6500.0
2002-01-12,,23000.0,15000.0,6500.0
2002-01-14,,22500.0,15000.0,6500.0
2002-01-15,,22500.0,15000.0,6500.0
2002-01-16,,22500.0,15000.0,7500.0
2002-01-17,,23000.0,15000.0,7500.0
2002-01-18,,25000.0,15000.0,7500.0
2002-01-19,,27000.0,17500.0,10000.0
2002-01-21,,27500.0,20000.0,10000.0
2002-01-22,,29500.0,20000.0,10000.0
2002-01-23,,30000.0,20000.0,10000.0
2002-01-24,,29000.0,20000.0,10000.0
2002-01-25,,27500.0,20000.0,10000.0
2002-01-26,,22500.0,15000.0,9000.0
2002-01-28,,29000.0,17500.0,10000.0
2002-01-29,,24000.0,15000.0,7500.0
2002-01-30,,27000.0,15000.0,7500.0
2002-01-31,,27000.0,15000.0,7500.0
2002-02-01,,30000.0,22500.0,12500.0
2002-02-02,,30000.0,22500.0,12500.0
2002-02-04,,29000.0,22500.0,12500.0
2002-02-05,,24000.0,17500.0,10000.0
2002-02-06,,25000.0,17500.0,10000.0
2002-02-07,,26000.0,17500.0,10000.0
2002-02-08,,27500.0,17500.0,10000.0
2002-02-09,,34000.0,24000.0,6000.0
2002-02-15,,41000.0,26500.0,12500.0
2002-02-16,,61500.0,44000.0,20000.0
2002-02-18,,85500.0,70000.0,20000.0
2002-02-19,,67500.0,52500.0,12500.0
2002-02-20,,52500.0,32500.0,12500.0
2002-02-21,,47500.0,25000.0,7500.0
2002-02-22,,45000.0,32500.0,15000.0
2002-02-23,,44000.0,32500.0,15000.0
2002-02-25,,43500.0,32500.0,15000.0
2002-02-26,,44500.0,32500.0,15000.0
2002-02-27,,47500.0,35000.0,17500.0
2002-02-28,,47500.0,35000.0,17500.0
2002-03-01,,47500.0,30000.0,12500.0
2002-03-02,,48000.0,32500.0,15000.0
2002-03-04,,57500.0,40000.0,18500.0
2002-03-05,,70500.0,62500.0,35000.0
2002-03-06,,68000.0,55000.0,20000.0
2002-03-07,,68000.0,50000.0,25000.0
2002-03-08,,67000.0,50000.0,25000.0
2002-03-09,,67500.0,55000.0,25000.0
2002-03-11,,73000.0,65000.0,35000.0
2002-03-12,,74000.0,65000.0,35000.0
2002-03-13,,73000.0,60000.0,30000.0
2002-03-14,,68000.0,50000.0,25000.0
2002-03-15,,68000.0,50000.0,25000.0
2002-03-16,,71000.0,55000.0,30000.0
2002-03-18,,78500.0,60000.0,35000.0
2002-03-19,,85000.0,60000.0,30000.0
2002-03-20,,93500.0,70000.0,40000.0
2002-03-21,,92500.0,70000.0,35000.0
2002-03-22,,85500.0,65000.0,32500.0
2002-03-23,,80000.0,55000.0,27500.0
2002-03-25,,83000.0,55000.0,25000.0
2002-03-26,,95000.0,70000.0,40000.0
2002-03-27,,94000.0,70000.0,40000.0
2002-03-28,,88500.0,70000.0,40000.0
2002-03-29,,86000.0,70000.0,40000.0
2002-03-30,,86000.0,65000.0,35000.0
2002-04-01,,88000.0,65000.0,35000.0
2002-04-02,,88500.0,65000.0,35000.0
2002-04-03,,88000.0,65000.0,35000.0
2002-04-04,,86000.0,65000.0,35000.0
2002-04-05,,80000.0,60000.0,35000.0
2002-04-06,,76500.0,50000.0,20000.0
2002-04-08,,69500.0,45000.0,22500.0
2002-04-09,,64000.0,45000.0,22500.0
2002-04-10,,51500.0,37500.0,20000.0
2002-04-11,,44000.0,35000.0,20000.0
2002-04-12,,44000.0,35000.0,20000.0
2002-04-13,,48000.0,35000.0,20000.0
2002-04-15,,56000.0,45000.0,25000.0
2002-04-16,,54000.0,45000.0,25000.0
2002-04-17,,53000.0,45000.0,25000.0
2002-04-18,,53000.0,45000.0,25000.0
2002-04-19,,49000.0,42500.0,25000.0
2002-04-20,,49000.0,42500.0,27500.0
2002-04-22,,50000.0,42500.0,30000.0
2002-04-23,,50000.0,42500.0,30000.0
2002-04-24,,49000.0,42500.0,30000.0
2002-04-25,,48500.0,42500.0,30000.0
2002-04-26,,49000.0,42500.0,30000.0
2002-04-27,,55000.0,45000.0,30000.0
2002-04-29,,54000.0,45000.0,30000.0
2002-04-30,,57500.0,47500.0,32500.0
2002-05-01,,57000.0,47500.0,32500.0
2002-05-02,,55000.0,47500.0,35000.0
2002-05-03,,55500.0,45000.0,30000.0
2002-05-04,,57500.0,45000.0,30000.0
2002-05-06,,56000.0,45000.0,30000.0
2002-05-07,,55000.0,45000.0,30000.0
2002-05-08,,54000.0,45000.0,30000.0
2002-05-09,,44000.0,35000.0,22500.0
2002-05-10,,43000.0,35000.0,22500.0
2002-05-11,,47000.0,40000.0,29000.0
2002-05-13,,47000.0,40000.0,26500.0
2002-05-14,,48000.0,37500.0,22500.0
2002-05-15,,40000.0,33500.0,20000.0
2002-05-16,,37500.0,30500.0,19000.0
2002-05-17,,33000.0,25000.0,15000.0
2002-05-18,,26500.0,20000.0,11500.0
2002-05-20,,26500.0,20000.0,10000.0
2002-05-21,,26500.0,21500.0,12000.0
2002-05-22,,26000.0,21500.0,12000.0
2002-05-23,,24500.0,20500.0,13000.0
2002-05-24,,24000.0,20000.0,13000.0
2002-05-25,,23500.0,19000.0,12000.0
2002-05-27,,20000.0,15000.0,8500.0
2002-05-28,,20000.0,15000.0,8500.0
2002-05-29,,21000.0,15000.0,10000.0
2002-05-30,,21500.0,15000.0,10000.0
2002-05-31,,22500.0,15000.0,10000.0
2002-06-01,,21500.0,17500.0,11500.0
2002-06-03,,22500.0,17500.0,11500.0
2002-06-04,,23500.0,20000.0,13000.0
2002-06-05,,23500.0,20000.0,14000.0
2002-06-06,,33000.0,25000.0,15000.0
2002-06-07,,31500.0,25000.0,15000.0
2002-06-08,,30000.0,23500.0,15000.0
2002-06-10,,30500.0,26500.0,17500.0
2002-06-11,,36500.0,29000.0,17500.0
2002-06-12,,38000.0,33000.0,22500.0
2002-06-13,,49500.0,44000.0,30000.0
2002-06-14,,48000.0,37500.0,25000.0
2002-06-15,,47500.0,40000.0,27500.0
2002-06-17,,45000.0,39000.0,27500.0
2002-06-18,,43000.0,35000.0,25000.0
2002-06-19,,40000.0,33500.0,25000.0
2002-06-20,,37000.0,30000.0,22500.0
2002-06-21,,36000.0,30000.0,17500.0
2002-06-22,,36000.0,30000.0,17500.0
2002-06-24,,33500.0,28500.0,17500.0
2002-06-25,,45000.0,39000.0,27500.0
2002-06-26,,59000.0,52500.0,40000.0
2002-06-27,,46500.0,37500.0,25000.0
2002-06-28,,41000.0,36000.0,24500.0
2002-06-29,,42500.0,37500.0,27500.0
2002-07-01,,45500.0,40500.0,29000.0
2002-07-02,,58500.0,52500.0,37500.0
2002-07-03,,53500.0,49000.0,35500.0
2002-07-04,,52000.0,46000.0,32000.0
2002-07-05,,50000.0,46000.0,27500.0
2002-07-06,,52500.0,46000.0,27500.0
2002-07-08,,51500.0,42000.0,29000.0
2002-07-09,,48000.0,42000.0,24000.0
2002-07-10,,32000.0,23000.0,15000.0
2002-07-11,,20000.0,15000.0,10000.0
2002-07-12,,18000.0,13000.0,7500.0
2002-07-13,,18000.0,12000.0,6500.0
2002-07-15,,19000.0,14000.0,8500.0
2002-07-16,,26000.0,18000.0,11000.0
2002-07-17,,18000.0,12500.0,7500.0
2002-07-18,,14500.0,10000.0,6500.0
2002-07-19,,13500.0,10000.0,6000.0
2002-07-20,,14000.0,10000.0,5000.0
2002-07-22,,13000.0,8000.0,4000.0
2002-07-23,,14500.0,8000.0,4500.0
2002-07-24,,15500.0,10000.0,6500.0
2002-07-25,,15500.0,10000.0,6500.0
2002-07-26,,10000.0,7000.0,4500.0
2002-07-27,,10000.0,7000.0,4500.0
2002-07-29,,15000.0,8000.0,4500.0
2002-07-30,,19000.0,12500.0,8000.0
2002-07-31,,18500.0,12500.0,7500.0
2002-08-01,,16000.0,11000.0,8000.0
2002-08-02,,15000.0,8000.0,5500.0
2002-08-03,,10000.0,7000.0,4000.0
2002-08-05,,15000.0,8000.0,4500.0
2002-08-06,,15000.0,8000.0,4500.0
2002-08-07,,19500.0,12500.0,7500.0
2002-08-08,,25000.0,12500.0,7500.0
2002-08-09,,20000.0,10500.0,4500.0
2002-08-10,,13000.0,6500.0,4000.0
2002-08-12,,14500.0,8500.0,5000.0
2002-08-13,,15000.0,7500.0,3500.0
2002-08-14,,15000.0,7500.0,3500.0
2002-08-15,,15000.0,7500.0,3500.0
2002-08-16,,16000.0,9500.0,5500.0
2002-08-17,,17500.0,10000.0,6000.0
2002-08-19,,19500.0,10500.0,5500.0
2002-08-20,,19000.0,10500.0,5500.0
2002-08-21,,13500.0,8500.0,5000.0
2002-08-22,,15000.0,7500.0,4000.0
2002-08-23,,14000.0,7500.0,4000.0
2002-08-24,,14000.0,8500.0,5500.0
2002-08-26,,14000.0,8500.0,5500.0
2002-08-27,,14000.0,8500.0,5500.0
2002-08-28,,14000.0,8500.0,5500.0
2002-08-29,,14000.0,8500.0,5500.0
2002-08-30,,14000.0,8500.0,5500.0
2002-08-31,,13000.0,8500.0,5500.0
2002-09-02,,19500.0,12500.0,8000.0
2002-09-03,,21500.0,12500.0,8000.0
2002-09-04,,18000.0,10500.0,7000.0
2002-09-05,,15000.0,8500.0,5000.0
2002-09-06,,15000.0,8500.0,5000.0
2002-09-07,,19000.0,11500.0,6000.0
2002-09-09,,18000.0,14000.0,8500.0
2002-09-10,,22000.0,15000.0,8500.0
2002-09-11,,22000.0,15000.0,8500.0
2002-09-12,,18500.0,12000.0,7500.0
2002-09-13,,17500.0,10000.0,6500.0
2002-09-14,,17000.0,9000.0,6000.0
2002-09-16,,20000.0,11500.0,6500.0
2002-09-17,,17000.0,9000.0,5500.0
2002-09-18,,20000.0,11500.0,6500.0
2002-09-19,,21000.0,11500.0,6500.0
2002-09-20,,21000.0,11500.0,6500.0
2002-09-24,,21000.0,11500.0,6500.0
2002-09-25,,21500.0,11500.0,6500.0
2002-09-26,,20000.0,11500.0,6500.0
2002-09-27,,19500.0,11500.0,7000.0
2002-09-28,,17500.0,10500.0,7000.0
2002-09-30,,17500.0,10500.0,6500.0
2002-10-01,,17500.0,10500.0,6500.0
2002-10-02,,18500.0,10500.0,6500.0
2002-10-03,,20500.0,12500.0,7500.0
2002-10-04,,21500.0,12500.0,9000.0
2002-10-05,,28000.0,16000.0,10000.0
2002-10-07,,30000.0,16000.0,10000.0
2002-10-08,,29000.0,16000.0,10000.0
2002-10-09,,26000.0,16000.0,10000.0
2002-10-10,,25500.0,16000.0,10000.0
2002-10-11,,24000.0,16000.0,10000.0
2002-10-12,,25500.0,15000.0,9000.0
2002-10-14,,27500.0,15000.0,9000.0
2002-10-15,,27500.0,15000.0,7500.0
2002-10-16,,30000.0,15000.0,7500.0
2002-10-17,,28500.0,15000.0,9000.0
2002-10-18,,30000.0,15000.0,9000.0
2002-10-19,,34500.0,19000.0,11500.0
2002-10-21,,37500.0,20000.0,11500.0
2002-10-22,,52500.0,22500.0,11500.0
2002-10-23,,50000.0,24000.0,12000.0
2002-10-24,,50000.0,24000.0,12000.0
2002-10-25,,37500.0,20000.0,10500.0
2002-10-26,,37500.0,22500.0,9000.0
2002-10-28,,42500.0,25000.0,11500.0
2002-10-29,,47500.0,25000.0,13000.0
2002-10-30,,50000.0,25000.0,11500.0
2002-10-31,,52500.0,25000.0,11500.0
2002-11-01,,55000.0,30000.0,14000.0
2002-11-02,,60000.0,30000.0,14000.0
2002-11-04,,62500.0,30000.0,14000.0
2002-11-05,,65000.0,30000.0,14000.0
2002-11-06,,65000.0,40000.0,16500.0
2002-11-07,,67500.0,40000.0,16500.0
2002-11-08,,67500.0,40000.0,16500.0
2002-11-09,,67500.0,40000.0,16000.0
2002-11-11,,67500.0,40000.0,16000.0
2002-11-12,,67500.0,37500.0,15000.0
2002-11-13,,67500.0,40000.0,17500.0
2002-11-14,,67500.0,35000.0,15000.0
2002-11-15,,67500.0,35000.0,15000.0
2002-11-16,,67500.0,35000.0,15000.0
2002-11-18,,75000.0,47500.0,22500.0
2002-11-19,,80000.0,47500.0,19000.0
2002-11-20,,85000.0,47500.0,22500.0
2002-11-21,,90000.0,47500.0,22500.0
2002-11-22,,100000.0,60000.0,25000.0
2002-11-23,,100000.0,65000.0,30000.0
2002-11-25,,100000.0,65000.0,30000.0
2002-11-26,,105000.0,70000.0,30000.0
2002-11-27,,105000.0,70000.0,30000.0
2002-11-28,,115000.0,85000.0,30000.0
2002-11-29,,115000.0,85000.0,40000.0
2002-11-30,,120000.0,95000.0,40000.0
2002-12-02,,125000.0,100000.0,40000.0
2002-12-03,,135000.0,100000.0,40000.0
2002-12-04,,135000.0,100000.0,40000.0
2002-12-05,,135000.0,100000.0,40000.0
2002-12-06,,135000.0,100000.0,40000.0
2002-12-07,,130000.0,100000.0,40000.0
2002-12-09,,120000.0,80000.0,40000.0
2002-12-10,,120000.0,80000.0,40000.0
2002-12-11,,110000.0,80000.0,40000.0
2002-12-12,,110000.0,80000.0,40000.0
2002-12-13,,110000.0,80000.0,40000.0
2002-12-14,,110000.0,80000.0,40000.0
2002-12-16,,110000.0,80000.0,40000.0
2002-12-17,,103000.0,75000.0,40000.0
2002-12-18,,99000.0,70000.0,40000.0
2002-12-19,,97500.0,60000.0,30000.0
2002-12-20,,89500.0,60000.0,30000.0
2002-12-21,,82500.0,55000.0,30000.0
2002-12-23,,73500.0,50000.0,25000.0
2002-12-24,,72500.0,50000.0,25000.0
2002-12-25,,72500.0,50000.0,25000.0
2002-12-26,,65000.0,45000.0,25000.0
2002-12-27,,62500.0,47500.0,25000.0
2002-12-28,,66500.0,45000.0,22500.0
2002-12-30,,66500.0,45000.0,22500.0
2002-12-31,,66500.0,47500.0,25000.0
2003-01-03,,70000.0,55000.0,35000.0
2003-01-04,,70000.0,55000.0,35000.0
2003-01-06,,71000.0,55000.0,35000.0
2003-01-07,,63500.0,50000.0,25000.0
2003-01-08,,51500.0,35000.0,20000.0
2003-01-09,,59000.0,40000.0,20000.0
2003-01-10,,61000.0,40000.0,20000.0
2003-01-11,,45000.0,35000.0,20000.0
2003-01-13,,59000.0,40000.0,20000.0
2003-01-14,,68500.0,52500.0,30000.0
2003-01-15,,70000.0,52500.0,30000.0
2003-01-16,,72500.0,55000.0,32500.0
2003-01-17,,68000.0,52500.0,32500.0
2003-01-18,,61000.0,45000.0,30000.0
2003-01-20,,68500.0,55000.0,30000.0
2003-01-21,,76500.0,57500.0,30000.0
2003-01-22,,100000.0,75000.0,40000.0
2003-01-23,,110000.0,85000.0,45000.0
2003-01-24,,112000.0,85000.0,45000.0
2003-01-25,,114000.0,75000.0,35000.0
2003-01-27,,102500.0,70000.0,35000.0
2003-01-28,,105000.0,70000.0,35000.0
2003-01-29,,110000.0,70000.0,35000.0
2003-01-30,,119000.0,70000.0,35000.0
2003-01-31,,119000.0,70000.0,35000.0
2003-02-04,,142500.0,100000.0,65000.0
2003-02-05,,151000.0,120000.0,65000.0
2003-02-06,,134000.0,100000.0,55000.0
2003-02-07,,95000.0,60000.0,27500.0
2003-02-08,,70000.0,47500.0,25000.0
2003-02-10,,72500.0,57500.0,32500.0
2003-02-11,,84000.0,60000.0,30000.0
2003-02-12,,102500.0,70000.0,40000.0
2003-02-13,,100500.0,70000.0,30000.0
2003-02-14,,94000.0,70000.0,32500.0
2003-02-15,,94000.0,70000.0,32500.0
2003-02-17,,89500.0,65000.0,32500.0
2003-02-18,,85500.0,65000.0,32500.0
2003-02-19,,82000.0,55000.0,25000.0
2003-02-20,,78000.0,55000.0,27500.0
2003-02-21,,69000.0,50000.0,27500.0
2003-02-22,,64000.0,50000.0,27500.0
2003-02-24,,68500.0,50000.0,27500.0
2003-02-25,,71000.0,50000.0,30000.0
2003-02-26,,69000.0,50000.0,30000.0
2003-02-27,,64500.0,50000.0,27500.0
2003-02-28,,64500.0,50000.0,27500.0
2003-03-01,,54000.0,45000.0,27500.0
2003-03-03,,53000.0,45000.0,25000.0
2003-03-04,,54000.0,45000.0,27500.0
2003-03-05,,54000.0,45000.0,27500.0
2003-03-06,,53500.0,45000.0,27500.0
2003-03-07,,54000.0,46000.0,27500.0
2003-03-08,,55000.0,46000.0,27500.0
2003-03-10,,55000.0,46000.0,25000.0
2003-03-11,,55000.0,46000.0,27500.0
2003-03-12,,47500.0,42500.0,27500.0
2003-03-13,,44000.0,35000.0,22500.0
2003-03-14,,39000.0,31000.0,17500.0
2003-03-15,,38500.0,31000.0,20000.0
2003-03-17,,36500.0,31500.0,21500.0
2003-03-18,,40500.0,34000.0,22500.0
2003-03-19,,42000.0,34000.0,22500.0
2003-03-20,,46500.0,37500.0,22500.0
2003-03-21,,46500.0,37500.0,22500.0
2003-03-22,,41000.0,35000.0,20000.0
2003-03-24,,36500.0,30000.0,17500.0
2003-03-25,,38000.0,32500.0,22500.0
2003-03-26,,33500.0,26000.0,15000.0
2003-03-27,,33500.0,26000.0,15000.0
2003-03-28,,34000.0,26000.0,15000.0
2003-03-29,,33500.0,26000.0,14000.0
2003-03-31,,31500.0,25000.0,17500.0
2003-04-01,,33000.0,25000.0,17500.0
2003-04-02,,33000.0,25000.0,17500.0
2003-04-03,,32500.0,27000.0,19500.0
2003-04-04,,34500.0,29500.0,20500.0
2003-04-05,,37500.0,32500.0,22500.0
2003-04-07,,45000.0,39000.0,22500.0
2003-04-08,,49000.0,43000.0,25000.0
2003-04-09,,48000.0,43000.0,25000.0
2003-04-10,,48000.0,43000.0,25000.0
2003-04-11,,48500.0,43000.0,25000.0
2003-04-12,,47500.0,39000.0,22500.0
2003-04-14,,50000.0,43500.0,25000.0
2003-04-15,,50500.0,45000.0,31000.0
2003-04-16,,50500.0,45000.0,31000.0
2003-04-17,,50500.0,45000.0,33500.0
2003-04-18,,60500.0,54000.0,42500.0
2003-04-19,,82500.0,74000.0,50000.0
2003-04-21,,75000.0,61000.0,40000.0
2003-04-22,,76000.0,69500.0,47500.0
2003-04-23,,73500.0,68500.0,50000.0
2003-04-24,,75500.0,69500.0,50000.0
2003-04-25,,77000.0,70000.0,47500.0
2003-04-26,,85500.0,81000.0,69000.0
2003-04-28,,85000.0,81000.0,54000.0
2003-04-29,,87000.0,82000.0,59000.0
2003-04-30,,101000.0,90000.0,62500.0
2003-05-01,,100000.0,90000.0,62500.0
2003-05-02,,100000.0,90000.0,72500.0
2003-05-03,,102500.0,94000.0,75000.0
2003-05-05,,102500.0,97500.0,72500.0
2003-05-06,,100000.0,88000.0,65000.0
2003-05-07,,94000.0,85000.0,65000.0
2003-05-08,,69500.0,57500.0,40000.0
2003-05-09,,70000.0,63500.0,45000.0
2003-05-10,,69000.0,60000.0,37500.0
2003-05-12,,62000.0,55000.0,35000.0
2003-05-13,,50000.0,40000.0,22500.0
2003-05-14,,39000.0,33000.0,19000.0
2003-05-15,,39500.0,33000.0,19000.0
2003-05-16,,40500.0,33000.0,19000.0
2003-05-17,,43500.0,35000.0,24000.0
2003-05-19,,39000.0,33000.0,22500.0
2003-05-20,,37000.0,32500.0,20000.0
2003-05-21,,35500.0,30000.0,20000.0
2003-05-22,,32500.0,27500.0,17500.0
2003-05-23,,32000.0,27500.0,17500.0
2003-05-24,,30000.0,24000.0,15000.0
2003-05-26,,27500.0,22500.0,15000.0
2003-05-27,,26500.0,22500.0,15000.0
2003-05-28,,24000.0,21500.0,15000.0
2003-05-29,,22500.0,19500.0,13000.0
2003-05-30,,22500.0,19000.0,13000.0
2003-05-31,,22500.0,19000.0,11500.0
2003-06-02,,22500.0,19000.0,13500.0
2003-06-03,,25000.0,20000.0,13500.0
2003-06-04,,27000.0,23000.0,15000.0
2003-06-05,,30000.0,25000.0,17000.0
2003-06-06,,29000.0,25000.0,16000.0
2003-06-07,,29000.0,25000.0,16000.0
2003-06-09,,24000.0,15000.0,7500.0
2003-06-10,,32500.0,25000.0,15000.0
2003-06-11,,37000.0,33000.0,23500.0
2003-06-12,,34000.0,26000.0,15000.0
2003-06-13,,30000.0,25000.0,16000.0
2003-06-14,,30000.0,25000.0,16000.0
2003-06-16,,30000.0,25000.0,16000.0
2003-06-17,,31500.0,27500.0,17500.0
2003-06-18,,32000.0,27500.0,17500.0
2003-06-19,,32000.0,27500.0,17500.0
2003-06-20,,32000.0,27500.0,17500.0
2003-06-21,,50000.0,43000.0,27000.0
2003-06-23,,36000.0,29500.0,18500.0
2003-06-24,,31500.0,27500.0,17500.0
2003-06-25,,31500.0,27500.0,17500.0
2003-06-26,,31500.0,27500.0,17500.0
2003-06-27,,31500.0,25000.0,13500.0
2003-06-28,,26000.0,22500.0,13500.0
2003-06-30,,26000.0,22500.0,15000.0
2003-07-01,,24500.0,19000.0,13000.0
2003-07-02,,25000.0,20500.0,14000.0
2003-07-03,,23500.0,18500.0,12500.0
2003-07-04,,19000.0,14000.0,7000.0
2003-07-05,,17000.0,13000.0,7500.0
2003-07-07,,18000.0,13000.0,9000.0
2003-07-08,,18000.0,13000.0,9000.0
2003-07-09,,17500.0,13000.0,9000.0
2003-07-10,,17500.0,13000.0,7500.0
2003-07-11,,17000.0,13000.0,7500.0
2003-07-12,,17000.0,13000.0,7500.0
2003-07-14,,19000.0,15000.0,8500.0
2003-07-15,,24500.0,19000.0,13000.0
2003-07-16,,26000.0,20000.0,13000.0
2003-07-17,,22000.0,18000.0,10500.0
2003-07-18,,19000.0,14500.0,10000.0
2003-07-19,,19000.0,14500.0,10000.0
2003-07-21,,20500.0,15000.0,9000.0
2003-07-22,,27000.0,18000.0,10000.0
2003-07-23,,25500.0,18000.0,10000.0
2003-07-24,,24000.0,18500.0,11500.0
2003-07-25,,21500.0,17500.0,11500.0
2003-07-26,,21000.0,15000.0,10000.0
2003-07-28,,23500.0,16000.0,10000.0
2003-07-29,,24000.0,16000.0,10000.0
2003-07-30,,22000.0,15000.0,10000.0
2003-07-31,,17500.0,12500.0,9000.0
2003-08-01,,16500.0,11500.0,6500.0
2003-08-02,,18500.0,13000.0,9000.0
2003-08-04,,24000.0,15000.0,9000.0
2003-08-05,,24000.0,15000.0,9000.0
2003-08-06,,22000.0,16000.0,11000.0
2003-08-07,,22000.0,15000.0,7000.0
2003-08-08,,25000.0,15000.0,9000.0
2003-08-09,,23500.0,15000.0,9500.0
2003-08-11,,20500.0,14500.0,10000.0
2003-08-12,,22000.0,17000.0,13000.0
2003-08-13,,24500.0,19000.0,12000.0
2003-08-14,,25500.0,21000.0,14000.0
2003-08-15,,24500.0,18500.0,12500.0
2003-08-16,,24500.0,18500.0,12500.0
2003-08-18,,23500.0,16500.0,11500.0
2003-08-19,,24500.0,19000.0,13000.0
2003-08-20,,27500.0,20500.0,13000.0
2003-08-21,,26500.0,20500.0,13000.0
2003-08-22,,25000.0,19000.0,13000.0
2003-08-23,,17500.0,12500.0,8500.0
2003-08-25,,17500.0,12500.0,7500.0
2003-08-26,,22500.0,16000.0,10000.0
2003-08-27,,22500.0,14000.0,10000.0
2003-08-28,,19000.0,14000.0,8500.0
2003-08-29,,19000.0,14000.0,9000.0
2003-08-30,,20500.0,14000.0,9000.0
2003-09-01,,22500.0,16000.0,11000.0
2003-09-02,,23500.0,17000.0,11000.0
2003-09-03,,23500.0,17000.0,11000.0
2003-09-04,,23500.0,17000.0,11000.0
2003-09-05,,23500.0,17000.0,11000.0
2003-09-06,,22500.0,14000.0,9000.0
2003-09-08,,24000.0,14000.0,9000.0
2003-09-09,,25000.0,14000.0,9000.0
2003-09-10,,25000.0,14000.0,9000.0
2003-09-15,,40000.0,30000.0,17500.0
2003-09-16,,35000.0,22500.0,12500.0
2003-09-17,,23500.0,16000.0,9500.0
2003-09-18,,22500.0,16000.0,10000.0
2003-09-19,,22500.0,16000.0,10000.0
2003-09-20,,22500.0,16000.0,10000.0
2003-09-22,,25500.0,18000.0,10500.0
2003-09-23,,31000.0,19500.0,11000.0
2003-09-24,,34000.0,24500.0,14000.0
2003-09-25,,36000.0,24000.0,15500.0
2003-09-26,,41000.0,26500.0,15500.0
2003-09-27,,38500.0,27500.0,15000.0
2003-09-29,,36000.0,23000.0,13000.0
2003-09-30,,29500.0,19000.0,12000.0
2003-10-01,,30000.0,20500.0,13000.0
2003-10-02,,31500.0,20500.0,13000.0
2003-10-03,,37000.0,24000.0,14500.0
2003-10-04,,37000.0,24000.0,14500.0
2003-10-06,,36000.0,23000.0,13000.0
2003-10-07,,36000.0,23000.0,13000.0
2003-10-08,,36000.0,23000.0,13500.0
2003-10-09,,36000.0,23000.0,13500.0
2003-10-10,,36000.0,23000.0,14000.0
2003-10-11,,33000.0,22000.0,13000.0
2003-10-13,,34000.0,23000.0,14500.0
2003-10-14,,35000.0,25000.0,15000.0
2003-10-15,,36500.0,25000.0,15000.0
2003-10-16,,35500.0,24000.0,15000.0
2003-10-17,,36500.0,21500.0,12500.0
2003-10-18,,31500.0,20000.0,11500.0
2003-10-20,,30500.0,17000.0,9500.0
2003-10-21,,33000.0,19000.0,10000.0
2003-10-22,,40000.0,27500.0,15000.0
2003-10-23,,47000.0,30000.0,15000.0
2003-10-24,,45000.0,30000.0,14000.0
2003-10-25,,44500.0,30000.0,14000.0
2003-10-27,,45000.0,30000.0,14000.0
2003-10-28,,47500.0,30000.0,15000.0
2003-10-29,,56000.0,35000.0,15000.0
2003-10-30,,56000.0,37500.0,16500.0
2003-10-31,,57500.0,40000.0,19000.0
2003-11-01,,58000.0,37500.0,16500.0
2003-11-03,,59000.0,37500.0,16500.0
2003-11-04,,60500.0,40000.0,20000.0
2003-11-05,,59000.0,35000.0,15000.0
2003-11-06,,60000.0,37500.0,17500.0
2003-11-07,,67000.0,45000.0,21500.0
2003-11-08,,65000.0,45000.0,20000.0
2003-11-10,,64500.0,45000.0,20000.0
2003-11-11,,66000.0,50000.0,30000.0
2003-11-12,,66000.0,47500.0,25000.0
2003-11-13,,65000.0,42500.0,20000.0
2003-11-14,,65000.0,42500.0,20000.0
2003-11-15,,58500.0,37500.0,19500.0
2003-11-17,,56000.0,37500.0,19500.0
2003-11-18,,57000.0,37500.0,18500.0
2003-11-19,,57000.0,35000.0,15000.0
2003-11-20,,52500.0,35000.0,13500.0
2003-11-21,,52500.0,35000.0,14000.0
2003-11-22,,54000.0,33000.0,12000.0
2003-11-24,,55500.0,35000.0,14000.0
2003-11-25,,55500.0,35000.0,14000.0
2003-11-26,,56500.0,35000.0,15000.0
2003-11-27,,52500.0,32500.0,15000.0
2003-11-28,,52500.0,37500.0,20000.0
2003-11-29,,51500.0,37500.0,20000.0
2003-12-01,,50500.0,35000.0,17500.0
2003-12-02,,50500.0,35000.0,17500.0
2003-12-03,,50500.0,35000.0,16500.0
2003-12-04,,50000.0,35000.0,17500.0
2003-12-05,,50000.0,35000.0,17500.0
2003-12-06,,50000.0,35000.0,17500.0
2003-12-08,,49500.0,35000.0,17500.0
2003-12-09,,49500.0,35000.0,17500.0
2003-12-10,,45000.0,32500.0,17500.0
2003-12-11,,40000.0,30000.0,17500.0
2003-12-12,,45000.0,32500.0,17500.0
2003-12-13,,45000.0,32500.0,17500.0
2003-12-15,,46000.0,35000.0,20000.0
2003-12-16,,48500.0,35000.0,17500.0
2003-12-17,,48500.0,40000.0,22500.0
2003-12-18,,45500.0,32500.0,17500.0
2003-12-19,,50000.0,40000.0,22500.0
2003-12-20,,48500.0,37500.0,20000.0
2003-12-22,,48000.0,37500.0,22500.0
2003-12-23,,49000.0,37500.0,22500.0
2003-12-24,,46500.0,32500.0,20000.0
2003-12-25,,45000.0,32500.0,20000.0
2003-12-26,,45000.0,32500.0,17500.0
2003-12-27,,43000.0,31500.0,17500.0
2003-12-29,,44000.0,35000.0,21000.0
2003-12-30,,45000.0,35000.0,21000.0
2003-12-31,,46000.0,35000.0,22500.0
2004-01-02,,46000.0,35000.0,22500.0
2004-01-03,,56000.0,42500.0,25000.0
2004-01-05,,62500.0,45000.0,25000.0
2004-01-06,,62500.0,45000.0,25000.0
2004-01-07,,61500.0,45000.0,27000.0
2004-01-08,,61000.0,45000.0,25000.0
2004-01-09,,53000.0,40000.0,23000.0
2004-01-10,,53000.0,42500.0,26500.0
2004-01-12,,50500.0,40000.0,26500.0
2004-01-13,,50000.0,40000.0,27500.0
2004-01-14,,51500.0,40000.0,27500.0
2004-01-15,,54000.0,45000.0,27500.0
2004-01-16,,61500.0,52500.0,32500.0
2004-01-17,,68500.0,55000.0,32500.0
2004-01-19,,74000.0,52500.0,30000.0
2004-01-20,,74000.0,52500.0,30000.0
2004-01-26,,74000.0,52500.0,30000.0
2004-01-27,,72500.0,52500.0,30000.0
2004-01-28,,62500.0,50000.0,30000.0
2004-01-29,,52000.0,36000.0,22500.0
2004-01-30,,55500.0,40000.0,24000.0
2004-01-31,,55000.0,40000.0,24000.0
2004-02-02,,55000.0,40000.0,20000.0
2004-02-03,,52500.0,42500.0,22500.0
2004-02-04,,51500.0,42500.0,22500.0
2004-02-05,,48500.0,40500.0,25000.0
2004-02-06,,42000.0,35000.0,20000.0
2004-02-07,,43000.0,35000.0,22500.0
2004-02-09,,39000.0,30000.0,20000.0
2004-02-10,,36500.0,30000.0,17500.0
2004-02-11,,37000.0,30000.0,17500.0
2004-02-12,,37500.0,30000.0,20000.0
2004-02-13,,41000.0,30000.0,20000.0
2004-02-14,,39000.0,34000.0,20000.0
2004-02-16,,36500.0,32500.0,20000.0
2004-02-17,,37000.0,30000.0,17500.0
2004-02-18,,40500.0,34000.0,20000.0
2004-02-19,,40500.0,34000.0,20000.0
2004-02-20,,40500.0,34000.0,20000.0
2004-02-21,,41500.0,34000.0,20000.0
2004-02-23,,40000.0,35000.0,21000.0
2004-02-24,,41500.0,36000.0,21000.0
2004-02-25,,44500.0,37000.0,21000.0
2004-02-26,,53000.0,43500.0,22500.0
2004-02-27,,55000.0,43500.0,22500.0
2004-02-28,,56000.0,47000.0,25000.0
2004-03-01,,53000.0,46000.0,25000.0
2004-03-02,,53500.0,46000.0,25000.0
2004-03-03,,55000.0,46000.0,25000.0
2004-03-04,,62500.0,55000.0,31500.0
2004-03-05,,67500.0,57500.0,34500.0
2004-03-06,,67500.0,57500.0,34500.0
2004-03-08,,73500.0,60000.0,32500.0
2004-03-09,,73500.0,60000.0,35000.0
2004-03-10,,72500.0,60000.0,35000.0
2004-03-11,,69000.0,59000.0,34000.0
2004-03-12,,69000.0,59000.0,34000.0
2004-03-13,,66500.0,57500.0,34000.0
2004-03-15,,62000.0,50000.0,27500.0
2004-03-16,,55000.0,45000.0,27500.0
2004-03-17,,57500.0,50000.0,30000.0
2004-03-18,,70000.0,55000.0,35000.0
2004-03-19,,70000.0,55000.0,35000.0
2004-03-20,,69000.0,55000.0,35000.0
2004-03-22,,66500.0,52500.0,31500.0
2004-03-23,,72000.0,55000.0,30000.0
2004-03-24,,75000.0,55000.0,32500.0
2004-03-25,,76500.0,55000.0,32500.0
2004-03-26,,74000.0,55000.0,34500.0
2004-03-27,,67000.0,52000.0,35000.0
2004-03-29,,72000.0,55000.0,34000.0
2004-03-30,,74000.0,56000.0,34000.0
2004-03-31,,76000.0,67000.0,48500.0
2004-04-01,,77500.0,68500.0,53500.0
2004-04-02,,76000.0,68500.0,48500.0
2004-04-03,,76500.0,68500.0,53000.0
2004-04-05,,81000.0,71000.0,49000.0
2004-04-06,,82500.0,71000.0,51500.0
2004-04-07,,82500.0,71000.0,47000.0
2004-04-08,,80000.0,70500.0,52500.0
2004-04-09,,79000.0,70000.0,51500.0
2004-04-10,,79000.0,70000.0,51500.0
2004-04-12,,80000.0,70000.0,57500.0
2004-04-13,,80500.0,70000.0,55500.0
2004-04-14,,79000.0,70000.0,50500.0
2004-04-15,,79000.0,70000.0,56000.0
2004-04-16,,79000.0,70000.0,56000.0
2004-04-17,,75000.0,67000.0,47500.0
2004-04-19,,75000.0,67000.0,47500.0
2004-04-20,,72000.0,64000.0,47500.0
2004-04-21,,71500.0,64000.0,51000.0
2004-04-22,,66500.0,57500.0,41000.0
2004-04-23,,68000.0,57500.0,41000.0
2004-04-24,,66000.0,57500.0,41000.0
2004-04-26,,62500.0,55000.0,41000.0
2004-04-27,,62500.0,52500.0,32500.0
2004-04-28,,61500.0,51500.0,32500.0
2004-04-29,,57000.0,50000.0,32500.0
2004-04-30,,54500.0,47000.0,31000.0
2004-05-01,50750.0,45000.0,37000.0,24000.0
2004-05-03,44500.0,39500.0,31000.0,22000.0
2004-05-04,42000.0,37500.0,30500.0,21000.0
2004-05-05,39000.0,35500.0,28000.0,18000.0
2004-05-06,39000.0,35000.0,26500.0,18000.0
2004-05-07,37000.0,33500.0,26000.0,17000.0
2004-05-08,33500.0,30500.0,23000.0,15000.0
2004-05-10,33500.0,30500.0,23500.0,15500.0
2004-05-11,29000.0,24500.0,19000.0,12500.0
2004-05-12,28500.0,24000.0,17500.0,10500.0
2004-05-13,28000.0,22500.0,16500.0,10500.0
2004-05-14,26000.0,22500.0,16500.0,11000.0
2004-05-15,24000.0,20500.0,15500.0,11000.0
2004-05-17,23500.0,20000.0,16000.0,12000.0
2004-05-18,25500.0,22000.0,17000.0,11000.0
2004-05-19,26500.0,23500.0,18000.0,13500.0
2004-05-20,26000.0,22000.0,17500.0,13500.0
2004-05-21,25500.0,21000.0,16500.0,12000.0
2004-05-22,23500.0,21000.0,17500.0,12750.0
2004-05-24,26000.0,22500.0,17500.0,12000.0
2004-05-25,26000.0,23500.0,18500.0,13500.0
2004-05-26,29500.0,26000.0,20000.0,13500.0
2004-05-27,33000.0,28000.0,20500.0,14500.0
2004-05-28,35500.0,32500.0,24000.0,16000.0
2004-05-29,34500.0,31500.0,23000.0,15500.0
2004-05-31,32500.0,28500.0,21000.0,15000.0
2004-06-01,31000.0,24750.0,18750.0,14500.0
2004-06-02,26500.0,22000.0,17500.0,13500.0
2004-06-03,24000.0,21000.0,17500.0,14500.0
2004-06-04,24500.0,21000.0,17000.0,13000.0
2004-06-05,24000.0,20750.0,17000.0,13250.0
2004-06-07,26000.0,22500.0,17500.0,14000.0
2004-06-08,30000.0,25500.0,20000.0,15500.0
2004-06-09,30500.0,27000.0,21000.0,14250.0
2004-06-10,31000.0,27500.0,21500.0,14250.0
2004-06-11,31000.0,26500.0,20500.0,14500.0
2004-06-12,30500.0,25500.0,19500.0,14500.0
2004-06-14,27500.0,22500.0,19500.0,14000.0
2004-06-15,26750.0,23750.0,19250.0,14250.0
2004-06-16,29500.0,24500.0,18750.0,15750.0
2004-06-17,30000.0,26500.0,21250.0,15750.0
2004-06-18,30250.0,27750.0,22500.0,16000.0
2004-06-19,32000.0,28500.0,22500.0,16000.0
2004-06-21,36000.0,31500.0,24500.0,17500.0
2004-06-22,36000.0,33500.0,28000.0,20500.0
2004-06-23,37500.0,33500.0,27000.0,19000.0
2004-06-24,34000.0,30000.0,24000.0,17000.0
2004-06-25,31000.0,27500.0,22500.0,16500.0
2004-06-26,31000.0,26500.0,21000.0,16500.0
2004-06-28,29750.0,27000.0,22250.0,17500.0
2004-06-29,36000.0,33500.0,27000.0,19500.0
2004-06-30,35000.0,32500.0,27000.0,20000.0
2004-07-01,29500.0,25500.0,22500.0,18500.0
2004-07-02,27000.0,24500.0,21000.0,16500.0
2004-07-03,28000.0,24500.0,20500.0,15500.0
2004-07-05,30500.0,27500.0,22000.0,15500.0
2004-07-06,30000.0,27500.0,23000.0,16000.0
2004-07-07,27500.0,24000.0,20000.0,14000.0
2004-07-08,25500.0,20500.0,18000.0,13500.0
2004-07-09,23000.0,20500.0,18000.0,13000.0
2004-07-10,23500.0,20250.0,17000.0,11500.0
2004-07-12,28000.0,23500.0,18500.0,12500.0
2004-07-13,28000.0,23750.0,17750.0,11000.0
2004-07-14,25000.0,21500.0,16000.0,11500.0
2004-07-15,23000.0,20000.0,15000.0,11000.0
2004-07-16,25000.0,21000.0,15000.0,11000.0
2004-07-17,24000.0,19000.0,14000.0,9000.0
2004-07-19,29500.0,21250.0,13750.0,8500.0
2004-07-20,33500.0,24250.0,13750.0,8000.0
2004-07-21,27500.0,24000.0,17000.0,9000.0
2004-07-22,26000.0,21000.0,14750.0,9250.0
2004-07-23,25500.0,20500.0,14000.0,9500.0
2004-07-24,30500.0,23000.0,15500.0,11000.0
2004-07-26,40500.0,31500.0,20250.0,13750.0
2004-07-27,48500.0,39500.0,28000.0,17500.0
2004-07-28,43500.0,35500.0,25000.0,15000.0
2004-07-29,32000.0,25500.0,18500.0,11500.0
2004-07-30,32000.0,22000.0,16500.0,11500.0
2004-07-31,33000.0,21000.0,14250.0,10250.0
2004-08-02,33500.0,24500.0,18000.0,12000.0
2004-08-03,37000.0,29250.0,23000.0,16500.0
2004-08-04,42000.0,34000.0,28000.0,17000.0
2004-08-05,40500.0,30000.0,23500.0,15500.0
2004-08-06,36000.0,27000.0,24000.0,15000.0
2004-08-07,35500.0,25500.0,21750.0,17250.0
2004-08-09,34500.0,26000.0,21500.0,15000.0
2004-08-10,34000.0,26250.0,22250.0,15000.0
2004-08-11,33500.0,25500.0,22000.0,15000.0
2004-08-12,35000.0,28500.0,25500.0,15500.0
2004-08-13,39000.0,32000.0,28500.0,21500.0
2004-08-14,35500.0,27500.0,22500.0,17000.0
2004-08-16,34000.0,26750.0,22750.0,18000.0
2004-08-17,29500.0,19500.0,15500.0,11500.0
2004-08-18,34000.0,27000.0,22500.0,16500.0
2004-08-19,35500.0,28000.0,22500.0,17000.0
2004-08-20,37500.0,29500.0,22000.0,15000.0
2004-08-21,33500.0,25500.0,20000.0,14000.0
2004-08-23,28500.0,20500.0,17000.0,13500.0
2004-08-24,24750.0,17500.0,15000.0,11000.0
2004-08-25,24250.0,18750.0,16750.0,14000.0
2004-08-26,22500.0,18000.0,16000.0,12500.0
2004-08-27,24000.0,18500.0,15500.0,11500.0
2004-08-28,27000.0,18000.0,15000.0,12500.0
2004-08-30,26500.0,20000.0,15500.0,12000.0
2004-08-31,30000.0,24500.0,20000.0,14000.0
2004-09-01,35000.0,29750.0,25000.0,18250.0
2004-09-02,36500.0,31000.0,26500.0,20000.0
2004-09-03,35500.0,27500.0,22000.0,16500.0
2004-09-04,31500.0,22500.0,17500.0,10500.0
2004-09-06,31000.0,22500.0,16500.0,12500.0
2004-09-07,34500.0,27000.0,19000.0,13000.0
2004-09-08,46500.0,37500.0,27000.0,18000.0
2004-09-09,49000.0,37750.0,27500.0,17500.0
2004-09-10,44500.0,31000.0,21000.0,13500.0
2004-09-11,29500.0,21500.0,16000.0,11500.0
2004-09-13,35500.0,29000.0,20500.0,13000.0
2004-09-14,44500.0,35000.0,24000.0,15500.0
2004-09-15,42500.0,30000.0,19500.0,13000.0
2004-09-16,41000.0,25000.0,16000.0,12000.0
2004-09-17,30500.0,21000.0,14500.0,10000.0
2004-09-18,27500.0,19000.0,14000.0,10000.0
2004-09-20,30500.0,21000.0,14000.0,9500.0
2004-09-21,32250.0,23500.0,14500.0,10500.0
2004-09-22,31000.0,20500.0,12500.0,9500.0
2004-09-23,28000.0,17500.0,12000.0,9000.0
2004-09-24,28500.0,17500.0,11000.0,8500.0
2004-09-25,31500.0,19500.0,11500.0,9000.0
2004-09-27,38250.0,26500.0,14000.0,9500.0
2004-10-01,37000.0,26000.0,16500.0,9000.0
2004-10-02,33000.0,24000.0,13750.0,8500.0
2004-10-04,31000.0,21000.0,12000.0,7000.0
2004-10-05,22250.0,17000.0,12000.0,5750.0
2004-10-06,25000.0,17500.0,10750.0,6250.0
2004-10-07,27000.0,18500.0,12000.0,8000.0
2004-10-08,25500.0,18000.0,11500.0,8000.0
2004-10-09,26500.0,21500.0,14500.0,8500.0
2004-10-11,40500.0,30500.0,19000.0,9500.0
2004-10-12,42500.0,35000.0,22500.0,10500.0
2004-10-13,49000.0,40000.0,26500.0,13500.0
2004-10-14,45500.0,36500.0,23500.0,12500.0
2004-10-15,45500.0,35500.0,21000.0,10250.0
2004-10-16,39000.0,30000.0,17000.0,7000.0
2004-10-18,41000.0,31500.0,18500.0,9500.0
2004-10-19,46000.0,39000.0,24000.0,10000.0
2004-10-20,48250.0,38000.0,23000.0,12500.0
2004-10-21,61000.0,43500.0,26250.0,10500.0
2004-10-22,52000.0,41000.0,25000.0,10500.0
2004-10-23,50500.0,40500.0,24500.0,10500.0
2004-10-25,60000.0,43000.0,22500.0,12500.0
2004-10-26,55500.0,43500.0,24500.0,10000.0
2004-10-27,62250.0,43500.0,22000.0,9500.0
2004-10-28,59500.0,42000.0,20250.0,8000.0
2004-10-29,57500.0,40000.0,18000.0,6500.0
2004-10-30,59500.0,41500.0,20000.0,7500.0
2004-11-01,64000.0,45500.0,23500.0,8500.0
2004-11-02,61000.0,40250.0,19250.0,5500.0
2004-11-03,63000.0,47500.0,25750.0,9750.0
2004-11-04,59000.0,39250.0,19000.0,7500.0
2004-11-05,58000.0,36500.0,17500.0,7000.0
2004-11-06,48000.0,31000.0,12750.0,5500.0
2004-11-08,55500.0,39500.0,18500.0,7000.0
2004-11-09,49500.0,31000.0,14000.0,6000.0
2004-11-10,52500.0,32500.0,15000.0,5500.0
2004-11-11,45000.0,28000.0,13500.0,5500.0
2004-11-12,46000.0,32000.0,15000.0,5500.0
2004-11-13,58500.0,37000.0,14500.0,5000.0
2004-11-15,61000.0,43500.0,23000.0,7500.0
2004-11-16,60500.0,41500.0,20000.0,7000.0
2004-11-17,53500.0,36250.0,17000.0,6000.0
2004-11-18,54500.0,29000.0,13500.0,6000.0
2004-11-19,57000.0,34000.0,14500.0,6000.0
2004-11-20,51500.0,32000.0,14500.0,5500.0
2004-11-22,57000.0,42500.0,23500.0,8000.0
2004-11-23,63750.0,41250.0,18500.0,7000.0
2004-11-24,64750.0,45000.0,20500.0,7500.0
2004-11-25,59000.0,42500.0,22500.0,8000.0
2004-11-26,55500.0,39000.0,21000.0,6000.0
2004-11-27,55500.0,35000.0,15750.0,4750.0
2004-11-29,55750.0,38000.0,20000.0,7500.0
2004-11-30,54000.0,35500.0,17000.0,5500.0
2004-12-01,60250.0,47000.0,24500.0,8000.0
2004-12-02,59000.0,44500.0,23000.0,7500.0
2004-12-03,64500.0,46000.0,22000.0,8000.0
2004-12-04,66500.0,46000.0,23500.0,7750.0
2004-12-06,65750.0,50500.0,30500.0,11000.0
2004-12-07,64500.0,47500.0,27000.0,8500.0
2004-12-08,59500.0,47500.0,28000.0,8750.0
2004-12-09,61750.0,45000.0,26000.0,12000.0
2004-12-10,49000.0,39000.0,22500.0,8500.0
2004-12-11,54000.0,38000.0,19500.0,7000.0
2004-12-13,52000.0,41000.0,25500.0,8500.0
2004-12-14,54500.0,39000.0,22000.0,8000.0
2004-12-15,53000.0,34000.0,16000.0,6500.0
2004-12-16,57500.0,42000.0,22000.0,9000.0
2004-12-17,58500.0,39750.0,19000.0,7250.0
2004-12-18,52500.0,40500.0,24000.0,10500.0
2004-12-20,55500.0,44000.0,26000.0,11000.0
2004-12-21,60500.0,50500.0,30500.0,11500.0
2004-12-22,61000.0,47500.0,29750.0,11250.0
2004-12-23,59000.0,48000.0,28500.0,12000.0
2004-12-24,59500.0,47750.0,28000.0,13000.0
2004-12-25,54000.0,41500.0,23500.0,8500.0
2004-12-27,48500.0,41750.0,27250.0,12500.0
2004-12-28,57500.0,46500.0,28000.0,11500.0
2004-12-29,57000.0,47500.0,27000.0,9500.0
2004-12-30,56500.0,44500.0,24500.0,8250.0
2004-12-31,54500.0,44500.0,24000.0,7000.0
2005-01-03,57500.0,48000.0,30000.0,12500.0
2005-01-04,58500.0,48500.0,28000.0,8500.0
2005-01-05,60000.0,51000.0,32000.0,13500.0
2005-01-06,56000.0,46000.0,29000.0,14000.0
2005-01-07,55000.0,44500.0,27000.0,10500.0
2005-01-08,52500.0,41000.0,25000.0,9000.0
2005-01-10,53000.0,41000.0,24000.0,11500.0
2005-01-11,52000.0,41500.0,25250.0,11500.0
2005-01-12,56500.0,46500.0,29000.0,12000.0
2005-01-13,53000.0,43500.0,27000.0,11500.0
2005-01-14,48000.0,34000.0,20000.0,8000.0
2005-01-15,53000.0,39000.0,18500.0,7000.0
2005-01-17,54000.0,42000.0,24500.0,9500.0
2005-01-18,54000.0,43000.0,25000.0,9000.0
2005-01-19,52000.0,40250.0,22500.0,7000.0
2005-01-20,51000.0,40000.0,24500.0,9500.0
2005-01-21,51500.0,41000.0,23500.0,10500.0
2005-01-22,51500.0,39000.0,21500.0,9500.0
2005-01-24,53000.0,44000.0,26500.0,10500.0
2005-01-25,55500.0,46000.0,27000.0,10500.0
2005-01-26,55500.0,46500.0,27000.0,10000.0
2005-01-27,54500.0,47000.0,28000.0,10500.0
2005-01-28,54500.0,47000.0,31500.0,16500.0
2005-01-29,56500.0,46500.0,27000.0,12000.0
2005-01-31,61000.0,53000.0,36000.0,18000.0
2005-02-01,65500.0,53500.0,32500.0,15500.0
2005-02-02,65500.0,53500.0,32000.0,15000.0
2005-02-03,64000.0,55000.0,33250.0,13500.0
2005-02-04,63000.0,55000.0,34000.0,14000.0
2005-02-05,58000.0,47000.0,26500.0,9000.0
2005-02-07,67500.0,52500.0,29000.0,11500.0
2005-02-08,67500.0,52500.0,29000.0,11500.0
2005-02-12,75500.0,65500.0,48000.0,23500.0
2005-02-14,62000.0,54500.0,37000.0,13500.0
2005-02-15,55500.0,51000.0,34000.0,12250.0
2005-02-16,50500.0,45000.0,27500.0,11500.0
2005-02-17,45500.0,39000.0,24000.0,9000.0
2005-02-18,52000.0,37000.0,20000.0,7500.0
2005-02-19,48500.0,39500.0,21000.0,9500.0
2005-02-21,48500.0,36000.0,21000.0,9000.0
2005-02-22,48000.0,43500.0,29500.0,11000.0
2005-02-23,45500.0,40750.0,30000.0,13500.0
2005-02-24,59000.0,37500.0,24500.0,8500.0
2005-02-25,44000.0,37000.0,23000.0,10500.0
2005-02-26,43000.0,37500.0,22500.0,8000.0
2005-02-28,42000.0,35500.0,24500.0,13500.0
2005-03-01,49500.0,39500.0,25500.0,9500.0
2005-03-02,47500.0,43000.0,30000.0,13500.0
2005-03-03,51500.0,47000.0,34500.0,16000.0
2005-03-04,56000.0,53000.0,38000.0,16000.0
2005-03-05,58500.0,57000.0,41500.0,18500.0
2005-03-07,69500.0,54500.0,39000.0,19000.0
2005-03-08,56500.0,54500.0,46500.0,26000.0
2005-03-09,55500.0,53500.0,50500.0,31000.0
2005-03-10,51500.0,50000.0,47000.0,30500.0
2005-03-11,51500.0,50000.0,48000.0,36750.0
2005-03-12,53000.0,52000.0,42500.0,26000.0
2005-03-14,53500.0,52500.0,50000.0,32500.0
2005-03-15,54500.0,52500.0,49000.0,31500.0
2005-03-16,54000.0,53000.0,51000.0,34000.0
2005-03-17,57000.0,55000.0,53000.0,42500.0
2005-03-18,63000.0,61500.0,57000.0,37500.0
2005-03-19,72000.0,69500.0,66500.0,51500.0
2005-03-21,64500.0,61500.0,57500.0,41500.0
2005-03-22,67500.0,64500.0,54500.0,36000.0
2005-03-23,70500.0,69250.0,64250.0,44000.0
2005-03-24,77000.0,74500.0,64000.0,37500.0
2005-03-25,78500.0,76500.0,65500.0,31500.0
2005-03-26,77000.0,73000.0,60000.0,31500.0
2005-03-28,75500.0,74000.0,65000.0,39000.0
2005-03-29,81000.0,79500.0,72000.0,45500.0
2005-03-30,88000.0,86000.0,82000.0,54500.0
2005-03-31,91500.0,89500.0,84500.0,47500.0
2005-04-01,86500.0,84500.0,80500.0,53000.0
2005-04-02,81000.0,77500.0,72000.0,50500.0
2005-04-04,83500.0,80500.0,74000.0,49000.0
2005-04-05,94500.0,92000.0,89500.0,64500.0
2005-04-06,104500.0,103000.0,100000.0,68500.0
2005-04-07,99500.0,96000.0,89500.0,63000.0
2005-04-08,93500.0,90000.0,84500.0,67000.0
2005-04-09,90000.0,89000.0,85250.0,57250.0
2005-04-11,97500.0,96000.0,93500.0,56000.0
2005-04-12,109000.0,105500.0,100500.0,82000.0
2005-04-13,107000.0,100500.0,92500.0,55500.0
2005-04-14,89500.0,87000.0,85000.0,64750.0
2005-04-15,88500.0,86000.0,84000.0,59000.0
2005-04-16,88000.0,85500.0,81000.0,46000.0
2005-04-18,92000.0,89000.0,83000.0,44500.0
2005-04-19,103500.0,100000.0,96000.0,78500.0
2005-04-20,98500.0,97000.0,94500.0,75500.0
2005-04-21,99000.0,97000.0,94000.0,51250.0
2005-04-22,95000.0,94000.0,90000.0,61000.0
2005-04-23,94750.0,91250.0,85500.0,64000.0
2005-04-25,90500.0,88000.0,84500.0,54000.0
2005-04-26,91500.0,89000.0,85000.0,66500.0
2005-04-27,85500.0,82000.0,77500.0,51500.0
2005-04-28,78500.0,75000.0,70000.0,39000.0
2005-04-29,61500.0,55000.0,50000.0,35500.0
2005-04-30,47500.0,45000.0,39500.0,23500.0
2005-05-02,40500.0,38500.0,35500.0,23500.0
2005-05-03,38750.0,36750.0,33500.0,23000.0
2005-05-04,38000.0,35000.0,31750.0,20750.0
2005-05-05,32500.0,29250.0,25250.0,15000.0
2005-05-06,27500.0,26500.0,24500.0,15000.0
2005-05-07,26000.0,24250.0,22750.0,14000.0
2005-05-09,27000.0,25500.0,21500.0,12500.0
2005-05-10,31500.0,29000.0,27000.0,20000.0
2005-05-11,37500.0,35000.0,32000.0,18500.0
2005-05-12,31500.0,29500.0,27500.0,14500.0
2005-05-13,26500.0,24000.0,22000.0,13000.0
2005-05-14,24000.0,22750.0,19500.0,11500.0
2005-05-16,26500.0,24750.0,22750.0,16500.0
2005-05-17,35250.0,31250.0,28000.0,20500.0
2005-05-18,35500.0,31500.0,26500.0,19500.0
2005-05-19,31500.0,29000.0,25000.0,17500.0
2005-05-20,29000.0,26250.0,23000.0,15500.0
2005-05-21,28500.0,25500.0,22750.0,13750.0
2005-05-23,29500.0,27500.0,24500.0,16000.0
2005-05-24,35500.0,32500.0,28000.0,19750.0
2005-05-25,34000.0,32000.0,28500.0,19000.0
2005-05-26,33000.0,31000.0,26500.0,17500.0
2005-05-27,32000.0,29000.0,25500.0,17000.0
2005-05-28,32000.0,29500.0,23750.0,15750.0
2005-05-30,32500.0,30000.0,25500.0,17000.0
2005-05-31,31500.0,28000.0,25000.0,17500.0
2005-06-01,31500.0,28500.0,23500.0,15000.0
2005-06-02,31500.0,28500.0,23500.0,16000.0
2005-06-03,31000.0,29000.0,25250.0,17250.0
2005-06-04,30500.0,27500.0,23000.0,14000.0
2005-06-06,31500.0,28500.0,23500.0,16000.0
2005-06-07,30000.0,27000.0,22500.0,16500.0
2005-06-08,30000.0,26000.0,21500.0,16500.0
2005-06-09,31500.0,27500.0,22500.0,15500.0
2005-06-10,33500.0,30250.0,24250.0,16500.0
2005-06-11,34000.0,29500.0,23000.0,12000.0
2005-06-13,30500.0,27500.0,22000.0,14500.0
2005-06-14,28750.0,25500.0,20750.0,14000.0
2005-06-15,27000.0,24500.0,20500.0,15500.0
2005-06-16,26000.0,22000.0,18500.0,13500.0
2005-06-17,24000.0,21250.0,17750.0,13500.0
2005-06-18,24500.0,22000.0,19000.0,11000.0
2005-06-20,24750.0,22500.0,18750.0,11000.0
2005-06-21,29000.0,27000.0,21000.0,14500.0
2005-06-22,26000.0,21000.0,19000.0,15000.0
2005-06-23,23750.0,21250.0,18250.0,10750.0
2005-06-24,23500.0,20500.0,17250.0,13250.0
2005-06-25,22750.0,19750.0,16750.0,11750.0
2005-06-27,24000.0,20000.0,16000.0,8500.0
2005-06-28,24500.0,22000.0,17500.0,10500.0
2005-06-29,26000.0,23000.0,18500.0,9000.0
2005-06-30,27000.0,24500.0,19500.0,11000.0
2005-07-01,29000.0,25250.0,19000.0,8500.0
2005-07-02,24500.0,21500.0,17000.0,10500.0
2005-07-04,24000.0,21500.0,16500.0,10000.0
2005-07-05,25250.0,23250.0,18000.0,9500.0
2005-07-06,26000.0,22000.0,15500.0,8000.0
2005-07-07,25750.0,20500.0,15000.0,8500.0
2005-07-08,26250.0,22750.0,16500.0,10000.0
2005-07-09,27000.0,22000.0,14000.0,5500.0
2005-07-11,25750.0,22250.0,15500.0,7000.0
2005-07-12,23500.0,19000.0,13000.0,7500.0
2005-07-13,22000.0,18000.0,12500.0,6500.0
2005-07-14,19500.0,15500.0,10750.0,5750.0
2005-07-15,21500.0,17000.0,11500.0,5000.0
2005-07-16,19750.0,16250.0,11750.0,7250.0
2005-07-18,20250.0,16250.0,12000.0,7000.0
2005-07-19,19500.0,16000.0,12250.0,6250.0
2005-07-20,22000.0,18500.0,13250.0,6000.0
2005-07-21,29000.0,23500.0,16250.0,7250.0
2005-07-22,32250.0,26250.0,18500.0,10500.0
2005-07-23,30750.0,25750.0,20250.0,9750.0
2005-07-25,32000.0,25000.0,18000.0,10500.0
2005-07-26,31000.0,24000.0,17750.0,9750.0
2005-07-27,26500.0,21500.0,15500.0,7500.0
2005-07-28,26000.0,19500.0,14000.0,7000.0
2005-07-29,31000.0,23000.0,15000.0,8000.0
2005-07-30,30500.0,24000.0,17000.0,9000.0
2005-08-01,27500.0,20750.0,14250.0,6500.0
2005-08-02,27500.0,20000.0,14000.0,9500.0
2005-08-03,24000.0,18500.0,14000.0,7250.0
2005-08-04,25000.0,18500.0,12500.0,7500.0
2005-08-05,22500.0,17000.0,12500.0,8000.0
2005-08-06,20000.0,14500.0,10500.0,5500.0
2005-08-08,23500.0,18750.0,13500.0,6750.0
2005-08-09,26500.0,19000.0,13500.0,8250.0
2005-08-10,28500.0,21000.0,16000.0,8500.0
2005-08-11,25500.0,18500.0,13750.0,6750.0
2005-08-12,22500.0,16000.0,12500.0,7000.0
2005-08-13,24500.0,17500.0,12000.0,7500.0
2005-08-15,19250.0,13250.0,10000.0,6000.0
2005-08-16,20000.0,13000.0,10000.0,6500.0
2005-08-17,16250.0,12250.0,9500.0,6500.0
2005-08-18,19500.0,12500.0,10000.0,6500.0
2005-08-19,22500.0,16500.0,13000.0,9000.0
2005-08-20,27500.0,21000.0,15500.0,7500.0
2005-08-22,26500.0,20500.0,16500.0,9000.0
2005-08-23,26500.0,21500.0,17750.0,12750.0
2005-08-24,29375.0,21875.0,19000.0,10500.0
2005-08-25,26000.0,20500.0,17000.0,10000.0
2005-08-26,26500.0,22500.0,19000.0,14000.0
2005-08-27,24500.0,22250.0,19000.0,12750.0
2005-08-29,24000.0,18500.0,16000.0,10250.0
2005-08-30,21500.0,15500.0,13000.0,8000.0
2005-08-31,16000.0,12500.0,10250.0,7250.0
2005-09-01,14500.0,12000.0,10000.0,7500.0
2005-09-02,14500.0,12000.0,10500.0,7000.0
2005-09-03,14250.0,12750.0,11000.0,6500.0
2005-09-05,17250.0,13500.0,11000.0,8000.0
2005-09-06,23000.0,16500.0,12000.0,7000.0
2005-09-07,27500.0,21000.0,16500.0,10000.0
2005-09-08,23500.0,19500.0,17000.0,12000.0
2005-09-09,20500.0,15750.0,12750.0,8250.0
2005-09-10,15500.0,12000.0,10000.0,6500.0
2005-09-12,15500.0,12500.0,10250.0,7250.0
2005-09-13,17500.0,13000.0,10000.0,7000.0
2005-09-14,21000.0,15500.0,10500.0,7000.0
2005-09-15,22500.0,18500.0,13000.0,8000.0
2005-09-16,26500.0,21000.0,13500.0,6000.0
2005-09-17,21250.0,16500.0,11000.0,6500.0
2005-09-21,28250.0,20250.0,14250.0,7500.0
2005-09-22,27000.0,22000.0,14500.0,7000.0
2005-09-23,24500.0,19000.0,13000.0,7000.0
2005-09-24,18000.0,13500.0,10000.0,7000.0
2005-09-26,15750.0,13000.0,10500.0,7250.0
2005-09-27,19750.0,14750.0,10500.0,6000.0
2005-09-28,24500.0,18000.0,12000.0,7500.0
2005-09-29,25000.0,18250.0,11750.0,6750.0
2005-09-30,26500.0,21000.0,13500.0,8000.0
2005-10-01,24500.0,18250.0,11750.0,8000.0
2005-10-03,30250.0,24250.0,16000.0,9000.0
2005-10-04,34000.0,28000.0,18500.0,10000.0
2005-10-05,46000.0,41500.0,29000.0,11500.0
2005-10-06,38500.0,32500.0,22000.0,11000.0
2005-10-07,32500.0,24500.0,15000.0,8250.0
2005-10-08,32500.0,24250.0,14750.0,8000.0
2005-10-10,35000.0,27500.0,18000.0,8500.0
2005-10-11,36500.0,28250.0,18000.0,10250.0
2005-10-12,40000.0,32750.0,20750.0,10250.0
2005-10-13,40000.0,33000.0,20500.0,10500.0
2005-10-14,48000.0,41000.0,27500.0,13000.0
2005-10-15,47500.0,41500.0,28000.0,11000.0
2005-10-17,43500.0,35500.0,23500.0,11000.0
2005-10-18,46000.0,36250.0,22750.0,10000.0
2005-10-19,44750.0,35500.0,22000.0,11000.0
2005-10-20,44500.0,35000.0,21500.0,10000.0
2005-10-21,46000.0,38500.0,25500.0,10000.0
2005-10-22,48250.0,40250.0,25000.0,11000.0
2005-10-24,51750.0,42000.0,27500.0,12500.0
2005-10-25,57000.0,46500.0,28000.0,11500.0
2005-10-26,55500.0,46500.0,30000.0,12500.0
2005-10-27,61500.0,50000.0,30500.0,13000.0
2005-10-28,62000.0,52250.0,33500.0,16500.0
2005-10-29,65000.0,53500.0,33000.0,17000.0
2005-10-31,66500.0,53500.0,33500.0,14000.0
2005-11-01,65750.0,50750.0,28000.0,11000.0
2005-11-02,58500.0,47000.0,29500.0,12500.0
2005-11-03,55500.0,43500.0,26000.0,11000.0
2005-11-04,59000.0,46000.0,26000.0,8500.0
2005-11-05,61000.0,42500.0,22000.0,9500.0
2005-11-07,70500.0,58000.0,34000.0,12500.0
2005-11-08,66000.0,47000.0,23000.0,8500.0
2005-11-09,69000.0,56000.0,34500.0,12000.0
2005-11-10,69000.0,46500.0,23000.0,8500.0
2005-11-11,61500.0,50000.0,28000.0,9000.0
2005-11-12,54500.0,40000.0,18000.0,5500.0
2005-11-14,58500.0,52500.0,33000.0,10000.0
2005-11-15,57500.0,47000.0,26500.0,8500.0
2005-11-16,60000.0,50000.0,30000.0,10000.0
2005-11-17,65000.0,54000.0,30500.0,8500.0
2005-11-18,68000.0,59500.0,35000.0,9000.0
2005-11-19,74000.0,68500.0,43000.0,12250.0
2005-11-21,72500.0,64000.0,47000.0,18000.0
2005-11-22,70000.0,63000.0,47000.0,20500.0
2005-11-23,69000.0,63000.0,47000.0,19000.0
2005-11-24,65000.0,57000.0,38000.0,13500.0
2005-11-25,74500.0,62000.0,40500.0,16000.0
2005-11-26,66500.0,58000.0,36000.0,11000.0
2005-11-28,65750.0,61500.0,46500.0,19000.0
2005-11-29,67000.0,58000.0,37500.0,13500.0
2005-11-30,70000.0,61500.0,41500.0,18000.0
2005-12-01,79000.0,71500.0,50500.0,19000.0
2005-12-02,80500.0,74000.0,58500.0,28500.0
2005-12-03,75500.0,65000.0,48000.0,20500.0
2005-12-05,78000.0,70500.0,57500.0,26500.0
2005-12-06,77000.0,69500.0,54000.0,26750.0
2005-12-07,74500.0,65500.0,51000.0,24000.0
2005-12-08,67500.0,59000.0,45500.0,22000.0
2005-12-09,56750.0,52250.0,41000.0,21500.0
2005-12-10,55500.0,49000.0,41250.0,19750.0
2005-12-12,59000.0,54500.0,42500.0,19500.0
2005-12-13,69500.0,62000.0,47000.0,20000.0
2005-12-14,64250.0,59250.0,46000.0,20500.0
2005-12-15,71000.0,64500.0,49000.0,21500.0
2005-12-16,68000.0,64500.0,51500.0,25000.0
2005-12-17,61500.0,57500.0,50000.0,28500.0
2005-12-19,61500.0,56500.0,43000.0,17500.0
2005-12-20,67500.0,59500.0,45000.0,21000.0
2005-12-21,67500.0,60500.0,47000.0,26000.0
2005-12-22,62500.0,57000.0,41000.0,16500.0
2005-12-23,71000.0,63000.0,46500.0,24000.0
2005-12-24,62500.0,55000.0,42500.0,24500.0
2005-12-26,50500.0,46000.0,39500.0,20500.0
2005-12-27,52500.0,47000.0,32000.0,11000.0
2005-12-28,66000.0,55000.0,35250.0,14500.0
2005-12-29,60500.0,49500.0,34000.0,16000.0
2005-12-30,53000.0,50500.0,33250.0,12250.0
2005-12-31,52000.0,46000.0,32500.0,13500.0
2006-01-02,52000.0,46000.0,32500.0,13500.0
2006-01-03,53500.0,46500.0,33250.0,13500.0
2006-01-04,53000.0,46000.0,35500.0,18000.0
2006-01-05,51500.0,44500.0,33000.0,15000.0
2006-01-06,51000.0,48000.0,37500.0,18000.0
2006-01-07,45500.0,36500.0,22500.0,10500.0
2006-01-09,41500.0,32000.0,19500.0,7000.0
2006-01-10,45000.0,37000.0,22500.0,11000.0
2006-01-11,40000.0,32500.0,22250.0,9750.0
2006-01-12,45500.0,38500.0,25000.0,12000.0
2006-01-13,48750.0,43250.0,29000.0,11500.0
2006-01-14,50000.0,47500.0,32500.0,13000.0
2006-01-16,49750.0,44750.0,31750.0,14250.0
2006-01-17,52000.0,45000.0,29000.0,12500.0
2006-01-18,53000.0,47000.0,32500.0,13500.0
2006-01-19,55500.0,49000.0,32000.0,12500.0
2006-01-20,56000.0,55000.0,42500.0,18000.0
2006-01-21,57500.0,51500.0,37500.0,18500.0
2006-01-23,56000.0,49000.0,35000.0,15000.0
2006-01-24,53500.0,44000.0,27500.0,11500.0
2006-01-25,48000.0,41000.0,27000.0,10500.0
2006-01-26,51000.0,42000.0,26000.0,9000.0
2006-01-27,56500.0,51500.0,35500.0,13500.0
2006-01-28,56500.0,51500.0,35500.0,13500.0
2006-02-01,55000.0,44000.0,27500.0,14000.0
2006-02-02,53500.0,50250.0,37750.0,16500.0
2006-02-03,53000.0,51500.0,40000.0,18000.0
2006-02-04,52000.0,47500.0,35500.0,17000.0
2006-02-06,44000.0,40500.0,31000.0,14000.0
2006-02-07,43500.0,39000.0,27000.0,11000.0
2006-02-08,40500.0,37500.0,25000.0,10000.0
2006-02-09,42500.0,39000.0,26000.0,10000.0
2006-02-10,37000.0,34500.0,26000.0,12500.0
2006-02-11,42250.0,32750.0,23000.0,8000.0
2006-02-13,38000.0,33000.0,23500.0,12000.0
2006-02-14,38750.0,37500.0,27500.0,12000.0
2006-02-15,47000.0,42500.0,28750.0,12250.0
2006-02-16,48000.0,46500.0,33000.0,13000.0
2006-02-17,50000.0,49000.0,33000.0,11500.0
2006-02-18,53750.0,52000.0,48000.0,26000.0
2006-02-20,53000.0,51000.0,37000.0,14000.0
2006-02-21,52000.0,49500.0,40500.0,20000.0
2006-02-22,50500.0,48500.0,36000.0,14500.0
2006-02-23,47500.0,46000.0,41000.0,24000.0
2006-02-24,50000.0,49000.0,40000.0,22500.0
2006-02-25,50750.0,48500.0,38500.0,17750.0
2006-02-27,50000.0,48750.0,38000.0,19500.0
2006-02-28,54000.0,51000.0,42500.0,24000.0
2006-03-01,55500.0,54000.0,41000.0,18500.0
2006-03-02,69000.0,65000.0,49500.0,25500.0
2006-03-03,83000.0,79500.0,54500.0,24000.0
2006-03-04,83500.0,82000.0,73500.0,40000.0
2006-03-06,83500.0,80750.0,73000.0,38500.0
2006-03-07,83500.0,81500.0,61500.0,27500.0
2006-03-08,91000.0,87500.0,65000.0,26500.0
2006-03-09,90000.0,87500.0,71000.0,36500.0
2006-03-10,86500.0,82500.0,68000.0,33500.0
2006-03-11,81500.0,73500.0,62750.0,33750.0
2006-03-13,74000.0,70500.0,53250.0,22250.0
2006-03-14,83500.0,82500.0,77500.0,45500.0
2006-03-15,106000.0,100500.0,82500.0,40000.0
2006-03-16,113000.0,111000.0,94000.0,48000.0
2006-03-17,107500.0,99000.0,89500.0,54500.0
2006-03-18,92500.0,89000.0,69500.0,36500.0
2006-03-20,98000.0,94000.0,76750.0,38000.0
2006-03-21,95500.0,91000.0,77500.0,37000.0
2006-03-22,91500.0,87000.0,73000.0,38000.0
2006-03-23,94500.0,91000.0,79000.0,44000.0
2006-03-24,101500.0,97000.0,83500.0,46500.0
2006-03-25,100500.0,98500.0,84500.0,45000.0
2006-03-27,100500.0,97000.0,85500.0,44000.0
2006-03-28,97000.0,93000.0,79250.0,35750.0
2006-03-29,100000.0,95500.0,83000.0,43000.0
2006-03-30,104500.0,101000.0,86500.0,45000.0
2006-03-31,102500.0,100500.0,90000.0,52500.0
2006-04-01,104250.0,100250.0,88500.0,52000.0
2006-04-03,103000.0,100000.0,93500.0,56000.0
2006-04-04,105250.0,101750.0,94000.0,46000.0
2006-04-05,105000.0,103000.0,92500.0,49500.0
2006-04-06,106500.0,104500.0,96000.0,56000.0
2006-04-07,107500.0,105000.0,96000.0,56250.0
2006-04-08,107250.0,104000.0,99000.0,63000.0
2006-04-10,103500.0,101000.0,96500.0,55000.0
2006-04-11,109000.0,105500.0,96000.0,61000.0
2006-04-12,120500.0,114000.0,105500.0,67000.0
2006-04-13,124000.0,120500.0,114000.0,71500.0
2006-04-14,116500.0,112500.0,107500.0,68000.0
2006-04-15,112000.0,107500.0,101000.0,66000.0
2006-04-17,108500.0,106000.0,99000.0,61500.0
2006-04-18,113500.0,110000.0,100000.0,62000.0
2006-04-19,112000.0,109750.0,106250.0,65000.0
2006-04-20,114000.0,108000.0,104500.0,76500.0
2006-04-21,109000.0,106500.0,104000.0,75000.0
2006-04-22,107000.0,103500.0,98500.0,64500.0
2006-04-24,106500.0,103500.0,99000.0,63000.0
2006-04-25,103500.0,98500.0,91500.0,47000.0
2006-04-26,102000.0,93000.0,85000.0,56000.0
2006-04-27,82000.0,74500.0,64000.0,37500.0
2006-04-28,67000.0,61500.0,55000.0,38500.0
2006-04-29,53000.0,48500.0,44000.0,28500.0
2006-05-01,52500.0,50000.0,43500.0,25500.0
2006-05-02,59500.0,55000.0,51000.0,37000.0
2006-05-03,62000.0,56500.0,51000.0,30000.0
2006-05-04,58000.0,50500.0,42000.0,24500.0
2006-05-05,46500.0,42500.0,35000.0,21250.0
2006-05-06,42500.0,38000.0,32500.0,19000.0
2006-05-08,47000.0,43000.0,36000.0,22500.0
2006-05-09,50000.0,44500.0,38500.0,25500.0
2006-05-10,46750.0,41500.0,36000.0,22000.0
2006-05-11,42500.0,36500.0,32500.0,20000.0
2006-05-12,36000.0,30250.0,25750.0,14500.0
2006-05-13,29000.0,26500.0,21500.0,14500.0
2006-05-15,31500.0,27500.0,22000.0,15500.0
2006-05-16,35250.0,32500.0,25500.0,16750.0
2006-05-17,40000.0,36750.0,30750.0,18500.0
2006-05-18,41500.0,38500.0,32500.0,17500.0
2006-05-19,39750.0,35250.0,29500.0,18000.0
2006-05-20,43250.0,35500.0,27000.0,14000.0
2006-05-22,40000.0,38000.0,32750.0,19250.0
2006-05-23,44250.0,38000.0,31500.0,14750.0
2006-05-24,36500.0,31500.0,28000.0,18500.0
2006-05-25,31000.0,27500.0,21500.0,13500.0
2006-05-26,33500.0,29000.0,23000.0,16000.0
2006-05-27,31500.0,28500.0,23750.0,15000.0
2006-05-29,28500.0,26000.0,22000.0,15500.0
2006-05-30,30000.0,24750.0,21500.0,15000.0
2006-05-31,30000.0,25000.0,20500.0,14000.0
2006-06-01,28500.0,25000.0,21000.0,11500.0
2006-06-02,34500.0,31000.0,25000.0,16000.0
2006-06-03,32000.0,28000.0,24000.0,16500.0
2006-06-05,28500.0,26500.0,21000.0,11500.0
2006-06-06,35500.0,28000.0,22500.0,13000.0
2006-06-07,36500.0,33000.0,25000.0,15000.0
2006-06-08,47500.0,42500.0,37000.0,20500.0
2006-06-09,54500.0,52000.0,39000.0,20500.0
2006-06-10,54500.0,50000.0,36500.0,17000.0
2006-06-12,55500.0,52000.0,39000.0,19500.0
2006-06-13,53000.0,47500.0,34000.0,18500.0
2006-06-14,48500.0,44000.0,33500.0,18500.0
2006-06-15,52500.0,48500.0,36000.0,19500.0
2006-06-16,57000.0,53500.0,46500.0,29000.0
2006-06-17,59000.0,53000.0,40000.0,22000.0
2006-06-19,51500.0,47500.0,40500.0,25000.0
2006-06-20,50000.0,46500.0,41000.0,30000.0
2006-06-21,52000.0,48750.0,44250.0,30500.0
2006-06-22,49000.0,45500.0,41500.0,25500.0
2006-06-23,45000.0,41500.0,37500.0,22500.0
2006-06-24,40000.0,35500.0,30500.0,23000.0
2006-06-26,29000.0,26500.0,22500.0,15000.0
2006-06-27,26500.0,23250.0,19750.0,12500.0
2006-06-28,23750.0,21250.0,18000.0,12000.0
2006-06-29,24000.0,21500.0,17500.0,9000.0
2006-06-30,24500.0,23000.0,18500.0,13500.0
2006-07-01,25000.0,23000.0,20000.0,16000.0
2006-07-03,29000.0,27500.0,25000.0,14000.0
2006-07-04,30500.0,27000.0,21250.0,16000.0
2006-07-05,35750.0,33250.0,28750.0,19250.0
2006-07-06,43750.0,40750.0,35000.0,22500.0
2006-07-07,44000.0,39750.0,33250.0,21500.0
2006-07-08,31000.0,26500.0,20500.0,9500.0
2006-07-10,31750.0,30000.0,25250.0,12000.0
2006-07-11,54000.0,49500.0,41500.0,26500.0
2006-07-12,65500.0,61000.0,47000.0,26000.0
2006-07-13,55000.0,49500.0,40500.0,19000.0
2006-07-14,36500.0,31500.0,23500.0,10500.0
2006-07-15,29000.0,25000.0,19000.0,8500.0
2006-07-17,37250.0,33750.0,24750.0,12500.0
2006-07-18,46250.0,42750.0,29500.0,13500.0
2006-07-19,32500.0,28000.0,20500.0,9000.0
2006-07-20,27500.0,24500.0,18000.0,9000.0
2006-07-21,29500.0,24000.0,16750.0,8250.0
2006-07-22,28000.0,22500.0,16000.0,8500.0
2006-07-24,27000.0,22000.0,15500.0,9500.0
2006-07-25,26250.0,22750.0,16500.0,9500.0
2006-07-26,24000.0,20750.0,15750.0,10000.0
2006-07-27,23750.0,21000.0,16500.0,10500.0
2006-07-28,28000.0,24000.0,18000.0,8000.0
2006-07-29,25500.0,21500.0,16000.0,9500.0
2006-07-31,31500.0,26500.0,16500.0,5500.0
2006-08-01,33000.0,24250.0,14250.0,5750.0
2006-08-02,32500.0,23500.0,16000.0,9000.0
2006-08-03,30250.0,23500.0,17250.0,8750.0
2006-08-04,34000.0,28000.0,20500.0,14000.0
2006-08-05,43000.0,34000.0,26000.0,18000.0
2006-08-07,42750.0,35000.0,30000.0,20500.0
2006-08-08,40000.0,31000.0,24500.0,13500.0
2006-08-09,39500.0,26500.0,23000.0,16000.0
2006-08-10,33500.0,25000.0,22000.0,14500.0
2006-08-11,32000.0,24500.0,21000.0,12500.0
2006-08-12,32500.0,26000.0,23500.0,16500.0
2006-08-14,32250.0,26250.0,23500.0,13500.0
2006-08-15,31500.0,23500.0,21000.0,11500.0
2006-08-16,27500.0,19000.0,16000.0,8500.0
2006-08-17,29000.0,21000.0,17500.0,13500.0
2006-08-18,38000.0,27500.0,22000.0,16000.0
2006-08-19,37250.0,28250.0,23500.0,18000.0
2006-08-21,36250.0,29750.0,26000.0,19500.0
2006-08-22,39000.0,29000.0,24500.0,17750.0
2006-08-23,36000.0,25000.0,22000.0,15750.0
2006-08-24,35000.0,24750.0,22000.0,14500.0
2006-08-25,33750.0,25000.0,23000.0,16000.0
2006-08-26,26500.0,18500.0,16000.0,9000.0
2006-08-28,28250.0,22000.0,18000.0,14000.0
2006-08-29,32250.0,25250.0,20500.0,15000.0
2006-08-30,29500.0,21750.0,17500.0,12750.0
2006-08-31,30500.0,22000.0,18000.0,13500.0
2006-09-01,29750.0,23500.0,19750.0,15250.0
2006-09-02,34250.0,25750.0,22000.0,14000.0
2006-09-04,32500.0,26750.0,23250.0,17000.0
2006-09-05,37500.0,30000.0,23000.0,12000.0
2006-09-06,45500.0,33500.0,24000.0,17000.0
2006-09-07,46750.0,34250.0,25000.0,18000.0
2006-09-08,46500.0,36000.0,27000.0,14000.0
2006-09-09,52500.0,37250.0,25750.0,16000.0
2006-09-11,52500.0,41500.0,28250.0,19000.0
2006-09-12,49000.0,34000.0,23500.0,12000.0
2006-09-13,44000.0,30500.0,20500.0,11500.0
2006-09-14,45000.0,30000.0,19500.0,11000.0
2006-09-15,45500.0,29500.0,19000.0,13500.0
2006-09-16,41500.0,30250.0,20750.0,13250.0
2006-09-18,46000.0,35500.0,24000.0,17000.0
2006-09-19,47500.0,37500.0,24500.0,16250.0
2006-09-20,53000.0,42500.0,28500.0,18000.0
2006-09-21,41500.0,30000.0,20500.0,14000.0
2006-09-22,32250.0,22250.0,17750.0,11500.0
2006-09-23,26500.0,20250.0,16750.0,11000.0
2006-09-25,29750.0,20250.0,16250.0,12750.0
2006-09-26,30000.0,21000.0,16000.0,11500.0
2006-09-27,35000.0,26000.0,17500.0,9000.0
2006-09-28,33250.0,25000.0,17500.0,11500.0
2006-09-29,34000.0,26000.0,18000.0,11500.0
2006-09-30,37500.0,29750.0,19750.0,10500.0
2006-10-02,41500.0,34000.0,22250.0,9750.0
2006-10-03,58000.0,48000.0,33750.0,12750.0
2006-10-04,56000.0,50500.0,36750.0,18750.0
2006-10-05,56000.0,50500.0,36750.0,18750.0
2006-10-09,51500.0,38000.0,23500.0,13000.0
2006-10-10,43500.0,33000.0,21500.0,12000.0
2006-10-11,39000.0,28500.0,19000.0,10250.0
2006-10-12,33500.0,24500.0,17000.0,9500.0
2006-10-13,32000.0,24500.0,17500.0,11000.0
2006-10-14,34500.0,24000.0,16000.0,11000.0
2006-10-16,39000.0,29500.0,19000.0,12000.0
2006-10-17,40500.0,29750.0,19750.0,11000.0
2006-10-18,43500.0,34500.0,22000.0,9500.0
2006-10-19,42500.0,33500.0,22000.0,10500.0
2006-10-20,41500.0,33500.0,22500.0,12000.0
2006-10-21,44000.0,32000.0,20500.0,9000.0
2006-10-23,46000.0,34500.0,22750.0,9750.0
2006-10-24,49000.0,38500.0,24000.0,11250.0
2006-10-25,46500.0,35000.0,23000.0,11750.0
2006-10-26,43500.0,33000.0,19000.0,9000.0
2006-10-27,41000.0,30500.0,18000.0,7000.0
2006-10-28,37000.0,26000.0,14000.0,7500.0
2006-10-30,38000.0,30250.0,17250.0,7500.0
2006-10-31,44750.0,33250.0,19000.0,8000.0
2006-11-01,45250.0,35750.0,20500.0,8000.0
2006-11-02,47750.0,38000.0,21500.0,8500.0
2006-11-03,45750.0,37500.0,22500.0,9000.0
2006-11-04,46250.0,34750.0,18500.0,7500.0
2006-11-06,51000.0,42250.0,24500.0,10000.0
2006-11-07,53000.0,45000.0,27000.0,12000.0
2006-11-08,50500.0,41750.0,26750.0,11000.0
2006-11-09,45500.0,34500.0,19500.0,8000.0
2006-11-10,47500.0,37500.0,23500.0,11000.0
2006-11-11,48000.0,34500.0,20500.0,10500.0
2006-11-13,47500.0,35000.0,16250.0,4750.0
2006-11-14,51000.0,40000.0,24000.0,9000.0
2006-11-15,46500.0,39750.0,25000.0,9500.0
2006-11-16,45000.0,33000.0,20000.0,7750.0
2006-11-17,47000.0,35000.0,20500.0,8500.0
2006-11-18,43000.0,32000.0,18000.0,6000.0
2006-11-20,44000.0,37750.0,23500.0,8500.0
2006-11-21,48000.0,39500.0,24000.0,9000.0
2006-11-22,51000.0,44000.0,30500.0,12000.0
2006-11-23,51500.0,40000.0,23000.0,8500.0
2006-11-24,52500.0,43500.0,26000.0,10000.0
2006-11-25,48500.0,37500.0,23500.0,9500.0
2006-11-27,57000.0,49000.0,31000.0,11500.0
2006-11-28,63250.0,57250.0,36000.0,11000.0
2006-11-29,62500.0,52500.0,37000.0,17500.0
2006-11-30,58000.0,47000.0,27000.0,8500.0
2006-12-01,55000.0,45500.0,30000.0,12500.0
2006-12-02,54500.0,48000.0,28500.0,9500.0
2006-12-04,60000.0,50500.0,31500.0,10000.0
2006-12-05,57000.0,47500.0,33500.0,13000.0
2006-12-06,50500.0,42000.0,30000.0,13000.0
2006-12-07,51000.0,39500.0,22000.0,7000.0
2006-12-08,51000.0,41000.0,25500.0,10000.0
2006-12-09,42000.0,38000.0,28500.0,11000.0
2006-12-11,47500.0,39000.0,26000.0,10500.0
2006-12-12,45500.0,37750.0,24250.0,9000.0
2006-12-13,44750.0,39500.0,29000.0,14000.0
2006-12-14,46500.0,41500.0,32000.0,14500.0
2006-12-15,50500.0,44000.0,28250.0,10250.0
2006-12-16,48000.0,39500.0,26000.0,9000.0
2006-12-18,51000.0,44000.0,33000.0,15500.0
2006-12-19,47500.0,39500.0,26000.0,11500.0
2006-12-20,41500.0,35750.0,26250.0,12500.0
2006-12-21,45500.0,35000.0,24250.0,10250.0
2006-12-22,45500.0,37500.0,23000.0,9000.0
2006-12-23,46000.0,35500.0,22000.0,10000.0
2006-12-25,42500.0,30750.0,20250.0,9000.0
2006-12-26,43250.0,34000.0,19500.0,9000.0
2006-12-27,40000.0,33000.0,20500.0,8500.0
2006-12-28,37750.0,23000.0,10750.0,3750.0
2006-12-29,52500.0,38000.0,19000.0,7000.0
2006-12-30,33000.0,22250.0,13750.0,6000.0
2007-01-03,47000.0,37500.0,23500.0,9500.0
2007-01-04,46000.0,41500.0,27000.0,9000.0
2007-01-05,44000.0,37000.0,24500.0,9500.0
2007-01-06,42250.0,37250.0,23750.0,8000.0
2007-01-08,38500.0,33250.0,22250.0,8500.0
2007-01-09,38500.0,31500.0,19500.0,7500.0
2007-01-10,36500.0,27500.0,16000.0,6250.0
2007-01-11,37500.0,29500.0,17000.0,6500.0
2007-01-12,36000.0,30000.0,19000.0,8000.0
2007-01-13,33500.0,27500.0,18500.0,9000.0
2007-01-15,37500.0,29250.0,16750.0,7000.0
2007-01-16,39000.0,30500.0,18500.0,8500.0
2007-01-17,39000.0,30500.0,19000.0,9500.0
2007-01-18,41000.0,33500.0,21000.0,8000.0
2007-01-19,42500.0,34000.0,19000.0,6500.0
2007-01-20,43250.0,35500.0,21500.0,8000.0
2007-01-22,44500.0,39500.0,25500.0,9500.0
2007-01-23,46000.0,38000.0,24250.0,10250.0
2007-01-24,46000.0,44000.0,34500.0,16000.0
2007-01-25,47000.0,44000.0,32500.0,14000.0
2007-01-26,52000.0,46000.0,31500.0,12000.0
2007-01-27,54000.0,47000.0,35250.0,16250.0
2007-01-29,59500.0,49500.0,29500.0,12250.0
2007-01-30,62000.0,50500.0,29250.0,10250.0
2007-01-31,60250.0,49000.0,26000.0,9750.0
2007-02-01,61500.0,51000.0,30000.0,11500.0
2007-02-02,61000.0,47000.0,25500.0,9500.0
2007-02-03,59000.0,46500.0,28500.0,13000.0
2007-02-05,62500.0,46000.0,21000.0,7000.0
2007-02-06,64250.0,48250.0,23500.0,8000.0
2007-02-07,66500.0,53500.0,25000.0,6500.0
2007-02-08,68000.0,53000.0,24000.0,7000.0
2007-02-09,69000.0,49000.0,25000.0,9500.0
2007-02-10,80500.0,63250.0,32250.0,9000.0
2007-02-12,84000.0,63500.0,32500.0,9000.0
2007-02-13,83500.0,57500.0,28500.0,8500.0
2007-02-14,112000.0,80000.0,35000.0,10500.0
2007-02-15,115000.0,87000.0,43750.0,11250.0
2007-02-16,107500.0,92500.0,50500.0,12500.0
2007-02-17,107500.0,92500.0,50500.0,12500.0
2007-02-21,120000.0,96500.0,47250.0,11000.0
2007-02-22,104500.0,102000.0,80000.0,32000.0
2007-02-23,94250.0,88750.0,60000.0,21000.0
2007-02-24,82000.0,78000.0,51000.0,17500.0
2007-02-26,82000.0,54500.0,23500.0,8000.0
2007-02-27,85500.0,73000.0,43000.0,13500.0
2007-02-28,79500.0,73500.0,50000.0,16000.0
2007-03-01,72500.0,57750.0,32250.0,11000.0
2007-03-02,71500.0,65500.0,43500.0,14000.0
2007-03-03,73500.0,67000.0,41500.0,11000.0
2007-03-05,74000.0,70500.0,50000.0,17000.0
2007-03-06,82250.0,77000.0,49750.0,14250.0
2007-03-07,85250.0,82250.0,59750.0,20500.0
2007-03-08,79000.0,75000.0,60500.0,25500.0
2007-03-09,67500.0,65000.0,52500.0,22000.0
2007-03-10,65000.0,61500.0,45500.0,18500.0
2007-03-12,72500.0,68000.0,48250.0,17250.0
2007-03-13,67500.0,65500.0,55000.0,26500.0
2007-03-14,63500.0,62500.0,51500.0,21500.0
2007-03-15,67750.0,65500.0,53500.0,25000.0
2007-03-16,72250.0,70000.0,55000.0,25000.0
2007-03-17,78500.0,76250.0,58250.0,22000.0
2007-03-19,79500.0,77500.0,66000.0,32000.0
2007-03-20,80500.0,79000.0,70500.0,36500.0
2007-03-21,79500.0,77000.0,68000.0,36000.0
2007-03-22,77000.0,74000.0,61500.0,28000.0
2007-03-23,75500.0,70500.0,54500.0,29000.0
2007-03-24,66000.0,62500.0,50000.0,23000.0
2007-03-26,66500.0,64500.0,52000.0,26000.0
2007-03-27,66000.0,64500.0,51000.0,24500.0
2007-03-28,68500.0,65500.0,54500.0,26000.0
2007-03-29,64000.0,60500.0,50500.0,25000.0
2007-03-30,60250.0,56000.0,46000.0,25000.0
2007-03-31,58500.0,56000.0,50000.0,27000.0
2007-04-02,59552.0,54701.0,51745.0,33891.0
2007-04-03,60122.0,56988.0,53018.0,37374.0
2007-04-04,62632.0,57862.0,50916.0,26221.0
2007-04-05,57870.0,55849.0,52614.0,29140.0
2007-04-06,55514.0,53300.0,49227.0,28577.0
2007-04-07,53042.0,51035.0,47724.0,27662.0
2007-04-09,49853.0,46913.0,44958.0,29916.0
2007-04-10,45455.0,43518.0,40113.0,24886.0
2007-04-11,45328.0,39997.0,35276.0,19744.0
2007-04-12,45282.0,41316.0,34995.0,16698.0
2007-04-13,41000.0,39136.0,31415.0,12789.0
2007-04-14,42000.0,40273.0,36990.0,21745.0
2007-04-16,41667.0,39589.0,36258.0,20590.0
2007-04-17,42923.0,40218.0,36928.0,23185.0
2007-04-18,41386.0,37805.0,35366.0,24692.0
2007-04-19,40861.0,36414.0,34503.0,25039.0
2007-04-20,39417.0,36534.0,33568.0,23651.0
2007-04-21,37000.0,35569.0,32950.0,21874.0
2007-04-23,37000.0,35718.0,32799.0,22823.0
2007-04-24,36277.0,34345.0,32281.0,24258.0
2007-04-25,36554.0,33099.0,29881.0,22924.0
2007-04-26,35575.0,32515.0,29644.0,24000.0
2007-04-27,37024.0,34349.0,30469.0,25174.0
2007-04-28,35549.0,33150.0,31000.0,23320.0
2007-04-30,37659.0,35112.0,32285.0,25802.0
2007-05-01,37053.0,34142.0,31826.0,25752.0
2007-05-02,38830.0,35978.0,32495.0,26030.0
2007-05-03,42038.0,37773.0,35373.0,27322.0
2007-05-04,45508.0,42470.0,38225.0,27481.0
2007-05-05,42100.0,40127.0,36879.0,26225.0
2007-05-07,38326.0,35875.0,33580.0,24193.0
2007-05-08,37806.0,34713.0,31159.0,25341.0
2007-05-09,37404.0,35409.0,32968.0,23670.0
2007-05-10,40000.0,37571.0,32986.0,23917.0
2007-05-11,42100.0,39524.0,35553.0,26438.0
2007-05-12,39694.0,36215.0,33787.0,24472.0
2007-05-14,38994.0,35740.0,32952.0,25189.0
2007-05-15,43297.0,42063.0,36795.0,26134.0
2007-05-16,46477.0,44696.0,39647.0,27576.0
2007-05-17,48122.0,43891.0,40121.0,27242.0
2007-05-18,41159.0,38876.0,35434.0,25498.0
2007-05-19,38417.0,36155.0,32845.0,22678.0
2007-05-21,35763.0,33146.0,29325.0,22098.0
2007-05-22,37156.0,34866.0,30559.0,22270.0
2007-05-23,35857.0,32536.0,27841.0,18932.0
2007-05-24,35063.0,32427.0,26931.0,19402.0
2007-05-25,34419.0,32598.0,26361.0,15440.0
2007-05-26,36000.0,33455.0,29655.0,17490.0
2007-05-28,38505.0,36662.0,31828.0,18717.0
2007-05-29,35723.0,32886.0,28459.0,17957.0
2007-05-30,33901.0,30748.0,28334.0,18214.0
2007-05-31,34309.0,30120.0,25807.0,16076.0
2007-06-01,32622.0,28543.0,24035.0,15294.0
2007-06-02,28753.0,25700.0,20762.0,13812.0
2007-06-04,29970.0,27366.0,22182.0,14546.0
2007-06-05,29345.0,26191.0,21906.0,14618.0
2007-06-06,28212.0,25879.0,20661.0,14477.0
2007-06-07,28849.0,26311.0,22285.0,14782.0
2007-06-08,28064.0,25074.0,20061.0,14790.0
2007-06-09,25732.0,22220.0,18319.0,14566.0
2007-06-11,26767.0,23112.0,19723.0,14751.0
2007-06-12,25768.0,22751.0,18212.0,14142.0
2007-06-13,26259.0,23911.0,19467.0,14939.0
2007-06-14,26130.0,23953.0,19602.0,14479.0
2007-06-15,27506.0,24939.0,20979.0,14612.0
2007-06-16,28721.0,25340.0,19728.0,14830.0
2007-06-18,28592.0,26245.0,21897.0,15103.0
2007-06-19,31662.0,28773.0,23696.0,15972.0
2007-06-20,32030.0,28596.0,23300.0,15646.0
2007-06-21,32061.0,26843.0,21244.0,15059.0
2007-06-22,30062.0,26139.0,21477.0,15120.0
2007-06-23,27968.0,25836.0,20191.0,15445.0
2007-06-25,35757.0,29328.0,22511.0,15480.0
2007-06-26,32000.0,28939.0,23542.0,15206.0
2007-06-27,29426.0,25780.0,22864.0,16535.0
2007-06-28,25673.0,22164.0,17682.0,14364.0
2007-06-29,22817.0,19552.0,16049.0,13537.0
2007-06-30,20587.0,16657.0,13443.0,10881.0
2007-07-02,21528.0,17920.0,14787.0,11167.0
2007-07-03,22901.0,19447.0,14034.0,10975.0
2007-07-04,24894.0,20887.0,15904.0,12177.0
2007-07-05,22594.0,19528.0,14680.0,11831.0
2007-07-06,20367.0,17144.0,13141.0,10843.0
2007-07-07,16953.0,14599.0,11823.0,9591.0
2007-07-09,20343.0,17432.0,12837.0,9657.0
2007-07-10,23824.0,20131.0,13445.0,9659.0
2007-07-11,28235.0,25702.0,20769.0,13401.0
2007-07-12,28003.0,24083.0,18402.0,12393.0
2007-07-13,23310.0,17083.0,12475.0,10546.0
2007-07-14,19213.0,15734.0,11985.0,10492.0
2007-07-16,20885.0,17434.0,12314.0,9641.0
2007-07-17,22665.0,17921.0,11712.0,9507.0
2007-07-18,22392.0,18951.0,14055.0,9815.0
2007-07-19,23463.0,19984.0,13667.0,10020.0
2007-07-20,25453.0,21508.0,14369.0,10993.0
2007-07-21,26877.0,21722.0,14969.0,10461.0
2007-07-23,26209.0,23421.0,14270.0,10316.0
2007-07-24,29407.0,23174.0,14834.0,11123.0
2007-07-25,28687.0,26145.0,19475.0,11597.0
2007-07-26,26822.0,22969.0,16937.0,12066.0
2007-07-27,23100.0,17456.0,12816.0,10446.0
2007-07-28,22571.0,15585.0,11403.0,8974.0
2007-07-30,24433.0,17095.0,12308.0,9839.0
2007-07-31,34431.0,24741.0,14012.0,10865.0
2007-08-01,32712.0,20102.0,12286.0,9476.0
2007-08-02,33255.0,22883.0,14387.0,11245.0
2007-08-03,27799.0,18107.0,12732.0,9840.0
2007-08-04,23930.0,14893.0,10651.0,8653.0
2007-08-06,30986.0,21685.0,14092.0,9147.0
2007-08-07,27203.0,20066.0,14842.0,10872.0
2007-08-08,25491.0,18809.0,12950.0,8806.0
2007-08-09,28272.0,18823.0,10331.0,7020.0
2007-08-10,30348.0,18723.0,9638.0,5853.0
2007-08-11,28237.0,14350.0,8154.0,6368.0
2007-08-13,24376.0,15854.0,9601.0,5970.0
2007-08-14,26102.0,15407.0,10560.0,6328.0
2007-08-15,22919.0,14614.0,10658.0,7115.0
2007-08-16,24418.0,15828.0,11884.0,8245.0
2007-08-17,21343.0,14368.0,11180.0,8304.0
2007-08-18,18845.0,12792.0,10461.0,7502.0
2007-08-20,24930.0,17555.0,14853.0,12006.0
2007-08-21,28574.0,23578.0,21025.0,17691.0
2007-08-22,29665.0,24030.0,21875.0,18651.0
2007-08-23,25624.0,18972.0,16748.0,14121.0
2007-08-24,19443.0,15721.0,13897.0,12122.0
2007-08-25,19832.0,16161.0,14590.0,12665.0
2007-08-27,19253.0,14816.0,12191.0,10027.0
2007-08-28,23325.0,14444.0,11034.0,9306.0
2007-08-29,26283.0,17949.0,14212.0,10956.0
2007-08-30,26628.0,19307.0,15621.0,13035.0
2007-08-31,26719.0,19606.0,16077.0,12968.0
2007-09-01,20563.0,15140.0,12307.0,9985.0
2007-09-03,22342.0,15227.0,11738.0,8796.0
2007-09-04,20113.0,15058.0,12141.0,9476.0
2007-09-05,18806.0,12172.0,10110.0,8311.0
2007-09-06,17455.0,12066.0,9852.0,7801.0
2007-09-07,19333.0,14003.0,10882.0,7915.0
2007-09-08,19713.0,13840.0,10834.0,8428.0
2007-09-10,18179.0,13888.0,11638.0,9114.0
2007-09-11,17510.0,12724.0,10100.0,8005.0
2007-09-12,17064.0,12765.0,10516.0,8159.0
2007-09-13,15408.0,11613.0,9271.0,7259.0
2007-09-14,17112.0,11153.0,8438.0,6949.0
2007-09-15,20000.0,14175.0,9874.0,7952.0
2007-09-17,32116.0,25813.0,15356.0,8987.0
2007-09-18,41007.0,32400.0,21570.0,12405.0
2007-09-19,42180.0,34096.0,21981.0,12028.0
2007-09-20,32050.0,22475.0,13746.0,9176.0
2007-09-21,25580.0,14679.0,9692.0,7233.0
2007-09-22,26746.0,17976.0,10663.0,8311.0
2007-09-24,46696.0,30446.0,14240.0,7875.0
2007-09-28,42029.0,33109.0,22685.0,11432.0
2007-09-29,40313.0,30844.0,17963.0,10503.0
2007-10-01,27568.0,20387.0,13365.0,9470.0
2007-10-02,26627.0,18102.0,11958.0,9372.0
2007-10-03,24540.0,18397.0,12552.0,9508.0
2007-10-04,24881.0,18588.0,13513.0,9912.0
2007-10-05,24300.0,17443.0,11952.0,8638.0
2007-10-06,25735.0,18646.0,11800.0,8808.0
2007-10-08,33723.0,25204.0,15899.0,10136.0
2007-10-09,40048.0,33836.0,21360.0,12128.0
2007-10-10,50021.0,41428.0,31141.0,17136.0
2007-10-11,44764.0,37553.0,22127.0,14399.0
2007-10-12,36877.0,30574.0,20057.0,12325.0
2007-10-13,43321.0,31818.0,18312.0,11072.0
2007-10-15,55103.0,40543.0,29131.0,15479.0
2007-10-16,66653.0,53660.0,35822.0,18776.0
2007-10-17,69140.0,60600.0,40317.0,21668.0
2007-10-18,67958.0,50267.0,31728.0,16386.0
2007-10-19,59631.0,43309.0,27118.0,17293.0
2007-10-20,62655.0,40573.0,24600.0,13428.0
2007-10-22,74976.0,55610.0,27404.0,14773.0
2007-10-23,80826.0,68366.0,37078.0,17114.0
2007-10-24,83588.0,69111.0,40781.0,22109.0
2007-10-25,75729.0,54194.0,34581.0,18603.0
2007-10-26,68344.0,54992.0,36338.0,19534.0
2007-10-27,72066.0,49368.0,26534.0,15253.0
2007-10-29,75667.0,59559.0,36224.0,16604.0
2007-10-30,82902.0,61400.0,34852.0,16618.0
2007-10-31,72814.0,61148.0,33189.0,13376.0
2007-11-01,76167.0,53619.0,26600.0,9926.0
2007-11-02,81894.0,62004.0,30330.0,12957.0
2007-11-03,74825.0,54241.0,23453.0,10402.0
2007-11-05,87651.0,68236.0,33557.0,10493.0
2007-11-06,88133.0,59554.0,24725.0,9303.0
2007-11-07,93375.0,68339.0,35201.0,10877.0
2007-11-08,88300.0,66836.0,35775.0,11737.0
2007-11-09,91069.0,69390.0,34054.0,12649.0
2007-11-10,84925.0,63017.0,31220.0,9142.0
2007-11-12,123500.0,87875.0,69783.0,27925.0
2007-11-13,110103.0,90483.0,60282.0,20897.0
2007-11-14,140038.0,106790.0,63371.0,18798.0
2007-11-15,142625.0,120098.0,70000.0,23806.0
2007-11-16,172955.0,136872.0,68949.0,27282.0
2007-11-17,166720.0,143331.0,81546.0,29780.0
2007-11-19,185923.0,155367.0,82730.0,18856.0
2007-11-20,184941.0,139887.0,84309.0,18353.0
2007-11-21,164192.0,147627.0,90002.0,34710.0
2007-11-22,169818.0,139926.0,79466.0,27210.0
2007-11-23,173333.0,152444.0,87297.0,37369.0
2007-11-24,173615.0,155595.0,84436.0,27295.0
2007-11-26,172321.0,162569.0,99291.0,36748.0
2007-11-27,175923.0,165403.0,96801.0,32609.0
2007-11-28,170923.0,161824.0,129704.0,48485.0
2007-11-29,158391.0,146141.0,110269.0,45223.0
2007-11-30,163667.0,151124.0,104496.0,46369.0
2007-12-01,164500.0,151722.0,76208.0,31092.0
2007-12-03,172314.0,150934.0,121030.0,55234.0
2007-12-04,161080.0,149281.0,103296.0,45172.0
2007-12-05,154476.0,146163.0,107533.0,39811.0
2007-12-06,161667.0,143472.0,105536.0,39019.0
2007-12-07,160000.0,148143.0,116743.0,64314.0
2007-12-08,171130.0,148889.0,93514.0,37518.0
2007-12-10,167655.0,155749.0,127966.0,56497.0
2007-12-11,151333.0,144350.0,106404.0,37752.0
2007-12-12,144900.0,138375.0,114497.0,65580.0
2007-12-13,157654.0,137464.0,93828.0,40854.0
2007-12-14,147667.0,133532.0,94750.0,44948.0
2007-12-15,156743.0,124442.0,89655.0,35691.0
2007-12-17,122172.0,96882.0,67517.0,21875.0
2007-12-18,95727.0,85466.0,58173.0,22099.0
2007-12-19,91364.0,83081.0,68396.0,25152.0
2007-12-20,123250.0,95708.0,63755.0,26333.0
2007-12-21,138000.0,114361.0,64247.0,23520.0
2007-12-22,138040.0,105838.0,60165.0,19703.0
2007-12-24,119815.0,103461.0,76900.0,30354.0
2007-12-25,102840.0,86584.0,63866.0,26145.0
2007-12-26,100952.0,84552.0,67568.0,32433.0
2007-12-27,98365.0,75739.0,50414.0,26696.0
2007-12-28,93350.0,73483.0,45089.0,19904.0
2007-12-29,71833.0,55067.0,30871.0,16361.0
2007-12-31,94056.0,72047.0,34222.0,10399.0
2008-01-03,79500.0,71315.0,42442.0,16745.0
2008-01-04,82333.0,70621.0,55778.0,23596.0
2008-01-05,92000.0,79930.0,59124.0,25200.0
2008-01-07,89368.0,74945.0,61761.0,26013.0
2008-01-08,81913.0,70675.0,49645.0,22806.0
2008-01-09,61250.0,53619.0,39793.0,23814.0
2008-01-10,75320.0,58583.0,39090.0,19088.0
2008-01-11,73682.0,56533.0,40786.0,19571.0
2008-01-12,76000.0,57321.0,38805.0,16192.0
2008-01-14,69632.0,52616.0,39523.0,19736.0
2008-01-15,57222.0,46472.0,30668.0,16702.0
2008-01-16,57545.0,49297.0,34739.0,16939.0
2008-01-17,59000.0,48826.0,34027.0,15698.0
2008-01-18,68000.0,55067.0,36981.0,16170.0
2008-01-19,66800.0,55938.0,42364.0,19642.0
2008-01-21,69000.0,61233.0,44346.0,21582.0
2008-01-22,64000.0,56427.0,36154.0,14100.0
2008-01-23,72625.0,63606.0,47401.0,27000.0
2008-01-24,78833.0,71403.0,52665.0,24068.0
2008-01-25,77688.0,69621.0,52587.0,24310.0
2008-01-26,76095.0,65419.0,43805.0,23495.0
2008-01-28,89444.0,73455.0,52255.0,23643.0
2008-01-29,85500.0,76175.0,52846.0,24135.0
2008-01-30,78571.0,69076.0,44002.0,21993.0
2008-01-31,75824.0,71540.0,42801.0,20735.0
2008-02-01,73000.0,65971.0,40835.0,18817.0
2008-02-02,73314.0,64811.0,35811.0,18189.0
2008-02-04,60382.0,55856.0,41051.0,16116.0
2008-02-05,88659.0,85309.0,70364.0,25541.0
2008-02-06,88000.0,86000.0,76333.0,73000.0
2008-02-11,86455.0,83823.0,72739.0,38032.0
2008-02-12,85600.0,80812.0,66468.0,34771.0
2008-02-13,78500.0,73768.0,61661.0,31807.0
2008-02-14,71729.0,64082.0,45951.0,26727.0
2008-02-15,66000.0,60541.0,43254.0,23000.0
2008-02-16,60720.0,53047.0,36882.0,20884.0
2008-02-18,65143.0,55151.0,40660.0,24359.0
2008-02-19,65375.0,58747.0,43511.0,25378.0
2008-02-20,65672.0,58989.0,45600.0,25721.0
2008-02-21,61348.0,53655.0,36016.0,19724.0
2008-02-22,60500.0,55899.0,37469.0,21030.0
2008-02-23,59500.0,49294.0,32130.0,19744.0
2008-02-25,61625.0,49018.0,32094.0,16769.0
2008-02-26,63957.0,53273.0,28208.0,15017.0
2008-02-27,58727.0,56252.0,31588.0,15087.0
2008-02-28,60000.0,57538.0,29324.0,10569.0
2008-02-29,61556.0,58589.0,41280.0,16685.0
2008-03-01,64708.0,60613.0,38268.0,21864.0
2008-03-03,74806.0,68468.0,34871.0,12877.0
2008-03-04,91789.0,86661.0,58248.0,18011.0
2008-03-05,98000.0,92684.0,83394.0,41010.0
2008-03-06,90000.0,87754.0,71221.0,31840.0
2008-03-07,84971.0,83138.0,62500.0,29000.0
2008-03-08,80333.0,74775.0,47058.0,20627.0
2008-03-10,81529.0,77673.0,53082.0,27798.0
2008-03-11,90263.0,85282.0,57877.0,30608.0
2008-03-12,92519.0,88452.0,75037.0,40821.0
2008-03-13,86641.0,82060.0,67868.0,31505.0
2008-03-14,81206.0,76960.0,63655.0,32030.0
2008-03-15,84263.0,80714.0,57993.0,35931.0
2008-03-17,93333.0,89004.0,65125.0,38195.0
2008-03-18,103188.0,100049.0,89097.0,51466.0
2008-03-19,95313.0,90900.0,83200.0,47641.0
2008-03-20,92250.0,88626.0,74378.0,44951.0
2008-03-21,94208.0,89313.0,75032.0,40254.0
2008-03-22,100480.0,96952.0,79918.0,43350.0
2008-03-24,109105.0,105754.0,90997.0,57668.0
2008-03-25,107765.0,103202.0,92300.0,54647.0
2008-03-26,100771.0,97065.0,89682.0,55316.0
2008-03-27,104138.0,95335.0,80545.0,50204.0
2008-03-28,99167.0,94519.0,83560.0,51489.0
2008-03-29,97714.0,94905.0,89710.0,65714.0
2008-03-31,94000.0,91212.0,86907.0,68975.0
2008-04-01,98541.0,92030.0,86933.0,75432.0
2008-04-02,90800.0,88588.0,86217.0,69791.0
2008-04-03,92432.0,87885.0,84664.0,62228.0
2008-04-04,89794.0,86020.0,82584.0,64122.0
2008-04-05,87212.0,83393.0,77376.0,57271.0
2008-04-07,79804.0,76321.0,73157.0,55689.0
2008-04-08,76571.0,72094.0,68463.0,58620.0
2008-04-09,72379.0,65596.0,60175.0,51173.0
2008-04-10,59709.0,55796.0,50921.0,40894.0
2008-04-11,52737.0,49300.0,46967.0,37386.0
2008-04-12,51146.0,47178.0,41011.0,31206.0
2008-04-14,46110.0,44159.0,41049.0,32951.0
2008-04-15,49011.0,45628.0,42428.0,35443.0
2008-04-16,45171.0,43571.0,41122.0,33385.0
2008-04-17,46256.0,43791.0,40308.0,32922.0
2008-04-18,45280.0,42841.0,40264.0,35222.0
2008-04-19,44469.0,41917.0,39248.0,32796.0
2008-04-21,47200.0,45363.0,42117.0,33676.0
2008-04-22,48106.0,45561.0,42171.0,34326.0
2008-04-23,46313.0,44453.0,41675.0,35133.0
2008-04-24,46781.0,44132.0,41040.0,33362.0
2008-04-25,44233.0,42802.0,41324.0,35448.0
2008-04-26,44361.0,40434.0,36843.0,30245.0
2008-04-28,44679.0,40806.0,37279.0,28231.0
2008-04-29,45113.0,43017.0,38641.0,30578.0
2008-04-30,47862.0,44186.0,42515.0,33027.0
2008-05-01,50851.0,47402.0,44519.0,36588.0
2008-05-02,47000.0,46098.0,43886.0,34084.0
2008-05-03,46764.0,44438.0,41815.0,33554.0
2008-05-05,48396.0,43732.0,39343.0,31320.0
2008-05-06,48000.0,43876.0,39278.0,31976.0
2008-05-07,47836.0,43973.0,39519.0,31145.0
2008-05-08,46146.0,43932.0,41201.0,32008.0
2008-05-09,43756.0,40070.0,37698.0,28381.0
2008-05-10,43978.0,39087.0,34596.0,23407.0
2008-05-12,43667.0,39370.0,34779.0,22649.0
2008-05-13,42981.0,39295.0,35720.0,20487.0
2008-05-14,43450.0,41665.0,36926.0,23291.0
2008-05-15,43396.0,38690.0,36189.0,23896.0
2008-05-16,39256.0,34604.0,31383.0,20040.0
2008-05-17,36562.0,31427.0,26558.0,17558.0
2008-05-19,35750.0,29644.0,23567.0,15604.0
2008-05-20,37000.0,32605.0,27438.0,17260.0
2008-05-21,39116.0,36202.0,31209.0,19902.0
2008-05-22,38927.0,35751.0,31122.0,21197.0
2008-05-23,40610.0,36851.0,29065.0,17818.0
2008-05-24,42222.0,36408.0,29427.0,18899.0
2008-05-26,42808.0,36403.0,30176.0,19595.0
2008-05-27,41481.0,37206.0,33243.0,19770.0
2008-05-28,40855.0,36737.0,33606.0,20352.0
2008-05-29,41308.0,35039.0,30939.0,19020.0
2008-05-30,36116.0,32519.0,27455.0,18485.0
2008-05-31,34600.0,31677.0,26446.0,16771.0
2008-06-02,39144.0,35274.0,29147.0,18317.0
2008-06-03,41026.0,34736.0,26302.0,18403.0
2008-06-04,46513.0,40399.0,32025.0,19805.0
2008-06-05,42040.0,37958.0,32974.0,18809.0
2008-06-06,38724.0,34739.0,27962.0,17241.0
2008-06-07,38511.0,35055.0,29738.0,20157.0
2008-06-09,39284.0,35750.0,27421.0,16705.0
2008-06-10,41704.0,37338.0,30612.0,18873.0
2008-06-11,42467.0,37588.0,30153.0,19365.0
2008-06-12,41519.0,37502.0,30242.0,19616.0
2008-06-13,44344.0,36677.0,28665.0,20271.0
2008-06-14,43228.0,36825.0,26002.0,18194.0
2008-06-16,47310.0,43081.0,33297.0,20099.0
2008-06-17,47663.0,44350.0,33371.0,20100.0
2008-06-18,55276.0,51588.0,42496.0,23126.0
2008-06-19,62078.0,57227.0,49803.0,28173.0
2008-06-20,59046.0,47046.0,38130.0,23320.0
2008-06-21,46211.0,39310.0,30230.0,18974.0
2008-06-23,39443.0,33003.0,24785.0,17797.0
2008-06-24,31743.0,27217.0,21723.0,16761.0
2008-06-25,27220.0,25618.0,20884.0,16925.0
2008-06-26,28408.0,22601.0,18826.0,16373.0
2008-06-27,27898.0,22762.0,19503.0,16766.0
2008-06-28,24911.0,21628.0,18305.0,16430.0
2008-06-30,26948.0,23999.0,19958.0,16834.0
2008-07-01,27291.0,23684.0,18690.0,16273.0
2008-07-02,26954.0,23982.0,20165.0,15405.0
2008-07-03,25438.0,21616.0,17838.0,15978.0
2008-07-04,23315.0,20049.0,17338.0,15119.0
2008-07-05,19981.0,17684.0,16593.0,14572.0
2008-07-07,21166.0,18159.0,14938.0,11759.0
2008-07-08,23997.0,17800.0,14017.0,12602.0
2008-07-09,25927.0,21889.0,15217.0,12536.0
2008-07-10,35396.0,29915.0,18755.0,12995.0
2008-07-11,41804.0,33070.0,24955.0,15605.0
2008-07-12,38906.0,31398.0,20138.0,13884.0
2008-07-14,32977.0,28137.0,19851.0,13917.0
2008-07-15,31920.0,24635.0,15845.0,13371.0
2008-07-16,30667.0,25373.0,17382.0,13061.0
2008-07-17,30493.0,23725.0,14962.0,13421.0
2008-07-18,27444.0,23032.0,16780.0,12481.0
2008-07-19,26768.0,19441.0,14862.0,12196.0
2008-07-21,29488.0,25913.0,18545.0,11690.0
2008-07-22,35770.0,25442.0,15640.0,12791.0
2008-07-23,37436.0,31327.0,17733.0,11787.0
2008-07-24,32565.0,25910.0,16161.0,11312.0
2008-07-25,28711.0,24260.0,17533.0,12420.0
2008-07-26,26825.0,19115.0,14196.0,10929.0
2008-07-28,28134.0,19549.0,12807.0,9218.0
2008-07-29,29753.0,16996.0,10576.0,7601.0
2008-07-30,26958.0,18407.0,12017.0,8016.0
2008-07-31,27859.0,18947.0,12718.0,8728.0
2008-08-01,27727.0,18838.0,13878.0,9268.0
2008-08-02,30086.0,19144.0,11505.0,8435.0
2008-08-04,30829.0,23123.0,15389.0,11435.0
2008-08-05,33595.0,24661.0,18883.0,14895.0
2008-08-06,32995.0,25307.0,22062.0,17600.0
2008-08-07,31510.0,24702.0,21801.0,19081.0
2008-08-08,27991.0,20701.0,17417.0,15086.0
2008-08-09,25541.0,20153.0,17862.0,15360.0
2008-08-11,28809.0,21866.0,19604.0,17053.0
2008-08-12,31601.0,20242.0,16568.0,13917.0
2008-08-13,34938.0,22191.0,16517.0,13380.0
2008-08-14,40574.0,24820.0,16633.0,13829.0
2008-08-15,32312.0,21274.0,17087.0,14065.0
2008-08-16,25848.0,17548.0,14325.0,10651.0
2008-08-18,26798.0,17425.0,13876.0,10973.0
2008-08-19,24665.0,16843.0,14062.0,11604.0
2008-08-20,25190.0,19079.0,16368.0,13470.0
2008-08-21,19917.0,16182.0,14090.0,11902.0
2008-08-22,18975.0,13990.0,11822.0,9832.0
2008-08-23,21915.0,15915.0,13620.0,11148.0
2008-08-25,25246.0,19294.0,16954.0,13556.0
2008-08-26,28116.0,23167.0,20183.0,16643.0
2008-08-27,27905.0,23099.0,21054.0,17021.0
2008-08-28,25822.0,19425.0,16550.0,14224.0
2008-08-29,23727.0,16841.0,14415.0,12072.0
2008-08-30,28424.0,17886.0,15065.0,12541.0
2008-09-01,30865.0,22039.0,16584.0,13325.0
2008-09-02,37181.0,25392.0,16979.0,12946.0
2008-09-03,45853.0,38317.0,24703.0,18167.0
2008-09-04,39843.0,29100.0,21607.0,16902.0
2008-09-05,27356.0,21229.0,17921.0,15436.0
2008-09-06,19502.0,15792.0,13964.0,11764.0
2008-09-08,22571.0,16960.0,14064.0,12025.0
2008-09-09,24619.0,18183.0,13584.0,11904.0
2008-09-10,27820.0,20325.0,14253.0,12211.0
2008-09-11,29092.0,22309.0,15229.0,12121.0
2008-09-12,26169.0,19687.0,13548.0,9830.0
2008-09-13,18000.0,17163.0,15053.0,10278.0
2008-09-17,29121.0,21365.0,15233.0,12508.0
2008-09-18,25019.0,19692.0,16045.0,13123.0
2008-09-19,26756.0,21319.0,17736.0,14679.0
2008-09-20,28895.0,20335.0,17093.0,13983.0
2008-09-22,28405.0,21872.0,17064.0,13628.0
2008-09-23,28900.0,20625.0,15269.0,11923.0
2008-09-24,30121.0,22217.0,15856.0,12770.0
2008-09-25,31183.0,23632.0,16574.0,11833.0
2008-09-26,32385.0,24031.0,15684.0,11422.0
2008-09-27,30489.0,25421.0,15621.0,11651.0
2008-09-29,34595.0,26740.0,16613.0,12478.0
2008-09-30,32536.0,25107.0,15796.0,12204.0
2008-10-01,34276.0,26939.0,16182.0,12148.0
2008-10-02,32000.0,26185.0,18222.0,12210.0
2008-10-03,28812.0,22453.0,14426.0,11514.0
2008-10-04,29689.0,23517.0,17204.0,11775.0
2008-10-06,33586.0,26114.0,17745.0,13247.0
2008-10-07,37300.0,29594.0,20270.0,12641.0
2008-10-08,36816.0,28273.0,17583.0,12844.0
2008-10-09,36636.0,27781.0,19667.0,13087.0
2008-10-10,31755.0,24903.0,16504.0,12998.0
2008-10-11,30591.0,22554.0,14472.0,11596.0
2008-10-13,31292.0,19262.0,13360.0,9444.0
2008-10-14,32968.0,23882.0,15445.0,11704.0
2008-10-15,32155.0,23739.0,14679.0,11030.0
2008-10-16,29576.0,22136.0,13482.0,8566.0
2008-10-17,31421.0,21371.0,13721.0,11134.0
2008-10-18,27170.0,20527.0,13131.0,10453.0
2008-10-20,29765.0,22064.0,13668.0,10642.0
2008-10-21,29931.0,22686.0,13673.0,10636.0
2008-10-22,32336.0,23534.0,14894.0,10732.0
2008-10-23,31154.0,23251.0,14080.0,10569.0
2008-10-24,28391.0,19337.0,13288.0,8852.0
2008-10-25,28481.0,19981.0,12232.0,8879.0
2008-10-27,27340.0,19992.0,12084.0,8925.0
2008-10-28,28371.0,20542.0,12202.0,7924.0
2008-10-29,25766.0,18534.0,11334.0,8070.0
2008-10-30,27579.0,17607.0,10575.0,7655.0
2008-10-31,27716.0,20769.0,10596.0,7678.0
2008-11-01,27990.0,19262.0,10723.0,8200.0
2008-11-03,32289.0,23824.0,12787.0,8570.0
2008-11-04,33361.0,29814.0,17271.0,8955.0
2008-11-05,37920.0,29299.0,18231.0,9791.0
2008-11-06,35564.0,27226.0,14388.0,9659.0
2008-11-07,35623.0,25483.0,13801.0,9439.0
2008-11-08,33154.0,22506.0,13865.0,9441.0
2008-11-10,33429.0,26483.0,16532.0,10176.0
2008-11-11,31662.0,22942.0,12951.0,8210.0
2008-11-12,30478.0,20423.0,13247.0,8749.0
2008-11-13,31982.0,18494.0,11937.0,9361.0
2008-11-14,32811.0,22961.0,14001.0,8438.0
2008-11-15,32186.0,22778.0,12935.0,8769.0
2008-11-17,31765.0,25918.0,16444.0,9431.0
2008-11-18,32269.0,23714.0,15125.0,9123.0
2008-11-19,32333.0,24088.0,14401.0,9192.0
2008-11-20,34784.0,25421.0,15469.0,10541.0
2008-11-21,36063.0,28943.0,17351.0,9374.0
2008-11-22,34226.0,27841.0,17429.0,9220.0
2008-11-24,35909.0,30884.0,20410.0,9407.0
2008-11-25,35000.0,29549.0,19601.0,10181.0
2008-11-26,38727.0,31726.0,20504.0,10688.0
2008-11-27,35959.0,29014.0,18223.0,8585.0
2008-11-28,34769.0,28220.0,16974.0,7765.0
2008-11-29,35583.0,25408.0,16205.0,8512.0
2008-12-01,33367.0,30110.0,22153.0,9450.0
2008-12-02,37048.0,31608.0,17878.0,9101.0
2008-12-03,38758.0,32574.0,22756.0,8699.0
2008-12-04,39821.0,31464.0,20580.0,8535.0
2008-12-05,37739.0,32209.0,19857.0,8683.0
2008-12-06,45000.0,33975.0,19357.0,7181.0
2008-12-08,41875.0,35754.0,25885.0,11563.0
2008-12-09,42107.0,36175.0,28312.0,13227.0
2008-12-10,40000.0,35305.0,27819.0,11172.0
2008-12-11,45000.0,39184.0,28424.0,11892.0
2008-12-12,48000.0,38309.0,27314.0,11108.0
2008-12-13,46964.0,40216.0,27387.0,12572.0
2008-12-15,40000.0,35468.0,27879.0,14238.0
2008-12-16,43182.0,34838.0,25865.0,11315.0
2008-12-17,44128.0,33902.0,22037.0,9615.0
2008-12-18,46676.0,35882.0,25361.0,11837.0
2008-12-19,43974.0,33511.0,24984.0,11589.0
2008-12-20,39059.0,31166.0,22315.0,11134.0
2008-12-22,37441.0,30571.0,20282.0,10150.0
2008-12-23,35433.0,29266.0,17155.0,8520.0
2008-12-24,39273.0,29038.0,21898.0,9378.0
2008-12-25,37000.0,32482.0,22973.0,10350.0
2008-12-26,36294.0,31437.0,24307.0,11262.0
2008-12-27,36560.0,31893.0,24453.0,12088.0
2008-12-29,38713.0,34021.0,23053.0,10691.0
2008-12-30,42548.0,36273.0,24020.0,8644.0
2008-12-31,41600.0,34357.0,22566.0,12364.0
2009-01-03,36146.0,32627.0,22708.0,9034.0
2009-01-05,35650.0,30443.0,21959.0,8455.0
2009-01-06,37852.0,31311.0,18991.0,7728.0
2009-01-07,42903.0,33720.0,24490.0,12225.0
2009-01-08,42000.0,32563.0,23663.0,12718.0
2009-01-09,35250.0,29905.0,25824.0,12744.0
2009-01-10,38750.0,32057.0,19778.0,9145.0
2009-01-12,40710.0,33601.0,23824.0,11303.0
2009-01-13,43476.0,35879.0,19662.0,9142.0
2009-01-14,43941.0,37755.0,24371.0,11088.0
2009-01-15,44763.0,39396.0,25275.0,8626.0
2009-01-16,54783.0,44000.0,30976.0,12704.0
2009-01-17,65500.0,57315.0,39726.0,21438.0
2009-01-19,78364.0,67838.0,41821.0,17591.0
2009-01-20,76068.0,61129.0,38871.0,17242.0
2009-01-21,72784.0,61392.0,33444.0,13591.0
2009-01-22,68892.0,58986.0,38224.0,17451.0
2009-01-23,74825.0,66941.0,37258.0,11028.0
2009-01-24,78500.0,68881.0,42960.0,10243.0
2009-01-29,73000.0,71762.0,49869.0,15886.0
2009-01-30,76671.0,74212.0,59735.0,22570.0
2009-01-31,74828.0,66645.0,48870.0,19606.0
2009-02-02,66840.0,58465.0,38290.0,13061.0
2009-02-03,60000.0,52170.0,28942.0,12303.0
2009-02-04,59882.0,48418.0,29293.0,8746.0
2009-02-05,61455.0,51507.0,31326.0,12473.0
2009-02-06,62643.0,55691.0,35460.0,11227.0
2009-02-07,63000.0,57078.0,46805.0,24897.0
2009-02-09,64000.0,54838.0,36551.0,14368.0
2009-02-10,71053.0,59306.0,39240.0,19145.0
2009-02-11,69095.0,60902.0,47857.0,24173.0
2009-02-12,69696.0,63500.0,45099.0,24162.0
2009-02-13,67000.0,62120.0,39908.0,16894.0
2009-02-14,66475.0,59197.0,40420.0,18757.0
2009-02-16,69781.0,60233.0,41733.0,19275.0
2009-02-17,74150.0,66067.0,48997.0,20160.0
2009-02-18,67556.0,57741.0,37617.0,14689.0
2009-02-19,68389.0,62000.0,42277.0,16858.0
2009-02-20,69529.0,62657.0,54155.0,26091.0
2009-02-21,73000.0,65648.0,55095.0,25049.0
2009-02-23,72353.0,70990.0,62584.0,21118.0
2009-02-24,74000.0,70718.0,49224.0,20786.0
2009-02-25,77909.0,74271.0,59474.0,28875.0
2009-02-26,77500.0,75246.0,67182.0,29840.0
2009-02-27,80000.0,77780.0,71897.0,49187.0
2009-02-28,86556.0,76118.0,62116.0,40070.0
2009-03-02,104444.0,95404.0,75527.0,35467.0
2009-03-03,136000.0,132174.0,123117.0,75339.0
2009-03-04,135000.0,128865.0,114877.0,63025.0
2009-03-05,120258.0,114419.0,102814.0,66271.0
2009-03-06,113300.0,103117.0,87250.0,53100.0
2009-03-07,100000.0,96770.0,75144.0,37356.0
2009-03-09,104057.0,94090.0,77980.0,47216.0
2009-03-10,95813.0,93385.0,83398.0,58325.0
2009-03-11,94795.0,93561.0,85472.0,58853.0
2009-03-12,101238.0,97536.0,87360.0,54606.0
2009-03-13,99563.0,97229.0,87416.0,52188.0
2009-03-14,103000.0,99962.0,91227.0,53936.0
2009-03-16,106000.0,103841.0,96620.0,60688.0
2009-03-17,102927.0,99203.0,93319.0,65438.0
2009-03-18,101643.0,98332.0,94820.0,68691.0
2009-03-19,97862.0,94547.0,89074.0,58899.0
2009-03-20,97000.0,93543.0,86065.0,58524.0
2009-03-21,97850.0,96364.0,91329.0,64298.0
2009-03-23,95574.0,93528.0,90484.0,70479.0
2009-03-24,101235.0,97606.0,88258.0,54762.0
2009-03-25,109737.0,108096.0,101235.0,64316.0
2009-03-26,121692.0,120179.0,118215.0,81531.0
2009-03-27,120820.0,114718.0,105248.0,80405.0
2009-03-28,98000.0,96462.0,90571.0,75500.0
2009-03-30,116000.0,113279.0,103211.0,63380.0
2009-03-31,130682.0,126612.0,123233.0,92574.0
2009-04-01,136560.0,134617.0,130335.0,113952.0
2009-04-02,138000.0,136208.0,133155.0,97602.0
2009-04-03,146852.0,144012.0,140247.0,117785.0
2009-04-04,152500.0,146772.0,142974.0,119529.0
2009-04-06,165000.0,160020.0,155414.0,128365.0
2009-04-07,190000.0,184210.0,173450.0,151544.0
2009-04-08,188000.0,186297.0,182858.0,165413.0
2009-04-09,168094.0,162339.0,154055.0,132575.0
2009-04-10,145000.0,137046.0,127521.0,75600.0
2009-04-11,153316.0,149728.0,139704.0,99095.0
2009-04-13,176185.0,174117.0,167074.0,126830.0
2009-04-14,182750.0,180283.0,175964.0,149587.0
2009-04-15,172500.0,163300.0,155178.0,137395.0
2009-04-16,168424.0,154985.0,136527.0,119231.0
2009-04-17,145207.0,137468.0,130448.0,99875.0
2009-04-18,129684.0,123319.0,113405.0,97340.0
2009-04-20,130000.0,124665.0,114771.0,92427.0
2009-04-21,120647.0,113924.0,98661.0,76685.0
2009-04-22,103914.0,95299.0,88270.0,74859.0
2009-04-23,83275.0,75632.0,70339.0,47246.0
2009-04-24,69481.0,65153.0,57306.0,38015.0
2009-04-25,76000.0,71153.0,60386.0,34796.0
2009-04-27,86500.0,80637.0,71647.0,55131.0
2009-04-28,91000.0,88450.0,79129.0,59861.0
2009-04-29,89283.0,80435.0,72005.0,59615.0
2009-04-30,72543.0,65941.0,62486.0,49346.0
2009-05-01,67059.0,62775.0,54062.0,39979.0
2009-05-02,57988.0,53765.0,47809.0,36754.0
2009-05-04,53174.0,51094.0,48114.0,33402.0
2009-05-05,54609.0,52455.0,47448.0,33882.0
2009-05-06,52551.0,49007.0,44625.0,34192.0
2009-05-07,47688.0,40645.0,38453.0,29417.0
2009-05-08,41526.0,38540.0,35438.0,23760.0
2009-05-09,35720.0,29959.0,25073.0,17616.0
2009-05-11,31492.0,27832.0,24257.0,15222.0
2009-05-12,33633.0,28508.0,23799.0,15323.0
2009-05-13,33064.0,31405.0,28535.0,16809.0
2009-05-14,29533.0,27580.0,25058.0,17070.0
2009-05-15,27595.0,23629.0,21171.0,17323.0
2009-05-16,29394.0,23830.0,18558.0,16289.0
2009-05-18,26000.0,24827.0,22388.0,16831.0
2009-05-19,26326.0,23958.0,20243.0,16749.0
2009-05-20,25066.0,22826.0,20130.0,16939.0
2009-05-21,25553.0,24094.0,21679.0,17479.0
2009-05-22,28068.0,24017.0,20637.0,16783.0
2009-05-23,26864.0,23645.0,20980.0,16678.0
2009-05-25,26713.0,24805.0,21896.0,17160.0
2009-05-26,30390.0,26350.0,21678.0,17211.0
2009-05-27,33000.0,30181.0,25383.0,18004.0
2009-05-28,33051.0,29702.0,25209.0,19277.0
2009-05-29,29918.0,24843.0,22276.0,18329.0
2009-05-30,28786.0,23283.0,19802.0,16617.0
2009-06-01,27464.0,24263.0,21203.0,17742.0
2009-06-02,28340.0,25846.0,21235.0,16894.0
2009-06-03,32705.0,29641.0,24807.0,17370.0
2009-06-04,32296.0,28778.0,22928.0,17610.0
2009-06-05,31017.0,26446.0,21889.0,17178.0
2009-06-06,27615.0,23889.0,19754.0,17221.0
2009-06-08,29968.0,25974.0,20785.0,16952.0
2009-06-09,30273.0,26949.0,21534.0,16500.0
2009-06-10,30385.0,28535.0,24239.0,16284.0
2009-06-11,32048.0,29404.0,24097.0,16669.0
2009-06-12,32056.0,28913.0,25354.0,17275.0
2009-06-13,32469.0,27794.0,19683.0,16293.0
2009-06-15,33802.0,31212.0,25236.0,17198.0
2009-06-16,39553.0,36037.0,25327.0,16119.0
2009-06-17,48705.0,45870.0,33295.0,19022.0
2009-06-18,44462.0,40615.0,32429.0,18625.0
2009-06-19,39563.0,34750.0,25723.0,17524.0
2009-06-20,38483.0,35763.0,26032.0,17348.0
2009-06-22,46965.0,42615.0,33784.0,19051.0
2009-06-23,47118.0,43463.0,32323.0,18821.0
2009-06-24,45595.0,41312.0,36971.0,26196.0
2009-06-25,36422.0,31797.0,24993.0,18569.0
2009-06-26,28392.0,24495.0,20691.0,17400.0
2009-06-27,25143.0,22685.0,18948.0,15960.0
2009-06-29,28359.0,25468.0,21294.0,17173.0
2009-06-30,32574.0,27199.0,19776.0,17063.0
2009-07-01,30962.0,28122.0,23103.0,18196.0
2009-07-02,31742.0,26630.0,20147.0,17395.0
2009-07-03,28121.0,25588.0,21544.0,17160.0
2009-07-04,25800.0,22797.0,18679.0,16972.0
2009-07-06,26972.0,24564.0,21034.0,17100.0
2009-07-07,32164.0,27962.0,19864.0,16942.0
2009-07-08,36387.0,31126.0,25857.0,18848.0
2009-07-09,33090.0,30043.0,21872.0,17395.0
2009-07-10,33447.0,30890.0,24593.0,17772.0
2009-07-11,32067.0,28589.0,22334.0,17100.0
2009-07-13,33138.0,31138.0,26042.0,18563.0
2009-07-14,36626.0,32596.0,21678.0,17091.0
2009-07-15,30847.0,27253.0,20544.0,17026.0
2009-07-16,28369.0,23188.0,17956.0,15789.0
2009-07-17,32587.0,25382.0,18762.0,13712.0
2009-07-18,36095.0,28876.0,20054.0,14126.0
2009-07-20,36515.0,33285.0,24435.0,15354.0
2009-07-21,35897.0,30462.0,22393.0,15570.0
2009-07-22,31248.0,26447.0,20556.0,16535.0
2009-07-23,30813.0,21631.0,16092.0,11421.0
2009-07-24,28184.0,21416.0,15611.0,12156.0
2009-07-25,31613.0,20518.0,15899.0,13015.0
2009-07-27,29003.0,21736.0,15808.0,12739.0
2009-07-28,24457.0,18523.0,14771.0,11396.0
2009-07-29,29681.0,21859.0,15172.0,12060.0
2009-07-30,28212.0,20724.0,16267.0,14286.0
2009-07-31,26770.0,22339.0,18050.0,15240.0
2009-08-01,26047.0,19922.0,17663.0,15058.0
2009-08-03,27711.0,20563.0,16391.0,13500.0
2009-08-04,28187.0,20352.0,16341.0,14198.0
2009-08-05,23614.0,18585.0,16347.0,14256.0
2009-08-06,26026.0,19266.0,16713.0,14767.0
2009-08-07,26850.0,19590.0,15809.0,14205.0
2009-08-08,28964.0,22922.0,18279.0,15427.0
2009-08-10,28333.0,21444.0,18849.0,16479.0
2009-08-11,27425.0,19806.0,17468.0,15306.0
2009-08-12,28623.0,20895.0,17385.0,15113.0
2009-08-13,29479.0,24601.0,22197.0,18473.0
2009-08-14,31547.0,26544.0,23769.0,20261.0
2009-08-15,27535.0,24614.0,23310.0,20564.0
2009-08-17,26126.0,23456.0,21581.0,19018.0
2009-08-18,23464.0,18275.0,16062.0,13911.0
2009-08-19,23775.0,17950.0,15761.0,13866.0
2009-08-20,22875.0,18099.0,16419.0,14657.0
2009-08-21,25179.0,22531.0,20255.0,17336.0
2009-08-22,28806.0,24547.0,22968.0,20037.0
2009-08-24,24637.0,20448.0,17680.0,15004.0
2009-08-25,22561.0,17815.0,16086.0,14634.0
2009-08-26,19320.0,15559.0,14327.0,13056.0
2009-08-27,20576.0,16701.0,14559.0,13215.0
2009-08-28,25780.0,21063.0,18263.0,14537.0
2009-08-29,26736.0,22042.0,19550.0,16147.0
2009-08-31,25428.0,20225.0,17773.0,15608.0
2009-09-01,23253.0,18731.0,16865.0,15425.0
2009-09-02,24600.0,20727.0,18750.0,16284.0
2009-09-03,26490.0,23524.0,22141.0,19611.0
2009-09-04,29261.0,24347.0,22156.0,19504.0
2009-09-05,27141.0,22733.0,19406.0,16410.0
2009-09-07,26427.0,21789.0,18170.0,15434.0
2009-09-08,26810.0,19809.0,15869.0,13650.0
2009-09-09,28739.0,20208.0,16176.0,13956.0
2009-09-10,33057.0,23658.0,18191.0,14998.0
2009-09-11,38811.0,24852.0,18688.0,14915.0
2009-09-12,38078.0,28012.0,19286.0,15050.0
2009-09-14,37965.0,32090.0,21854.0,16711.0
2009-09-15,38833.0,33562.0,22988.0,16437.0
2009-09-16,36234.0,29335.0,19791.0,15144.0
2009-09-17,33918.0,25068.0,17092.0,13682.0
2009-09-18,29345.0,22178.0,15874.0,13420.0
2009-09-19,27526.0,20378.0,14826.0,12388.0
2009-09-21,29438.0,24411.0,18198.0,14423.0
2009-09-22,33735.0,26340.0,17379.0,11985.0
2009-09-23,32045.0,26292.0,17948.0,13813.0
2009-09-24,28373.0,22692.0,17075.0,13876.0
2009-09-25,27341.0,21061.0,14677.0,12473.0
2009-09-26,24750.0,18123.0,13532.0,11201.0
2009-09-28,22467.0,18796.0,14249.0,11077.0
2009-09-29,24423.0,21117.0,14514.0,10145.0
2009-09-30,27407.0,20685.0,14172.0,10724.0
2009-10-01,26570.0,19517.0,13218.0,8171.0
2009-10-02,12500.0,11860.0,10347.0,7821.0
2009-10-06,26775.0,19585.0,14279.0,9902.0
2009-10-07,23859.0,17339.0,13237.0,9928.0
2009-10-08,20576.0,15853.0,12560.0,9631.0
2009-10-09,19373.0,15255.0,12290.0,10049.0
2009-10-10,17629.0,14033.0,11610.0,10197.0
2009-10-12,19085.0,16183.0,12630.0,10644.0
2009-10-13,23022.0,19041.0,13461.0,10711.0
2009-10-14,24183.0,21155.0,14928.0,10465.0
2009-10-15,26494.0,21498.0,13925.0,10270.0
2009-10-16,28782.0,21513.0,15136.0,10862.0
2009-10-17,29385.0,21197.0,14592.0,11021.0
2009-10-19,27425.0,23782.0,15853.0,11487.0
2009-10-20,29417.0,23047.0,16057.0,11656.0
2009-10-21,30281.0,23890.0,15062.0,11185.0
2009-10-22,31408.0,25185.0,15461.0,9953.0
2009-10-23,32095.0,27240.0,19004.0,10576.0
2009-10-24,30523.0,23946.0,14044.0,8569.0
2009-10-26,34977.0,28094.0,17016.0,9449.0
2009-10-27,36490.0,30774.0,17671.0,8142.0
2009-10-28,38292.0,31973.0,22629.0,10820.0
2009-10-29,39303.0,32908.0,20103.0,10721.0
2009-10-30,36435.0,31589.0,23561.0,13509.0
2009-10-31,36387.0,28713.0,18337.0,8494.0
2009-11-02,38372.0,30741.0,20190.0,7566.0
2009-11-03,42473.0,32893.0,18787.0,9048.0
2009-11-04,40643.0,31089.0,17907.0,10130.0
2009-11-05,34943.0,26791.0,15534.0,7964.0
2009-11-06,38743.0,30908.0,21695.0,8939.0
2009-11-07,37383.0,30189.0,19897.0,8402.0
2009-11-09,41689.0,34772.0,21139.0,8360.0
2009-11-10,38632.0,32093.0,18132.0,9409.0
2009-11-11,39739.0,31852.0,21558.0,9912.0
2009-11-12,39442.0,27583.0,14175.0,8513.0
2009-11-13,41294.0,29654.0,22063.0,10932.0
2009-11-14,48037.0,36088.0,23354.0,10793.0
2009-11-16,47795.0,40531.0,31209.0,17392.0
2009-11-17,43944.0,37103.0,23762.0,12561.0
2009-11-18,42447.0,35128.0,19521.0,10230.0
2009-11-19,39771.0,30366.0,20860.0,11148.0
2009-11-20,38765.0,31868.0,20641.0,11640.0
2009-11-21,45000.0,32407.0,22092.0,13170.0
2009-11-23,43737.0,38859.0,25581.0,11669.0
2009-11-24,45087.0,38642.0,24144.0,9577.0
2009-11-25,46464.0,42354.0,32087.0,13796.0
2009-11-26,44688.0,41688.0,37125.0,23432.0
2009-11-27,44370.0,41296.0,27777.0,7444.0
2009-11-28,48600.0,43008.0,34583.0,17995.0
2009-11-30,52250.0,47294.0,39592.0,17622.0
2009-12-01,73400.0,69655.0,57647.0,27507.0
2009-12-02,83867.0,81571.0,76131.0,40690.0
2009-12-03,79108.0,76480.0,67101.0,37511.0
2009-12-04,69968.0,66729.0,57080.0,35256.0
2009-12-05,74143.0,66663.0,49765.0,22425.0
2009-12-07,78400.0,70016.0,52645.0,16242.0
2009-12-08,84120.0,78722.0,59858.0,22841.0
2009-12-09,77639.0,72839.0,62581.0,30639.0
2009-12-10,81000.0,73500.0,62150.0,32466.0
2009-12-11,77087.0,72134.0,61702.0,30352.0
2009-12-12,76500.0,71244.0,62002.0,32527.0
2009-12-14,72075.0,68963.0,62370.0,33775.0
2009-12-15,74333.0,69410.0,58439.0,33054.0
2009-12-16,76667.0,71535.0,61189.0,35390.0
2009-12-17,78000.0,73571.0,62957.0,37585.0
2009-12-18,77620.0,75033.0,65721.0,38960.0
2009-12-19,74479.0,71128.0,64176.0,36183.0
2009-12-21,74277.0,68824.0,60228.0,35697.0
2009-12-22,70000.0,63822.0,54113.0,32287.0
2009-12-23,63543.0,58052.0,47246.0,22206.0
2009-12-24,57679.0,51497.0,38559.0,17421.0
2009-12-25,54000.0,46539.0,36459.0,22061.0
2009-12-26,51857.0,48322.0,37129.0,16951.0
2009-12-28,56577.0,52552.0,45085.0,26211.0
2009-12-29,59389.0,52234.0,37440.0,14011.0
2009-12-30,59283.0,51446.0,35725.0,16850.0
2009-12-31,71857.0,61766.0,39316.0,13495.0
2010-01-04,67140.0,60584.0,49281.0,20649.0
2010-01-05,66469.0,57238.0,47696.0,21816.0
2010-01-06,60333.0,52300.0,37950.0,18167.0
2010-01-07,60000.0,55124.0,41558.0,22843.0
2010-01-08,56286.0,51116.0,40641.0,21750.0
2010-01-09,50533.0,45786.0,34037.0,18651.0
2010-01-11,60160.0,48007.0,37698.0,17901.0
2010-01-12,60206.0,52637.0,36993.0,14294.0
2010-01-13,55286.0,47452.0,38305.0,19807.0
2010-01-14,53583.0,43845.0,26576.0,8685.0
2010-01-15,65154.0,58614.0,42605.0,20242.0
2010-01-16,68941.0,62180.0,40381.0,14714.0
2010-01-18,73000.0,66088.0,52663.0,23840.0
2010-01-19,72652.0,66427.0,51867.0,21224.0
2010-01-20,69523.0,64027.0,43179.0,20787.0
2010-01-21,71621.0,65009.0,51554.0,21306.0
2010-01-22,70650.0,66320.0,57521.0,28297.0
2010-01-23,71000.0,61656.0,40879.0,14790.0
2010-01-25,73382.0,64050.0,50159.0,17815.0
2010-01-26,75000.0,63854.0,44779.0,19487.0
2010-01-27,70158.0,64757.0,49699.0,19922.0
2010-01-28,72676.0,64584.0,52140.0,16708.0
2010-01-29,71267.0,62380.0,51307.0,25013.0
2010-01-30,69278.0,61342.0,48047.0,15886.0
2010-02-01,75317.0,66421.0,48481.0,20935.0
2010-02-02,77444.0,72009.0,58677.0,24912.0
2010-02-03,82357.0,74392.0,61669.0,32745.0
2010-02-04,79333.0,76598.0,65361.0,28203.0
2010-02-05,78000.0,73400.0,57544.0,26006.0
2010-02-06,73824.0,65198.0,47847.0,22558.0
2010-02-08,76780.0,71889.0,50668.0,19278.0
2010-02-09,71900.0,62208.0,41092.0,13247.0
2010-02-10,74243.0,70527.0,58331.0,20834.0
2010-02-11,71773.0,68426.0,60870.0,26486.0
2010-02-12,78875.0,73980.0,53389.0,13945.0
2010-02-13,78875.0,73980.0,53389.0,13945.0
2010-02-17,95958.0,91888.0,82561.0,37437.0
2010-02-18,87930.0,77025.0,61870.0,26713.0
2010-02-19,69243.0,65423.0,55195.0,21954.0
2010-02-20,65853.0,60231.0,40290.0,17331.0
2010-02-22,59667.0,55495.0,41070.0,12816.0
2010-02-23,58000.0,52646.0,35629.0,13343.0
2010-02-24,59455.0,52800.0,33977.0,13056.0
2010-02-25,71733.0,65005.0,45570.0,17816.0
2010-02-26,75500.0,72250.0,57385.0,19842.0
2010-02-27,85643.0,71218.0,41949.0,16419.0
2010-03-01,85921.0,76402.0,56121.0,27380.0
2010-03-02,88000.0,85158.0,66868.0,31554.0
2010-03-03,84133.0,80554.0,58494.0,23939.0
2010-03-04,77696.0,73562.0,59627.0,24135.0
2010-03-05,72923.0,70379.0,50672.0,23543.0
2010-03-06,73233.0,66398.0,46987.0,16207.0
2010-03-08,68473.0,64023.0,38908.0,21514.0
2010-03-09,70958.0,65667.0,42613.0,26267.0
2010-03-10,76263.0,72095.0,48686.0,22027.0
2010-03-11,80000.0,79532.0,55132.0,24844.0
2010-03-12,79462.0,75519.0,65568.0,33264.0
2010-03-13,75333.0,71148.0,61802.0,34913.0
2010-03-15,76000.0,70613.0,56234.0,28004.0
2010-03-16,76125.0,72989.0,58764.0,28577.0
2010-03-17,74278.0,73023.0,63677.0,28576.0
2010-03-18,73892.0,69680.0,57359.0,23826.0
2010-03-19,73600.0,68557.0,53977.0,21694.0
2010-03-20,70950.0,69165.0,62735.0,31866.0
2010-03-22,69938.0,67416.0,50063.0,20890.0
2010-03-23,70750.0,68930.0,65103.0,34828.0
2010-03-24,71313.0,67956.0,62514.0,27224.0
2010-03-25,71000.0,68409.0,64037.0,38715.0
2010-03-26,73429.0,71535.0,65070.0,37861.0
2010-03-27,76480.0,73107.0,68111.0,36230.0
2010-03-29,78000.0,75460.0,70897.0,43216.0
2010-03-30,84571.0,81357.0,76859.0,48389.0
2010-03-31,88000.0,86604.0,82132.0,51440.0
2010-04-01,98333.0,91707.0,79841.0,46010.0
2010-04-02,110393.0,103971.0,94209.0,57063.0
2010-04-03,109800.0,107730.0,93202.0,48520.0
2010-04-05,107019.0,98145.0,88519.0,55380.0
2010-04-06,97800.0,92927.0,83665.0,55940.0
2010-04-07,97258.0,93360.0,79633.0,44057.0
2010-04-08,96862.0,87081.0,72998.0,48080.0
2010-04-09,87821.0,81636.0,70217.0,41667.0
2010-04-10,91696.0,86733.0,70464.0,39633.0
2010-04-12,97263.0,95329.0,87452.0,64000.0
2010-04-13,127000.0,121181.0,113632.0,80661.0
2010-04-14,152000.0,149661.0,141344.0,105203.0
2010-04-15,140147.0,130854.0,119015.0,81205.0
2010-04-16,127685.0,119239.0,101449.0,64108.0
2010-04-17,111579.0,103670.0,92193.0,47573.0
2010-04-19,144053.0,134309.0,111830.0,67179.0
2010-04-20,151067.0,147492.0,141473.0,90440.0
2010-04-21,149441.0,144522.0,134980.0,86775.0
2010-04-22,148800.0,146342.0,139594.0,105200.0
2010-04-23,188909.0,183235.0,161967.0,93366.0
2010-04-24,188057.0,183139.0,174446.0,105830.0
2010-04-26,186276.0,177566.0,169720.0,140788.0
2010-04-27,190000.0,187305.0,183206.0,128818.0
2010-04-28,187586.0,181865.0,174668.0,134584.0
2010-04-29,182150.0,176060.0,171153.0,142112.0
2010-04-30,185333.0,181436.0,175424.0,142297.0
2010-05-01,186711.0,183422.0,177275.0,143837.0
2010-05-03,188029.0,182719.0,177270.0,143757.0
2010-05-04,183188.0,179090.0,173458.0,138680.0
2010-05-05,176762.0,172039.0,166453.0,137458.0
2010-05-06,175870.0,168591.0,155770.0,120956.0
2010-05-07,163615.0,159529.0,153595.0,125035.0
2010-05-08,143111.0,139273.0,127666.0,104245.0
2010-05-10,128980.0,110463.0,105525.0,87008.0
2010-05-11,104444.0,98324.0,92498.0,60878.0
2010-05-12,112826.0,104662.0,98242.0,71881.0
2010-05-13,131345.0,126744.0,119223.0,79493.0
2010-05-14,135203.0,124095.0,116537.0,76179.0
2010-05-15,114667.0,95946.0,88324.0,65903.0
2010-05-17,81093.0,76050.0,68527.0,43941.0
2010-05-18,69644.0,61788.0,52515.0,33553.0
2010-05-19,60000.0,57679.0,51575.0,33171.0
2010-05-20,52646.0,50399.0,48439.0,36776.0
2010-05-21,47912.0,45172.0,38632.0,27652.0
2010-05-22,46263.0,43241.0,38372.0,25747.0
2010-05-24,50313.0,47988.0,40731.0,26141.0
2010-05-25,48000.0,45150.0,41037.0,26633.0
2010-05-26,44764.0,41436.0,36021.0,25825.0
2010-05-27,43627.0,36869.0,32527.0,21918.0
2010-05-28,37294.0,33311.0,29391.0,21544.0
2010-05-29,33582.0,31017.0,27330.0,18753.0
2010-05-31,35000.0,32162.0,27040.0,19144.0
2010-06-01,43338.0,41455.0,37777.0,22155.0
2010-06-02,53714.0,49495.0,44291.0,31325.0
2010-06-03,48735.0,43892.0,39741.0,27705.0
2010-06-04,45281.0,41292.0,34584.0,23474.0
2010-06-05,44012.0,41428.0,35449.0,22170.0
2010-06-07,49553.0,44687.0,36141.0,22374.0
2010-06-08,50769.0,47706.0,40935.0,25017.0
2010-06-09,55197.0,50292.0,45586.0,25484.0
2010-06-10,51217.0,47563.0,39051.0,22108.0
2010-06-11,43488.0,38913.0,33150.0,21588.0
2010-06-12,41344.0,36713.0,30516.0,20257.0
2010-06-14,44123.0,38855.0,31714.0,19609.0
2010-06-15,45679.0,42935.0,34775.0,20138.0
2010-06-16,50000.0,47120.0,39649.0,22742.0
2010-06-17,47447.0,42609.0,37435.0,22252.0
2010-06-18,41471.0,35164.0,28367.0,20505.0
2010-06-19,36933.0,33491.0,25966.0,18970.0
2010-06-21,37789.0,34858.0,28199.0,19542.0
2010-06-22,40071.0,36276.0,28175.0,19170.0
2010-06-23,42323.0,36377.0,28619.0,19662.0
2010-06-24,38263.0,32170.0,24816.0,18942.0
2010-06-25,32090.0,27467.0,22828.0,18395.0
2010-06-26,26491.0,21888.0,18395.0,15604.0
2010-06-28,29588.0,24581.0,19672.0,16222.0
2010-06-29,28333.0,23681.0,19168.0,16494.0
2010-06-30,26808.0,23198.0,18611.0,16171.0
2010-07-01,23461.0,19521.0,16543.0,14657.0
2010-07-02,23322.0,20208.0,16995.0,14960.0
2010-07-03,26407.0,18254.0,16226.0,14446.0
2010-07-05,38448.0,25105.0,17465.0,13409.0
2010-07-06,51000.0,40069.0,18552.0,15564.0
2010-07-07,41000.0,36249.0,26729.0,15996.0
2010-07-08,36463.0,30166.0,20049.0,15540.0
2010-07-09,42508.0,36646.0,25206.0,16322.0
2010-07-10,41962.0,35525.0,22621.0,16337.0
2010-07-12,41468.0,37514.0,32313.0,17344.0
2010-07-13,42017.0,35430.0,22870.0,16073.0
2010-07-14,38321.0,35743.0,27900.0,17387.0
2010-07-15,33875.0,29650.0,20877.0,16105.0
2010-07-16,31615.0,27556.0,21081.0,15677.0
2010-07-17,28612.0,24524.0,17695.0,14921.0
2010-07-19,30685.0,25884.0,20392.0,13956.0
2010-07-20,28857.0,24809.0,16407.0,14490.0
2010-07-21,31588.0,28094.0,22358.0,14359.0
2010-07-22,32341.0,27873.0,18612.0,13737.0
2010-07-23,33198.0,28021.0,18362.0,14099.0
2010-07-24,37793.0,30838.0,19555.0,13894.0
2010-07-26,34185.0,29451.0,20573.0,13259.0
2010-07-27,30046.0,23665.0,16075.0,13717.0
2010-07-28,31178.0,24071.0,17717.0,13155.0
2010-07-29,26986.0,20768.0,16006.0,13491.0
2010-07-30,26490.0,21634.0,17336.0,14453.0
2010-07-31,25636.0,18940.0,15388.0,13322.0
2010-08-02,25089.0,19027.0,15246.0,12955.0
2010-08-03,25650.0,18325.0,14508.0,12400.0
2010-08-04,25445.0,18948.0,16130.0,13400.0
2010-08-05,25853.0,18963.0,15460.0,11966.0
2010-08-06,27020.0,17095.0,14207.0,12146.0
2010-08-07,27082.0,18096.0,13957.0,10718.0
2010-08-09,29794.0,19084.0,15167.0,11445.0
2010-08-10,27973.0,17851.0,13238.0,8832.0
2010-08-11,25232.0,18157.0,13461.0,8559.0
2010-08-12,28193.0,20602.0,16213.0,11429.0
2010-08-13,25149.0,17741.0,13910.0,9955.0
2010-08-14,22652.0,14795.0,10175.0,7603.0
2010-08-16,27149.0,19217.0,14284.0,8202.0
2010-08-17,26072.0,17239.0,13192.0,9006.0
2010-08-18,23180.0,18109.0,15130.0,11217.0
2010-08-19,23836.0,19122.0,15856.0,11183.0
2010-08-20,24591.0,19164.0,16218.0,12312.0
2010-08-21,24750.0,17094.0,14185.0,10115.0
2010-08-23,21199.0,16259.0,13805.0,10666.0
2010-08-24,22254.0,15466.0,12920.0,9721.0
2010-08-25,28061.0,19079.0,14219.0,11055.0
2010-08-26,33167.0,23666.0,15695.0,11422.0
2010-08-27,36235.0,27347.0,18210.0,13835.0
2010-08-28,30661.0,22833.0,16766.0,11852.0
2010-08-30,26618.0,17721.0,12198.0,8575.0
2010-08-31,24746.0,16034.0,12126.0,9139.0
2010-09-01,18756.0,13169.0,9895.0,7257.0
2010-09-02,20699.0,14158.0,9868.0,7705.0
2010-09-03,27112.0,20586.0,13213.0,9693.0
2010-09-04,23628.0,17217.0,13949.0,10261.0
2010-09-06,24930.0,16397.0,12235.0,9448.0
2010-09-07,26150.0,19641.0,15086.0,11597.0
2010-09-08,28855.0,23780.0,19683.0,15658.0
2010-09-09,33687.0,25925.0,21010.0,17336.0
2010-09-10,30868.0,19099.0,14195.0,11564.0
2010-09-11,18938.0,14898.0,12039.0,9356.0
2010-09-13,30742.0,21469.0,16710.0,12201.0
2010-09-14,37000.0,24642.0,18840.0,15352.0
2010-09-15,35413.0,26563.0,20159.0,16602.0
2010-09-16,30865.0,23754.0,19726.0,17033.0
2010-09-18,27238.0,20914.0,16480.0,13322.0
2010-09-20,40990.0,26046.0,18074.0,11584.0
2010-09-21,40990.0,26046.0,18074.0,11584.0
2010-09-25,54169.0,44419.0,30095.0,16557.0
2010-09-27,48011.0,41471.0,25287.0,17310.0
2010-09-28,45627.0,31337.0,24916.0,18185.0
2010-09-29,35410.0,29349.0,23835.0,18966.0
2010-09-30,33802.0,27157.0,22734.0,17759.0
2010-10-01,30349.0,25170.0,20834.0,16713.0
2010-10-02,29483.0,25507.0,20801.0,15346.0
2010-10-04,44113.0,32484.0,24947.0,17976.0
2010-10-05,46288.0,38705.0,28117.0,18897.0
2010-10-06,45167.0,39393.0,32278.0,21367.0
2010-10-07,56740.0,50492.0,40029.0,23502.0
2010-10-08,68316.0,62733.0,50191.0,28579.0
2010-10-09,72353.0,61694.0,50300.0,29906.0
2010-10-11,78333.0,69644.0,55658.0,36978.0
2010-10-12,86527.0,72296.0,52964.0,24036.0
2010-10-13,84077.0,76166.0,62692.0,32857.0
2010-10-14,69222.0,59568.0,44944.0,24403.0
2010-10-15,68085.0,57504.0,40749.0,23230.0
2010-10-16,71543.0,64573.0,43775.0,19425.0
2010-10-18,80837.0,73371.0,54639.0,25451.0
2010-10-19,86804.0,77214.0,51963.0,22306.0
2010-10-20,86804.0,79531.0,62734.0,33513.0
2010-10-21,84035.0,70778.0,44110.0,24240.0
2010-10-22,87225.0,70037.0,45970.0,27674.0
2010-10-23,84345.0,69078.0,42037.0,20420.0
2010-10-25,86389.0,78268.0,48591.0,22986.0
2010-10-26,101694.0,85317.0,58343.0,22211.0
2010-10-27,105889.0,93871.0,69900.0,34846.0
2010-10-28,96636.0,79148.0,52847.0,25259.0
2010-10-29,83020.0,64972.0,42877.0,22359.0
2010-10-30,79675.0,60498.0,34253.0,16490.0
2010-11-01,73704.0,65543.0,44356.0,23529.0
2010-11-02,93372.0,81438.0,57610.0,21794.0
2010-11-03,104367.0,89383.0,69500.0,30437.0
2010-11-04,108297.0,91484.0,63437.0,26377.0
2010-11-05,106939.0,88508.0,61643.0,28530.0
2010-11-06,99793.0,90448.0,62974.0,25469.0
2010-11-08,121320.0,104792.0,78538.0,31903.0
2010-11-09,142563.0,134003.0,97814.0,39645.0
2010-11-10,161515.0,146697.0,95150.0,31073.0
2010-11-11,180267.0,158436.0,85841.0,25336.0
2010-11-12,190029.0,164796.0,98351.0,38412.0
2010-11-13,174179.0,143996.0,70910.0,27871.0
2010-11-15,180074.0,155851.0,118439.0,43791.0
2010-11-16,168360.0,155176.0,115442.0,41976.0
2010-11-17,170846.0,151535.0,93584.0,40403.0
2010-11-18,173704.0,156818.0,111382.0,34816.0
2010-11-19,176833.0,167514.0,132775.0,47591.0
2010-11-20,191263.0,179628.0,129900.0,40904.0
2010-11-22,191344.0,177912.0,148761.0,67409.0
2010-11-23,175889.0,170649.0,114608.0,43746.0
2010-11-24,173897.0,165723.0,118554.0,43493.0
2010-11-25,168333.0,160119.0,107758.0,26664.0
2010-11-26,172467.0,168256.0,122860.0,46200.0
2010-11-27,175348.0,171572.0,129478.0,46474.0
2010-11-29,176886.0,168012.0,128889.0,37791.0
2010-11-30,174400.0,168987.0,132940.0,53200.0
2010-12-01,168333.0,162903.0,126246.0,63933.0
2010-12-02,144148.0,131853.0,99108.0,52693.0
2010-12-03,130308.0,115357.0,92254.0,42569.0
2010-12-04,119381.0,109115.0,81503.0,40210.0
2010-12-06,119316.0,115360.0,91618.0,40258.0
2010-12-07,121739.0,111194.0,86847.0,40457.0
2010-12-08,123417.0,116173.0,101423.0,41488.0
2010-12-09,114286.0,99261.0,86333.0,41337.0
2010-12-10,108053.0,98223.0,72903.0,29559.0
2010-12-11,107556.0,89922.0,61241.0,31933.0
2010-12-13,95209.0,80923.0,59187.0,30157.0
2010-12-14,90727.0,80750.0,53841.0,23323.0
2010-12-15,84444.0,78303.0,58038.0,30222.0
2010-12-16,89000.0,82838.0,60252.0,26455.0
2010-12-17,90000.0,85949.0,68492.0,40420.0
2010-12-18,86143.0,71464.0,58958.0,29317.0
2010-12-20,86149.0,72130.0,54234.0,24970.0
2010-12-21,79591.0,68880.0,50801.0,26551.0
2010-12-22,68077.0,58076.0,46593.0,26054.0
2010-12-23,73810.0,55164.0,36406.0,20935.0
2010-12-24,69875.0,56442.0,36224.0,19456.0
2010-12-25,70000.0,59937.0,45673.0,22481.0
2010-12-27,71139.0,62374.0,46465.0,21236.0
2010-12-28,74316.0,58087.0,44431.0,21889.0
2010-12-29,71455.0,59796.0,45645.0,25315.0
2010-12-30,77827.0,63117.0,44695.0,24516.0
2010-12-31,76130.0,63826.0,44724.0,16917.0
2011-01-03,72000.0,61274.0,42681.0,16950.0
2011-01-04,71500.0,65418.0,49652.0,23680.0
2011-01-05,73000.0,65612.0,51398.0,25153.0
2011-01-06,69036.0,63278.0,53134.0,30590.0
2011-01-07,69579.0,63622.0,46858.0,27549.0
2011-01-08,67429.0,58171.0,42225.0,23720.0
2011-01-10,61667.0,54599.0,38232.0,20525.0
2011-01-11,62208.0,51188.0,32297.0,17100.0
2011-01-12,60947.0,45000.0,31258.0,18245.0
2011-01-13,61875.0,57261.0,34863.0,14627.0
2011-01-14,62000.0,56013.0,34686.0,21797.0
2011-01-15,62375.0,55854.0,31297.0,16744.0
2011-01-17,63368.0,56071.0,33797.0,15410.0
2011-01-18,52143.0,45622.0,31409.0,16413.0
2011-01-19,63000.0,57193.0,41105.0,17674.0
2011-01-20,62000.0,55221.0,38282.0,17816.0
2011-01-21,60615.0,51330.0,36863.0,19000.0
2011-01-22,60143.0,51081.0,40248.0,17500.0
2011-01-24,66288.0,56844.0,41895.0,20543.0
2011-01-25,71148.0,54335.0,34981.0,16601.0
2011-01-26,63917.0,59202.0,42254.0,20385.0
2011-01-27,62333.0,58730.0,35811.0,15199.0
2011-01-28,61704.0,57418.0,41736.0,18044.0
2011-01-29,62429.0,58327.0,37346.0,15524.0
2011-01-31,64368.0,61267.0,47326.0,16890.0
2011-02-01,72346.0,62186.0,49842.0,17215.0
2011-02-02,72346.0,62186.0,49842.0,17215.0
2011-02-07,62930.0,55177.0,37503.0,14988.0
2011-02-08,57392.0,53238.0,45754.0,23204.0
2011-02-09,51212.0,46015.0,41184.0,21874.0
2011-02-10,45750.0,43279.0,33668.0,15400.0
2011-02-11,42000.0,39221.0,28151.0,13936.0
2011-02-12,39778.0,35909.0,28422.0,13141.0
2011-02-14,41657.0,35667.0,26073.0,13437.0
2011-02-15,41591.0,37465.0,29366.0,13463.0
2011-02-16,39000.0,35279.0,24866.0,11391.0
2011-02-17,39783.0,33295.0,18227.0,10370.0
2011-02-18,38727.0,34031.0,25852.0,14880.0
2011-02-19,40000.0,36186.0,27985.0,16000.0
2011-02-21,38759.0,37066.0,27314.0,14561.0
2011-02-22,42647.0,38010.0,30880.0,17835.0
2011-02-23,38880.0,36332.0,26151.0,13802.0
2011-02-24,40400.0,37774.0,30170.0,14622.0
2011-02-25,39404.0,36716.0,29767.0,16752.0
2011-02-26,42882.0,38748.0,28358.0,13899.0
2011-02-28,46000.0,42433.0,29848.0,14269.0
2011-03-01,49278.0,47077.0,39752.0,18132.0
2011-03-02,54295.0,47240.0,36000.0,15206.0
2011-03-03,53261.0,47979.0,35952.0,16185.0
2011-03-04,48758.0,46470.0,41285.0,21058.0
2011-03-05,46000.0,44401.0,36816.0,21864.0
2011-03-07,47929.0,45594.0,32215.0,16951.0
2011-03-08,47355.0,43959.0,37252.0,19237.0
2011-03-09,46226.0,41604.0,33428.0,17868.0
2011-03-10,45000.0,39307.0,26572.0,15086.0
2011-03-11,43000.0,38642.0,30021.0,14257.0
2011-03-12,45000.0,39994.0,28662.0,14407.0
2011-03-14,43972.0,39719.0,28406.0,15003.0
2011-03-15,49037.0,44726.0,34715.0,17647.0
2011-03-16,55344.0,48351.0,38907.0,17917.0
2011-03-17,56000.0,51675.0,35641.0,16957.0
2011-03-18,57682.0,48490.0,33391.0,15215.0
2011-03-19,48935.0,40940.0,26239.0,14373.0
2011-03-21,49714.0,44856.0,31348.0,15477.0
2011-03-22,48378.0,44844.0,32059.0,15807.0
2011-03-23,49063.0,45395.0,36626.0,15698.0
2011-03-24,50750.0,46756.0,31156.0,13946.0
2011-03-25,50679.0,46617.0,35188.0,14651.0
2011-03-26,52679.0,46937.0,35328.0,15694.0
2011-03-28,52043.0,49048.0,38650.0,17386.0
2011-03-29,55859.0,53302.0,43309.0,17450.0
2011-03-30,57125.0,54082.0,44024.0,19371.0
2011-03-31,60000.0,57553.0,46488.0,20313.0
2011-04-01,65000.0,62793.0,57427.0,23469.0
2011-04-02,73080.0,67124.0,60883.0,28581.0
2011-04-04,87346.0,84391.0,70132.0,33273.0
2011-04-05,124022.0,120431.0,106624.0,55268.0
2011-04-06,104712.0,93554.0,82948.0,41577.0
2011-04-07,92050.0,83148.0,52372.0,26536.0
2011-04-08,93000.0,87827.0,75824.0,31735.0
2011-04-09,92375.0,89773.0,82833.0,38122.0
2011-04-11,110000.0,104623.0,86654.0,25469.0
2011-04-12,111805.0,108730.0,98509.0,42956.0
2011-04-13,90867.0,84187.0,77283.0,39518.0
2011-04-14,88818.0,86522.0,69537.0,25662.0
2011-04-15,106389.0,96693.0,78458.0,30114.0
2011-04-16,116516.0,111569.0,89197.0,28202.0
2011-04-18,116217.0,110650.0,100874.0,45224.0
2011-04-19,110588.0,102417.0,87476.0,32658.0
2011-04-20,114192.0,108863.0,91424.0,33086.0
2011-04-21,119231.0,113429.0,98912.0,41121.0
2011-04-22,109737.0,106524.0,98567.0,42932.0
2011-04-23,106657.0,96094.0,86871.0,40986.0
2011-04-25,100756.0,97727.0,88561.0,39257.0
2011-04-26,98000.0,93570.0,84818.0,56288.0
2011-04-27,92472.0,84991.0,73254.0,48041.0
2011-04-28,80750.0,75807.0,68576.0,38728.0
2011-04-29,75000.0,72858.0,66276.0,36934.0
2011-04-30,77808.0,71856.0,53510.0,29445.0
2011-05-02,72043.0,69320.0,63653.0,29966.0
2011-05-03,71667.0,66956.0,62897.0,37133.0
2011-05-04,74000.0,64514.0,59060.0,32526.0
2011-05-05,70326.0,65378.0,53137.0,30556.0
2011-05-06,64538.0,58669.0,54429.0,35175.0
2011-05-07,57269.0,53197.0,49093.0,27656.0
2011-05-09,54516.0,47063.0,39675.0,27993.0
2011-05-10,50414.0,42047.0,36615.0,29386.0
2011-05-11,38625.0,35264.0,31882.0,21918.0
2011-05-12,35227.0,32353.0,28359.0,18777.0
2011-05-13,35094.0,32712.0,27265.0,17748.0
2011-05-14,29042.0,26440.0,23130.0,17733.0
2011-05-16,25288.0,22571.0,19670.0,15728.0
2011-05-17,26719.0,24128.0,19583.0,15011.0
2011-05-18,31664.0,28833.0,22446.0,15853.0
2011-05-19,37000.0,34551.0,28683.0,17615.0
2011-05-20,39915.0,36991.0,32218.0,18908.0
2011-05-21,41816.0,36792.0,28621.0,19855.0
2011-05-23,40756.0,37072.0,30664.0,19324.0
2011-05-24,35757.0,33341.0,28791.0,18730.0
2011-05-25,36500.0,27843.0,24837.0,19131.0
2011-05-26,28240.0,25089.0,21990.0,17841.0
2011-05-27,29524.0,26476.0,22097.0,18362.0
2011-05-28,28000.0,26450.0,22814.0,19127.0
2011-05-30,27615.0,25507.0,22596.0,18404.0
2011-05-31,28124.0,25207.0,21784.0,18352.0
2011-06-01,26000.0,24064.0,21295.0,18075.0
2011-06-02,27115.0,24971.0,21308.0,18300.0
2011-06-03,29136.0,26602.0,22459.0,18794.0
2011-06-04,28637.0,25877.0,22698.0,18707.0
2011-06-06,32226.0,27743.0,22517.0,19109.0
2011-06-07,30539.0,27116.0,22366.0,18452.0
2011-06-08,33386.0,29412.0,23490.0,19115.0
2011-06-09,37465.0,34859.0,25225.0,19039.0
2011-06-10,36491.0,31623.0,24357.0,19231.0
2011-06-11,35161.0,29408.0,22249.0,18985.0
2011-06-13,33577.0,29461.0,23256.0,19297.0
2011-06-14,40362.0,36986.0,29530.0,20364.0
2011-06-15,41152.0,36896.0,30457.0,20912.0
2011-06-16,38190.0,34445.0,26716.0,21095.0
2011-06-17,39167.0,35519.0,26379.0,21011.0
2011-06-18,38464.0,35819.0,29069.0,21403.0
2011-06-20,40946.0,37025.0,27285.0,20641.0
2011-06-21,54410.0,48839.0,41286.0,25680.0
2011-06-22,59554.0,51400.0,36580.0,23111.0
2011-06-23,50467.0,45422.0,34188.0,24633.0
2011-06-24,48272.0,44404.0,32244.0,24736.0
2011-06-25,52129.0,46618.0,34536.0,24626.0
2011-06-27,57704.0,49299.0,39958.0,26369.0
2011-06-28,60500.0,54905.0,39437.0,26711.0
2011-06-29,56946.0,49682.0,35555.0,26537.0
2011-06-30,52517.0,41255.0,30436.0,25166.0
2011-07-01,35719.0,31328.0,27364.0,22951.0
2011-07-02,34384.0,30849.0,26926.0,20506.0
2011-07-04,36000.0,31907.0,26825.0,18972.0
2011-07-05,48529.0,40717.0,30139.0,25919.0
2011-07-06,48327.0,42594.0,29555.0,25066.0
2011-07-07,47215.0,38829.0,29242.0,24938.0
2011-07-08,43301.0,38999.0,30057.0,24419.0
2011-07-09,41463.0,36290.0,27927.0,23944.0
2011-07-11,41075.0,35520.0,26544.0,23120.0
2011-07-12,44449.0,36058.0,27182.0,23621.0
2011-07-13,39622.0,35184.0,27713.0,22476.0
2011-07-14,34592.0,29314.0,26191.0,21141.0
2011-07-15,32760.0,27676.0,24203.0,19556.0
2011-07-16,31232.0,25644.0,23139.0,17947.0
2011-07-18,35089.0,27207.0,23437.0,18854.0
2011-07-19,46734.0,33149.0,23331.0,19667.0
2011-07-20,52156.0,45601.0,27369.0,21074.0
2011-07-21,51949.0,42712.0,27051.0,20601.0
2011-07-22,47486.0,40509.0,26931.0,20051.0
2011-07-23,52533.0,43350.0,27272.0,21997.0
2011-07-25,51163.0,39926.0,28299.0,23127.0
2011-07-26,54152.0,41309.0,27265.0,22028.0
2011-07-27,45936.0,36564.0,25808.0,17428.0
2011-07-28,38868.0,35033.0,26125.0,17953.0
2011-07-29,37308.0,32040.0,24151.0,18736.0
2011-07-30,37366.0,27877.0,22453.0,15443.0
2011-08-01,42411.0,34591.0,23097.0,14349.0
2011-08-02,47492.0,38256.0,25770.0,17288.0
2011-08-03,51792.0,42099.0,28506.0,19717.0
2011-08-04,48969.0,38015.0,25036.0,15898.0
2011-08-05,57156.0,45521.0,28112.0,20006.0
2011-08-06,34808.0,28458.0,21743.0,17612.0
2011-08-08,48943.0,37294.0,26589.0,18776.0
2011-08-09,54512.0,38436.0,25295.0,20741.0
2011-08-10,59506.0,43530.0,31486.0,25325.0
2011-08-11,62362.0,45071.0,35941.0,28755.0
2011-08-12,49878.0,38571.0,32178.0,26172.0
2011-08-13,47808.0,38559.0,29527.0,24230.0
2011-08-15,52829.0,41514.0,31592.0,26479.0
2011-08-16,53469.0,44061.0,36830.0,30310.0
2011-08-17,54648.0,42835.0,35046.0,28347.0
2011-08-18,54106.0,45671.0,40174.0,34322.0
2011-08-19,58189.0,52563.0,46417.0,38979.0
2011-08-20,59615.0,50734.0,43596.0,36506.0
2011-08-22,61592.0,56058.0,49166.0,43639.0
2011-08-23,65035.0,59869.0,54001.0,47131.0
2011-08-24,69264.0,59450.0,54677.0,48491.0
2011-08-25,67132.0,57710.0,53984.0,48839.0
2011-08-26,62555.0,54556.0,48909.0,43419.0
2011-08-27,64643.0,49333.0,43736.0,35740.0
2011-08-29,68261.0,55627.0,49845.0,43973.0
2011-08-30,66053.0,59479.0,53188.0,47358.0
2011-08-31,69859.0,60104.0,56359.0,51652.0
2011-09-01,64840.0,59976.0,55996.0,49785.0
2011-09-02,65247.0,56845.0,51740.0,46261.0
2011-09-03,65507.0,55701.0,49869.0,45170.0
2011-09-05,67429.0,58171.0,50472.0,45750.0
2011-09-06,76525.0,66607.0,54699.0,47624.0
2011-09-07,80745.0,74484.0,62708.0,52646.0
2011-09-08,97185.0,82537.0,68570.0,55502.0
2011-09-09,97667.0,86296.0,67521.0,51584.0
2011-09-10,71991.0,55574.0,45125.0,38568.0
2011-09-15,64726.0,58268.0,47546.0,41096.0
2011-09-16,62347.0,52577.0,44267.0,39020.0
2011-09-17,47886.0,41976.0,39322.0,35542.0
2011-09-19,48110.0,43224.0,39860.0,36684.0
2011-09-20,49662.0,42686.0,38851.0,35282.0
2011-09-21,49362.0,45579.0,39406.0,35575.0
2011-09-22,53514.0,47174.0,42360.0,37570.0
2011-09-23,55783.0,50194.0,43834.0,37244.0
2011-09-24,65932.0,60115.0,51862.0,41717.0
2011-09-26,78157.0,69746.0,60814.0,48859.0
2011-09-27,83265.0,76222.0,66407.0,50957.0
2011-09-28,71823.0,64582.0,57517.0,47001.0
2011-09-29,71435.0,60401.0,52639.0,43296.0
2011-09-30,70541.0,60882.0,50673.0,40799.0
2011-10-01,72886.0,69379.0,54339.0,38340.0
2011-10-03,86212.0,78843.0,62087.0,41699.0
2011-10-04,103641.0,95902.0,74770.0,50707.0
2011-10-05,111705.0,98226.0,83445.0,51361.0
2011-10-06,115170.0,96908.0,79678.0,52861.0
2011-10-07,102630.0,84971.0,66606.0,42773.0
2011-10-08,91778.0,71939.0,54029.0,36273.0
2011-10-10,88558.0,75804.0,54676.0,29981.0
2011-10-11,103872.0,88569.0,61255.0,35166.0
2011-10-12,95690.0,87793.0,68366.0,42938.0
2011-10-13,99976.0,91135.0,71861.0,46636.0
2011-10-14,100667.0,83940.0,64140.0,42075.0
2011-10-15,92354.0,81358.0,60542.0,40048.0
2011-10-17,104040.0,84191.0,61555.0,39994.0
2011-10-18,90438.0,77102.0,55368.0,36762.0
2011-10-19,81410.0,71388.0,52511.0,32134.0
2011-10-20,82571.0,63386.0,42937.0,27144.0
2011-10-21,74603.0,63606.0,42198.0,30722.0
2011-10-22,71645.0,55759.0,38150.0,29154.0
2011-10-24,75465.0,63325.0,44181.0,28245.0
2011-10-25,82114.0,73806.0,50853.0,30158.0
2011-10-26,76239.0,67527.0,47542.0,32657.0
2011-10-27,71412.0,60125.0,41624.0,29180.0
2011-10-28,68911.0,52777.0,37982.0,26817.0
2011-10-29,67074.0,50834.0,32227.0,26037.0
2011-10-31,70388.0,64002.0,44563.0,29893.0
2011-11-01,74924.0,63690.0,38611.0,26376.0
2011-11-02,73444.0,63535.0,45098.0,31312.0
2011-11-03,71919.0,65381.0,44495.0,30844.0
2011-11-04,69529.0,61750.0,45388.0,32074.0
2011-11-05,67818.0,57981.0,39893.0,29950.0
2011-11-07,68776.0,57244.0,40814.0,25421.0
2011-11-08,72231.0,52978.0,36379.0,23590.0
2011-11-09,64969.0,52024.0,33169.0,21934.0
2011-11-10,58548.0,48865.0,33196.0,21044.0
2011-11-11,50745.0,40654.0,30006.0,18565.0
2011-11-12,43512.0,36771.0,27480.0,16692.0
2011-11-14,45510.0,37240.0,28434.0,20387.0
2011-11-15,47308.0,35647.0,26917.0,17204.0
2011-11-16,46241.0,38719.0,30127.0,22546.0
2011-11-17,48714.0,39964.0,27234.0,18200.0
2011-11-18,51345.0,45271.0,30028.0,18779.0
2011-11-19,53032.0,44660.0,30522.0,18694.0
2011-11-21,57653.0,49966.0,38163.0,21490.0
2011-11-22,58263.0,53298.0,41390.0,23035.0
2011-11-23,51457.0,45184.0,35458.0,20382.0
2011-11-24,49270.0,40282.0,30830.0,18649.0
2011-11-25,45985.0,38256.0,29545.0,16309.0
2011-11-26,43129.0,40402.0,27940.0,17401.0
2011-11-28,52000.0,44429.0,27946.0,14190.0
2011-11-29,53833.0,42130.0,28229.0,18844.0
2011-11-30,65476.0,55161.0,37609.0,20179.0
2011-12-01,65808.0,58721.0,43315.0,25594.0
2011-12-02,65000.0,61898.0,47745.0,23977.0
2011-12-03,62619.0,52992.0,37576.0,20825.0
2011-12-05,58978.0,52309.0,39832.0,23380.0
2011-12-06,60354.0,47546.0,34859.0,22161.0
2011-12-07,55912.0,43864.0,34558.0,20149.0
2011-12-08,58875.0,48420.0,33344.0,21845.0
2011-12-09,65750.0,56935.0,35137.0,22260.0
2011-12-10,63957.0,51283.0,36658.0,15826.0
2011-12-12,64346.0,54494.0,40646.0,23515.0
2011-12-13,64833.0,54897.0,43772.0,24212.0
2011-12-14,63000.0,55493.0,38847.0,25012.0
2011-12-15,62480.0,49099.0,36675.0,21381.0
2011-12-16,63857.0,55012.0,35808.0,21981.0
2011-12-17,59000.0,51256.0,35755.0,21392.0
2011-12-19,58000.0,49985.0,36832.0,24206.0
2011-12-20,57941.0,48928.0,34126.0,20023.0
2011-12-21,60000.0,52016.0,38156.0,21196.0
2011-12-22,65450.0,57322.0,40705.0,23198.0
2011-12-23,65789.0,56018.0,43564.0,24473.0
2011-12-24,67625.0,55846.0,44076.0,25615.0
2011-12-26,71000.0,64007.0,49268.0,24650.0
2011-12-27,68000.0,61471.0,43901.0,24846.0
2011-12-28,66000.0,54556.0,42783.0,23071.0
2011-12-29,66261.0,57102.0,40935.0,24127.0
2011-12-30,65600.0,54661.0,36244.0,18403.0
2011-12-31,64720.0,53220.0,30563.0,18541.0
2012-01-02,64720.0,53220.0,30563.0,18541.0
2012-01-03,67417.0,58828.0,42853.0,22612.0
2012-01-04,68000.0,63630.0,51041.0,30010.0
2012-01-05,65842.0,51712.0,42604.0,26844.0
2012-01-06,69474.0,56175.0,36122.0,21811.0
2012-01-07,71500.0,62479.0,48832.0,25844.0
2012-01-09,74455.0,60996.0,42213.0,22261.0
2012-01-10,82692.0,72105.0,48574.0,25461.0
2012-01-11,82000.0,79119.0,62051.0,32304.0
2012-01-12,82429.0,78512.0,60354.0,28589.0
2012-01-13,80500.0,63492.0,45665.0,25686.0
2012-01-14,82500.0,73137.0,51665.0,27566.0
2012-01-16,85111.0,69893.0,51708.0,29377.0
2012-01-17,83400.0,60293.0,42359.0,22132.0
2012-01-18,87500.0,83107.0,48925.0,21300.0
2012-01-19,91231.0,87095.0,67752.0,30641.0
2012-01-20,97811.0,88484.0,60654.0,22872.0
2012-01-21,99333.0,87576.0,45899.0,16558.0
2012-01-26,99722.0,95725.0,69000.0,33083.0
2012-01-27,105194.0,100000.0,81944.0,40949.0
2012-01-28,100481.0,95638.0,66068.0,31134.0
2012-01-30,89615.0,65300.0,39599.0,22202.0
2012-01-31,80000.0,68901.0,35880.0,17427.0
2012-02-01,82375.0,68747.0,37929.0,19848.0
2012-02-02,68000.0,61340.0,47052.0,18963.0
2012-02-03,91667.0,76123.0,48794.0,21386.0
2012-02-04,92580.0,79216.0,47645.0,20756.0
2012-02-06,93880.0,84699.0,47800.0,25374.0
2012-02-07,95529.0,85882.0,59869.0,26182.0
2012-02-08,89250.0,81065.0,55242.0,25882.0
2012-02-09,94727.0,76492.0,50137.0,24821.0
2012-02-10,88000.0,85309.0,77533.0,42398.0
2012-02-11,83667.0,79579.0,65021.0,34072.0
2012-02-13,79250.0,72218.0,45407.0,25139.0
2012-02-14,84200.0,72182.0,52256.0,20909.0
2012-02-15,82583.0,78831.0,45968.0,24068.0
2012-02-16,80000.0,62754.0,43118.0,28798.0
2012-02-17,87500.0,85127.0,59367.0,26439.0
2012-02-18,90538.0,86165.0,59755.0,22652.0
2012-02-20,93258.0,84492.0,65592.0,37255.0
2012-02-21,90275.0,85770.0,70281.0,41005.0
2012-02-22,88625.0,84071.0,52292.0,26093.0
2012-02-23,91333.0,87541.0,66379.0,36115.0
2012-02-24,93000.0,91660.0,80418.0,42902.0
2012-02-25,95000.0,89793.0,74336.0,43340.0
2012-02-27,92517.0,89320.0,75831.0,35339.0
2012-02-28,95667.0,86719.0,62132.0,33457.0
2012-02-29,100750.0,99400.0,89705.0,47789.0
2012-03-01,120000.0,115136.0,105586.0,60764.0
2012-03-02,152000.0,145838.0,131199.0,76470.0
2012-03-03,149917.0,145468.0,131984.0,84881.0
2012-03-05,147897.0,143249.0,112011.0,59983.0
2012-03-06,148471.0,138350.0,118657.0,73012.0
2012-03-07,146762.0,141886.0,108491.0,48279.0
2012-03-08,147867.0,145645.0,130375.0,74019.0
2012-03-09,150250.0,143763.0,134777.0,83173.0
2012-03-10,156529.0,146784.0,126904.0,63571.0
2012-03-12,147516.0,144112.0,135758.0,76429.0
2012-03-13,148000.0,142929.0,116101.0,59875.0
2012-03-14,145850.0,143704.0,135119.0,83230.0
2012-03-15,146114.0,142893.0,138845.0,102789.0
2012-03-16,139353.0,135721.0,128210.0,89198.0
2012-03-17,140000.0,138569.0,133526.0,93683.0
2012-03-19,135889.0,132866.0,121252.0,79838.0
2012-03-20,137240.0,131927.0,126525.0,98048.0
2012-03-21,132478.0,130397.0,124245.0,88854.0
2012-03-22,136833.0,133295.0,128161.0,90050.0
2012-03-23,136938.0,134708.0,126701.0,86575.0
2012-03-24,142688.0,137297.0,128713.0,97906.0
2012-03-26,139559.0,136842.0,133424.0,92143.0
2012-03-27,140000.0,137659.0,133672.0,97608.0
2012-03-28,143429.0,141153.0,134018.0,73303.0
2012-03-29,147563.0,146020.0,141451.0,99232.0
2012-03-30,155109.0,152885.0,149122.0,122086.0
2012-03-31,164000.0,161755.0,155243.0,115165.0
2012-04-02,172481.0,168351.0,162565.0,132485.0
2012-04-03,172000.0,169872.0,166846.0,144788.0
2012-04-04,187667.0,184634.0,178732.0,151156.0
2012-04-05,188759.0,186455.0,180415.0,164897.0
2012-04-06,181182.0,167851.0,154218.0,138021.0
2012-04-07,135500.0,129342.0,126264.0,96472.0
2012-04-09,128000.0,125654.0,116021.0,73802.0
2012-04-10,146154.0,139850.0,132575.0,109917.0
2012-04-11,183000.0,179518.0,172250.0,145391.0
2012-04-12,166472.0,161440.0,151963.0,135039.0
2012-04-13,133824.0,129600.0,126234.0,114319.0
2012-04-14,140000.0,138287.0,134841.0,117294.0
2012-04-16,177913.0,174935.0,163874.0,129770.0
2012-04-17,159375.0,155088.0,148992.0,133435.0
2012-04-18,145500.0,140354.0,136692.0,124809.0
2012-04-19,143889.0,140775.0,135425.0,116962.0
2012-04-20,143387.0,140321.0,137290.0,124670.0
2012-04-21,162200.0,158943.0,153555.0,127025.0
2012-04-23,150943.0,147626.0,143381.0,115149.0
2012-04-24,166025.0,162263.0,152386.0,121712.0
2012-04-25,165694.0,163665.0,158698.0,130059.0
2012-04-26,147922.0,144031.0,137610.0,108363.0
2012-04-27,140200.0,136285.0,128093.0,97673.0
2012-04-28,134971.0,130237.0,121139.0,89623.0
2012-04-30,130841.0,125643.0,116235.0,81301.0
2012-05-01,142600.0,139514.0,125906.0,70215.0
2012-05-02,150000.0,146808.0,140269.0,82551.0
2012-05-03,156565.0,152014.0,147037.0,103543.0
2012-05-04,145553.0,143251.0,137396.0,103984.0
2012-05-05,134837.0,122857.0,106696.0,77365.0
2012-05-07,91714.0,86759.0,79272.0,53076.0
2012-05-08,80103.0,74345.0,64358.0,41899.0
2012-05-09,70565.0,66544.0,61537.0,40860.0
2012-05-10,64060.0,60325.0,55880.0,39562.0
2012-05-11,64512.0,59953.0,54665.0,33563.0
2012-05-12,60614.0,58091.0,52220.0,33393.0
2012-05-14,57444.0,56232.0,51865.0,32557.0
2012-05-15,58858.0,54874.0,48689.0,34243.0
2012-05-16,50928.0,45726.0,41389.0,31373.0
2012-05-17,37973.0,36364.0,34034.0,28462.0
2012-05-18,40554.0,36664.0,33458.0,27652.0
2012-05-19,40742.0,35835.0,32893.0,29845.0
2012-05-21,41147.0,37790.0,34529.0,30320.0
2012-05-22,44984.0,41703.0,36107.0,31371.0
2012-05-23,54868.0,51981.0,47290.0,33756.0
2012-05-24,53144.0,50152.0,44222.0,32878.0
2012-05-25,55875.0,48663.0,42527.0,33169.0
2012-05-26,49406.0,45949.0,38397.0,31943.0
2012-05-28,49419.0,45992.0,40256.0,33624.0
2012-05-29,55283.0,48662.0,40170.0,34307.0
2012-05-30,55776.0,52408.0,45951.0,36490.0
2012-05-31,56951.0,52986.0,45051.0,36761.0
2012-06-01,51133.0,47366.0,41888.0,36632.0
2012-06-02,52400.0,48147.0,41969.0,36824.0
2012-06-04,52602.0,49761.0,44143.0,36595.0
2012-06-05,58000.0,54677.0,45940.0,38055.0
2012-06-06,65908.0,59692.0,54432.0,40353.0
2012-06-07,59892.0,55568.0,49287.0,39163.0
2012-06-08,63772.0,59886.0,50146.0,38438.0
2012-06-09,78865.0,68990.0,53056.0,40862.0
2012-06-11,75481.0,70840.0,61261.0,41712.0
2012-06-12,75006.0,69967.0,53581.0,41219.0
2012-06-13,74083.0,69997.0,54821.0,41081.0
2012-06-14,71688.0,66471.0,52842.0,40276.0
2012-06-15,84018.0,72015.0,58548.0,40743.0
2012-06-16,85704.0,80956.0,61921.0,40882.0
2012-06-18,88000.0,84444.0,72586.0,44119.0
2012-06-19,96481.0,92168.0,73932.0,48470.0
2012-06-20,81983.0,76754.0,61367.0,43059.0
2012-06-21,72918.0,66548.0,53273.0,41300.0
2012-06-22,68085.0,60628.0,50129.0,41032.0
2012-06-23,69618.0,64411.0,52172.0,43103.0
2012-06-25,75467.0,71291.0,61766.0,44698.0
2012-06-26,73879.0,69841.0,56766.0,45038.0
2012-06-27,73203.0,68679.0,58833.0,44390.0
2012-06-28,73141.0,68064.0,57797.0,46176.0
2012-06-29,74872.0,69384.0,55363.0,46098.0
2012-06-30,71891.0,66048.0,52360.0,43839.0
2012-07-02,61840.0,54964.0,46918.0,38406.0
2012-07-03,50775.0,43444.0,37941.0,34371.0
2012-07-04,45803.0,39687.0,35413.0,29548.0
2012-07-05,41988.0,37680.0,33131.0,27823.0
2012-07-06,38988.0,34866.0,30577.0,27065.0
2012-07-07,39012.0,32291.0,27352.0,24813.0
2012-07-09,38127.0,34127.0,26606.0,22919.0
2012-07-10,45088.0,38565.0,26810.0,22424.0
2012-07-11,47429.0,40401.0,29498.0,24317.0
2012-07-12,42090.0,36628.0,27558.0,24664.0
2012-07-13,37995.0,33352.0,26438.0,23950.0
2012-07-14,37947.0,31757.0,25984.0,22399.0
2012-07-16,39757.0,32878.0,26074.0,22476.0
2012-07-17,43083.0,33658.0,25575.0,22408.0
2012-07-18,46772.0,33024.0,25071.0,22666.0
2012-07-19,36908.0,30155.0,23237.0,20256.0
2012-07-20,38470.0,30405.0,24449.0,22113.0
2012-07-21,35198.0,28569.0,23962.0,20903.0
2012-07-23,36521.0,31225.0,25462.0,22272.0
2012-07-24,41432.0,33368.0,26957.0,22546.0
2012-07-25,47309.0,38022.0,30726.0,25390.0
2012-07-26,54011.0,45895.0,35877.0,27884.0
2012-07-27,59093.0,50653.0,43941.0,35537.0
2012-07-28,59319.0,51608.0,46072.0,38737.0
2012-07-30,55897.0,47724.0,42001.0,35304.0
2012-07-31,42147.0,35160.0,29204.0,22993.0
2012-08-01,41366.0,32796.0,29495.0,25157.0
2012-08-02,38189.0,33863.0,30981.0,25661.0
2012-08-03,46045.0,40826.0,36751.0,30828.0
2012-08-04,56770.0,45662.0,41849.0,35078.0
2012-08-06,58250.0,47722.0,43668.0,37910.0
2012-08-07,53930.0,46776.0,42905.0,37877.0
2012-08-08,51191.0,45333.0,42378.0,37953.0
2012-08-09,46780.0,40044.0,37280.0,32874.0
2012-08-10,45533.0,37756.0,35139.0,30659.0
2012-08-11,44358.0,36145.0,33369.0,29321.0
2012-08-13,47086.0,33503.0,30581.0,27791.0
2012-08-14,43242.0,34227.0,31659.0,27577.0
2012-08-15,39713.0,32941.0,30086.0,27465.0
2012-08-16,37563.0,33085.0,30426.0,27512.0
2012-08-17,39500.0,35101.0,32950.0,29500.0
2012-08-18,36251.0,32929.0,30932.0,27279.0
2012-08-20,31895.0,25847.0,23125.0,20305.0
2012-08-21,24383.0,21436.0,18897.0,15567.0
2012-08-22,29445.0,24796.0,22020.0,15683.0
2012-08-23,35620.0,27957.0,23957.0,19756.0
2012-08-24,39919.0,32389.0,28222.0,23047.0
2012-08-25,39671.0,31163.0,27791.0,23300.0
2012-08-27,35706.0,27349.0,24181.0,19889.0
2012-08-28,35482.0,26004.0,22481.0,18893.0
2012-08-29,38728.0,29217.0,24011.0,19001.0
2012-08-30,34891.0,28119.0,25235.0,20951.0
2012-08-31,37531.0,31675.0,27905.0,23766.0
2012-09-01,38154.0,35386.0,32234.0,27827.0
2012-09-03,38548.0,33602.0,30331.0,26486.0
2012-09-04,34950.0,28718.0,25766.0,22664.0
2012-09-05,32136.0,26163.0,24415.0,20992.0
2012-09-06,31488.0,27066.0,24893.0,19989.0
2012-09-07,35031.0,28991.0,26549.0,22570.0
2012-09-08,38078.0,28091.0,26148.0,22351.0
2012-09-10,39739.0,32406.0,28829.0,24234.0
2012-09-11,41250.0,33529.0,28870.0,24213.0
2012-09-12,40000.0,34032.0,29483.0,25256.0
2012-09-13,41096.0,35039.0,30094.0,25148.0
2012-09-14,40965.0,34101.0,28119.0,23558.0
2012-09-15,43039.0,36664.0,29319.0,23383.0
2012-09-17,53013.0,43653.0,31101.0,22627.0
2012-09-18,70844.0,56938.0,42521.0,24725.0
2012-09-19,93231.0,78407.0,49554.0,28244.0
2012-09-20,76171.0,51223.0,32816.0,23018.0
2012-09-21,45573.0,35113.0,26313.0,19559.0
2012-09-22,39157.0,30011.0,23574.0,18466.0
2012-09-24,43370.0,33166.0,24552.0,17218.0
2012-09-25,42777.0,33808.0,23022.0,14679.0
2012-09-26,60283.0,45981.0,25585.0,14413.0
2012-09-27,93545.0,81592.0,47259.0,22146.0
2012-09-28,112677.0,97533.0,66027.0,22806.0
2012-09-29,67929.0,63603.0,45385.0,18152.0
2012-10-03,74544.0,58549.0,31536.0,19513.0
2012-10-04,79621.0,65290.0,39822.0,22840.0
2012-10-05,78729.0,55846.0,34378.0,21170.0
2012-10-06,62041.0,44824.0,26968.0,18779.0
2012-10-08,51927.0,42332.0,26525.0,17829.0
2012-10-09,66275.0,50647.0,28116.0,17332.0
2012-10-10,70542.0,55075.0,31983.0,17181.0
2012-10-11,75784.0,56476.0,33866.0,19709.0
2012-10-12,73521.0,55950.0,35892.0,20888.0
2012-10-13,70231.0,50508.0,29414.0,19707.0
2012-10-15,81175.0,58341.0,31612.0,20583.0
2012-10-16,90378.0,76082.0,41906.0,19599.0
2012-10-17,100026.0,77107.0,39315.0,19681.0
2012-10-18,104833.0,92070.0,56907.0,25094.0
2012-10-19,93657.0,71437.0,38953.0,22570.0
2012-10-20,82500.0,59165.0,34235.0,19133.0
2012-10-22,93935.0,65741.0,37448.0,19477.0
2012-10-23,84679.0,62588.0,32672.0,19347.0
2012-10-24,84415.0,61892.0,34448.0,20996.0
2012-10-25,71511.0,45518.0,25838.0,16584.0
2012-10-26,70821.0,49077.0,26540.0,17071.0
2012-10-27,69125.0,44554.0,23205.0,13288.0
2012-10-29,81100.0,65905.0,34039.0,17734.0
2012-10-30,88079.0,63573.0,32422.0,17069.0
2012-10-31,89905.0,67153.0,38466.0,18211.0
2012-11-01,83457.0,63545.0,33970.0,17569.0
2012-11-02,82538.0,62515.0,34506.0,19351.0
2012-11-03,82326.0,57412.0,30134.0,15419.0
2012-11-05,88571.0,71106.0,47202.0,23367.0
2012-11-06,94634.0,68051.0,35778.0,17568.0
2012-11-07,94818.0,78507.0,35715.0,17567.0
2012-11-08,96828.0,75963.0,40887.0,21065.0
2012-11-09,103000.0,89429.0,39480.0,17833.0
2012-11-10,104643.0,90476.0,51757.0,22216.0
2012-11-12,97781.0,89183.0,74868.0,36566.0
2012-11-13,96676.0,84529.0,61256.0,27398.0
2012-11-14,86442.0,73368.0,59396.0,29740.0
2012-11-15,72975.0,62795.0,43601.0,20452.0
2012-11-16,64077.0,54750.0,36250.0,16690.0
2012-11-17,60000.0,48712.0,30157.0,15906.0
2012-11-19,61725.0,50000.0,36104.0,16480.0
2012-11-20,64143.0,48643.0,28971.0,13355.0
2012-11-21,70000.0,52314.0,34171.0,13692.0
2012-11-22,63182.0,51269.0,36878.0,14886.0
2012-11-23,68000.0,58794.0,34620.0,14224.0
2012-11-24,55192.0,46804.0,33140.0,15828.0
2012-11-26,59471.0,49092.0,34475.0,13564.0
2012-11-27,62630.0,53515.0,38161.0,14176.0
2012-11-28,54971.0,47034.0,36427.0,14003.0
2012-11-29,48560.0,42963.0,31887.0,14044.0
2012-11-30,57533.0,44275.0,31314.0,16627.0
2012-12-01,59325.0,48270.0,33199.0,13010.0
2012-12-03,60000.0,55582.0,40281.0,22528.0
2012-12-04,60800.0,54804.0,39806.0,17799.0
2012-12-05,58613.0,46090.0,40690.0,24127.0
2012-12-06,66052.0,47520.0,33056.0,16663.0
2012-12-07,51789.0,44704.0,30111.0,18531.0
2012-12-08,45059.0,37408.0,28717.0,16314.0
2012-12-10,50000.0,43989.0,27232.0,13754.0
2012-12-11,52000.0,39467.0,24861.0,10851.0
2012-12-12,63533.0,48425.0,30858.0,16447.0
2012-12-13,69692.0,49525.0,35643.0,18733.0
2012-12-14,64818.0,44374.0,32609.0,16206.0
2012-12-15,59400.0,45761.0,29434.0,15030.0
2012-12-17,52607.0,46085.0,39027.0,17605.0
2012-12-18,53000.0,48661.0,36201.0,19050.0
2012-12-19,66333.0,49722.0,34164.0,17267.0
2012-12-20,58938.0,47806.0,35754.0,18929.0
2012-12-21,60800.0,49417.0,42772.0,25030.0
2012-12-22,70500.0,55146.0,42811.0,21994.0
2012-12-24,75625.0,67974.0,49309.0,26764.0
2012-12-25,75524.0,58106.0,45645.0,24558.0
2012-12-26,73083.0,53425.0,39754.0,18443.0
2012-12-27,73250.0,54813.0,37980.0,20040.0
2012-12-28,80667.0,60548.0,38562.0,17171.0
2012-12-29,76500.0,71718.0,52579.0,26301.0
2012-12-31,92083.0,70480.0,50925.0,22534.0
2013-01-03,84625.0,63588.0,42528.0,22896.0
2013-01-04,76952.0,63264.0,41099.0,19706.0
2013-01-05,69813.0,53688.0,40694.0,18994.0
2013-01-07,81250.0,67327.0,46244.0,22832.0
2013-01-08,78000.0,67050.0,43575.0,23484.0
2013-01-09,73022.0,51309.0,33446.0,16309.0
2013-01-10,70000.0,54074.0,33255.0,12647.0
2013-01-11,72000.0,54575.0,32297.0,16558.0
2013-01-12,75308.0,55930.0,35104.0,17598.0
2013-01-14,72615.0,64128.0,40667.0,22104.0
2013-01-15,75118.0,57737.0,37992.0,15747.0
2013-01-16,69000.0,48035.0,33080.0,15307.0
2013-01-17,77545.0,58410.0,39157.0,14848.0
2013-01-18,80000.0,71211.0,44653.0,20890.0
2013-01-19,80882.0,65980.0,49926.0,28143.0
2013-01-21,85875.0,69043.0,50524.0,25025.0
2013-01-22,91000.0,74971.0,56853.0,32083.0
2013-01-23,91000.0,67025.0,50835.0,24589.0
2013-01-24,72550.0,65316.0,53920.0,25495.0
2013-01-25,98000.0,75993.0,55241.0,21853.0
2013-01-26,100429.0,73174.0,51500.0,27284.0
2013-01-28,105000.0,79089.0,52634.0,25264.0
2013-01-29,105107.0,72313.0,45729.0,19400.0
2013-01-30,106179.0,71203.0,46367.0,19446.0
2013-01-31,108000.0,70500.0,44359.0,22490.0
2013-02-01,112524.0,86073.0,48497.0,24408.0
2013-02-02,118444.0,76750.0,50902.0,25422.0
2013-02-04,125284.0,84712.0,53854.0,18455.0
2013-02-05,134923.0,88876.0,50828.0,15827.0
2013-02-06,146481.0,106396.0,67729.0,24231.0
2013-02-07,167680.0,141887.0,93592.0,42254.0
2013-02-08,138351.0,125018.0,73002.0,23024.0
2013-02-09,50500.0,43000.0,32710.0,8025.0
2013-02-13,165923.0,143250.0,97486.0,49258.0
2013-02-14,168672.0,151881.0,120128.0,58122.0
2013-02-15,163611.0,151573.0,116079.0,40143.0
2013-02-16,147976.0,133234.0,94979.0,44542.0
2013-02-18,129310.0,106488.0,78517.0,41175.0
2013-02-19,127700.0,97363.0,72968.0,32505.0
2013-02-20,121760.0,105595.0,71317.0,39866.0
2013-02-21,124000.0,101944.0,61623.0,39831.0
2013-02-22,119200.0,86758.0,69678.0,39291.0
2013-02-23,129769.0,104220.0,78421.0,43944.0
2013-02-25,133269.0,121784.0,87907.0,56230.0
2013-02-26,126278.0,120393.0,83357.0,54281.0
2013-02-27,125308.0,119039.0,81330.0,38578.0
2013-02-28,128000.0,121418.0,91091.0,49605.0
2013-03-01,123405.0,118037.0,93314.0,45558.0
2013-03-02,130000.0,116943.0,92559.0,58119.0
2013-03-04,156739.0,139657.0,102887.0,53996.0
2013-03-05,158000.0,153738.0,131995.0,56372.0
2013-03-06,146328.0,142763.0,117061.0,59514.0
2013-03-07,139414.0,129936.0,91043.0,53465.0
2013-03-08,131000.0,117313.0,77468.0,41157.0
2013-03-09,141421.0,104075.0,63757.0,34559.0
2013-03-11,133258.0,123967.0,80910.0,39634.0
2013-03-12,144118.0,140412.0,107011.0,43865.0
2013-03-13,149565.0,147411.0,112137.0,54022.0
2013-03-14,143700.0,140286.0,121074.0,54441.0
2013-03-15,139946.0,133107.0,119777.0,66479.0
2013-03-16,135893.0,125591.0,102879.0,51454.0
2013-03-18,128000.0,121372.0,90888.0,37759.0
2013-03-19,119333.0,114390.0,103693.0,62785.0
2013-03-20,114967.0,106391.0,96967.0,62477.0
2013-03-21,102423.0,99139.0,87891.0,54647.0
2013-03-22,96914.0,92363.0,76350.0,45205.0
2013-03-23,96125.0,93288.0,62373.0,32510.0
2013-03-25,98893.0,95817.0,72836.0,34528.0
2013-03-26,105207.0,101823.0,87165.0,43757.0
2013-03-27,106269.0,100741.0,92957.0,48210.0
2013-03-28,98711.0,93758.0,84203.0,46683.0
2013-03-29,93392.0,87468.0,78500.0,48309.0
2013-03-30,86000.0,81305.0,68018.0,34504.0
2013-04-01,86121.0,82592.0,70550.0,36122.0
2013-04-02,85441.0,82213.0,75117.0,42807.0
2013-04-03,79667.0,77531.0,70797.0,39622.0
2013-04-04,75811.0,72159.0,68089.0,35944.0
2013-04-05,70952.0,64569.0,56164.0,32346.0
2013-04-06,64000.0,58026.0,49851.0,25932.0
2013-04-08,65000.0,62311.0,53800.0,29079.0
2013-04-09,67986.0,65274.0,59136.0,29573.0
2013-04-10,71400.0,65407.0,61525.0,40307.0
2013-04-11,64581.0,62005.0,58700.0,43474.0
2013-04-12,62738.0,59472.0,54972.0,37550.0
2013-04-13,60583.0,58259.0,52985.0,33525.0
2013-04-15,63135.0,61493.0,55306.0,36570.0
2013-04-16,63846.0,61513.0,58102.0,39781.0
2013-04-17,60833.0,58905.0,56282.0,43927.0
2013-04-18,61339.0,59231.0,55209.0,39813.0
2013-04-19,59000.0,56349.0,52318.0,37175.0
2013-04-20,56333.0,53673.0,50439.0,38785.0
2013-04-22,49563.0,47644.0,44682.0,32319.0
2013-04-23,45777.0,43634.0,39307.0,30000.0
2013-04-24,42000.0,39762.0,36119.0,26909.0
2013-04-25,38294.0,36096.0,32937.0,23080.0
2013-04-26,40414.0,37137.0,31513.0,24301.0
2013-04-27,41000.0,39094.0,33295.0,24420.0
2013-04-29,39039.0,37290.0,34555.0,25858.0
2013-04-30,44000.0,40330.0,36093.0,25643.0
2013-05-01,43500.0,41936.0,37637.0,26339.0
2013-05-02,45795.0,41692.0,38320.0,27292.0
2013-05-03,45851.0,43819.0,40545.0,27562.0
2013-05-04,45757.0,43933.0,40003.0,29368.0
2013-05-06,44000.0,42598.0,39413.0,28507.0
2013-05-07,42000.0,39453.0,35689.0,26328.0
2013-05-08,40795.0,37354.0,33909.0,25954.0
2013-05-09,38316.0,35872.0,29619.0,23866.0
2013-05-10,37308.0,34606.0,30672.0,24412.0
2013-05-11,38653.0,33739.0,28806.0,23620.0
2013-05-13,34733.0,31720.0,28328.0,23752.0
2013-05-14,35456.0,32426.0,28288.0,23628.0
2013-05-15,33149.0,30336.0,27104.0,23798.0
2013-05-16,32447.0,28475.0,25595.0,22761.0
2013-05-17,36488.0,33242.0,27970.0,22990.0
2013-05-18,41017.0,34672.0,28767.0,23659.0
2013-05-20,45000.0,40828.0,32465.0,24397.0
2013-05-21,45773.0,42658.0,37125.0,25070.0
2013-05-22,42765.0,40291.0,33135.0,24826.0
2013-05-23,40643.0,35128.0,29750.0,24664.0
2013-05-24,40203.0,34947.0,28600.0,24213.0
2013-05-25,42140.0,38562.0,29162.0,24187.0
2013-05-27,46189.0,40238.0,33345.0,23655.0
2013-05-28,40405.0,38235.0,34520.0,24929.0
2013-05-29,40613.0,35961.0,29903.0,24375.0
2013-05-30,37384.0,31219.0,26161.0,23694.0
2013-05-31,36093.0,32335.0,27523.0,23208.0
2013-06-01,42197.0,34701.0,27329.0,23007.0
2013-06-03,39375.0,36021.0,29199.0,22831.0
2013-06-04,40470.0,36937.0,29689.0,22659.0
2013-06-05,38759.0,35405.0,28288.0,21665.0
2013-06-06,41231.0,37810.0,28790.0,21494.0
2013-06-07,54093.0,46487.0,31392.0,21618.0
2013-06-08,63518.0,59240.0,41833.0,23606.0
2013-06-10,65533.0,61524.0,45840.0,25015.0
2013-06-11,63161.0,59104.0,44925.0,23424.0
2013-06-12,54321.0,44731.0,33219.0,21825.0
2013-06-13,48147.0,42070.0,29532.0,21827.0
2013-06-14,45790.0,40286.0,28513.0,20991.0
2013-06-15,43036.0,38243.0,30339.0,21375.0
2013-06-17,42730.0,37744.0,29077.0,22207.0
2013-06-18,51883.0,46612.0,33228.0,22497.0
2013-06-19,63613.0,55765.0,39912.0,24693.0
2013-06-20,62382.0,57376.0,39953.0,24412.0
2013-06-21,62548.0,51079.0,34808.0,23799.0
2013-06-22,58000.0,53273.0,37551.0,23988.0
2013-06-24,51601.0,45411.0,31628.0,23685.0
2013-06-25,48159.0,40842.0,30741.0,23449.0
2013-06-26,42160.0,34072.0,26517.0,22054.0
2013-06-27,39443.0,32211.0,26323.0,23029.0
2013-06-28,34661.0,28689.0,24822.0,21463.0
2013-06-29,33642.0,27611.0,24137.0,21401.0
2013-07-01,35738.0,29176.0,24305.0,21890.0
2013-07-02,37185.0,32361.0,26482.0,21790.0
2013-07-03,39055.0,33081.0,24742.0,21900.0
2013-07-04,43109.0,36884.0,26248.0,21195.0
2013-07-05,44548.0,35801.0,26003.0,21478.0
2013-07-06,38722.0,32985.0,24532.0,20014.0
2013-07-08,37020.0,31829.0,22746.0,15792.0
2013-07-09,44588.0,36043.0,25411.0,17233.0
2013-07-10,45073.0,39482.0,26308.0,17596.0
2013-07-11,46189.0,34781.0,22483.0,16454.0
2013-07-12,38010.0,30490.0,20909.0,15806.0
2013-07-13,36793.0,27966.0,18523.0,13609.0
2013-07-15,42141.0,34873.0,19974.0,16329.0
2013-07-16,43787.0,35575.0,21462.0,15570.0
2013-07-17,43772.0,33845.0,20789.0,14786.0
2013-07-18,40567.0,27257.0,18193.0,13565.0
2013-07-19,39708.0,30206.0,17080.0,12089.0
2013-07-20,37116.0,25550.0,15696.0,10918.0
2013-07-22,38711.0,26711.0,16095.0,10577.0
2013-07-23,40924.0,27440.0,16687.0,12758.0
2013-07-24,40449.0,27732.0,15505.0,11596.0
2013-07-25,38851.0,28126.0,18423.0,13271.0
2013-07-26,31320.0,23490.0,16684.0,12289.0
2013-07-27,26321.0,17872.0,12753.0,9323.0
2013-07-29,27692.0,17729.0,13685.0,10938.0
2013-07-30,30167.0,21977.0,16461.0,12516.0
2013-07-31,29252.0,19007.0,13955.0,10883.0
2013-08-01,29581.0,19443.0,15410.0,11928.0
2013-08-02,30694.0,21185.0,16469.0,11626.0
2013-08-03,25929.0,18919.0,15913.0,12569.0
2013-08-05,35161.0,26052.0,20983.0,14208.0
2013-08-06,37126.0,29294.0,24809.0,17903.0
2013-08-07,37093.0,27376.0,23874.0,18537.0
2013-08-08,30355.0,23546.0,20141.0,16349.0
2013-08-09,24179.0,18196.0,14366.0,10981.0
2013-08-10,20911.0,17255.0,14442.0,11173.0
2013-08-12,27355.0,21350.0,17561.0,13336.0
2013-08-13,31368.0,23904.0,20641.0,16303.0
2013-08-14,34380.0,28474.0,25425.0,20739.0
2013-08-15,35304.0,28478.0,26292.0,22659.0
2013-08-16,29308.0,24563.0,20885.0,14658.0
2013-08-17,23260.0,18161.0,15301.0,12466.0
2013-08-19,29337.0,20544.0,17167.0,13243.0
2013-08-20,29205.0,21889.0,18859.0,15662.0
2013-08-21,27159.0,21941.0,20183.0,17018.0
2013-08-22,27645.0,21015.0,18557.0,15738.0
2013-08-23,26127.0,19419.0,16854.0,13667.0
2013-08-24,30869.0,23306.0,19372.0,16599.0
2013-08-26,31428.0,22759.0,20024.0,16342.0
2013-08-27,29312.0,22317.0,19754.0,15623.0
2013-08-28,28113.0,21349.0,18656.0,15542.0
2013-08-29,29367.0,19373.0,16943.0,13607.0
2013-08-30,31720.0,22763.0,17492.0,13767.0
2013-08-31,32565.0,22649.0,18118.0,14621.0
2013-09-02,36842.0,23940.0,18022.0,14193.0
2013-09-03,38850.0,25562.0,18765.0,14620.0
2013-09-04,42332.0,29275.0,20155.0,15102.0
2013-09-05,45158.0,29394.0,20131.0,15272.0
2013-09-06,43580.0,29497.0,20171.0,15671.0
2013-09-07,39418.0,30167.0,19472.0,13987.0
2013-09-09,50214.0,35177.0,20521.0,14044.0
2013-09-10,61245.0,47105.0,22340.0,13852.0
2013-09-11,71354.0,55232.0,25344.0,14744.0
2013-09-12,80311.0,56375.0,26684.0,13824.0
2013-09-13,73519.0,54751.0,22880.0,12521.0
2013-09-14,70779.0,49937.0,20600.0,10915.0
2013-09-16,72927.0,45025.0,19428.0,8907.0
2013-09-17,73993.0,45578.0,18852.0,9500.0
2013-09-18,33364.0,22122.0,13011.0,7433.0
2013-09-23,43527.0,27003.0,14406.0,8613.0
2013-09-24,47804.0,24426.0,10944.0,7661.0
2013-09-25,35531.0,24614.0,13098.0,8121.0
2013-09-26,29608.0,17153.0,9642.0,6961.0
2013-09-27,30090.0,21113.0,11053.0,7773.0
2013-09-28,24301.0,17165.0,10503.0,7399.0
2013-09-30,30519.0,23952.0,15456.0,9102.0
2013-10-01,39777.0,28507.0,18158.0,10055.0
2013-10-02,41521.0,31184.0,19937.0,12158.0
2013-10-03,38288.0,27138.0,15605.0,9275.0
2013-10-04,30072.0,22628.0,15880.0,9991.0
2013-10-05,31076.0,21384.0,12715.0,8227.0
2013-10-07,30571.0,22046.0,13786.0,8809.0
2013-10-08,29745.0,24213.0,15661.0,8571.0
2013-10-09,35059.0,30240.0,24059.0,11641.0
2013-10-10,36622.0,30463.0,22442.0,10980.0
2013-10-11,35396.0,29375.0,18326.0,10639.0
2013-10-12,35230.0,28185.0,19375.0,10617.0
2013-10-14,47806.0,42899.0,22626.0,10359.0
2013-10-15,63154.0,56393.0,37331.0,14495.0
2013-10-16,76581.0,70133.0,54486.0,26146.0
2013-10-17,74511.0,64301.0,41290.0,20463.0
2013-10-18,66323.0,48914.0,25096.0,11785.0
2013-10-19,54755.0,42861.0,23305.0,9555.0
2013-10-21,53047.0,41623.0,23400.0,12436.0
2013-10-22,59045.0,49981.0,31606.0,15386.0
2013-10-23,61355.0,53297.0,37207.0,16039.0
2013-10-24,64914.0,54235.0,28845.0,14746.0
2013-10-25,71848.0,64728.0,38196.0,14354.0
2013-10-26,89083.0,77110.0,38734.0,15500.0
2013-10-28,91128.0,77294.0,40450.0,17687.0
2013-10-29,93435.0,70631.0,37682.0,16231.0
2013-10-30,79514.0,56756.0,31215.0,13386.0
2013-10-31,70602.0,50344.0,25154.0,8301.0
2013-11-01,65229.0,46414.0,26919.0,11829.0
2013-11-02,68625.0,51845.0,29127.0,13018.0
2013-11-04,68342.0,56157.0,30661.0,12810.0
2013-11-05,78077.0,64338.0,34750.0,10729.0
2013-11-06,78320.0,53333.0,32936.0,12045.0
2013-11-07,84000.0,64236.0,40007.0,15908.0
2013-11-08,90923.0,73657.0,47145.0,19531.0
2013-11-09,83054.0,65262.0,36448.0,15008.0
2013-11-11,88891.0,76141.0,45898.0,15851.0
2013-11-12,73348.0,60199.0,40941.0,12756.0
2013-11-13,65000.0,49635.0,23730.0,7089.0
2013-11-14,69457.0,47960.0,21176.0,8469.0
2013-11-15,64950.0,56220.0,28765.0,11309.0
2013-11-16,62435.0,57757.0,29511.0,8137.0
2013-11-18,67759.0,57863.0,33062.0,10924.0
2013-11-19,72759.0,54817.0,29895.0,9318.0
2013-11-20,68111.0,59712.0,40398.0,14715.0
2013-11-21,63200.0,57215.0,35997.0,16129.0
2013-11-22,59833.0,47771.0,35799.0,10546.0
2013-11-23,65568.0,49800.0,32618.0,11125.0
2013-11-25,65233.0,53167.0,39887.0,15457.0
2013-11-26,67192.0,58771.0,43333.0,17742.0
2013-11-27,58875.0,55755.0,46037.0,17071.0
2013-11-28,64783.0,60568.0,46278.0,18604.0
2013-11-29,68000.0,62634.0,48698.0,22871.0
2013-11-30,73235.0,67961.0,47109.0,22459.0
2013-12-02,74519.0,67100.0,51077.0,21632.0
2013-12-03,85000.0,70615.0,47092.0,18160.0
2013-12-04,81529.0,78825.0,66113.0,30922.0
2013-12-05,99467.0,89275.0,62727.0,26586.0
2013-12-06,105538.0,98396.0,81981.0,33511.0
2013-12-07,108074.0,95348.0,79486.0,29836.0
2013-12-09,83293.0,75306.0,62280.0,28066.0
2013-12-10,80000.0,71509.0,51173.0,17186.0
2013-12-11,87682.0,71985.0,51315.0,24032.0
2013-12-12,86174.0,76047.0,59074.0,27294.0
2013-12-13,83000.0,66339.0,49802.0,24453.0
2013-12-14,87083.0,69080.0,51231.0,25358.0
2013-12-16,91250.0,75766.0,56891.0,21325.0
2013-12-17,86407.0,72298.0,60025.0,28331.0
2013-12-18,81250.0,70438.0,57731.0,34292.0
2013-12-19,83885.0,70846.0,56493.0,27307.0
2013-12-20,83273.0,66081.0,53942.0,22856.0
2013-12-21,81868.0,67761.0,53477.0,20474.0
2013-12-23,83143.0,67943.0,51455.0,19824.0
2013-12-24,84800.0,72206.0,58361.0,21008.0
2013-12-25,85897.0,72326.0,53252.0,22941.0
2013-12-26,86308.0,68895.0,55944.0,24602.0
2013-12-27,83750.0,68573.0,50766.0,20700.0
2013-12-28,88833.0,80296.0,46647.0,17011.0
2013-12-30,83243.0,73438.0,52252.0,21713.0
2013-12-31,90000.0,66952.0,46711.0,13829.0
2014-01-02,86000.0,68810.0,54435.0,19901.0
2014-01-03,88839.0,78904.0,60570.0,30493.0
2014-01-04,79667.0,64373.0,51931.0,25439.0
2014-01-06,80314.0,64244.0,39334.0,15994.0
2014-01-07,73783.0,64896.0,41638.0,17987.0
2014-01-08,76071.0,60983.0,36043.0,18134.0
2014-01-09,77500.0,70468.0,41217.0,23048.0
2014-01-10,80000.0,71787.0,45310.0,18840.0
2014-01-11,83333.0,65984.0,43825.0,21457.0
2014-01-13,88333.0,72814.0,47668.0,17955.0
2014-01-14,86000.0,81570.0,52371.0,21006.0
2014-01-15,87263.0,83048.0,50674.0,20453.0
2014-01-16,90438.0,80869.0,56454.0,21128.0
2014-01-17,92136.0,76808.0,50949.0,21564.0
2014-01-18,95148.0,82241.0,53815.0,25266.0
2014-01-20,100941.0,86710.0,57269.0,30655.0
2014-01-21,106077.0,86331.0,57249.0,21740.0
2014-01-22,99972.0,83286.0,51062.0,20882.0
2014-01-23,96214.0,76488.0,50321.0,22415.0
2014-01-24,91100.0,84955.0,49328.0,22830.0
2014-01-25,84741.0,71018.0,42260.0,20467.0
2014-01-27,96096.0,87933.0,49544.0,18294.0
2014-01-28,100091.0,91973.0,63566.0,19429.0
2014-01-29,97600.0,93668.0,53390.0,23235.0
2014-01-30,97600.0,93668.0,53390.0,23235.0
2014-02-03,90750.0,86044.0,80984.0,42842.0
2014-02-04,81875.0,73711.0,52134.0,18764.0
2014-02-05,63192.0,58744.0,42584.0,12822.0
2014-02-06,53558.0,50819.0,44738.0,16702.0
2014-02-07,51000.0,49489.0,45041.0,26312.0
2014-02-08,53385.0,46130.0,37303.0,20516.0
2014-02-10,49339.0,46725.0,34474.0,15246.0
2014-02-11,50143.0,47787.0,40082.0,16904.0
2014-02-12,51182.0,48545.0,42006.0,20811.0
2014-02-13,52313.0,47433.0,37329.0,14494.0
2014-02-14,49000.0,47170.0,42518.0,23710.0
2014-02-15,52912.0,48119.0,43829.0,24839.0
2014-02-17,53000.0,50309.0,38379.0,15366.0
2014-02-18,51960.0,48573.0,38487.0,15164.0
2014-02-19,51864.0,48792.0,39636.0,15676.0
2014-02-20,54154.0,50321.0,33505.0,13054.0
2014-02-21,51000.0,50043.0,42740.0,18461.0
2014-02-22,48000.0,46341.0,41514.0,19221.0
2014-02-24,54000.0,50366.0,43532.0,18296.0
2014-02-25,53667.0,49345.0,44786.0,22274.0
2014-02-26,52824.0,50043.0,35896.0,13692.0
2014-02-27,53588.0,51875.0,40922.0,19139.0
2014-02-28,66500.0,59273.0,43178.0,16356.0
2014-03-01,77875.0,67634.0,51057.0,24965.0
2014-03-03,81742.0,76279.0,56203.0,21899.0
2014-03-04,84481.0,80450.0,64769.0,24193.0
2014-03-05,86325.0,80218.0,50114.0,16051.0
2014-03-06,96059.0,85126.0,52996.0,28180.0
2014-03-07,90000.0,86714.0,68630.0,31131.0
2014-03-08,92519.0,89641.0,73243.0,36632.0
2014-03-10,92167.0,89422.0,59678.0,28775.0
2014-03-11,91712.0,88605.0,75186.0,33779.0
2014-03-12,94173.0,89277.0,56213.0,19823.0
2014-03-13,95000.0,92893.0,66358.0,26330.0
2014-03-14,105367.0,90770.0,56108.0,25682.0
2014-03-15,110074.0,106128.0,88591.0,37857.0
2014-03-17,116031.0,110100.0,83528.0,34782.0
2014-03-18,121690.0,117231.0,84536.0,25582.0
2014-03-19,129852.0,125755.0,96021.0,52338.0
2014-03-20,129871.0,125895.0,101673.0,47994.0
2014-03-21,128346.0,121418.0,80979.0,26920.0
2014-03-22,127857.0,119859.0,85915.0,37710.0
2014-03-24,131000.0,126947.0,85058.0,25882.0
2014-03-25,146931.0,142253.0,113055.0,47361.0
2014-03-26,145000.0,142282.0,119136.0,67331.0
2014-03-27,149591.0,145902.0,107946.0,39865.0
2014-03-28,154238.0,149766.0,132633.0,56610.0
2014-03-29,169368.0,159842.0,118434.0,61837.0
2014-03-31,199697.0,190974.0,152112.0,73387.0
2014-04-01,181567.0,174876.0,148992.0,69897.0
2014-04-02,141844.0,131485.0,109236.0,50034.0
2014-04-03,138045.0,129523.0,102813.0,39073.0
2014-04-04,164176.0,153500.0,110482.0,40140.0
2014-04-05,192263.0,184864.0,150784.0,62758.0
2014-04-07,223000.0,211216.0,177830.0,86536.0
2014-04-08,235043.0,229500.0,201796.0,126813.0
2014-04-09,240750.0,229835.0,215078.0,123519.0
2014-04-10,236143.0,230201.0,207367.0,111292.0
2014-04-11,241118.0,235462.0,220091.0,138907.0
2014-04-12,245476.0,238246.0,220811.0,128300.0
2014-04-14,247083.0,242254.0,220864.0,119258.0
2014-04-15,237435.0,234794.0,224564.0,119863.0
2014-04-16,225720.0,211966.0,194533.0,110764.0
2014-04-17,203739.0,196029.0,176241.0,121833.0
2014-04-18,175969.0,169419.0,149927.0,110160.0
2014-04-19,185800.0,180951.0,169504.0,137273.0
2014-04-21,181471.0,178696.0,170111.0,128468.0
2014-04-22,186224.0,179085.0,170966.0,146289.0
2014-04-23,161909.0,154561.0,139213.0,107521.0
2014-04-24,115923.0,110900.0,97163.0,74824.0
2014-04-25,88586.0,83631.0,74457.0,52941.0
2014-04-26,65738.0,61247.0,55750.0,41604.0
2014-04-28,64789.0,59980.0,53446.0,34581.0
2014-04-29,67400.0,62787.0,56619.0,39407.0
2014-04-30,69189.0,66285.0,60213.0,40742.0
2014-05-01,64963.0,62004.0,57115.0,38233.0
2014-05-02,63209.0,59636.0,55574.0,38837.0
2014-05-03,55436.0,52524.0,46150.0,31597.0
2014-05-05,54991.0,48183.0,42870.0,27102.0
2014-05-06,58000.0,54277.0,45153.0,27558.0
2014-05-07,54914.0,50891.0,43475.0,24561.0
2014-05-08,52838.0,49947.0,45731.0,29787.0
2014-05-09,49541.0,47270.0,41953.0,27522.0
2014-05-10,49837.0,45502.0,38512.0,24283.0
2014-05-12,48309.0,44822.0,38120.0,23093.0
2014-05-13,49942.0,45541.0,40177.0,26167.0
2014-05-14,45218.0,40892.0,37021.0,22902.0
2014-05-15,44386.0,42418.0,36873.0,21966.0
2014-05-16,41519.0,37966.0,34266.0,20485.0
2014-05-17,40739.0,36411.0,29135.0,18978.0
2014-05-19,39287.0,37309.0,29824.0,19593.0
2014-05-20,45535.0,39006.0,29667.0,20169.0
2014-05-21,47326.0,43644.0,35679.0,18994.0
2014-05-22,49411.0,46949.0,42566.0,21110.0
2014-05-23,52442.0,49359.0,45410.0,25098.0
2014-05-24,53059.0,47708.0,37715.0,19976.0
2014-05-26,57525.0,52990.0,38453.0,20227.0
2014-05-27,67567.0,61275.0,44886.0,21868.0
2014-05-28,62696.0,55717.0,44789.0,22134.0
2014-05-29,52245.0,46870.0,41070.0,24412.0
2014-05-30,51652.0,46326.0,39440.0,23478.0
2014-05-31,60442.0,52020.0,34518.0,21017.0
2014-06-02,57443.0,50891.0,38481.0,22078.0
2014-06-03,61440.0,55618.0,45088.0,23704.0
2014-06-04,54225.0,49918.0,38943.0,22794.0
2014-06-05,53750.0,46778.0,35482.0,22370.0
2014-06-06,53113.0,46903.0,35850.0,20826.0
2014-06-07,55038.0,48990.0,37436.0,21027.0
2014-06-09,53923.0,48701.0,37973.0,20738.0
2014-06-10,52000.0,45479.0,36202.0,20471.0
2014-06-11,51828.0,43790.0,34478.0,22235.0
2014-06-12,49886.0,42632.0,29837.0,21045.0
2014-06-13,55694.0,47833.0,31044.0,19719.0
2014-06-14,57853.0,49818.0,35045.0,19845.0
2014-06-16,57167.0,50868.0,36337.0,20186.0
2014-06-17,59931.0,54510.0,39919.0,22400.0
2014-06-18,59727.0,55341.0,41424.0,22035.0
2014-06-19,59593.0,55934.0,39139.0,20819.0
2014-06-20,66286.0,58074.0,31918.0,21603.0
2014-06-21,62778.0,55995.0,43118.0,22377.0
2014-06-23,60433.0,50172.0,31997.0,20809.0
2014-06-24,51386.0,40988.0,28674.0,20926.0
2014-06-25,45433.0,36642.0,27039.0,20494.0
2014-06-26,47788.0,37595.0,25392.0,19591.0
2014-06-27,48365.0,39870.0,26164.0,19693.0
2014-06-28,43129.0,35896.0,25282.0,19216.0
2014-06-30,46205.0,35809.0,25765.0,19346.0
2014-07-01,45983.0,39084.0,28923.0,20469.0
2014-07-02,47686.0,40019.0,28370.0,21349.0
2014-07-03,44179.0,36789.0,25145.0,20260.0
2014-07-04,46025.0,36950.0,24419.0,19167.0
2014-07-05,43916.0,34888.0,23839.0,17856.0
2014-07-07,39034.0,32340.0,24575.0,19536.0
2014-07-08,33847.0,27352.0,23172.0,19326.0
2014-07-09,33186.0,26738.0,22622.0,18651.0
2014-07-10,33912.0,27731.0,22673.0,18312.0
2014-07-11,41659.0,30745.0,22819.0,17700.0
2014-07-12,56635.0,42279.0,24394.0,17451.0
2014-07-14,61086.0,53831.0,32005.0,19062.0
2014-07-15,60179.0,48600.0,30493.0,18974.0
2014-07-16,59944.0,39101.0,24585.0,18312.0
2014-07-17,57244.0,48560.0,29233.0,18076.0
2014-07-18,59318.0,45896.0,26517.0,16951.0
2014-07-19,51507.0,40955.0,26961.0,19208.0
2014-07-21,45284.0,32124.0,21117.0,14712.0
2014-07-22,34938.0,24579.0,16490.0,13198.0
2014-07-23,32100.0,24605.0,17725.0,12778.0
2014-07-24,33533.0,24765.0,16985.0,11829.0
2014-07-25,42364.0,29940.0,20533.0,14186.0
2014-07-26,57788.0,34202.0,18793.0,13456.0
2014-07-28,51006.0,32318.0,21119.0,15150.0
2014-07-29,41480.0,25187.0,18298.0,14476.0
2014-07-30,35300.0,23098.0,17651.0,13194.0
2014-07-31,38176.0,22513.0,18121.0,15071.0
2014-08-01,38433.0,21211.0,16725.0,13501.0
2014-08-04,48741.0,31769.0,20854.0,16685.0
2014-08-05,47747.0,36040.0,24394.0,19372.0
2014-08-06,45681.0,30807.0,23898.0,19929.0
2014-08-07,31730.0,23545.0,19740.0,15813.0
2014-08-08,30348.0,21179.0,18815.0,14872.0
2014-08-09,27661.0,21942.0,19580.0,16386.0
2014-08-11,29725.0,24096.0,21779.0,16793.0
2014-08-12,31052.0,25624.0,23946.0,20628.0
2014-08-13,32910.0,26370.0,24676.0,21545.0
2014-08-14,30156.0,22653.0,20014.0,16985.0
2014-08-15,30348.0,21974.0,19716.0,16720.0
2014-08-16,30059.0,22371.0,19321.0,15783.0
2014-08-18,32540.0,22518.0,19185.0,15942.0
2014-08-19,36229.0,22626.0,18584.0,14849.0
2014-08-20,41505.0,26020.0,19752.0,15458.0
2014-08-21,35602.0,23757.0,19337.0,15180.0
2014-08-22,28131.0,21145.0,17151.0,13048.0
2014-08-23,27075.0,21011.0,17621.0,13558.0
2014-08-25,25687.0,18415.0,15085.0,10293.0
2014-08-26,29494.0,19911.0,16027.0,10759.0
2014-08-27,29147.0,21434.0,17848.0,13621.0
2014-08-28,30633.0,24704.0,21502.0,16389.0
2014-08-29,38395.0,28498.0,24485.0,18666.0
2014-08-30,38138.0,26531.0,23370.0,17132.0
2014-09-01,41029.0,28071.0,23903.0,18267.0
2014-09-02,40481.0,28627.0,22392.0,16139.0
2014-09-03,43416.0,27619.0,18167.0,14065.0
2014-09-04,46579.0,35240.0,21340.0,14237.0
2014-09-05,51405.0,37994.0,24007.0,14529.0
2014-09-06,81357.0,46098.0,20303.0,12908.0
2014-09-11,62359.0,38256.0,23700.0,15000.0
2014-09-12,68651.0,36807.0,23430.0,15501.0
2014-09-13,46077.0,28930.0,22402.0,15349.0
2014-09-15,35627.0,27211.0,20116.0,15062.0
2014-09-16,34959.0,27177.0,21299.0,15735.0
2014-09-17,43438.0,28225.0,21901.0,16181.0
2014-09-18,44468.0,30804.0,23118.0,17025.0
2014-09-19,39923.0,33324.0,23599.0,15667.0
2014-09-20,39567.0,31699.0,22508.0,15680.0
2014-09-22,46625.0,35690.0,23755.0,16785.0
2014-09-23,59887.0,48847.0,29822.0,16509.0
2014-09-24,75542.0,64802.0,42760.0,22264.0
2014-09-25,68830.0,61403.0,43361.0,23340.0
2014-09-26,71725.0,60177.0,41803.0,23070.0
2014-09-27,60962.0,47638.0,32760.0,20486.0
2014-09-29,55989.0,42535.0,30426.0,19132.0
2014-09-30,55055.0,42218.0,26354.0,13665.0
2014-10-01,54081.0,47091.0,31859.0,19323.0
2014-10-02,56648.0,47017.0,30942.0,16002.0
2014-10-03,54245.0,46252.0,35570.0,18101.0
2014-10-04,51021.0,43406.0,29935.0,17123.0
2014-10-06,57754.0,48617.0,30393.0,16172.0
2014-10-07,58241.0,48098.0,31454.0,16190.0
2014-10-08,61078.0,51122.0,35417.0,17893.0
2014-10-09,57410.0,47272.0,28024.0,14375.0
2014-10-10,53200.0,45487.0,29762.0,16970.0
2014-10-11,58261.0,47034.0,27755.0,13874.0
2014-10-13,68692.0,55646.0,37421.0,18792.0
2014-10-14,73889.0,62895.0,42421.0,15085.0
2014-10-15,88000.0,79012.0,48082.0,21843.0
2014-10-16,108220.0,95227.0,62805.0,25393.0
2014-10-17,114317.0,98634.0,48895.0,16161.0
2014-10-18,112356.0,77221.0,42346.0,18173.0
2014-10-20,115196.0,74220.0,41810.0,17408.0
2014-10-21,109204.0,69059.0,35546.0,14974.0
2014-10-22,93200.0,81946.0,50828.0,18899.0
2014-10-23,95632.0,71680.0,43427.0,18755.0
2014-10-24,92474.0,68107.0,42630.0,19596.0
2014-10-25,88818.0,67887.0,34584.0,18905.0
2014-10-27,98923.0,81870.0,43159.0,20246.0
2014-10-28,98750.0,81983.0,37075.0,15351.0
2014-10-29,98323.0,79397.0,38266.0,16978.0
2014-10-30,104842.0,86213.0,48107.0,19215.0
2014-10-31,106600.0,85549.0,55811.0,23345.0
2014-11-01,112758.0,87716.0,42430.0,20694.0
2014-11-03,111868.0,91114.0,51521.0,18677.0
2014-11-04,96490.0,77691.0,36034.0,12213.0
2014-11-05,97143.0,82204.0,39824.0,15583.0
2014-11-06,111143.0,70836.0,37186.0,16799.0
2014-11-07,106958.0,85594.0,46789.0,19396.0
2014-11-08,98727.0,92594.0,58857.0,18165.0
2014-11-10,110938.0,97505.0,69085.0,20940.0
2014-11-11,94241.0,85014.0,58950.0,19055.0
2014-11-12,89563.0,80840.0,56431.0,24833.0
2014-11-13,87032.0,77112.0,60859.0,24541.0
2014-11-14,77000.0,69665.0,57006.0,23219.0
2014-11-15,86667.0,63590.0,46184.0,23063.0
2014-11-17,89100.0,70969.0,50429.0,25085.0
2014-11-18,101727.0,70542.0,42306.0,20097.0
2014-11-19,98000.0,74852.0,47654.0,24621.0
2014-11-20,88000.0,71023.0,54297.0,24051.0
2014-11-21,82000.0,77158.0,62313.0,34947.0
2014-11-22,77167.0,71178.0,57236.0,30095.0
2014-11-24,82788.0,74356.0,56951.0,23080.0
2014-11-25,88750.0,78286.0,62028.0,28803.0
2014-11-26,86000.0,78245.0,60950.0,32931.0
2014-11-27,85533.0,81710.0,70964.0,40792.0
2014-11-28,86810.0,82378.0,72757.0,43329.0
2014-11-29,102952.0,93402.0,75697.0,48656.0
2014-12-01,107235.0,96522.0,77071.0,47265.0
2014-12-02,117793.0,91145.0,73060.0,33605.0
2014-12-03,102462.0,92404.0,70933.0,34050.0
2014-12-04,98308.0,88478.0,69864.0,35340.0
2014-12-05,91333.0,86981.0,71419.0,39472.0
2014-12-06,99583.0,86183.0,69624.0,42581.0
2014-12-08,95838.0,82262.0,66366.0,37220.0
2014-12-09,86583.0,74548.0,63456.0,39591.0
2014-12-10,86100.0,76797.0,64092.0,40862.0
2014-12-11,94293.0,80407.0,68531.0,40146.0
2014-12-12,80000.0,76711.0,57329.0,28263.0
2014-12-13,88000.0,80004.0,68881.0,43612.0
2014-12-15,96000.0,84787.0,69267.0,39847.0
2014-12-16,99188.0,88368.0,72619.0,25987.0
2014-12-17,119471.0,99524.0,85460.0,56052.0
2014-12-18,113938.0,109536.0,97812.0,52401.0
2014-12-19,131889.0,122318.0,107197.0,69429.0
2014-12-20,128560.0,113030.0,95818.0,52852.0
2014-12-22,121074.0,113441.0,94567.0,45074.0
2014-12-23,127480.0,118212.0,95525.0,45937.0
2014-12-24,119808.0,112526.0,98976.0,48453.0
2014-12-25,121882.0,117190.0,109791.0,74845.0
2014-12-26,127944.0,117468.0,103394.0,61253.0
2014-12-27,128667.0,121140.0,98754.0,50708.0
2014-12-29,133150.0,124013.0,110862.0,61393.0
2014-12-30,157588.0,135149.0,105820.0,39339.0
2014-12-31,170600.0,161258.0,145981.0,77299.0
2015-01-01,170600.0,161258.0,145981.0,77299.0
2015-01-02,170600.0,161258.0,145981.0,77299.0
2015-01-03,171636.0,161538.0,143491.0,82532.0
2015-01-05,189154.0,182805.0,165566.0,80961.0
2015-01-06,206500.0,188829.0,148103.0,72649.0
2015-01-07,196231.0,187941.0,159527.0,80223.0
2015-01-08,176393.0,155744.0,117327.0,67687.0
2015-01-09,135000.0,107757.0,78837.0,43845.0
2015-01-10,137636.0,82519.0,64871.0,32252.0
2015-01-12,144250.0,119526.0,76484.0,39186.0
2015-01-13,170000.0,113563.0,76295.0,40183.0
2015-01-14,163667.0,148712.0,114696.0,64408.0
2015-01-15,169818.0,153762.0,114752.0,70404.0
2015-01-16,185364.0,175923.0,141839.0,78389.0
2015-01-17,200786.0,178107.0,137626.0,84301.0
2015-01-19,211172.0,186483.0,150239.0,81792.0
2015-01-20,205000.0,183973.0,153523.0,85250.0
2015-01-21,173250.0,151766.0,124759.0,66405.0
2015-01-22,143684.0,132687.0,102565.0,58721.0
2015-01-23,150833.0,115629.0,88872.0,48907.0
2015-01-24,167000.0,140164.0,90617.0,50197.0
2015-01-26,157826.0,149893.0,109972.0,49330.0
2015-01-27,161267.0,153417.0,111324.0,38433.0
2015-01-28,177000.0,159697.0,107475.0,56727.0
2015-01-29,190176.0,179230.0,145944.0,80482.0
2015-01-30,195750.0,163632.0,123909.0,48684.0
2015-01-31,205667.0,197626.0,152625.0,74472.0
2015-02-02,208773.0,184429.0,141994.0,65884.0
2015-02-03,189947.0,177145.0,147173.0,78195.0
2015-02-04,182333.0,176694.0,145980.0,79370.0
2015-02-05,180773.0,171101.0,142846.0,91037.0
2015-02-06,184706.0,175087.0,144796.0,71994.0
2015-02-07,186000.0,160215.0,123048.0,65892.0
2015-02-09,186640.0,174803.0,140071.0,66337.0
2015-02-10,205000.0,187554.0,150505.0,75072.0
2015-02-11,197400.0,186298.0,167300.0,88063.0
2015-02-12,181136.0,175875.0,160689.0,97582.0
2015-02-13,189391.0,175875.0,137783.0,56796.0
2015-02-14,194542.0,172893.0,91288.0,39433.0
2015-02-16,204911.0,193267.0,159702.0,81160.0
2015-02-17,190977.0,180747.0,139915.0,48125.0
2015-02-18,148333.0,126758.0,104977.0,60536.0
2015-02-23,151676.0,102552.0,90690.0,58778.0
2015-02-24,97348.0,84122.0,61785.0,31981.0
2015-02-25,73963.0,70219.0,59613.0,31568.0
2015-02-26,65682.0,63496.0,54630.0,30667.0
2015-02-27,68071.0,60427.0,50018.0,26761.0
2015-02-28,69077.0,66633.0,49990.0,16653.0
2015-03-02,87857.0,82676.0,66431.0,33365.0
2015-03-03,91529.0,83207.0,73978.0,35657.0
2015-03-04,96000.0,91762.0,77174.0,43772.0
2015-03-05,92881.0,89168.0,82647.0,46703.0
2015-03-06,90750.0,87106.0,84104.0,55436.0
2015-03-07,94400.0,86238.0,80732.0,52716.0
2015-03-09,85184.0,82639.0,69475.0,25330.0
2015-03-10,83667.0,79339.0,74342.0,40287.0
2015-03-11,81600.0,78081.0,66359.0,39868.0
2015-03-12,77593.0,72588.0,66488.0,39041.0
2015-03-13,76857.0,69752.0,63216.0,37325.0
2015-03-14,80789.0,75360.0,63497.0,38247.0
2015-03-16,81750.0,77183.0,65887.0,40301.0
2015-03-17,91667.0,88229.0,75817.0,46027.0
2015-03-18,96591.0,93132.0,79412.0,51797.0
2015-03-19,110000.0,108885.0,100199.0,65477.0
2015-03-20,116185.0,112663.0,103667.0,70985.0
2015-03-21,131444.0,126800.0,111980.0,78951.0
2015-03-23,130379.0,126259.0,116300.0,75924.0
2015-03-24,128938.0,123921.0,114411.0,77994.0
2015-03-25,128620.0,119299.0,106320.0,73136.0
2015-03-26,119000.0,116444.0,103771.0,65265.0
2015-03-27,127458.0,121358.0,111763.0,60581.0
2015-03-28,138000.0,134174.0,115023.0,68109.0
2015-03-30,139462.0,135696.0,122108.0,79587.0
2015-03-31,148148.0,142118.0,133331.0,89153.0
2015-04-01,158103.0,148158.0,135719.0,73210.0
2015-04-02,158450.0,153877.0,148411.0,98980.0
2015-04-03,158771.0,151505.0,135392.0,65303.0
2015-04-04,148500.0,141615.0,136000.0,77081.0
2015-04-06,142070.0,137809.0,121468.0,71572.0
2015-04-07,145783.0,140688.0,121470.0,65035.0
2015-04-08,155000.0,150111.0,133746.0,79146.0
2015-04-09,175313.0,168929.0,153252.0,106079.0
2015-04-10,178071.0,175564.0,169952.0,126996.0
2015-04-11,180000.0,176811.0,171113.0,130423.0
2015-04-13,201259.0,198366.0,186228.0,145396.0
2015-04-14,214682.0,210228.0,206503.0,162572.0
2015-04-15,195000.0,182290.0,173652.0,136784.0
2015-04-16,161583.0,145860.0,128568.0,94006.0
2015-04-17,135778.0,130875.0,116125.0,78406.0
2015-04-18,176000.0,169385.0,156841.0,109954.0
2015-04-20,199429.0,193050.0,175929.0,125314.0
2015-04-21,186803.0,175617.0,158866.0,126242.0
2015-04-22,150128.0,136295.0,125772.0,95929.0
2015-04-23,125690.0,114960.0,104896.0,85714.0
2015-04-24,127500.0,111129.0,103249.0,85555.0
2015-04-25,124889.0,113117.0,98286.0,75096.0
2015-04-27,111930.0,106320.0,96016.0,69809.0
2015-04-28,111217.0,104919.0,95281.0,63393.0
2015-04-29,92767.0,84691.0,72808.0,54533.0
2015-04-30,75824.0,65385.0,58410.0,40851.0
2015-05-01,69733.0,63954.0,55393.0,37260.0
2015-05-02,76333.0,67325.0,54187.0,30028.0
2015-05-04,87642.0,82051.0,73965.0,38577.0
2015-05-05,75182.0,68827.0,60384.0,35565.0
2015-05-06,58875.0,55129.0,49901.0,33119.0
2015-05-07,62250.0,56103.0,46968.0,27312.0
2015-05-08,65368.0,62325.0,54690.0,33518.0
2015-05-09,69771.0,58021.0,49709.0,32000.0
2015-05-11,55077.0,48833.0,42579.0,28000.0
2015-05-12,49204.0,40604.0,35232.0,26026.0
2015-05-13,42966.0,39183.0,32092.0,23337.0
2015-05-14,39240.0,35248.0,29349.0,21714.0
2015-05-15,42368.0,37894.0,32674.0,25593.0
2015-05-16,43173.0,39705.0,33691.0,24370.0
2015-05-18,40625.0,36449.0,31650.0,23926.0
2015-05-19,42333.0,38378.0,33664.0,24731.0
2015-05-20,42915.0,39076.0,35167.0,25663.0
2015-05-21,41254.0,38265.0,32909.0,24261.0
2015-05-22,50605.0,42055.0,30997.0,23859.0
2015-05-23,64107.0,57617.0,42788.0,25626.0
2015-05-25,73855.0,69460.0,59220.0,30104.0
2015-05-26,81800.0,75503.0,56954.0,27044.0
2015-05-27,80163.0,75043.0,59260.0,32121.0
2015-05-28,76852.0,71897.0,54065.0,29930.0
2015-05-29,85980.0,81364.0,54295.0,31184.0
2015-05-30,119463.0,110480.0,62736.0,32866.0
2015-06-01,121082.0,106355.0,71406.0,33684.0
2015-06-02,105556.0,88503.0,60293.0,34253.0
2015-06-03,85750.0,80645.0,55129.0,31631.0
2015-06-04,120229.0,114923.0,77129.0,35674.0
2015-06-05,127868.0,121145.0,74116.0,41721.0
2015-06-06,115627.0,101517.0,68653.0,37257.0
2015-06-08,110906.0,96640.0,69789.0,38412.0
2015-06-09,94600.0,87291.0,66235.0,40841.0
2015-06-10,80159.0,72167.0,57176.0,39475.0
2015-06-11,72623.0,66440.0,53659.0,38063.0
2015-06-12,69500.0,59173.0,48769.0,36124.0
2015-06-13,66471.0,57681.0,45488.0,34107.0
2015-06-15,57761.0,49116.0,37857.0,29061.0
2015-06-16,55710.0,45611.0,35501.0,28161.0
2015-06-17,49500.0,42102.0,33011.0,26525.0
2015-06-18,52683.0,44573.0,34679.0,27124.0
2015-06-19,55857.0,48417.0,36357.0,28951.0
2015-06-20,56664.0,48178.0,36056.0,27969.0
2015-06-22,52199.0,41922.0,32897.0,27013.0
2015-06-23,50988.0,42018.0,32246.0,26746.0
2015-06-24,51958.0,42753.0,32638.0,25840.0
2015-06-25,58318.0,48810.0,36651.0,28452.0
2015-06-26,70061.0,63564.0,47268.0,30512.0
2015-06-27,86191.0,80790.0,61776.0,34369.0
2015-06-29,81126.0,72045.0,52398.0,31958.0
2015-06-30,65253.0,53105.0,39270.0,30215.0
2015-07-01,61932.0,47054.0,33706.0,27551.0
2015-07-02,55617.0,44165.0,32583.0,26283.0
2015-07-03,50064.0,45757.0,35702.0,27466.0
2015-07-04,56275.0,42686.0,32615.0,26046.0
2015-07-06,51518.0,44544.0,33968.0,27399.0
2015-07-07,54604.0,43282.0,31998.0,26890.0
2015-07-08,54349.0,45071.0,33713.0,24876.0
2015-07-09,46000.0,39758.0,31858.0,28085.0
2015-07-10,48595.0,39196.0,31362.0,26851.0
2015-07-11,47020.0,34347.0,29847.0,22999.0
2015-07-13,45458.0,36303.0,28526.0,21423.0
2015-07-14,49971.0,34668.0,27393.0,22276.0
2015-07-15,47857.0,34197.0,24862.0,18677.0
2015-07-16,36286.0,27983.0,23415.0,16910.0
2015-07-17,36585.0,28513.0,21161.0,15859.0
2015-07-18,38780.0,26730.0,20791.0,16511.0
2015-07-20,46404.0,35179.0,22516.0,18438.0
2015-07-21,48874.0,35256.0,22870.0,18198.0
2015-07-22,50272.0,39890.0,24945.0,18026.0
2015-07-23,49338.0,32197.0,22758.0,17556.0
2015-07-24,45380.0,32681.0,22002.0,15466.0
2015-07-25,42445.0,31582.0,21682.0,16357.0
2015-07-27,43535.0,30145.0,20232.0,15433.0
2015-07-28,39997.0,24975.0,18517.0,14473.0
2015-07-29,37840.0,23138.0,17429.0,13455.0
2015-07-30,39380.0,26141.0,19863.0,15655.0
2015-07-31,41279.0,24863.0,19439.0,14857.0
2015-08-03,39175.0,27347.0,21869.0,17485.0
2015-08-04,40922.0,26201.0,22225.0,17362.0
2015-08-05,40063.0,25281.0,22146.0,17386.0
2015-08-06,39811.0,24811.0,22589.0,18902.0
2015-08-07,39520.0,26827.0,24506.0,20847.0
2015-08-08,36550.0,28331.0,26267.0,22192.0
2015-08-10,38010.0,25988.0,23434.0,19030.0
2015-08-11,32365.0,20879.0,18181.0,14420.0
2015-08-12,27612.0,19091.0,17227.0,14625.0
2015-08-13,30296.0,23983.0,21690.0,17773.0
2015-08-14,33741.0,25722.0,23898.0,20850.0
2015-08-15,34440.0,25757.0,24095.0,21164.0
2015-08-17,30888.0,23725.0,21257.0,18017.0
2015-08-18,28444.0,21207.0,18733.0,15620.0
2015-08-19,26877.0,20180.0,18126.0,15722.0
2015-08-20,26146.0,18739.0,17151.0,14902.0
2015-08-21,26485.0,17552.0,15578.0,13274.0
2015-08-22,24624.0,18543.0,16788.0,14091.0
2015-08-24,24747.0,17634.0,15663.0,13174.0
2015-08-25,25377.0,17313.0,14957.0,12000.0
2015-08-26,27214.0,20492.0,17486.0,14085.0
2015-08-27,30039.0,23731.0,20106.0,16334.0
2015-08-28,28920.0,23249.0,21223.0,16973.0
2015-08-29,26387.0,22890.0,20915.0,17536.0
2015-08-31,25637.0,20595.0,18036.0,15414.0
2015-09-01,24569.0,18307.0,15239.0,12476.0
2015-09-02,25076.0,17161.0,14341.0,12032.0
2015-09-03,24481.0,17083.0,14566.0,12445.0
2015-09-04,22025.0,16655.0,14505.0,12593.0
2015-09-05,22918.0,17734.0,14945.0,11563.0
2015-09-07,25615.0,20650.0,16336.0,13634.0
2015-09-08,33389.0,24794.0,19046.0,14589.0
2015-09-09,39523.0,28186.0,20833.0,15693.0
2015-09-10,43444.0,29760.0,21426.0,15921.0
2015-09-11,37047.0,26594.0,20398.0,15149.0
2015-09-12,30093.0,21331.0,16801.0,13407.0
2015-09-14,30798.0,24305.0,18115.0,13427.0
2015-09-15,32753.0,24728.0,18452.0,13759.0
2015-09-16,33655.0,25243.0,18499.0,14323.0
2015-09-17,32293.0,26171.0,18166.0,13374.0
2015-09-18,34030.0,28750.0,19707.0,13947.0
2015-09-19,37595.0,32093.0,23002.0,14393.0
2015-09-21,44375.0,32134.0,24234.0,14253.0
2015-09-22,46679.0,41718.0,28313.0,15592.0
2015-09-23,53715.0,41428.0,31179.0,18024.0
2015-09-24,48491.0,41050.0,30675.0,15899.0
2015-09-25,42883.0,33468.0,23499.0,12443.0
2015-09-26,31176.0,21700.0,14224.0,5964.0
2015-09-30,57873.0,45757.0,30039.0,16526.0
2015-10-01,49067.0,41395.0,28466.0,14216.0
2015-10-02,43196.0,33518.0,24070.0,12730.0
2015-10-03,36921.0,28131.0,16385.0,8977.0
2015-10-05,34768.0,29113.0,19231.0,9017.0
2015-10-06,34200.0,26459.0,16166.0,9294.0
2015-10-07,36397.0,28609.0,19506.0,10599.0
2015-10-08,35917.0,30379.0,19004.0,9512.0
2015-10-09,38800.0,32774.0,20263.0,10356.0
2015-10-10,40536.0,31113.0,18911.0,9910.0
2015-10-12,45422.0,40151.0,26855.0,11633.0
2015-10-13,49696.0,39984.0,25460.0,12046.0
2015-10-14,56841.0,42313.0,22387.0,11681.0
2015-10-15,56273.0,44899.0,26219.0,10633.0
2015-10-16,50943.0,39621.0,25660.0,12928.0
2015-10-17,51755.0,37633.0,17973.0,10951.0
2015-10-19,61033.0,43183.0,26449.0,11884.0
2015-10-20,61410.0,43478.0,27268.0,11743.0
2015-10-21,57108.0,40700.0,22932.0,12493.0
2015-10-22,48373.0,34580.0,21078.0,11399.0
2015-10-23,46363.0,34745.0,22526.0,12626.0
2015-10-24,39932.0,31533.0,17775.0,10016.0
2015-10-26,40288.0,31223.0,19633.0,9542.0
2015-10-27,38452.0,28526.0,19015.0,11618.0
2015-10-28,38350.0,28944.0,16525.0,10067.0
2015-10-29,47135.0,36493.0,21645.0,10082.0
2015-10-30,45345.0,33418.0,17302.0,10469.0
2015-10-31,60375.0,47916.0,24937.0,9916.0
2015-11-02,58602.0,44982.0,22946.0,11282.0
2015-11-03,55345.0,44606.0,27823.0,11259.0
2015-11-04,42245.0,36203.0,22185.0,10148.0
2015-11-05,40640.0,33304.0,21386.0,8828.0
2015-11-06,44889.0,30392.0,19040.0,9429.0
2015-11-07,43152.0,34429.0,21310.0,10628.0
2015-11-09,49548.0,40209.0,31342.0,12540.0
2015-11-10,45386.0,36908.0,25982.0,10885.0
2015-11-11,42767.0,33670.0,16601.0,7272.0
2015-11-12,42037.0,35139.0,24261.0,10392.0
2015-11-13,42175.0,32804.0,18324.0,8310.0
2015-11-14,47875.0,35921.0,22782.0,9404.0
2015-11-16,41745.0,34769.0,22826.0,12334.0
2015-11-17,39850.0,33023.0,23059.0,10448.0
2015-11-18,36667.0,29466.0,19994.0,11490.0
2015-11-19,35733.0,30153.0,19464.0,8838.0
2015-11-20,36020.0,28701.0,21510.0,11732.0
2015-11-21,36898.0,28858.0,16983.0,8655.0
2015-11-23,38218.0,29044.0,20485.0,9506.0
2015-11-24,34903.0,26856.0,20260.0,8734.0
2015-11-25,32863.0,24967.0,17453.0,9610.0
2015-11-26,35769.0,26903.0,18184.0,11105.0
2015-11-27,33154.0,26363.0,18703.0,11069.0
2015-11-28,28303.0,22995.0,15378.0,8753.0
2015-11-30,32614.0,27358.0,20996.0,10038.0
2015-12-01,28611.0,24793.0,15598.0,6221.0
2015-12-02,33400.0,27489.0,21190.0,9397.0
2015-12-03,30143.0,26323.0,21806.0,11117.0
2015-12-04,34159.0,26345.0,21616.0,11086.0
2015-12-05,35729.0,27151.0,19854.0,8913.0
2015-12-07,39903.0,31778.0,25114.0,15403.0
2015-12-08,40710.0,31571.0,23859.0,10833.0
2015-12-09,40500.0,33970.0,24308.0,11482.0
2015-12-10,37870.0,34532.0,27088.0,11432.0
2015-12-11,39460.0,34036.0,23896.0,11536.0
2015-12-12,43222.0,35997.0,28558.0,11825.0
2015-12-14,44393.0,38689.0,28762.0,13844.0
2015-12-15,44350.0,40803.0,32596.0,16781.0
2015-12-16,48500.0,42185.0,29290.0,10184.0
2015-12-17,52276.0,46285.0,37133.0,18313.0
2015-12-18,58000.0,48915.0,38168.0,19980.0
2015-12-19,55412.0,49022.0,34076.0,16018.0
2015-12-21,57420.0,44366.0,33010.0,12659.0
2015-12-22,59476.0,43193.0,27864.0,10263.0
2015-12-23,47100.0,36021.0,23767.0,9035.0
2015-12-24,41118.0,32488.0,21664.0,10259.0
2015-12-25,40083.0,31958.0,19086.0,8983.0
2015-12-26,35333.0,28746.0,17075.0,7433.0
2015-12-28,45192.0,33667.0,19019.0,8080.0
2015-12-29,40091.0,27769.0,15589.0,6523.0
2015-12-30,38000.0,29897.0,20378.0,8162.0
2015-12-31,38658.0,32772.0,20517.0,7289.0
2016-01-04,49847.0,32800.0,22841.0,11456.0
2016-01-05,45615.0,39303.0,26596.0,12196.0
2016-01-06,49667.0,42949.0,27679.0,11236.0
2016-01-07,53196.0,43846.0,32973.0,20654.0
2016-01-08,48278.0,42780.0,30587.0,17959.0
2016-01-09,41742.0,31973.0,23717.0,14933.0
2016-01-11,40161.0,29329.0,20608.0,11043.0
2016-01-12,44000.0,33373.0,22673.0,11076.0
2016-01-13,49741.0,39544.0,27934.0,11053.0
2016-01-14,51750.0,36536.0,29616.0,12556.0
2016-01-15,55714.0,41093.0,28716.0,14228.0
2016-01-16,48300.0,38343.0,28585.0,15291.0
2016-01-18,49156.0,38919.0,28339.0,13082.0
2016-01-19,54053.0,42872.0,28490.0,12872.0
2016-01-20,51444.0,44452.0,35121.0,19778.0
2016-01-21,54605.0,45540.0,32291.0,17021.0
2016-01-22,55190.0,43964.0,22985.0,10290.0
2016-01-23,55500.0,39319.0,20922.0,8530.0
2016-01-25,70923.0,64013.0,43757.0,22773.0
2016-01-26,76393.0,67410.0,43185.0,20210.0
2016-01-27,86455.0,75941.0,51736.0,26616.0
2016-01-28,87000.0,75481.0,46907.0,19740.0
2016-01-29,84250.0,78298.0,45215.0,17459.0
2016-01-30,87261.0,82566.0,44155.0,18752.0
2016-02-01,104500.0,89116.0,49108.0,20146.0
2016-02-02,107063.0,92609.0,54371.0,22100.0
2016-02-03,113947.0,99482.0,63239.0,20656.0
2016-02-04,112811.0,103214.0,73975.0,25586.0
2016-02-05,119813.0,107897.0,70720.0,15067.0
2016-02-06,136600.0,115184.0,91545.0,19566.0
2016-02-11,134750.0,126252.0,116905.0,46216.0
2016-02-12,126708.0,116789.0,103628.0,36867.0
2016-02-13,87353.0,79368.0,64629.0,28647.0
2016-02-15,71302.0,59433.0,35193.0,15125.0
2016-02-16,68964.0,59030.0,34784.0,15694.0
2016-02-17,61852.0,57135.0,39354.0,15786.0
2016-02-18,64042.0,57176.0,40421.0,18000.0
2016-02-19,59462.0,53968.0,36360.0,15783.0
2016-02-20,59455.0,54929.0,32152.0,13973.0
2016-02-22,56842.0,50245.0,37503.0,16413.0
2016-02-23,55619.0,47972.0,38432.0,16386.0
2016-02-24,50778.0,43953.0,25076.0,12284.0
2016-02-25,55889.0,50917.0,28147.0,11594.0
2016-02-26,62304.0,54400.0,40880.0,15534.0
2016-02-27,61800.0,52613.0,36019.0,15091.0
2016-02-29,60850.0,58250.0,45780.0,18435.0
2016-03-01,64923.0,58488.0,48472.0,19784.0
2016-03-02,71000.0,63734.0,40539.0,19109.0
2016-03-03,85000.0,81750.0,74444.0,32478.0
2016-03-04,91227.0,84774.0,65044.0,27268.0
2016-03-05,107000.0,98808.0,86036.0,41981.0
2016-03-07,97207.0,86665.0,64851.0,29607.0
2016-03-08,92217.0,88614.0,63546.0,27207.0
2016-03-09,96897.0,85750.0,47731.0,15462.0
2016-03-10,98000.0,93907.0,82108.0,34428.0
2016-03-11,96355.0,89268.0,71240.0,28574.0
2016-03-12,94074.0,86104.0,58719.0,22519.0
2016-03-14,88325.0,84766.0,71855.0,33573.0
2016-03-15,89052.0,82057.0,67637.0,33096.0
2016-03-16,94950.0,83567.0,66643.0,30669.0
2016-03-17,88750.0,83754.0,67510.0,30667.0
2016-03-18,86426.0,77038.0,61703.0,28818.0
2016-03-19,78667.0,73761.0,59231.0,24974.0
2016-03-21,75148.0,71945.0,56239.0,22993.0
2016-03-22,75138.0,73358.0,59636.0,24962.0
2016-03-23,81250.0,75590.0,58451.0,21111.0
2016-03-24,75952.0,72610.0,64917.0,33505.0
2016-03-25,76333.0,72077.0,52822.0,20870.0
2016-03-26,76000.0,71752.0,57878.0,26718.0
2016-03-28,79523.0,74557.0,57900.0,22863.0
2016-03-29,91742.0,85567.0,58124.0,24397.0
2016-03-30,98227.0,93076.0,69412.0,30824.0
2016-03-31,96452.0,92378.0,67979.0,30618.0
2016-04-01,94782.0,87380.0,63589.0,29750.0
2016-04-02,90000.0,85543.0,63237.0,25259.0
2016-04-04,102733.0,96238.0,68909.0,22431.0
2016-04-05,112967.0,103169.0,74667.0,29193.0
2016-04-06,110000.0,106206.0,86747.0,38215.0
2016-04-07,103974.0,95367.0,78348.0,43464.0
2016-04-08,96514.0,89948.0,71285.0,42966.0
2016-04-09,92750.0,86223.0,65918.0,35928.0
2016-04-11,87661.0,81768.0,67370.0,33423.0
2016-04-12,86949.0,82261.0,65610.0,32409.0
2016-04-13,77913.0,73128.0,61809.0,31624.0
2016-04-14,80833.0,70848.0,57161.0,33039.0
2016-04-15,75553.0,69941.0,58179.0,34689.0
2016-04-16,72653.0,64187.0,54471.0,32737.0
2016-04-18,68391.0,61634.0,50159.0,29110.0
2016-04-19,61760.0,50664.0,41698.0,29659.0
2016-04-20,50381.0,47055.0,39245.0,28034.0
2016-04-21,46942.0,43082.0,38060.0,27191.0
2016-04-22,43000.0,39544.0,34965.0,26248.0
2016-04-23,45171.0,41251.0,34765.0,23772.0
2016-04-25,46925.0,44373.0,37768.0,23836.0
2016-04-26,48296.0,45646.0,39105.0,25965.0
2016-04-27,45852.0,41630.0,36612.0,25564.0
2016-04-28,42768.0,36703.0,33457.0,22931.0
2016-04-29,40636.0,37555.0,32289.0,22761.0
2016-04-30,42122.0,36290.0,30424.0,20963.0
2016-05-02,42561.0,37006.0,30980.0,18018.0
2016-05-03,44645.0,38136.0,29290.0,16051.0
2016-05-04,43071.0,39430.0,32826.0,17719.0
2016-05-05,44083.0,40111.0,33772.0,17312.0
2016-05-06,50932.0,43462.0,34473.0,15622.0
2016-05-07,50638.0,45352.0,33821.0,17363.0
2016-05-09,52192.0,45239.0,34304.0,18087.0
2016-05-10,57828.0,49129.0,39743.0,20044.0
2016-05-11,55386.0,51805.0,40915.0,22399.0
2016-05-12,49094.0,43702.0,35799.0,20585.0
2016-05-13,45238.0,40310.0,33070.0,18510.0
2016-05-14,47325.0,38525.0,28765.0,14789.0
2016-05-16,45517.0,38917.0,27191.0,15141.0
2016-05-17,49719.0,41486.0,32041.0,18851.0
2016-05-18,45216.0,38121.0,31908.0,21660.0
2016-05-19,42286.0,38209.0,29004.0,17670.0
2016-05-20,43417.0,39726.0,32226.0,19071.0
2016-05-21,42338.0,36486.0,28985.0,18747.0
2016-05-23,40397.0,35994.0,26691.0,17250.0
2016-05-24,48000.0,43446.0,31172.0,18341.0
2016-05-25,53308.0,48275.0,38263.0,20735.0
2016-05-26,49505.0,44214.0,34139.0,19212.0
2016-05-27,45757.0,38590.0,30359.0,18411.0
2016-05-28,45618.0,39203.0,25811.0,15848.0
2016-05-30,43799.0,38415.0,26436.0,15127.0
2016-05-31,43114.0,37945.0,27436.0,16168.0
2016-06-01,46426.0,40546.0,29238.0,17738.0
2016-06-02,45738.0,40750.0,31078.0,18149.0
2016-06-03,50309.0,44943.0,32300.0,17853.0
2016-06-04,50108.0,43115.0,30335.0,17853.0
2016-06-06,56971.0,52323.0,35691.0,18019.0
2016-06-07,76434.0,60355.0,43481.0,20725.0
2016-06-08,72948.0,67041.0,53416.0,25690.0
2016-06-09,64973.0,57128.0,40626.0,22014.0
2016-06-10,53404.0,45539.0,32864.0,20829.0
2016-06-11,42257.0,35885.0,25511.0,17081.0
2016-06-13,38788.0,34151.0,24931.0,16782.0
2016-06-14,40805.0,34857.0,25030.0,18019.0
2016-06-15,43783.0,37800.0,29328.0,19087.0
2016-06-16,41340.0,35705.0,26637.0,17264.0
2016-06-17,43051.0,36020.0,27238.0,17897.0
2016-06-18,38198.0,32824.0,23923.0,17533.0
2016-06-20,41368.0,34293.0,23855.0,17348.0
2016-06-21,40260.0,32388.0,24105.0,17870.0
2016-06-22,37161.0,31102.0,23420.0,17457.0
2016-06-23,39959.0,32080.0,22344.0,17068.0
2016-06-24,39232.0,31893.0,21724.0,17107.0
2016-06-25,42033.0,33110.0,22701.0,17377.0
2016-06-27,41637.0,34715.0,23911.0,17049.0
2016-06-28,37879.0,32410.0,21428.0,16119.0
2016-06-29,38089.0,31255.0,22656.0,16508.0
2016-06-30,38427.0,31697.0,21749.0,16819.0
2016-07-01,41618.0,32544.0,23103.0,16737.0
2016-07-02,47387.0,35916.0,19893.0,15921.0
2016-07-04,48932.0,44327.0,27280.0,16870.0
2016-07-05,47886.0,41774.0,25551.0,16403.0
2016-07-06,43617.0,35419.0,22698.0,15141.0
2016-07-07,42197.0,32100.0,20047.0,15450.0
2016-07-08,38684.0,30555.0,19448.0,14111.0
2016-07-09,37639.0,28958.0,18188.0,14478.0
2016-07-11,38179.0,29398.0,19647.0,14102.0
2016-07-12,44397.0,30874.0,18322.0,14626.0
2016-07-13,48238.0,42581.0,27075.0,16608.0
2016-07-14,47453.0,32950.0,19628.0,15960.0
2016-07-15,52765.0,35719.0,20293.0,14065.0
2016-07-16,41899.0,25256.0,16737.0,10918.0
2016-07-18,41643.0,30327.0,16998.0,5711.0
2016-07-19,43648.0,25943.0,16986.0,13413.0
2016-07-20,38022.0,27364.0,17664.0,14277.0
2016-07-21,36153.0,23176.0,16113.0,12388.0
2016-07-22,37663.0,26576.0,17534.0,13179.0
2016-07-23,41081.0,29268.0,18263.0,14467.0
2016-07-25,49863.0,30034.0,19088.0,14925.0
2016-07-26,46778.0,28410.0,19254.0,15170.0
2016-07-27,51023.0,30892.0,18700.0,15076.0
2016-07-28,49289.0,28010.0,18326.0,15368.0
2016-07-29,50041.0,28549.0,18991.0,15592.0
2016-07-30,43845.0,24043.0,16762.0,13005.0
2016-08-01,37333.0,21565.0,16977.0,13812.0
2016-08-02,29564.0,19957.0,16870.0,12751.0
2016-08-03,31367.0,19063.0,16186.0,12419.0
2016-08-04,37884.0,19877.0,16661.0,12954.0
2016-08-05,37745.0,20176.0,16679.0,13386.0
2016-08-08,47052.0,22884.0,19483.0,15069.0
2016-08-09,42941.0,23976.0,20686.0,17474.0
2016-08-10,38941.0,23692.0,21410.0,17996.0
2016-08-11,30409.0,22144.0,20112.0,17200.0
2016-08-12,27760.0,20885.0,18613.0,16055.0
2016-08-13,26918.0,19962.0,17511.0,14541.0
2016-08-15,28296.0,19322.0,16547.0,12835.0
2016-08-16,23362.0,15976.0,13875.0,11461.0
2016-08-17,24022.0,16151.0,14162.0,11491.0
2016-08-18,25458.0,18132.0,15666.0,13103.0
2016-08-19,27002.0,20131.0,17783.0,14874.0
2016-08-20,32646.0,20636.0,18079.0,15095.0
2016-08-22,32411.0,20111.0,16883.0,13194.0
2016-08-23,26221.0,19525.0,16457.0,13623.0
2016-08-24,28547.0,19346.0,16399.0,13216.0
2016-08-25,28775.0,19017.0,16112.0,13358.0
2016-08-26,28596.0,16779.0,14020.0,12038.0
2016-08-27,31597.0,17764.0,14897.0,11797.0
2016-08-29,36907.0,22686.0,16855.0,13149.0
2016-08-30,43552.0,25581.0,18724.0,14234.0
2016-08-31,44966.0,25641.0,18431.0,14463.0
2016-09-01,46868.0,35187.0,19161.0,15111.0
2016-09-02,43241.0,30061.0,17351.0,14235.0
2016-09-03,36462.0,26483.0,15939.0,12506.0
2016-09-05,33168.0,23105.0,14804.0,11867.0
2016-09-06,36291.0,21293.0,13704.0,10865.0
2016-09-07,36057.0,21250.0,13597.0,10401.0
2016-09-08,35483.0,23872.0,14283.0,10974.0
2016-09-09,38449.0,25915.0,15012.0,10712.0
2016-09-10,38036.0,25097.0,15176.0,10492.0
2016-09-12,44241.0,27881.0,17682.0,10942.0
2016-09-13,57773.0,39991.0,23693.0,11592.0
2016-09-14,40690.0,31395.0,17645.0,8959.0
2016-09-19,61771.0,44312.0,25556.0,14122.0
2016-09-20,72981.0,54478.0,27250.0,14098.0
2016-09-21,62584.0,37380.0,23354.0,13375.0
2016-09-22,39426.0,26498.0,17287.0,10471.0
2016-09-23,28574.0,19686.0,13772.0,9642.0
2016-09-24,25911.0,18050.0,13257.0,9534.0
2016-09-26,33470.0,27172.0,18621.0,12707.0
2016-09-27,35083.0,28418.0,21134.0,11564.0
2016-09-28,35035.0,29367.0,23397.0,14009.0
2016-09-29,37325.0,32407.0,22440.0,13814.0
2016-09-30,41059.0,36704.0,27447.0,16590.0
2016-10-01,39444.0,31808.0,22921.0,13142.0
2016-10-03,46413.0,37429.0,23095.0,11889.0
2016-10-04,64944.0,56931.0,34375.0,15290.0
2016-10-05,81250.0,72371.0,52058.0,24138.0
2016-10-06,95191.0,75267.0,55905.0,31280.0
2016-10-07,76127.0,64550.0,45241.0,24275.0
2016-10-08,69310.0,59471.0,37979.0,18719.0
2016-10-10,76158.0,61284.0,38604.0,19408.0
2016-10-11,87017.0,70335.0,45545.0,18497.0
2016-10-12,87546.0,73382.0,47099.0,20710.0
2016-10-13,68925.0,59643.0,38698.0,20284.0
2016-10-14,66536.0,50300.0,32341.0,16076.0
2016-10-15,61438.0,46837.0,22882.0,12750.0
2016-10-17,78014.0,65211.0,34410.0,14225.0
2016-10-18,83578.0,69674.0,45663.0,13958.0
2016-10-19,83721.0,69709.0,49427.0,20377.0
2016-10-20,86333.0,70296.0,41267.0,17166.0
2016-10-21,92300.0,79020.0,47189.0,15101.0
2016-10-22,123630.0,94762.0,52326.0,18715.0
2016-10-24,175583.0,157549.0,78350.0,21646.0
2016-10-25,158207.0,117874.0,59334.0,25465.0
2016-10-26,128677.0,88452.0,49138.0,17529.0
2016-10-27,112730.0,88598.0,47379.0,18212.0
2016-10-28,105800.0,84073.0,39989.0,19241.0
2016-10-29,114629.0,90325.0,45679.0,16937.0
2016-10-31,121949.0,99403.0,60911.0,25589.0
2016-11-01,126023.0,94799.0,52456.0,25102.0
2016-11-02,153120.0,131020.0,63495.0,22792.0
2016-11-03,168486.0,130135.0,54586.0,28563.0
2016-11-04,168944.0,144230.0,61096.0,26196.0
2016-11-05,173538.0,139679.0,55287.0,24742.0
2016-11-07,170970.0,151759.0,80443.0,30485.0
2016-11-08,185867.0,160494.0,71824.0,25950.0
2016-11-09,181268.0,154482.0,66221.0,23843.0
2016-11-10,183725.0,151665.0,75263.0,27303.0
2016-11-11,186900.0,164023.0,73290.0,22659.0
2016-11-12,222105.0,187279.0,85385.0,28080.0
2016-11-14,213968.0,186070.0,145566.0,39138.0
2016-11-15,186929.0,166078.0,133058.0,43612.0
2016-11-16,169129.0,143780.0,83869.0,32697.0
2016-11-17,168321.0,147538.0,92785.0,30736.0
2016-11-18,159038.0,144607.0,83297.0,30447.0
2016-11-19,155000.0,143818.0,100033.0,33673.0
2016-11-21,133613.0,113418.0,96476.0,45093.0
2016-11-22,127160.0,105155.0,82409.0,33524.0
2016-11-23,116536.0,108500.0,81878.0,30692.0
2016-11-24,107259.0,96841.0,80452.0,45184.0
2016-11-25,93667.0,86689.0,72435.0,35693.0
2016-11-26,81385.0,76758.0,68794.0,39523.0
2016-11-28,101621.0,90085.0,70438.0,37980.0
2016-11-29,115000.0,96300.0,73957.0,45371.0
2016-11-30,104818.0,98955.0,90534.0,45550.0
2016-12-01,107050.0,95279.0,75562.0,46480.0
2016-12-02,109000.0,106120.0,87765.0,48337.0
2016-12-03,120000.0,111963.0,92638.0,59319.0
2016-12-05,118645.0,113486.0,98548.0,61951.0
2016-12-06,137975.0,127813.0,107366.0,64510.0
2016-12-07,149174.0,138372.0,118805.0,63114.0
2016-12-08,157222.0,146824.0,125752.0,64700.0
2016-12-09,175727.0,159049.0,135424.0,73573.0
2016-12-10,184000.0,160865.0,119245.0,61817.0
2016-12-12,156000.0,149093.0,128048.0,68178.0
2016-12-13,166696.0,149754.0,122438.0,62703.0
2016-12-14,174500.0,156966.0,132443.0,75449.0
2016-12-15,199421.0,180548.0,148556.0,64958.0
2016-12-16,220947.0,204295.0,174790.0,81140.0
2016-12-17,210542.0,195664.0,172918.0,112467.0
2016-12-19,205974.0,184554.0,150554.0,91675.0
2016-12-20,204680.0,184805.0,150768.0,97185.0
2016-12-21,197423.0,182728.0,140191.0,77512.0
2016-12-22,185810.0,163135.0,143876.0,84981.0
2016-12-23,178818.0,162922.0,131184.0,79299.0
2016-12-24,175120.0,154954.0,129232.0,86161.0
2016-12-26,174000.0,152934.0,127709.0,81806.0
2016-12-27,173172.0,153684.0,111004.0,74968.0
2016-12-28,150250.0,135461.0,96455.0,58076.0
2016-12-29,147586.0,120754.0,91764.0,59986.0
2016-12-30,131654.0,113830.0,78710.0,48594.0
2016-12-31,136600.0,112579.0,67296.0,39738.0
2017-01-03,108452.0,86514.0,66226.0,37233.0
2017-01-04,104472.0,87118.0,67476.0,40203.0
2017-01-05,110227.0,90126.0,70733.0,39734.0
2017-01-06,131333.0,102468.0,68044.0,43685.0
2017-01-07,127091.0,101444.0,64715.0,38955.0
2017-01-09,103280.0,82676.0,58543.0,32118.0
2017-01-10,106765.0,90290.0,60325.0,31036.0
2017-01-11,97440.0,85480.0,58068.0,32234.0
2017-01-12,95173.0,83381.0,54606.0,24702.0
2017-01-13,98565.0,82585.0,53564.0,23686.0
2017-01-14,92560.0,81704.0,55178.0,23898.0
2017-01-16,84189.0,75034.0,55054.0,31132.0
2017-01-17,89833.0,70566.0,48832.0,21996.0
2017-01-18,88269.0,77880.0,52876.0,26574.0
2017-01-19,90333.0,84341.0,53796.0,29410.0
2017-01-20,93043.0,78601.0,49073.0,24983.0
2017-01-21,128583.0,93734.0,52822.0,20624.0
2017-01-23,124708.0,107491.0,54947.0,22145.0
2017-01-24,96482.0,85901.0,46251.0,14063.0
2017-01-25,96000.0,87316.0,40359.0,10310.0
2017-01-26,106000.0,100617.0,83790.0,31688.0
2017-01-27,98800.0,95481.0,69459.0,39130.0
2017-02-01,92848.0,87453.0,70964.0,28695.0
2017-02-02,85862.0,79153.0,59547.0,24538.0
2017-02-03,79327.0,70468.0,46829.0,17297.0
2017-02-04,70540.0,63201.0,49679.0,22736.0
2017-02-06,65583.0,60532.0,46363.0,20250.0
2017-02-07,65000.0,60328.0,48119.0,16099.0
2017-02-08,55625.0,52798.0,47069.0,23512.0
2017-02-09,52053.0,48138.0,41220.0,19846.0
2017-02-10,52500.0,49191.0,33243.0,13787.0
2017-02-11,58000.0,54820.0,38378.0,14686.0
2017-02-13,59826.0,55794.0,48872.0,25744.0
2017-02-14,55571.0,51301.0,41094.0,19520.0
2017-02-15,49442.0,46010.0,41617.0,20074.0
2017-02-16,48750.0,43567.0,28150.0,11223.0
2017-02-17,48167.0,45090.0,36737.0,16899.0
2017-02-18,46387.0,42366.0,31435.0,17474.0
2017-02-20,46209.0,38191.0,32519.0,16556.0
2017-02-21,41543.0,38986.0,32151.0,16151.0
2017-02-22,39800.0,37213.0,32670.0,17396.0
2017-02-23,40885.0,39039.0,31841.0,17773.0
2017-02-24,41500.0,39278.0,34902.0,19275.0
2017-02-25,43000.0,40725.0,30360.0,16672.0
2017-02-27,49882.0,46835.0,37228.0,19419.0
2017-02-28,58855.0,51020.0,41601.0,20301.0
2017-03-01,58000.0,57412.0,53074.0,29762.0
2017-03-02,87733.0,73241.0,56302.0,24188.0
2017-03-03,108000.0,97948.0,81976.0,42794.0
2017-03-04,115852.0,108997.0,93799.0,48555.0
2017-03-06,108930.0,95684.0,68375.0,26754.0
2017-03-07,76731.0,65859.0,42712.0,23903.0
2017-03-08,74000.0,67597.0,47861.0,22275.0
2017-03-09,85938.0,77914.0,46057.0,19140.0
2017-03-10,93235.0,89867.0,71586.0,27471.0
2017-03-11,102292.0,95743.0,60468.0,27361.0
2017-03-13,94176.0,89812.0,76520.0,41506.0
2017-03-14,100303.0,86821.0,59806.0,28230.0
2017-03-15,98542.0,92217.0,76573.0,34824.0
2017-03-16,102935.0,93927.0,78226.0,37146.0
2017-03-17,101833.0,96527.0,83726.0,45060.0
2017-03-18,99034.0,92757.0,74462.0,35021.0
2017-03-20,91895.0,85155.0,72601.0,33812.0
2017-03-21,85462.0,80705.0,64361.0,29582.0
2017-03-22,92667.0,80986.0,55855.0,22950.0
2017-03-23,88200.0,81229.0,58529.0,21409.0
2017-03-24,85471.0,80459.0,65613.0,25121.0
2017-03-25,86952.0,75290.0,55601.0,23845.0
2017-03-27,84300.0,79178.0,67830.0,29998.0
2017-03-28,100000.0,96135.0,83146.0,33262.0
2017-03-29,89212.0,85990.0,81566.0,53720.0
2017-03-30,88096.0,82330.0,71235.0,40004.0
2017-03-31,84704.0,81184.0,71138.0,38364.0
2017-04-01,93519.0,86821.0,72786.0,39811.0
2017-04-03,93500.0,88244.0,80476.0,51494.0
2017-04-04,100500.0,97065.0,82427.0,52843.0
2017-04-05,127750.0,118644.0,100715.0,51967.0
2017-04-06,135355.0,131503.0,119769.0,59000.0
2017-04-07,135500.0,126476.0,104549.0,59538.0
2017-04-08,119366.0,113758.0,97148.0,50485.0
2017-04-10,109727.0,101076.0,87896.0,50175.0
2017-04-11,117406.0,108169.0,85960.0,39901.0
2017-04-12,118091.0,115649.0,105319.0,65120.0
2017-04-13,123321.0,116390.0,111127.0,76800.0
2017-04-14,124367.0,119106.0,108292.0,75131.0
2017-04-15,124000.0,118289.0,109038.0,74793.0
2017-04-17,120709.0,111302.0,94317.0,63171.0
2017-04-18,101683.0,88855.0,77209.0,52324.0
2017-04-19,78409.0,69049.0,61969.0,40761.0
2017-04-20,62000.0,57878.0,50268.0,29951.0
2017-04-21,65483.0,63237.0,51883.0,25143.0
2017-04-22,62659.0,59063.0,52634.0,36707.0
2017-04-24,63844.0,59220.0,50036.0,30576.0
2017-04-25,64039.0,56139.0,49697.0,32877.0
2017-04-26,58000.0,53991.0,45684.0,28257.0
2017-04-27,59086.0,52320.0,45044.0,31068.0
2017-04-28,56026.0,50511.0,44060.0,29861.0
2017-04-29,48877.0,44962.0,39315.0,27255.0
2017-05-01,45474.0,39867.0,33351.0,22505.0
2017-05-02,38480.0,34866.0,29140.0,19695.0
2017-05-03,39667.0,36527.0,28794.0,18761.0
2017-05-04,42067.0,36798.0,30434.0,19102.0
2017-05-05,46442.0,42352.0,36603.0,20836.0
2017-05-06,48221.0,45701.0,37502.0,20653.0
2017-05-08,48316.0,45409.0,40123.0,21110.0
2017-05-09,46853.0,43307.0,34417.0,19344.0
2017-05-10,45407.0,40083.0,32685.0,19037.0
2017-05-11,43878.0,40193.0,32862.0,19104.0
2017-05-12,42330.0,38527.0,34184.0,20934.0
2017-05-13,39941.0,36541.0,31317.0,20619.0
2017-05-15,39095.0,35752.0,29749.0,20295.0
2017-05-16,40112.0,35313.0,29171.0,21169.0
2017-05-17,44109.0,39225.0,31034.0,20829.0
2017-05-18,45279.0,41586.0,36928.0,24598.0
2017-05-19,60286.0,53266.0,42542.0,24825.0
2017-05-20,86122.0,78098.0,59320.0,26778.0
2017-05-22,94537.0,82463.0,66657.0,30152.0
2017-05-23,91070.0,85278.0,73480.0,35079.0
2017-05-24,84000.0,76865.0,61789.0,33176.0
2017-05-25,82439.0,78260.0,58226.0,34144.0
2017-05-26,100878.0,92842.0,68584.0,35739.0
2017-05-27,96123.0,90497.0,69466.0,33621.0
2017-05-29,90533.0,80495.0,57737.0,28695.0
2017-05-30,85467.0,69911.0,53719.0,30154.0
2017-05-31,68811.0,65520.0,55207.0,31464.0
2017-06-01,73442.0,68063.0,54741.0,34928.0
2017-06-02,79587.0,72330.0,56497.0,36406.0
2017-06-03,79905.0,75468.0,57699.0,35502.0
2017-06-05,78052.0,70529.0,53418.0,29607.0
2017-06-06,77509.0,70589.0,58012.0,32554.0
2017-06-07,76955.0,71928.0,56748.0,31030.0
2017-06-08,75250.0,70425.0,61438.0,35460.0
2017-06-09,73172.0,66433.0,54141.0,30672.0
2017-06-10,63592.0,55899.0,41981.0,25828.0
2017-06-12,60990.0,48966.0,38870.0,24352.0
2017-06-13,52302.0,42994.0,34716.0,23085.0
2017-06-14,47446.0,37286.0,29118.0,22293.0
2017-06-15,44727.0,39911.0,31873.0,22727.0
2017-06-16,45292.0,41102.0,33395.0,22481.0
2017-06-17,49917.0,44918.0,36542.0,23425.0
2017-06-19,54883.0,48807.0,40400.0,25962.0
2017-06-20,56254.0,50034.0,39885.0,27035.0
2017-06-21,54193.0,46488.0,38028.0,25949.0
2017-06-22,51322.0,45217.0,36967.0,25814.0
2017-06-23,52333.0,45802.0,36332.0,26677.0
2017-06-24,48083.0,42218.0,34620.0,25616.0
2017-06-26,48866.0,41773.0,34093.0,26226.0
2017-06-27,50160.0,42433.0,31205.0,23387.0
2017-06-28,49245.0,43323.0,36156.0,27264.0
2017-06-29,49073.0,45967.0,37577.0,25152.0
2017-06-30,52947.0,47987.0,41066.0,29454.0
2017-07-01,55870.0,47621.0,35572.0,26075.0
2017-07-03,62584.0,53795.0,40301.0,28265.0
2017-07-04,60828.0,49165.0,36055.0,25341.0
2017-07-05,57447.0,48611.0,35294.0,27109.0
2017-07-06,52398.0,43795.0,30130.0,22783.0
2017-07-07,53421.0,44361.0,32126.0,24596.0
2017-07-08,49913.0,39064.0,27704.0,20473.0
2017-07-10,55911.0,46438.0,33093.0,24022.0
2017-07-11,56355.0,40136.0,28862.0,22978.0
2017-07-12,52840.0,39401.0,27505.0,24144.0
2017-07-13,48892.0,32885.0,24905.0,19659.0
2017-07-14,42510.0,29110.0,23366.0,17748.0
2017-07-15,44096.0,30387.0,21859.0,14936.0
2017-07-17,48901.0,39923.0,24294.0,16980.0
2017-07-18,40531.0,26161.0,19346.0,14443.0
2017-07-19,42429.0,27213.0,20771.0,16223.0
2017-07-20,38613.0,24204.0,18215.0,13163.0
2017-07-21,38029.0,28365.0,19150.0,12571.0
2017-07-22,40381.0,28492.0,20335.0,14320.0
2017-07-24,50258.0,39443.0,25496.0,16136.0
2017-07-25,56459.0,38281.0,24546.0,16333.0
2017-07-26,60061.0,45576.0,25109.0,16118.0
2017-07-27,59320.0,36199.0,20068.0,13370.0
2017-07-28,61804.0,40679.0,22525.0,14300.0
2017-07-29,61134.0,39230.0,20592.0,15078.0
2017-07-31,60291.0,37545.0,21190.0,16217.0
2017-08-01,54978.0,34094.0,21240.0,15182.0
2017-08-02,47070.0,34233.0,22380.0,16922.0
2017-08-03,54459.0,30184.0,22377.0,16335.0
2017-08-04,50395.0,26739.0,19623.0,12276.0
2017-08-07,50971.0,29956.0,22594.0,13242.0
2017-08-08,44322.0,29309.0,24122.0,17644.0
2017-08-09,46458.0,30580.0,26953.0,22779.0
2017-08-10,47832.0,33147.0,28569.0,22840.0
2017-08-11,49973.0,31491.0,27849.0,22889.0
2017-08-12,49197.0,33205.0,27180.0,21668.0
2017-08-14,39341.0,28014.0,24542.0,20152.0
2017-08-15,36570.0,26801.0,22407.0,17211.0
2017-08-16,39505.0,26854.0,22506.0,18674.0
2017-08-17,38176.0,27383.0,22417.0,16391.0
2017-08-18,41254.0,27377.0,22600.0,17856.0
2017-08-19,39161.0,26314.0,21754.0,12563.0
2017-08-21,41828.0,28031.0,21065.0,14316.0
2017-08-22,41947.0,28397.0,21794.0,14612.0
2017-08-23,45712.0,31741.0,24275.0,18375.0
2017-08-24,47477.0,31374.0,22225.0,16839.0
2017-08-25,47392.0,34006.0,25827.0,17038.0
2017-08-26,53786.0,33128.0,26907.0,19385.0
2017-08-28,51806.0,32556.0,25686.0,20267.0
2017-08-29,58404.0,35458.0,28101.0,22210.0
2017-08-30,52746.0,37737.0,31573.0,26190.0
2017-08-31,55604.0,43912.0,37076.0,29142.0
2017-09-01,58038.0,47857.0,39487.0,32343.0
2017-09-02,55323.0,46061.0,38846.0,30892.0
2017-09-04,61922.0,46294.0,37743.0,30134.0
2017-09-05,76055.0,53609.0,38732.0,29117.0
2017-09-06,95315.0,75857.0,48788.0,33407.0
2017-09-07,96220.0,75436.0,45615.0,33422.0
2017-09-08,94350.0,73915.0,48531.0,35216.0
2017-09-09,89659.0,63107.0,40589.0,30765.0
2017-09-11,92150.0,78426.0,48284.0,34298.0
2017-09-12,90972.0,72305.0,45408.0,34213.0
2017-09-13,89836.0,75736.0,49992.0,38878.0
2017-09-14,78612.0,63075.0,45021.0,34484.0
2017-09-15,71616.0,58994.0,44870.0,34523.0
2017-09-16,64659.0,56422.0,41036.0,31787.0
2017-09-18,73481.0,61236.0,46861.0,33123.0
2017-09-19,72942.0,59914.0,46740.0,33184.0
2017-09-20,73546.0,61027.0,45703.0,35162.0
2017-09-21,81289.0,65689.0,48416.0,36565.0
2017-09-22,82345.0,73708.0,52317.0,36790.0
2017-09-23,88218.0,76778.0,56127.0,39634.0
2017-09-25,129700.0,99335.0,70514.0,45352.0
2017-09-26,128052.0,114615.0,86486.0,54065.0
2017-09-27,122928.0,102582.0,81448.0,48663.0
2017-09-28,111016.0,83227.0,58370.0,38236.0
2017-09-29,124579.0,86167.0,51957.0,28999.0
2017-09-30,119158.0,104977.0,66703.0,31403.0
2017-10-02,254449.0,209984.0,119738.0,40233.0
2017-10-03,290000.0,271112.0,175874.0,57189.0
2017-10-07,185971.0,130410.0,64465.0,30582.0
2017-10-09,112159.0,82450.0,57287.0,29301.0
2017-10-10,85045.0,68831.0,41096.0,22117.0
2017-10-11,87606.0,60276.0,38514.0,22972.0
2017-10-12,83209.0,67421.0,41422.0,27823.0
2017-10-13,76704.0,59370.0,42781.0,27650.0
2017-10-14,63324.0,47120.0,33710.0,23119.0
2017-10-16,72231.0,52186.0,35088.0,20601.0
2017-10-17,70209.0,53479.0,30912.0,21432.0
2017-10-18,82757.0,64874.0,43137.0,27352.0
2017-10-19,107500.0,74672.0,51416.0,31721.0
2017-10-20,128061.0,103558.0,65599.0,36617.0
2017-10-21,102294.0,84430.0,58339.0,37640.0
2017-10-23,109922.0,80548.0,56239.0,35673.0
2017-10-24,101398.0,73907.0,49718.0,33019.0
2017-10-25,98058.0,81623.0,56849.0,33324.0
2017-10-26,89052.0,69725.0,48069.0,30791.0
2017-10-27,75938.0,62698.0,40828.0,25260.0
2017-10-28,86681.0,62405.0,41625.0,24107.0
2017-10-30,76714.0,61182.0,43110.0,27112.0
2017-10-31,73692.0,57351.0,35304.0,21749.0
2017-11-01,85117.0,64776.0,42052.0,19255.0
2017-11-02,80237.0,67597.0,46237.0,24272.0
2017-11-03,89800.0,63488.0,41330.0,25124.0
2017-11-04,91194.0,76095.0,49183.0,24285.0
2017-11-06,83787.0,73088.0,47426.0,24692.0
2017-11-07,91129.0,77203.0,52092.0,28580.0
2017-11-08,80467.0,71924.0,42553.0,24667.0
2017-11-09,88759.0,82253.0,61461.0,29199.0
2017-11-10,83046.0,68849.0,44914.0,25687.0
2017-11-11,75579.0,70038.0,52955.0,31176.0
2017-11-13,68764.0,61828.0,49467.0,28927.0
2017-11-14,71462.0,60281.0,46115.0,23923.0
2017-11-15,66875.0,58335.0,42720.0,26402.0
2017-11-16,61457.0,53057.0,40100.0,26097.0
2017-11-17,62229.0,50567.0,36018.0,21355.0
2017-11-18,64140.0,56069.0,41232.0,25472.0
2017-11-20,68727.0,60568.0,43531.0,27041.0
2017-11-21,62429.0,56350.0,47142.0,28560.0
2017-11-22,59700.0,51886.0,40714.0,24626.0
2017-11-23,65609.0,52857.0,41953.0,27475.0
2017-11-24,73913.0,58709.0,40864.0,26846.0
2017-11-25,69875.0,61872.0,49484.0,26276.0
2017-11-27,70556.0,63404.0,56448.0,39679.0
2017-11-28,68596.0,62788.0,55135.0,38320.0
2017-11-29,68086.0,62259.0,52679.0,29175.0
2017-11-30,72727.0,66881.0,50391.0,33116.0
2017-12-01,81500.0,72954.0,60174.0,37083.0
2017-12-02,78286.0,73571.0,64285.0,40746.0
2017-12-04,83000.0,79865.0,73452.0,47708.0
2017-12-05,91391.0,85419.0,75602.0,51916.0
2017-12-06,90265.0,85856.0,75249.0,47920.0
2017-12-07,87951.0,77573.0,65762.0,44109.0
2017-12-08,83188.0,73443.0,60973.0,40216.0
2017-12-09,77741.0,68440.0,57786.0,32634.0
2017-12-11,82618.0,70665.0,60461.0,37820.0
2017-12-12,82556.0,73435.0,64041.0,47400.0
2017-12-13,86526.0,78474.0,63363.0,36964.0
2017-12-14,93143.0,85580.0,74639.0,50534.0
2017-12-15,91821.0,80612.0,68175.0,49934.0
2017-12-16,87868.0,79235.0,64114.0,42318.0
2017-12-18,89800.0,76552.0,67011.0,39963.0
2017-12-19,85842.0,80022.0,70059.0,52404.0
2017-12-20,86294.0,80029.0,69545.0,48328.0
2017-12-21,84483.0,71848.0,63139.0,46755.0
2017-12-22,78400.0,67897.0,57179.0,37332.0
2017-12-23,76463.0,67171.0,56053.0,38147.0
2017-12-25,75432.0,62760.0,51358.0,30555.0
2017-12-26,70077.0,61330.0,50808.0,28012.0
2017-12-27,57914.0,51047.0,39096.0,23091.0
2017-12-28,61636.0,51116.0,35902.0,18394.0
2017-12-29,58460.0,50193.0,38416.0,17569.0
2017-12-30,49742.0,44597.0,31592.0,18080.0
2018-01-03,57038.0,45489.0,34676.0,18852.0
2018-01-04,57095.0,48944.0,32775.0,20274.0
2018-01-05,51077.0,45058.0,34861.0,21581.0
2018-01-06,49673.0,45678.0,36474.0,22149.0
2018-01-08,46545.0,41349.0,33301.0,22847.0
2018-01-09,46207.0,39422.0,29026.0,17586.0
2018-01-10,43000.0,36892.0,29463.0,16733.0
2018-01-11,42000.0,36057.0,29153.0,17124.0
2018-01-12,41000.0,34104.0,25592.0,16159.0
2018-01-13,37000.0,34193.0,27189.0,19259.0
2018-01-15,36778.0,31511.0,24293.0,15857.0
2018-01-16,35859.0,30839.0,26566.0,17848.0
2018-01-17,36583.0,30596.0,24969.0,15582.0
2018-01-18,35000.0,30718.0,25181.0,17090.0
2018-01-19,43278.0,35296.0,25241.0,16611.0
2018-01-20,43750.0,35154.0,25832.0,19629.0
2018-01-22,40955.0,34905.0,26912.0,18522.0
2018-01-23,40778.0,33288.0,25941.0,18004.0
2018-01-24,41875.0,35398.0,27230.0,17746.0
2018-01-25,34667.0,31105.0,22971.0,15574.0
2018-01-26,39200.0,34409.0,26585.0,15338.0
2018-01-27,35000.0,33110.0,25935.0,15769.0
2018-01-29,47868.0,40201.0,29984.0,19325.0
2018-01-30,44479.0,36903.0,27161.0,17529.0
2018-01-31,40423.0,36264.0,30585.0,20481.0
2018-02-01,42850.0,38053.0,28160.0,14211.0
2018-02-02,45357.0,39358.0,28905.0,17533.0
2018-02-03,39500.0,36647.0,29815.0,21613.0
2018-02-05,46811.0,40910.0,33543.0,21554.0
2018-02-06,39563.0,34974.0,28191.0,19325.0
2018-02-07,43560.0,36658.0,30128.0,14702.0
2018-02-08,44609.0,38640.0,28036.0,16522.0
2018-02-09,44500.0,38604.0,29738.0,18397.0
2018-02-10,42314.0,34558.0,25545.0,16662.0
2018-02-12,51963.0,44688.0,32569.0,17452.0
2018-02-13,57807.0,49860.0,33007.0,19922.0
2018-02-14,45290.0,37642.0,24078.0,13773.0
2018-02-15,32250.0,28986.0,23578.0,12117.0
2018-02-19,50600.0,43676.0,35705.0,17546.0
2018-02-20,59000.0,51530.0,34098.0,15190.0
2018-02-21,43292.0,39067.0,29859.0,17889.0
2018-02-22,48188.0,38702.0,27128.0,16013.0
2018-02-23,44833.0,37728.0,26717.0,14596.0
2018-02-24,42925.0,37586.0,23960.0,15252.0
2018-02-26,43500.0,40813.0,32266.0,18362.0
2018-02-27,46750.0,42891.0,36623.0,21278.0
2018-02-28,56846.0,49593.0,39579.0,18754.0
2018-03-01,71125.0,66667.0,44172.0,20732.0
2018-03-02,85769.0,73747.0,42408.0,21141.0
2018-03-03,103632.0,92270.0,53676.0,23750.0
2018-03-05,97354.0,84849.0,58332.0,29160.0
2018-03-06,89448.0,80421.0,61917.0,24385.0
2018-03-07,92680.0,81197.0,53290.0,20837.0
2018-03-08,92813.0,80159.0,48911.0,19472.0
2018-03-09,95462.0,78416.0,55146.0,30295.0
2018-03-10,94828.0,82551.0,57153.0,29248.0
2018-03-12,99244.0,80967.0,54046.0,26873.0
2018-03-13,107057.0,82567.0,55273.0,25117.0
2018-03-14,117235.0,92667.0,62482.0,31709.0
2018-03-15,140423.0,104867.0,68363.0,29328.0
2018-03-16,141000.0,108849.0,72455.0,36883.0
2018-03-17,147133.0,107799.0,69191.0,35327.0
2018-03-19,153375.0,108647.0,69419.0,30817.0
2018-03-20,186636.0,157417.0,105302.0,42732.0
2018-03-21,263222.0,217679.0,136384.0,44748.0
2018-03-22,255184.0,176723.0,94341.0,40297.0
2018-03-23,183441.0,140119.0,92846.0,40423.0
2018-03-24,135667.0,103160.0,67698.0,34390.0
2018-03-26,167167.0,121076.0,74113.0,31811.0
2018-03-27,202455.0,180545.0,110646.0,42302.0
2018-03-28,198324.0,178841.0,133601.0,54686.0
2018-03-29,185931.0,157727.0,94639.0,45341.0
2018-03-30,200522.0,167321.0,111297.0,47004.0
2018-03-31,213708.0,192151.0,116214.0,48703.0
2018-04-02,216351.0,194689.0,144594.0,54184.0
2018-04-03,189175.0,180246.0,152635.0,63215.0
2018-04-04,152022.0,139167.0,118009.0,56202.0
2018-04-05,141143.0,134311.0,111998.0,70198.0
2018-04-06,133640.0,128664.0,105900.0,63843.0
2018-04-07,123818.0,117503.0,100922.0,55797.0
2018-04-09,110989.0,102750.0,86246.0,44339.0
2018-04-10,105289.0,99810.0,91354.0,65763.0
2018-04-11,97803.0,92217.0,80375.0,50960.0
2018-04-12,94222.0,89742.0,76848.0,55291.0
2018-04-13,104308.0,99768.0,88635.0,55283.0
2018-04-14,111735.0,109024.0,101845.0,72699.0
2018-04-16,125303.0,121249.0,110265.0,58826.0
2018-04-17,141613.0,132367.0,121239.0,78529.0
2018-04-18,132696.0,126527.0,119829.0,84260.0
2018-04-19,113218.0,105358.0,93025.0,69451.0
2018-04-20,98364.0,92915.0,82258.0,59563.0
2018-04-21,91313.0,82313.0,69849.0,38978.0
2018-04-23,89758.0,85478.0,70024.0,39952.0
2018-04-24,103806.0,94314.0,83747.0,54748.0
2018-04-25,104771.0,99694.0,90571.0,59170.0
2018-04-26,96375.0,89237.0,82020.0,63124.0
2018-04-27,93688.0,85931.0,73010.0,56842.0
2018-04-28,89250.0,80709.0,71640.0,56063.0
2018-04-30,82769.0,77842.0,70599.0,51703.0
2018-05-01,86938.0,83850.0,74506.0,54658.0
2018-05-02,99372.0,89584.0,74820.0,49895.0
2018-05-03,98190.0,95173.0,85412.0,57610.0
2018-05-04,100390.0,96302.0,87401.0,54929.0
2018-05-05,100400.0,96240.0,85223.0,58408.0
2018-05-07,95271.0,92332.0,81636.0,53213.0
2018-05-08,95907.0,91579.0,83697.0,57543.0
2018-05-09,86271.0,78461.0,68297.0,47034.0
2018-05-10,77628.0,71802.0,64216.0,45212.0
2018-05-11,65679.0,62068.0,53306.0,37172.0
2018-05-12,65655.0,59717.0,47413.0,30604.0
2018-05-14,62000.0,57699.0,44503.0,23373.0
2018-05-15,70561.0,60702.0,53645.0,35146.0
2018-05-16,67842.0,64028.0,54044.0,36768.0
2018-05-17,63294.0,57936.0,50324.0,32233.0
2018-05-18,63704.0,57855.0,45235.0,29564.0
2018-05-19,57547.0,52579.0,42480.0,30398.0
2018-05-21,53564.0,48624.0,41597.0,30394.0
2018-05-22,47397.0,44049.0,37870.0,29785.0
2018-05-23,42721.0,39117.0,35750.0,30438.0
2018-05-24,46491.0,42169.0,37221.0,31266.0
2018-05-25,48140.0,43788.0,36656.0,30319.0
2018-05-26,47665.0,44078.0,38672.0,30823.0
2018-05-28,49315.0,45392.0,37611.0,31061.0
2018-05-29,49288.0,45860.0,39123.0,31625.0
2018-05-30,48268.0,45516.0,40010.0,32441.0
2018-05-31,47890.0,42761.0,37478.0,31463.0
2018-06-01,45347.0,40004.0,35036.0,30690.0
2018-06-02,43463.0,38926.0,33820.0,28040.0
2018-06-04,48490.0,43079.0,34860.0,27425.0
2018-06-05,65841.0,56171.0,44924.0,31662.0
2018-06-06,73692.0,67439.0,50200.0,31664.0
2018-06-07,88143.0,79735.0,57605.0,33284.0
2018-06-08,92633.0,84746.0,56973.0,37567.0
2018-06-09,84631.0,73533.0,49048.0,32961.0
2018-06-11,72798.0,63348.0,44816.0,32487.0
2018-06-12,64656.0,55890.0,40552.0,29770.0
2018-06-13,57441.0,52160.0,41120.0,32844.0
2018-06-14,74146.0,64521.0,52186.0,36059.0
2018-06-15,72816.0,64221.0,51275.0,36005.0
2018-06-16,62143.0,52078.0,41670.0,32928.0
2018-06-18,58367.0,49900.0,40302.0,32932.0
2018-06-19,53081.0,47048.0,39363.0,34013.0
2018-06-20,58648.0,53437.0,42933.0,34416.0
2018-06-21,78500.0,72152.0,56837.0,36340.0
2018-06-22,86340.0,77952.0,60733.0,40222.0
2018-06-23,58575.0,51047.0,41473.0,33188.0
2018-06-25,55676.0,51681.0,41549.0,32861.0
2018-06-26,61254.0,55708.0,45583.0,35140.0
2018-06-27,73604.0,66538.0,51709.0,35626.0
2018-06-28,70005.0,62546.0,46489.0,34919.0
2018-06-29,59739.0,52811.0,43818.0,34072.0
2018-06-30,57206.0,48568.0,40260.0,35014.0
2018-07-02,58938.0,52088.0,42401.0,30953.0
2018-07-03,58304.0,50033.0,40438.0,28692.0
2018-07-04,57384.0,51393.0,41077.0,29048.0
2018-07-05,54955.0,49280.0,39647.0,32314.0
2018-07-06,59945.0,50825.0,40640.0,32866.0
2018-07-07,61956.0,49958.0,38453.0,31387.0
2018-07-09,84563.0,73386.0,52347.0,34189.0
2018-07-10,112072.0,100486.0,69383.0,40363.0
2018-07-11,97250.0,80292.0,50737.0,34924.0
2018-07-12,75348.0,58896.0,40853.0,30558.0
2018-07-13,59622.0,50468.0,39489.0,29852.0
2018-07-14,56728.0,44494.0,34338.0,25958.0
2018-07-16,58654.0,43149.0,33802.0,26282.0
2018-07-17,57611.0,43261.0,32155.0,25284.0
2018-07-18,51723.0,42910.0,32391.0,24923.0
2018-07-19,54400.0,45192.0,32602.0,25097.0
2018-07-20,56446.0,45415.0,32688.0,24440.0
2018-07-21,62362.0,47611.0,33566.0,26701.0
2018-07-23,69112.0,55847.0,38832.0,28825.0
2018-07-24,67273.0,53922.0,38689.0,30896.0
2018-07-25,72270.0,54760.0,41199.0,33712.0
2018-07-26,69250.0,54577.0,43165.0,33120.0
2018-07-27,68496.0,50796.0,43374.0,37776.0
2018-07-28,72259.0,47987.0,40457.0,32980.0
2018-07-30,67970.0,46726.0,36701.0,31380.0
2018-07-31,62339.0,44682.0,36240.0,32042.0
2018-08-01,71025.0,47823.0,40009.0,34898.0
2018-08-02,73994.0,49479.0,43280.0,38269.0
2018-08-03,136471.0,59641.0,48337.0,43134.0
2018-08-06,100241.0,52179.0,43871.0,39713.0
2018-08-07,68720.0,43882.0,39270.0,34900.0
2018-08-08,52702.0,38981.0,36475.0,31503.0
2018-08-09,50177.0,40764.0,37725.0,33470.0
2018-08-10,48709.0,42036.0,39574.0,35282.0
2018-08-11,50519.0,43834.0,42057.0,36270.0
2018-08-13,50864.0,42707.0,39795.0,35742.0
2018-08-14,48876.0,42331.0,39872.0,35693.0
2018-08-15,46141.0,42223.0,40349.0,36124.0
2018-08-16,46203.0,42555.0,41111.0,37272.0
2018-08-17,46958.0,42628.0,40599.0,37184.0
2018-08-18,49065.0,44528.0,42688.0,38755.0
2018-08-20,54524.0,46047.0,43999.0,39962.0
2018-08-21,48547.0,41886.0,39385.0,35656.0
2018-08-22,50812.0,39271.0,35999.0,31653.0
2018-08-23,51532.0,37192.0,33850.0,29205.0
2018-08-24,55063.0,44566.0,34632.0,28923.0
2018-08-25,58500.0,44201.0,37437.0,30732.0
2018-08-27,52829.0,41914.0,34840.0,31246.0
2018-08-28,50568.0,39318.0,33350.0,27718.0
2018-08-29,50122.0,38654.0,32360.0,26641.0
2018-08-30,50931.0,36657.0,29539.0,21533.0
2018-08-31,51924.0,38924.0,31670.0,22427.0
2018-09-01,51746.0,36612.0,31307.0,24031.0
2018-09-03,47472.0,33081.0,27182.0,20078.0
2018-09-04,44064.0,30548.0,22761.0,14399.0
2018-09-05,42533.0,32819.0,25474.0,19174.0
2018-09-06,40092.0,32000.0,26873.0,20258.0
2018-09-07,42182.0,32167.0,26712.0,21004.0
2018-09-08,45313.0,32916.0,26349.0,19461.0
2018-09-10,48603.0,38804.0,30080.0,22095.0
2018-09-11,58065.0,42265.0,32114.0,24497.0
2018-09-12,65260.0,45929.0,30325.0,22358.0
2018-09-13,72043.0,49187.0,32514.0,24788.0
2018-09-14,69299.0,49664.0,32048.0,22812.0
2018-09-15,69905.0,51326.0,32837.0,21690.0
2018-09-17,77827.0,58065.0,37567.0,21880.0
2018-09-18,98086.0,63082.0,34438.0,20354.0
2018-09-19,110188.0,79713.0,44226.0,22477.0
2018-09-20,93000.0,64037.0,35869.0,19404.0
2018-09-21,79675.0,43826.0,23504.0,13022.0
2018-09-22,43385.0,27120.0,18106.0,10228.0
2018-09-27,116609.0,70520.0,37166.0,14763.0
2018-09-28,109529.0,73392.0,36939.0,20565.0
2018-09-29,90367.0,60454.0,31792.0,18111.0
2018-10-01,67332.0,43683.0,25757.0,15682.0
2018-10-02,54487.0,42351.0,26162.0,15963.0
2018-10-03,48948.0,39295.0,27873.0,19147.0
2018-10-04,45585.0,36806.0,28123.0,17871.0
2018-10-05,62806.0,43388.0,27686.0,18967.0
2018-10-06,127696.0,59504.0,24183.0,20224.0
2018-10-08,142735.0,102435.0,43354.0,24982.0
2018-10-09,138057.0,100671.0,51835.0,26048.0
2018-10-10,134152.0,95045.0,46718.0,23551.0
2018-10-11,125764.0,90888.0,52259.0,23675.0
2018-10-12,122667.0,81522.0,43119.0,20366.0
2018-10-13,104455.0,66341.0,40503.0,21383.0
2018-10-15,91794.0,68770.0,35812.0,17647.0
2018-10-16,107326.0,77579.0,34633.0,15491.0
2018-10-17,118800.0,86992.0,43689.0,22047.0
2018-10-18,128818.0,104460.0,56388.0,24787.0
2018-10-19,126025.0,103760.0,48731.0,20201.0
2018-10-20,121688.0,99223.0,39037.0,17419.0
2018-10-22,114848.0,87534.0,47321.0,23733.0
2018-10-23,110629.0,92196.0,48675.0,22968.0
2018-10-24,152773.0,128977.0,68920.0,28591.0
2018-10-25,134081.0,110258.0,58580.0,22170.0
2018-10-26,143813.0,118729.0,72642.0,30950.0
2018-10-27,145000.0,131079.0,76752.0,30261.0
2018-10-29,142250.0,127874.0,83904.0,33264.0
2018-10-30,153667.0,114065.0,77234.0,33774.0
2018-10-31,156327.0,118595.0,60628.0,26583.0
2018-11-01,158393.0,129218.0,73710.0,31330.0
2018-11-02,142531.0,128029.0,68275.0,32084.0
2018-11-03,133611.0,118688.0,73745.0,28869.0
2018-11-05,123659.0,109202.0,82006.0,35193.0
2018-11-06,123100.0,102174.0,64485.0,31320.0
2018-11-07,132667.0,124937.0,88139.0,40054.0
2018-11-08,142667.0,128068.0,80144.0,30876.0
2018-11-09,151800.0,138166.0,98933.0,46230.0
2018-11-10,149303.0,129340.0,79838.0,38101.0
2018-11-12,137756.0,126563.0,98515.0,42604.0
2018-11-13,122595.0,113255.0,81039.0,38468.0
2018-11-14,91878.0,79883.0,64526.0,39733.0
2018-11-15,74122.0,61123.0,51618.0,28932.0
2018-11-16,71784.0,52620.0,38893.0,24356.0
2018-11-17,66455.0,54508.0,34386.0,19870.0
2018-11-19,63922.0,52310.0,39493.0,21512.0
2018-11-20,61361.0,46770.0,31456.0,16961.0
2018-11-21,52435.0,47096.0,32890.0,21819.0
2018-11-22,58000.0,48851.0,33846.0,18470.0
2018-11-23,64458.0,57127.0,43461.0,22840.0
2018-11-24,63586.0,55399.0,45509.0,23635.0
2018-11-26,70282.0,57252.0,46005.0,26290.0
2018-11-27,76960.0,67105.0,48957.0,26065.0
2018-11-28,78078.0,68730.0,55494.0,32274.0
2018-11-29,65400.0,57314.0,42665.0,26027.0
2018-11-30,69321.0,52398.0,38341.0,24156.0
2018-12-01,68192.0,50287.0,37620.0,22244.0
2018-12-03,63649.0,51243.0,40267.0,22422.0
2018-12-04,69364.0,56030.0,38241.0,19081.0
2018-12-05,68984.0,59723.0,45486.0,25050.0
2018-12-06,67881.0,58100.0,44958.0,22029.0
2018-12-07,60804.0,49739.0,35388.0,17502.0
2018-12-08,52934.0,42157.0,27909.0,15923.0
2018-12-10,58097.0,47135.0,32662.0,17532.0
2018-12-11,57758.0,47160.0,31430.0,17724.0
2018-12-12,54700.0,47704.0,36477.0,21829.0
2018-12-13,47233.0,41082.0,30449.0,19109.0
2018-12-14,51600.0,39980.0,29929.0,19794.0
2018-12-15,50793.0,41158.0,28852.0,17582.0
2018-12-17,52481.0,43936.0,32470.0,20853.0
2018-12-18,50690.0,41029.0,29794.0,16021.0
2018-12-19,49590.0,42806.0,30129.0,17948.0
2018-12-20,47829.0,38467.0,24819.0,15626.0
2018-12-21,46682.0,38023.0,25280.0,15705.0
2018-12-22,46397.0,37515.0,24219.0,14878.0
2018-12-24,47263.0,39673.0,24434.0,14569.0
2018-12-25,45731.0,40458.0,24778.0,12669.0
2018-12-26,44640.0,38520.0,25901.0,13256.0
2018-12-27,46227.0,40023.0,25621.0,12227.0
2018-12-28,45808.0,32910.0,19418.0,12085.0
2018-12-29,41474.0,37267.0,25839.0,13598.0
2018-12-31,53955.0,45208.0,29362.0,15266.0
2019-01-03,52500.0,46422.0,35851.0,16980.0
2019-01-04,53969.0,46036.0,32460.0,16617.0
2019-01-05,52550.0,46342.0,36615.0,18533.0
2019-01-07,49500.0,45655.0,34370.0,17749.0
2019-01-08,48710.0,44858.0,36952.0,21125.0
2019-01-09,47826.0,43129.0,33366.0,20698.0
2019-01-10,47038.0,38271.0,29613.0,20346.0
2019-01-11,46000.0,41227.0,29917.0,18540.0
2019-01-12,44263.0,38883.0,30240.0,20005.0
2019-01-14,48000.0,42608.0,33296.0,20366.0
2019-01-15,49760.0,45338.0,35442.0,18142.0
2019-01-16,55364.0,47944.0,37672.0,21098.0
2019-01-17,56333.0,47539.0,36546.0,21078.0
2019-01-18,59961.0,52220.0,36542.0,17705.0
2019-01-19,59629.0,50948.0,34242.0,18764.0
2019-01-21,72378.0,53980.0,34160.0,19014.0
2019-01-22,84400.0,74415.0,42293.0,19961.0
2019-01-23,76432.0,65393.0,50906.0,24792.0
2019-01-24,72059.0,56256.0,34530.0,18632.0
2019-01-25,64537.0,51295.0,32950.0,17202.0
2019-01-26,58889.0,47415.0,28091.0,15431.0
2019-01-28,58364.0,50952.0,31279.0,14682.0
2019-01-29,68269.0,60523.0,38085.0,14564.0
2019-01-30,66464.0,57213.0,40743.0,18291.0
2019-01-31,72061.0,62090.0,43377.0,20042.0
2019-02-01,85489.0,77361.0,57493.0,23669.0
2019-02-02,102641.0,90044.0,55336.0,21199.0
2019-02-04,96194.0,91578.0,67548.0,19506.0
2019-02-08,92064.0,82421.0,57683.0,21927.0
2019-02-09,74111.0,63589.0,41713.0,16869.0
2019-02-11,57810.0,50095.0,34330.0,16070.0
2019-02-12,52000.0,45835.0,34165.0,18804.0
2019-02-13,49294.0,43687.0,32962.0,18133.0
2019-02-14,55583.0,43376.0,30883.0,17987.0
2019-02-15,65565.0,55325.0,40134.0,20397.0
2019-02-16,62500.0,56378.0,36907.0,20556.0
2019-02-18,67154.0,60071.0,41068.0,20707.0
2019-02-19,66133.0,60054.0,46829.0,24230.0
2019-02-20,64938.0,58844.0,46949.0,25163.0
2019-02-21,66000.0,61393.0,45664.0,20574.0
2019-02-22,67160.0,57993.0,42288.0,24516.0
2019-02-23,63183.0,58424.0,43108.0,26776.0
2019-02-25,70486.0,61924.0,41989.0,26214.0
2019-02-26,72985.0,64138.0,44962.0,22916.0
2019-02-27,69050.0,64296.0,46593.0,25520.0
2019-02-28,71500.0,66816.0,52191.0,30426.0
2019-03-01,77125.0,65760.0,45113.0,27402.0
2019-03-02,84179.0,67135.0,47128.0,31507.0
2019-03-04,79350.0,74932.0,50114.0,29189.0
2019-03-05,88528.0,83354.0,61811.0,29075.0
2019-03-06,87733.0,84408.0,65374.0,27934.0
2019-03-07,93588.0,87115.0,72509.0,35279.0
2019-03-08,89184.0,83725.0,63511.0,31882.0
2019-03-09,88306.0,79449.0,54037.0,27887.0
2019-03-11,80612.0,74822.0,54634.0,23400.0
2019-03-12,77556.0,72021.0,56183.0,30818.0
2019-03-13,76953.0,70763.0,53301.0,29007.0
2019-03-14,83528.0,75557.0,51344.0,19102.0
2019-03-15,80915.0,75651.0,61575.0,35439.0
2019-03-16,77990.0,69772.0,54095.0,32933.0
2019-03-18,70718.0,63765.0,51710.0,29152.0
2019-03-19,66461.0,61204.0,47383.0,26943.0
2019-03-20,64050.0,57584.0,41741.0,24942.0
2019-03-21,62061.0,56258.0,40685.0,20838.0
2019-03-22,63459.0,57522.0,41038.0,21540.0
2019-03-23,66000.0,62320.0,46147.0,23414.0
2019-03-25,69465.0,66249.0,49641.0,25759.0
2019-03-26,81450.0,71346.0,51834.0,29604.0
2019-03-27,95000.0,85640.0,58423.0,33543.0
2019-03-28,95977.0,90635.0,69661.0,40673.0
2019-03-29,85855.0,75542.0,58554.0,33179.0
2019-03-30,69140.0,60464.0,43072.0,22962.0
2019-04-01,61098.0,54163.0,39714.0,17660.0
2019-04-02,65931.0,59203.0,43443.0,22028.0
2019-04-03,70113.0,62296.0,51342.0,25898.0
2019-04-04,84281.0,78630.0,56300.0,27143.0
2019-04-05,74324.0,68014.0,57573.0,29976.0
2019-04-06,64685.0,56968.0,48952.0,29631.0
2019-04-08,69385.0,60350.0,43144.0,24175.0
2019-04-09,67885.0,61067.0,50237.0,29289.0
2019-04-10,67878.0,61534.0,52869.0,29801.0
2019-04-11,64917.0,61128.0,49488.0,28953.0
2019-04-12,61684.0,56374.0,47801.0,28654.0
2019-04-13,62795.0,56156.0,45088.0,27308.0
2019-04-15,62457.0,55495.0,45571.0,30336.0
2019-04-16,70675.0,60786.0,53701.0,32752.0
2019-04-17,69000.0,64798.0,53912.0,32940.0
2019-04-18,66344.0,63443.0,56157.0,38538.0
2019-04-19,69791.0,65482.0,54459.0,36331.0
2019-04-20,76750.0,69307.0,58849.0,38894.0
2019-04-22,67836.0,61926.0,55344.0,35945.0
2019-04-23,69638.0,63231.0,54537.0,35181.0
2019-04-24,67387.0,62417.0,57283.0,35041.0
2019-04-25,66478.0,63253.0,58175.0,40392.0
2019-04-26,65648.0,61803.0,53080.0,38526.0
2019-04-27,60259.0,56247.0,51800.0,40404.0
2019-04-29,59411.0,54474.0,48533.0,37846.0
2019-04-30,55786.0,51925.0,47076.0,35114.0
2019-05-01,55580.0,50443.0,45081.0,38554.0
2019-05-02,55394.0,51447.0,44859.0,35588.0
2019-05-03,56890.0,52685.0,46995.0,37012.0
2019-05-04,60000.0,54902.0,49612.0,36224.0
2019-05-06,62059.0,54485.0,49007.0,36004.0
2019-05-07,63418.0,55300.0,46374.0,31507.0
2019-05-08,62733.0,58339.0,48894.0,30307.0
2019-05-09,59723.0,56353.0,49049.0,31696.0
2019-05-10,57916.0,53662.0,46763.0,33815.0
2019-05-11,52570.0,46344.0,39091.0,29822.0
2019-05-13,50734.0,46683.0,38178.0,27880.0
2019-05-14,50441.0,46078.0,39138.0,30210.0
2019-05-15,54301.0,46635.0,38468.0,30527.0
2019-05-16,46086.0,42480.0,36522.0,29387.0
2019-05-17,41258.0,37448.0,32380.0,28010.0
2019-05-18,39130.0,34596.0,31505.0,27154.0
2019-05-20,37119.0,34374.0,30697.0,26629.0
2019-05-21,37920.0,34609.0,31488.0,26970.0
2019-05-22,36167.0,33579.0,30520.0,25978.0
2019-05-23,35835.0,33710.0,31091.0,26985.0
2019-05-24,35952.0,33876.0,31200.0,27313.0
2019-05-25,38361.0,35071.0,30987.0,26696.0
2019-05-27,39431.0,35843.0,31044.0,25061.0
2019-05-28,42828.0,38683.0,33084.0,25721.0
2019-05-29,58000.0,51498.0,37070.0,27259.0
2019-05-30,55372.0,48370.0,39718.0,28102.0
2019-05-31,52931.0,49490.0,40252.0,28050.0
2019-06-01,60186.0,51492.0,42303.0,28236.0
2019-06-03,56453.0,50800.0,42680.0,28271.0
2019-06-04,53948.0,47623.0,37875.0,28326.0
2019-06-05,57088.0,52042.0,40623.0,27557.0
2019-06-06,68370.0,64029.0,51118.0,33439.0
2019-06-07,72841.0,67245.0,53529.0,35164.0
2019-06-08,77160.0,68520.0,50483.0,30796.0
2019-06-10,72466.0,66354.0,47525.0,29366.0
2019-06-11,71109.0,60213.0,45510.0,29215.0
2019-06-12,69889.0,61015.0,45163.0,30673.0
2019-06-13,69619.0,62467.0,44257.0,28177.0
2019-06-14,67144.0,59056.0,44328.0,29872.0
2019-06-15,69059.0,61236.0,43861.0,29596.0
2019-06-17,72239.0,67000.0,51510.0,31744.0
2019-06-18,80768.0,75195.0,59030.0,34738.0
2019-06-19,82683.0,76407.0,59412.0,37321.0
2019-06-20,85829.0,79107.0,60604.0,38806.0
2019-06-21,90099.0,80319.0,59977.0,35825.0
2019-06-22,82762.0,66264.0,47593.0,31884.0
2019-06-24,67237.0,57128.0,39346.0,27048.0
2019-06-25,66147.0,57238.0,41492.0,26834.0
2019-06-26,62133.0,55519.0,41351.0,27363.0
2019-06-27,62619.0,52113.0,37357.0,25288.0
2019-06-28,60688.0,51531.0,39415.0,29022.0
2019-06-29,57136.0,47907.0,35593.0,25776.0
2019-07-01,51133.0,41806.0,31325.0,24689.0
2019-07-02,43524.0,33859.0,28518.0,22566.0
2019-07-03,36690.0,30583.0,25865.0,21050.0
2019-07-04,35990.0,30079.0,25172.0,20418.0
2019-07-05,36791.0,30621.0,24616.0,20290.0
2019-07-06,39753.0,32957.0,26315.0,20236.0
2019-07-08,51233.0,41966.0,29549.0,21410.0
2019-07-09,69258.0,57525.0,39873.0,25599.0
2019-07-10,73404.0,61204.0,39176.0,25309.0
2019-07-11,66809.0,56155.0,35829.0,22023.0
2019-07-12,62373.0,48496.0,30731.0,21374.0
2019-07-13,51524.0,38519.0,26657.0,18868.0
2019-07-15,43785.0,33058.0,24548.0,18253.0
2019-07-16,41878.0,34194.0,24240.0,17679.0
2019-07-17,45610.0,38478.0,27517.0,20253.0
2019-07-18,53025.0,43801.0,29230.0,21563.0
2019-07-19,59291.0,46995.0,30794.0,22432.0
2019-07-20,63506.0,48076.0,27843.0,20540.0
2019-07-22,74333.0,52975.0,31691.0,20726.0
2019-07-23,83715.0,47307.0,31207.0,22561.0
2019-07-24,50436.0,31613.0,23274.0,18340.0
2019-07-25,35093.0,25018.0,19808.0,14499.0
2019-07-26,31059.0,24912.0,18205.0,12978.0
2019-07-27,34631.0,25506.0,19030.0,13356.0
2019-07-29,42948.0,29763.0,21328.0,15407.0
2019-07-30,47306.0,32271.0,24243.0,17670.0
2019-07-31,39673.0,27068.0,21245.0,16365.0
2019-08-01,35124.0,23588.0,17832.0,14163.0
2019-08-02,50905.0,28691.0,18789.0,13007.0
2019-08-05,42937.0,28597.0,22854.0,16943.0
2019-08-06,50155.0,32426.0,26421.0,20546.0
2019-08-07,51638.0,31402.0,27678.0,23009.0
2019-08-08,56130.0,38540.0,29718.0,23063.0
2019-08-09,62524.0,34904.0,29756.0,25696.0
2019-08-10,50469.0,31080.0,27033.0,22486.0
2019-08-12,39879.0,25822.0,22340.0,18015.0
2019-08-13,45222.0,26662.0,21885.0,16991.0
2019-08-14,37312.0,25376.0,22923.0,19069.0
2019-08-15,32766.0,23543.0,20448.0,17032.0
2019-08-16,33053.0,22976.0,19766.0,15984.0
2019-08-17,35681.0,24744.0,21667.0,17981.0
2019-08-19,34023.0,23669.0,21017.0,17782.0
2019-08-20,28370.0,22123.0,19584.0,16676.0
2019-08-21,28109.0,22190.0,19063.0,15099.0
2019-08-22,30153.0,23003.0,20100.0,15896.0
2019-08-23,28897.0,23160.0,20251.0,16930.0
2019-08-24,29815.0,23838.0,21434.0,17494.0
2019-08-26,32506.0,23026.0,21114.0,17197.0
2019-08-27,31282.0,21940.0,17886.0,14667.0
2019-08-28,31621.0,19810.0,16245.0,13654.0
2019-08-29,28963.0,18995.0,15094.0,12095.0
2019-08-30,32143.0,18508.0,13876.0,10917.0
2019-08-31,29313.0,18574.0,14193.0,11245.0
2019-09-02,33250.0,19993.0,13911.0,11028.0
2019-09-03,30923.0,18089.0,13954.0,11277.0
2019-09-04,40031.0,24008.0,13847.0,11207.0
2019-09-05,47142.0,31870.0,18710.0,12477.0
2019-09-06,63115.0,40159.0,19516.0,12526.0
2019-09-07,60258.0,42757.0,21247.0,11606.0
2019-09-09,68993.0,44296.0,25695.0,12709.0
2019-09-10,63036.0,37268.0,16097.0,7706.0
2019-09-11,44679.0,25148.0,12389.0,6002.0
2019-09-12,23245.0,16025.0,8654.0,4686.0
2019-09-16,47931.0,29152.0,14157.0,9188.0
2019-09-17,44716.0,28196.0,16133.0,10824.0
2019-09-18,38660.0,24564.0,15914.0,10924.0
2019-09-19,39292.0,25754.0,16963.0,10758.0
2019-09-20,36387.0,24833.0,17643.0,12395.0
2019-09-21,34623.0,22176.0,16869.0,12199.0
2019-09-23,52653.0,38679.0,20673.0,11526.0
2019-09-24,61319.0,42240.0,24460.0,12793.0
2019-09-25,66789.0,39605.0,20145.0,13521.0
2019-09-26,59651.0,41372.0,21627.0,14678.0
2019-09-27,53357.0,36149.0,20775.0,13867.0
2019-09-28,61467.0,43765.0,23419.0,15573.0
2019-09-30,66109.0,50871.0,25346.0,14153.0
2019-10-01,83931.0,62320.0,28860.0,13408.0
2019-10-02,113158.0,94460.0,43483.0,17601.0
2019-10-03,130516.0,117463.0,63799.0,21865.0
2019-10-04,129487.0,106760.0,56276.0,24274.0
2019-10-05,125963.0,83571.0,44285.0,24352.0
2019-10-07,84080.0,56190.0,29243.0,16080.0
2019-10-08,88799.0,51737.0,21592.0,11528.0
2019-10-09,94533.0,62242.0,27347.0,14268.0
2019-10-10,95397.0,56259.0,25966.0,14455.0
2019-10-11,87652.0,52600.0,20242.0,11509.0
2019-10-12,81262.0,48836.0,20324.0,11165.0
2019-10-14,88411.0,55577.0,23008.0,11150.0
2019-10-15,97056.0,61867.0,22769.0,12049.0
2019-10-16,110419.0,71738.0,27240.0,13184.0
2019-10-17,94475.0,59270.0,24902.0,13882.0
2019-10-18,106756.0,64125.0,27891.0,13249.0
2019-10-19,83587.0,60524.0,24654.0,12358.0
2019-10-21,78468.0,53216.0,23425.0,12790.0
2019-10-22,77397.0,51985.0,19570.0,11452.0
2019-10-23,73351.0,55810.0,27455.0,13221.0
2019-10-24,72761.0,58765.0,25846.0,12174.0
2019-10-25,76370.0,66744.0,36077.0,15450.0
2019-10-26,67477.0,54253.0,30352.0,13024.0
2019-10-28,60714.0,54347.0,36184.0,15732.0
2019-10-29,71414.0,58555.0,30043.0,11359.0
2019-10-30,70065.0,61863.0,32889.0,17459.0
2019-10-31,70448.0,55911.0,28231.0,13662.0
2019-11-01,74163.0,56896.0,34660.0,14194.0
2019-11-02,71045.0,56887.0,29608.0,11794.0
2019-11-04,77385.0,64849.0,41082.0,16067.0
2019-11-05,83167.0,67682.0,44084.0,19064.0
2019-11-06,79610.0,69973.0,49018.0,26441.0
2019-11-07,80104.0,70972.0,48944.0,23609.0
2019-11-08,80816.0,70474.0,44761.0,22774.0
2019-11-09,76728.0,66002.0,41183.0,20203.0
2019-11-11,81171.0,70815.0,55081.0,30828.0
2019-11-12,96697.0,84007.0,61412.0,32426.0
2019-11-13,102762.0,90926.0,55431.0,29026.0
2019-11-14,97306.0,82065.0,58080.0,31348.0
2019-11-15,94524.0,73309.0,43871.0,22770.0
2019-11-16,88049.0,68617.0,37663.0,19734.0
2019-11-18,96423.0,74439.0,39498.0,13463.0
2019-11-19,96139.0,76534.0,41665.0,17497.0
2019-11-20,91465.0,80661.0,53294.0,21423.0
2019-11-21,87286.0,71974.0,40825.0,19570.0
2019-11-22,84919.0,65846.0,40991.0,20454.0
2019-11-23,87031.0,75818.0,42235.0,18888.0
2019-11-25,85531.0,80381.0,55014.0,23653.0
2019-11-26,87848.0,80462.0,59538.0,26815.0
2019-11-27,83061.0,72462.0,50500.0,26816.0
2019-11-28,79355.0,68997.0,52376.0,25801.0
2019-11-29,76333.0,65419.0,40467.0,21004.0
2019-11-30,84036.0,70274.0,45808.0,24426.0
2019-12-02,85897.0,77260.0,59709.0,32721.0
2019-12-03,90588.0,81706.0,64243.0,29272.0
2019-12-04,84000.0,75872.0,51989.0,26890.0
2019-12-05,80739.0,72152.0,54827.0,29735.0
2019-12-06,76214.0,65235.0,46769.0,29439.0
2019-12-07,75348.0,63759.0,43710.0,24022.0
2019-12-09,86425.0,72371.0,52945.0,29909.0
2019-12-10,81194.0,74037.0,53570.0,28167.0
2019-12-11,84686.0,72434.0,53322.0,29926.0
2019-12-12,75952.0,67847.0,49273.0,28450.0
2019-12-13,77194.0,65576.0,44735.0,28113.0
2019-12-14,71800.0,64538.0,44129.0,31177.0
2019-12-16,73763.0,64680.0,45375.0,27952.0
2019-12-17,69893.0,63633.0,47845.0,24936.0
2019-12-18,66563.0,61234.0,45935.0,25816.0
2019-12-19,61172.0,54546.0,44174.0,28583.0
2019-12-20,66020.0,55382.0,43579.0,29594.0
2019-12-21,65500.0,55026.0,43045.0,26276.0
2019-12-23,67389.0,59577.0,49266.0,33199.0
2019-12-24,73710.0,63261.0,50545.0,31533.0
2019-12-25,67081.0,57764.0,41194.0,23781.0
2019-12-26,64697.0,54619.0,41882.0,25293.0
2019-12-27,65750.0,53930.0,40633.0,24020.0
2019-12-28,65129.0,50887.0,34629.0,20952.0
2019-12-30,63294.0,51844.0,33985.0,16844.0
2019-12-31,58500.0,47856.0,31864.0,14010.0
2020-01-03,57188.0,50067.0,39780.0,17172.0
2020-01-04,62828.0,50548.0,33730.0,14684.0
2020-01-06,55725.0,49071.0,32821.0,16123.0
2020-01-07,54176.0,49059.0,33920.0,16631.0
2020-01-08,48362.0,44455.0,33351.0,16881.0
2020-01-09,50286.0,40607.0,26269.0,13848.0
2020-01-10,53667.0,46495.0,31940.0,15279.0
2020-01-11,54045.0,47289.0,31202.0,12919.0
2020-01-13,59767.0,56125.0,46617.0,22063.0
2020-01-14,64556.0,58353.0,49883.0,27132.0
2020-01-15,65320.0,61303.0,45260.0,23700.0
2020-01-16,61423.0,58096.0,44921.0,23650.0
2020-01-17,63556.0,50766.0,40000.0,25341.0
2020-01-18,71103.0,54421.0,39072.0,26673.0
2020-01-20,77650.0,69643.0,50152.0,27557.0
2020-01-21,89407.0,72126.0,41142.0,18564.0
2020-01-22,84216.0,78167.0,46267.0,17388.0
2020-01-23,86337.0,79294.0,45589.0,15663.0
2020-01-24,67952.0,62730.0,40852.0,11700.0
2020-01-28,69740.0,66307.0,51040.0,17766.0
2020-01-29,72367.0,64354.0,51081.0,18762.0
2020-01-30,66140.0,57632.0,39810.0,15866.0
2020-01-31,57390.0,51389.0,36178.0,15956.0
2020-02-01,48471.0,41351.0,30794.0,13869.0
2020-02-03,45543.0,39468.0,28762.0,13464.0
2020-02-04,44769.0,35763.0,25634.0,11984.0
2020-02-05,44286.0,40314.0,30330.0,14944.0
2020-02-06,42333.0,38354.0,26933.0,14264.0
2020-02-07,46947.0,40487.0,29579.0,15468.0
2020-02-08,41294.0,38725.0,28866.0,16831.0
2020-02-10,47773.0,41273.0,32799.0,16018.0
2020-02-11,49750.0,46039.0,38250.0,18929.0
2020-02-12,55600.0,50247.0,37817.0,20955.0
2020-02-13,69118.0,63657.0,53148.0,29029.0
2020-02-14,73677.0,65067.0,58288.0,33651.0
2020-02-15,64786.0,58861.0,50790.0,28191.0
2020-02-17,58845.0,54865.0,47060.0,29940.0
2020-02-18,59750.0,56495.0,48364.0,26914.0
2020-02-19,67000.0,62905.0,50808.0,33073.0
2020-02-20,69000.0,65350.0,54358.0,33294.0
2020-02-21,73300.0,67352.0,57734.0,34087.0
2020-02-22,78167.0,67951.0,52984.0,36899.0
2020-02-24,76392.0,68838.0,57520.0,32359.0
2020-02-25,82040.0,73672.0,60903.0,32210.0
2020-02-26,85019.0,78245.0,62101.0,35779.0
2020-02-27,91333.0,80722.0,60839.0,35633.0
2020-02-28,92065.0,81644.0,60766.0,31675.0
2020-02-29,95778.0,82865.0,57362.0,32081.0
2020-03-02,89738.0,77490.0,46711.0,24312.0
2020-03-03,87867.0,79910.0,53034.0,25601.0
2020-03-04,77955.0,73526.0,60115.0,28396.0
2020-03-05,83583.0,79584.0,58589.0,31916.0
2020-03-06,87026.0,82461.0,59806.0,33432.0
2020-03-07,94842.0,92125.0,71467.0,38479.0
2020-03-09,136000.0,119898.0,83685.0,40924.0
2020-03-10,134103.0,123691.0,78318.0,39990.0
2020-03-11,140194.0,115423.0,75452.0,37756.0
2020-03-12,125969.0,113745.0,73164.0,37534.0
2020-03-13,135259.0,108677.0,64977.0,33112.0
2020-03-14,137464.0,122425.0,68805.0,34982.0
2020-03-16,132070.0,123459.0,81525.0,39850.0
2020-03-17,127520.0,116599.0,79612.0,38325.0
2020-03-18,127000.0,114963.0,92910.0,48034.0
2020-03-19,122250.0,113262.0,81432.0,45980.0
2020-03-20,133870.0,121699.0,87802.0,55783.0
2020-03-21,138909.0,131504.0,92349.0,65005.0
2020-03-23,134217.0,127076.0,89200.0,43663.0
2020-03-24,133872.0,122825.0,89353.0,51922.0
2020-03-25,128125.0,117288.0,86436.0,48583.0
2020-03-26,119630.0,107624.0,81659.0,46106.0
2020-03-27,119077.0,106872.0,76212.0,42549.0
2020-03-28,108486.0,100041.0,67414.0,34912.0
2020-03-30,110837.0,102081.0,75162.0,44462.0
2020-03-31,111237.0,99274.0,70621.0,39563.0
2020-04-01,92172.0,87343.0,69513.0,38257.0
2020-04-02,100000.0,91045.0,78085.0,51055.0
2020-04-03,111400.0,104807.0,85709.0,56428.0
2020-04-04,131074.0,120818.0,92116.0,57956.0
2020-04-06,171605.0,147529.0,115755.0,76650.0
2020-04-07,165548.0,156952.0,120026.0,61771.0
2020-04-08,158400.0,149640.0,108755.0,59455.0
2020-04-09,141180.0,127223.0,88939.0,53228.0
2020-04-10,123714.0,108028.0,86422.0,49379.0
2020-04-11,109400.0,102820.0,90183.0,52842.0
2020-04-13,120000.0,113129.0,100282.0,63807.0
2020-04-14,117125.0,111710.0,99856.0,66884.0
2020-04-15,110478.0,104610.0,95948.0,71926.0
2020-04-16,106042.0,101431.0,92452.0,69645.0
2020-04-17,102846.0,96976.0,88942.0,66531.0
2020-04-18,100707.0,91796.0,82601.0,58834.0
2020-04-20,90956.0,85609.0,76009.0,56776.0
2020-04-21,80755.0,76359.0,64576.0,47378.0
2020-04-22,69500.0,65226.0,58674.0,44377.0
2020-04-23,66292.0,61706.0,53725.0,40866.0
2020-04-24,63023.0,58201.0,47843.0,30143.0
2020-04-25,61000.0,56090.0,47808.0,33796.0
2020-04-27,61140.0,55143.0,48502.0,33964.0
2020-04-28,61947.0,59471.0,53221.0,36902.0
2020-04-29,65361.0,61236.0,52927.0,36639.0
2020-04-30,60170.0,57755.0,50974.0,36132.0
2020-05-01,61767.0,56267.0,46116.0,32027.0
2020-05-02,58821.0,55471.0,46257.0,30778.0
2020-05-04,59500.0,55838.0,43138.0,25044.0
2020-05-05,58209.0,53530.0,41188.0,24071.0
2020-05-06,49233.0,44013.0,34378.0,23349.0
2020-05-07,43261.0,37361.0,31086.0,24387.0
2020-05-08,38094.0,34986.0,29630.0,23513.0
2020-05-09,38054.0,36176.0,31483.0,24154.0
2020-05-11,40908.0,36763.0,32296.0,23589.0
2020-05-12,40665.0,36111.0,32503.0,26316.0
2020-05-13,38455.0,35643.0,31647.0,24326.0
2020-05-14,38435.0,35269.0,31481.0,25903.0
2020-05-15,38285.0,34802.0,31444.0,25651.0
2020-05-16,37833.0,35074.0,31772.0,24733.0
2020-05-18,36983.0,34578.0,31296.0,24468.0
2020-05-19,37554.0,34549.0,30856.0,23792.0
2020-05-20,39414.0,35418.0,31809.0,22814.0
2020-05-21,39374.0,35936.0,31224.0,23400.0
2020-05-22,40300.0,36524.0,31352.0,25032.0
2020-05-23,39227.0,36156.0,32832.0,25405.0
2020-05-25,48194.0,42161.0,34352.0,26718.0
2020-05-26,55938.0,47983.0,37925.0,28147.0
2020-05-27,65094.0,61512.0,49852.0,29152.0
2020-05-28,65960.0,61226.0,47206.0,30279.0
2020-05-29,72395.0,67067.0,50402.0,31010.0
2020-05-30,74671.0,65902.0,49360.0,30823.0
2020-06-01,75561.0,63923.0,43816.0,26198.0
2020-06-02,65637.0,54553.0,39202.0,27867.0
2020-06-03,64150.0,57057.0,37405.0,25384.0
2020-06-04,57667.0,50514.0,36735.0,25226.0
2020-06-05,58318.0,49373.0,37678.0,25676.0
2020-06-06,59147.0,45093.0,35228.0,25414.0
2020-06-08,57648.0,44159.0,34343.0,24494.0
2020-06-09,51136.0,42331.0,34928.0,25729.0
2020-06-10,55667.0,48952.0,35248.0,26097.0
2020-06-11,66667.0,60491.0,40718.0,26905.0
2020-06-12,71543.0,66522.0,51435.0,29633.0
2020-06-13,80319.0,70565.0,54503.0,32490.0
2020-06-15,83647.0,71774.0,54548.0,31058.0
2020-06-16,76120.0,66423.0,52977.0,33295.0
2020-06-17,64729.0,55978.0,41521.0,29497.0
2020-06-18,53733.0,44595.0,34066.0,24855.0
2020-06-19,54558.0,45491.0,35652.0,26036.0
2020-06-20,52317.0,41512.0,31861.0,24564.0
2020-06-22,53388.0,42604.0,32636.0,23266.0
2020-06-23,46967.0,40829.0,31736.0,23803.0
2020-06-24,47865.0,40176.0,30891.0,18105.0
2020-06-25,47442.0,41468.0,31342.0,16693.0
2020-06-26,51140.0,41205.0,32271.0,20638.0
2020-06-27,49388.0,40842.0,30408.0,19731.0
2020-06-29,51348.0,43791.0,31831.0,19405.0
2020-06-30,48156.0,41701.0,31313.0,20369.0
2020-07-01,47270.0,39502.0,28442.0,20323.0
2020-07-02,48771.0,41258.0,27454.0,16358.0
2020-07-03,56581.0,45080.0,32209.0,18300.0
2020-07-04,74078.0,61604.0,41643.0,23336.0
2020-07-06,80828.0,73613.0,51895.0,28931.0
2020-07-07,73795.0,62023.0,44763.0,25905.0
2020-07-08,66365.0,51859.0,35649.0,21674.0
2020-07-09,52890.0,42375.0,29557.0,19385.0
2020-07-10,44934.0,36004.0,27465.0,18406.0
2020-07-11,42773.0,34699.0,25920.0,17811.0
2020-07-13,44513.0,35874.0,25731.0,14100.0
2020-07-14,48291.0,40120.0,28115.0,17866.0
2020-07-15,53179.0,43928.0,31325.0,20045.0
2020-07-16,50110.0,40761.0,28115.0,19712.0
2020-07-17,47056.0,36830.0,24452.0,15725.0
2020-07-18,40935.0,33731.0,22752.0,14557.0
2020-07-20,55716.0,35570.0,22121.0,11766.0
2020-07-21,55776.0,40973.0,24682.0,16307.0
2020-07-22,53643.0,36810.0,24272.0,16400.0
2020-07-23,47753.0,36402.0,24322.0,15141.0
2020-07-24,50694.0,37014.0,23031.0,13959.0
2020-07-25,50013.0,38099.0,22315.0,11497.0
2020-07-27,51851.0,39791.0,22061.0,12290.0
2020-07-28,58118.0,47737.0,30362.0,13381.0
2020-07-29,60587.0,49001.0,27075.0,15132.0
2020-07-30,60522.0,45025.0,24472.0,12747.0
2020-07-31,65575.0,45005.0,24610.0,13366.0
2020-08-03,64626.0,45739.0,21608.0,8354.0
2020-08-04,69348.0,49995.0,29626.0,14536.0
2020-08-05,78469.0,67418.0,41245.0,15698.0
2020-08-06,72953.0,52134.0,33602.0,18252.0
2020-08-07,81400.0,54811.0,31117.0,15287.0
2020-08-08,68374.0,44386.0,27954.0,15090.0
2020-08-10,73809.0,40449.0,20574.0,11078.0
2020-08-11,68516.0,42170.0,27460.0,15427.0
2020-08-12,72719.0,50654.0,31971.0,19802.0
2020-08-13,65237.0,45826.0,35297.0,26349.0
2020-08-14,69358.0,42530.0,34295.0,27383.0
2020-08-15,64061.0,47151.0,37349.0,27540.0
2020-08-17,73500.0,54581.0,43157.0,35246.0
2020-08-18,68595.0,49802.0,40497.0,31270.0
2020-08-19,59790.0,45912.0,40441.0,31914.0
2020-08-20,59796.0,50879.0,46974.0,37390.0
2020-08-21,61835.0,49445.0,45373.0,36315.0
2020-08-22,56352.0,45066.0,38131.0,31338.0
2020-08-24,55082.0,40986.0,35114.0,29862.0
2020-08-25,52125.0,39598.0,34800.0,28256.0
2020-08-26,49453.0,39986.0,34410.0,28846.0
2020-08-27,60996.0,45190.0,37899.0,30822.0
2020-08-28,69784.0,53238.0,43856.0,36203.0
2020-08-29,67411.0,51230.0,44017.0,35410.0
2020-08-31,55504.0,41723.0,35787.0,30043.0
2020-09-01,50644.0,39143.0,33484.0,27785.0
2020-09-02,48295.0,37311.0,31438.0,24428.0
2020-09-03,51252.0,37335.0,32082.0,24848.0
2020-09-04,54363.0,41941.0,36447.0,28196.0
2020-09-05,54717.0,43414.0,36581.0,28755.0
2020-09-07,51419.0,41187.0,35620.0,28185.0
2020-09-08,54425.0,38630.0,31280.0,24385.0
2020-09-09,51147.0,39386.0,35096.0,27558.0
2020-09-10,59397.0,45498.0,39044.0,29189.0
2020-09-11,70240.0,52666.0,43974.0,35149.0
2020-09-12,77355.0,53908.0,43027.0,33060.0
2020-09-14,75314.0,58065.0,43590.0,32592.0
2020-09-15,74626.0,51833.0,39605.0,31562.0
2020-09-16,75707.0,55613.0,41728.0,30545.0
2020-09-17,81000.0,57306.0,40763.0,30751.0
2020-09-18,79439.0,63976.0,44330.0,32207.0
2020-09-19,78477.0,62992.0,43908.0,33064.0
2020-09-21,93115.0,74196.0,49277.0,37014.0
2020-09-22,102843.0,82103.0,50726.0,36973.0
2020-09-23,139070.0,106328.0,61431.0,38610.0
2020-09-24,198246.0,150832.0,74225.0,40778.0
2020-09-25,203985.0,163017.0,87490.0,47438.0
2020-09-26,181505.0,131885.0,63882.0,34566.0
2020-09-28,187054.0,139812.0,67994.0,31531.0
2020-09-29,206627.0,151130.0,70804.0,29819.0
2020-09-30,251238.0,164414.0,65863.0,16907.0
2020-10-05,312902.0,260556.0,155612.0,63480.0
2020-10-06,207915.0,164204.0,97871.0,55384.0
2020-10-07,213237.0,143989.0,84314.0,47258.0
2020-10-08,201049.0,142789.0,81027.0,51590.0
2020-10-09,181721.0,113160.0,59812.0,36016.0
2020-10-10,167378.0,111150.0,61017.0,35492.0
2020-10-12,141453.0,113490.0,75432.0,41104.0
2020-10-13,162767.0,110038.0,67275.0,40207.0
2020-10-14,191040.0,150833.0,88003.0,56376.0
2020-10-15,236560.0,190225.0,103819.0,68615.0
2020-10-16,252828.0,235020.0,132509.0,65648.0
2020-10-17,285094.0,246266.0,125652.0,58031.0
2020-10-19,284841.0,204987.0,97874.0,56319.0
2020-10-20,270800.0,175872.0,86174.0,47531.0
2020-10-21,282321.0,197461.0,89236.0,49130.0
2020-10-22,245919.0,211771.0,103062.0,54083.0
2020-10-23,236438.0,187280.0,85758.0,54429.0
2020-10-24,245114.0,179626.0,72402.0,39257.0
2020-10-26,236878.0,178317.0,74642.0,34842.0
2020-10-27,244138.0,189366.0,79103.0,35743.0
2020-10-28,236160.0,206639.0,103033.0,49679.0
2020-10-29,255938.0,207056.0,105015.0,52104.0
2020-10-30,249563.0,211303.0,119448.0,66583.0
2020-10-31,267464.0,204012.0,98034.0,51196.0
2020-11-02,258514.0,229307.0,134481.0,58839.0
2020-11-03,232938.0,206974.0,107167.0,52655.0
2020-11-04,232296.0,197938.0,112009.0,51067.0
2020-11-05,214583.0,177007.0,87696.0,44617.0
2020-11-06,213038.0,184680.0,108578.0,52059.0
2020-11-07,187118.0,165172.0,118097.0,55374.0
2020-11-09,155217.0,135736.0,103902.0,48307.0
2020-11-10,159120.0,146893.0,109197.0,54964.0
2020-11-11,164550.0,148051.0,97876.0,50724.0
2020-11-12,173536.0,155524.0,123432.0,70848.0
2020-11-13,164355.0,156765.0,120039.0,52681.0
2020-11-14,160758.0,146168.0,119491.0,65741.0
2020-11-16,172683.0,149012.0,121648.0,67686.0
2020-11-17,151054.0,132736.0,105349.0,61945.0
2020-11-18,127875.0,105216.0,87770.0,55025.0
2020-11-19,110138.0,87288.0,66163.0,36157.0
2020-11-20,111850.0,99641.0,78692.0,39362.0
2020-11-21,109667.0,94605.0,73856.0,45646.0
2020-11-23,98434.0,85636.0,69163.0,44628.0
2020-11-24,79705.0,68658.0,48728.0,29953.0
2020-11-25,57804.0,46835.0,38545.0,24224.0
2020-11-26,47676.0,41027.0,35381.0,23263.0
2020-11-27,51593.0,41069.0,34271.0,23955.0
2020-11-28,53565.0,50723.0,40948.0,28684.0
2020-11-30,68048.0,54981.0,42504.0,30930.0
2020-12-01,57574.0,52896.0,43913.0,30239.0
2020-12-02,61725.0,52683.0,41539.0,29978.0
2020-12-03,56671.0,47005.0,37936.0,29123.0
2020-12-04,50900.0,41425.0,33881.0,27005.0
2020-12-05,49571.0,42323.0,35844.0,28165.0
2020-12-07,56059.0,49335.0,39263.0,28657.0
2020-12-08,58250.0,51631.0,39191.0,28385.0
2020-12-09,58000.0,53048.0,43191.0,33871.0
2020-12-10,58000.0,48034.0,38036.0,30134.0
2020-12-11,61200.0,54983.0,45642.0,34336.0
2020-12-12,66304.0,58246.0,45468.0,34648.0
2020-12-14,67033.0,60703.0,53597.0,39666.0
2020-12-15,68429.0,60012.0,48728.0,36181.0
2020-12-16,67500.0,64237.0,54523.0,39220.0
2020-12-17,68196.0,63193.0,56550.0,41673.0
2020-12-18,67815.0,63068.0,53840.0,41441.0
2020-12-19,70483.0,65932.0,53716.0,39979.0
2020-12-21,69844.0,60559.0,49681.0,38363.0
2020-12-22,68200.0,63425.0,50039.0,38539.0
2020-12-23,71000.0,66331.0,49955.0,36080.0
2020-12-24,70640.0,65107.0,47701.0,33616.0
2020-12-25,68839.0,60753.0,44694.0,31594.0
2020-12-26,67316.0,59338.0,45997.0,32371.0
2020-12-28,62694.0,56456.0,47874.0,31618.0
2020-12-29,68768.0,55448.0,38180.0,23544.0
2020-12-30,60811.0,50130.0,39464.0,25495.0
2020-12-31,47033.0,39670.0,32831.0,20616.0
2021-01-04,50892.0,45675.0,34952.0,23394.0
2021-01-05,57500.0,49040.0,36918.0,23364.0
2021-01-06,56278.0,51066.0,38533.0,23295.0
2021-01-07,46741.0,42247.0,34685.0,23393.0
2021-01-08,43600.0,36487.0,32541.0,21020.0
2021-01-09,34286.0,31678.0,27865.0,21681.0
2021-01-11,43957.0,38763.0,30179.0,22316.0
2021-01-12,49976.0,44140.0,34664.0,24894.0
2021-01-13,51160.0,44173.0,36442.0,24556.0
2021-01-14,55926.0,47552.0,34935.0,27081.0
2021-01-15,46161.0,43054.0,36232.0,26165.0
2021-01-16,45000.0,43248.0,37396.0,28029.0
2021-01-18,55659.0,48673.0,37125.0,25216.0
2021-01-19,53240.0,48993.0,38058.0,24348.0
2021-01-20,49320.0,44334.0,31624.0,20284.0
2021-01-21,52650.0,46455.0,35284.0,23579.0
2021-01-22,52333.0,47407.0,35142.0,22000.0
2021-01-23,48654.0,43832.0,37094.0,24585.0
2021-01-25,49190.0,44696.0,35314.0,25755.0
2021-01-26,49768.0,41843.0,35311.0,26209.0
2021-01-27,59828.0,46736.0,39429.0,30000.0
2021-01-28,52673.0,44366.0,34842.0,25981.0
2021-01-29,53500.0,47282.0,39708.0,26667.0
2021-01-30,49000.0,45635.0,40438.0,28615.0
2021-02-01,58474.0,51146.0,37735.0,27780.0
2021-02-02,58885.0,51474.0,38194.0,20211.0
2021-02-03,64700.0,55148.0,43869.0,28158.0
2021-02-04,69821.0,63919.0,48137.0,29115.0
2021-02-05,80000.0,76053.0,55792.0,32552.0
2021-02-06,83853.0,78792.0,51500.0,25953.0
2021-02-08,103522.0,95876.0,65610.0,22894.0
2021-02-09,118912.0,102145.0,67781.0,27544.0
2021-02-10,110520.0,96402.0,52315.0,23745.0
2021-02-11,74211.0,55123.0,37211.0,21647.0
2021-02-15,71405.0,66091.0,46423.0,25320.0
2021-02-16,55447.0,48489.0,39593.0,22765.0
2021-02-17,52900.0,47217.0,37340.0,21953.0
2021-02-18,48500.0,46142.0,38234.0,20910.0
2021-02-19,47000.0,41218.0,33763.0,25271.0
2021-02-20,55000.0,51112.0,38034.0,28203.0
2021-02-22,58857.0,50770.0,39529.0,26428.0
2021-02-23,67500.0,55735.0,44770.0,30274.0
2021-02-24,66500.0,61382.0,52595.0,32661.0
2021-02-25,67029.0,60115.0,46694.0,31645.0
2021-02-26,77500.0,64965.0,50204.0,31829.0
2021-02-27,94500.0,82413.0,60548.0,41085.0
2021-03-01,110789.0,100173.0,79142.0,45803.0
2021-03-02,107654.0,101139.0,87315.0,49432.0
2021-03-03,106968.0,97689.0,79332.0,53974.0
2021-03-04,95200.0,88388.0,69727.0,43598.0
2021-03-05,93057.0,75750.0,55942.0,33596.0
2021-03-06,118429.0,102920.0,67109.0,46069.0
2021-03-08,112472.0,100748.0,72059.0,45246.0
2021-03-09,122857.0,108259.0,84165.0,60170.0
2021-03-10,110406.0,98283.0,76171.0,50270.0
2021-03-11,129650.0,107124.0,87662.0,69658.0
2021-03-12,148017.0,132017.0,100891.0,66401.0
2021-03-13,153448.0,137129.0,102634.0,69888.0
2021-03-15,146957.0,127511.0,87696.0,59638.0
2021-03-16,160600.0,144063.0,108509.0,63260.0
2021-03-17,147711.0,131142.0,93287.0,55081.0
2021-03-18,142154.0,121234.0,83943.0,48080.0
2021-03-19,142467.0,114492.0,76130.0,41796.0
2021-03-20,149056.0,138292.0,98844.0,58177.0
2021-03-22,152000.0,132863.0,89986.0,46298.0
2021-03-23,159478.0,149667.0,116197.0,68048.0
2021-03-24,155395.0,146779.0,123581.0,75775.0
2021-03-25,152000.0,146460.0,120303.0,69793.0
2021-03-26,155000.0,140783.0,109089.0,65418.0
2021-03-27,141147.0,132138.0,100836.0,63737.0
2021-03-29,153579.0,136685.0,105255.0,67793.0
2021-03-30,147789.0,141735.0,113281.0,66942.0
2021-03-31,146970.0,140736.0,108191.0,62204.0
2021-04-01,152000.0,144118.0,114918.0,67341.0
2021-04-02,182357.0,170698.0,135263.0,67762.0
2021-04-03,210615.0,203614.0,174224.0,106630.0
2021-04-05,248273.0,225722.0,199906.0,120253.0
2021-04-06,205118.0,184358.0,159971.0,108356.0
2021-04-07,156643.0,142995.0,130148.0,94589.0
2021-04-08,160741.0,152308.0,133410.0,86079.0
2021-04-09,159882.0,153811.0,144606.0,109455.0
2021-04-10,167353.0,155990.0,142138.0,106393.0
2021-04-12,154865.0,146785.0,136469.0,107173.0
2021-04-13,148875.0,145145.0,135254.0,107612.0
2021-04-14,150875.0,142845.0,130629.0,111161.0
2021-04-15,147172.0,142963.0,134656.0,113645.0
2021-04-16,146574.0,142904.0,132828.0,102897.0
2021-04-17,133702.0,121738.0,107485.0,91404.0
2021-04-19,100507.0,89683.0,77786.0,61866.0
2021-04-20,81534.0,71186.0,58862.0,46982.0
2021-04-21,82667.0,71270.0,59474.0,46120.0
2021-04-22,97103.0,89898.0,75030.0,56759.0
2021-04-23,104220.0,97640.0,82611.0,59671.0
2021-04-24,96908.0,87164.0,74008.0,51463.0
2021-04-26,89091.0,83681.0,72721.0,49394.0
2021-04-27,82125.0,78073.0,68689.0,44797.0
2021-04-28,94417.0,88397.0,71758.0,46899.0
2021-04-29,101879.0,97200.0,81917.0,54748.0
2021-04-30,118674.0,114471.0,97953.0,62404.0
2021-05-01,129122.0,121451.0,99412.0,61374.0
2021-05-03,128370.0,120641.0,100754.0,59254.0
2021-05-04,127271.0,117938.0,104254.0,57888.0
2021-05-05,98510.0,91891.0,81214.0,56966.0
2021-05-06,90620.0,87530.0,75589.0,53709.0
2021-05-07,103136.0,93552.0,76963.0,54833.0
2021-05-08,97636.0,92505.0,83174.0,55093.0
2021-05-10,90879.0,84929.0,75389.0,53804.0
2021-05-11,86906.0,80539.0,69758.0,45066.0
2021-05-12,74360.0,69767.0,60705.0,42173.0
2021-05-13,79800.0,73358.0,59270.0,40560.0
2021-05-14,69080.0,63446.0,52760.0,41587.0
2021-05-15,63704.0,55045.0,47156.0,36377.0
2021-05-17,49146.0,44669.0,40098.0,33144.0
2021-05-18,45435.0,42467.0,38927.0,30581.0
2021-05-19,48204.0,44280.0,38706.0,31278.0
2021-05-20,62978.0,51051.0,42854.0,32857.0
2021-05-21,71677.0,66169.0,56223.0,40495.0
2021-05-22,77758.0,68906.0,50444.0,38994.0
2021-05-24,73129.0,62684.0,48320.0,36223.0
2021-05-25,61719.0,56610.0,48053.0,37930.0
2021-05-26,66450.0,54368.0,41895.0,32446.0
2021-05-27,79114.0,68921.0,50754.0,34101.0
2021-05-28,107787.0,93055.0,65887.0,38840.0
2021-05-29,102923.0,93640.0,66851.0,38856.0
2021-05-31,106051.0,93081.0,65622.0,38105.0
2021-06-01,88603.0,77502.0,55772.0,37501.0
2021-06-02,75967.0,63284.0,48683.0,35726.0
2021-06-03,66162.0,57482.0,45582.0,34256.0
2021-06-04,72203.0,62589.0,48384.0,35316.0
2021-06-05,71476.0,61811.0,45900.0,35245.0
2021-06-07,66653.0,54489.0,44701.0,32510.0
2021-06-08,59371.0,49328.0,41723.0,31793.0
2021-06-09,56006.0,45225.0,40253.0,31377.0
2021-06-10,63546.0,49258.0,41505.0,31775.0
2021-06-11,62347.0,47678.0,40786.0,35664.0
2021-06-12,55372.0,44417.0,40746.0,35119.0
2021-06-14,57515.0,48609.0,41100.0,32713.0
2021-06-15,54929.0,46478.0,40652.0,33901.0
2021-06-16,52083.0,44276.0,37916.0,28967.0
2021-06-17,50827.0,41423.0,37524.0,26433.0
2021-06-18,57000.0,44360.0,37986.0,25380.0
2021-06-19,51393.0,44483.0,39540.0,30521.0
2021-06-21,55968.0,48011.0,39600.0,28511.0
2021-06-22,58568.0,52952.0,43661.0,29813.0
2021-06-23,64027.0,58613.0,46702.0,32722.0
2021-06-24,83508.0,70691.0,55720.0,36105.0
2021-06-25,90731.0,83194.0,66955.0,40254.0
2021-06-26,91589.0,75071.0,50086.0,33916.0
2021-06-28,65730.0,59538.0,46568.0,32515.0
2021-06-29,66143.0,59322.0,48183.0,34364.0
2021-06-30,61566.0,56362.0,46278.0,32754.0
2021-07-01,54561.0,50053.0,43680.0,31491.0
2021-07-02,58710.0,53744.0,44743.0,32866.0
2021-07-03,67716.0,58743.0,47925.0,35109.0
2021-07-05,73798.0,69096.0,53195.0,36011.0
2021-07-06,83179.0,74600.0,56150.0,40332.0
2021-07-07,87036.0,74915.0,58315.0,41305.0
2021-07-08,72083.0,63058.0,48942.0,36265.0
2021-07-09,78927.0,60666.0,46189.0,34891.0
2021-07-10,65571.0,51595.0,41880.0,29064.0
2021-07-12,63525.0,52860.0,39213.0,26895.0
2021-07-13,71547.0,62520.0,44100.0,28077.0
2021-07-14,84258.0,71557.0,45888.0,28790.0
2021-07-15,88740.0,79162.0,50484.0,34403.0
2021-07-16,109123.0,98083.0,69162.0,42772.0
2021-07-17,114360.0,86872.0,56875.0,37889.0
2021-07-19,88161.0,65744.0,46838.0,36028.0
2021-07-20,60146.0,45690.0,39464.0,32231.0
2021-07-21,53477.0,46219.0,39736.0,32980.0
2021-07-22,51774.0,45287.0,38656.0,31178.0
2021-07-23,53929.0,45393.0,41276.0,35293.0
2021-07-24,58831.0,48539.0,43502.0,35753.0
2021-07-26,60000.0,51290.0,44970.0,37219.0
2021-07-27,66189.0,54328.0,47783.0,40276.0
2021-07-28,68711.0,56506.0,50159.0,42074.0
2021-07-29,67107.0,55074.0,48778.0,43285.0
2021-07-30,69498.0,50972.0,42629.0,35818.0
2021-07-31,59935.0,38342.0,29682.0,23751.0
2021-08-02,66305.0,35529.0,28047.0,23622.0
2021-08-03,69738.0,41450.0,33053.0,26653.0
2021-08-04,67847.0,39625.0,35687.0,30156.0
2021-08-05,59675.0,40017.0,36751.0,32275.0
2021-08-06,61140.0,39820.0,36407.0,30637.0
2021-08-09,63931.0,39619.0,35131.0,30347.0
2021-08-10,51290.0,34782.0,30538.0,25329.0
2021-08-11,44177.0,33131.0,30029.0,26638.0
2021-08-12,42469.0,32682.0,30781.0,27833.0
2021-08-13,41993.0,30532.0,28092.0,24774.0
2021-08-14,36131.0,27012.0,25405.0,21037.0
2021-08-16,40471.0,26338.0,22937.0,19799.0
2021-08-17,34088.0,26069.0,23122.0,20092.0
2021-08-18,33518.0,26053.0,23558.0,20601.0
2021-08-19,33478.0,26023.0,24291.0,21701.0
2021-08-20,34771.0,24987.0,22885.0,18932.0
2021-08-21,34085.0,22848.0,20021.0,17070.0
2021-08-23,43207.0,24307.0,18835.0,14088.0
2021-08-24,39760.0,23922.0,20296.0,16212.0
2021-08-25,42104.0,27873.0,21803.0,16782.0
2021-08-26,37295.0,25446.0,22530.0,18016.0
2021-08-27,37320.0,27434.0,24015.0,18225.0
2021-08-28,35820.0,26023.0,21767.0,16061.0
2021-08-30,39378.0,25049.0,19736.0,15481.0
2021-08-31,34802.0,23294.0,18989.0,13550.0
2021-09-01,39556.0,24618.0,18711.0,12916.0
2021-09-02,43909.0,27932.0,22296.0,17382.0
2021-09-03,43964.0,31201.0,23734.0,18886.0
2021-09-04,38607.0,29093.0,25207.0,18470.0
2021-09-06,40582.0,28065.0,23306.0,17066.0
2021-09-07,40980.0,27303.0,20200.0,13291.0
2021-09-08,50175.0,29828.0,21728.0,14826.0
2021-09-09,54882.0,34101.0,23632.0,18204.0
2021-09-10,55517.0,36038.0,26044.0,18895.0
2021-09-11,53356.0,32495.0,22895.0,16260.0
2021-09-13,58340.0,36592.0,21486.0,13242.0
2021-09-14,56550.0,35746.0,20708.0,13109.0
2021-09-15,64509.0,39031.0,20288.0,12913.0
2021-09-16,66713.0,39677.0,20267.0,12675.0
2021-09-17,75360.0,45010.0,21983.0,11537.0
2021-09-18,98114.0,78673.0,42970.0,19480.0
2021-09-24,80944.0,52578.0,28660.0,12913.0
2021-09-25,67025.0,41795.0,21763.0,10371.0
2021-09-27,47037.0,30358.0,18641.0,10984.0
2021-09-28,38553.0,21908.0,14324.0,7441.0
2021-09-29,38842.0,25283.0,13918.0,7295.0
2021-09-30,42271.0,25962.0,15117.0,9825.0
2021-10-01,47840.0,27907.0,16113.0,11212.0
2021-10-02,44973.0,34742.0,25373.0,14247.0
2021-10-04,41051.0,30782.0,19799.0,11251.0
2021-10-05,45219.0,30055.0,19952.0,11975.0
2021-10-06,48460.0,29955.0,18840.0,11770.0
2021-10-07,50000.0,28857.0,17908.0,12181.0
2021-10-08,50758.0,34883.0,20826.0,12196.0
2021-10-09,74556.0,51774.0,30317.0,16103.0
2021-10-11,70542.0,52657.0,34129.0,17596.0
2021-10-12,66845.0,41855.0,24169.0,12494.0
2021-10-13,64482.0,36369.0,21681.0,12951.0
2021-10-14,60934.0,35854.0,19211.0,10439.0
2021-10-15,63250.0,39271.0,19398.0,9570.0
2021-10-16,63800.0,36292.0,15126.0,7008.0
2021-10-18,70429.0,49663.0,24939.0,10976.0
2021-10-19,63197.0,45453.0,22264.0,8447.0
2021-10-20,60034.0,38307.0,19267.0,9638.0
2021-10-21,58783.0,38002.0,21503.0,11349.0
2021-10-22,70677.0,47503.0,24468.0,13135.0
2021-10-23,77828.0,53971.0,31297.0,14348.0
2021-10-25,81238.0,60185.0,37221.0,16823.0
2021-10-26,73622.0,54636.0,30398.0,14778.0
2021-10-27,85083.0,67859.0,33785.0,16003.0
2021-10-28,85349.0,67792.0,37445.0,14795.0
2021-10-29,94350.0,62277.0,30556.0,11358.0
2021-10-30,105564.0,74114.0,34145.0,10827.0
2021-11-01,83484.0,71067.0,44791.0,17599.0
2021-11-02,73051.0,62206.0,39708.0,17525.0
2021-11-03,72516.0,61907.0,38285.0,18272.0
2021-11-04,83571.0,69116.0,44018.0,19361.0
2021-11-05,80069.0,65534.0,42640.0,19479.0
2021-11-06,83900.0,59076.0,44331.0,20427.0
2021-11-08,81179.0,63178.0,46921.0,22438.0
2021-11-09,76000.0,58553.0,37508.0,18235.0
2021-11-10,67829.0,49440.0,33239.0,15783.0
2021-11-11,68944.0,54329.0,33951.0,15270.0
2021-11-12,56031.0,42409.0,27166.0,14540.0
2021-11-13,49711.0,38634.0,21822.0,12003.0
2021-11-15,48706.0,43438.0,30154.0,14073.0
2021-11-16,44563.0,39092.0,29745.0,14651.0
2021-11-17,39310.0,36011.0,27170.0,14355.0
2021-11-18,51696.0,41612.0,26254.0,12802.0
2021-11-19,64478.0,51007.0,36532.0,18522.0
2021-11-20,54429.0,45176.0,34229.0,18301.0
2021-11-22,55163.0,44582.0,32413.0,16967.0
2021-11-23,61000.0,50493.0,35405.0,18636.0
2021-11-24,60154.0,52193.0,38461.0,20691.0
2021-11-25,68857.0,59766.0,45887.0,25371.0
2021-11-26,73333.0,61703.0,46124.0,24243.0
2021-11-27,75757.0,59480.0,43629.0,21943.0
2021-11-29,72351.0,59415.0,41945.0,16682.0
2021-11-30,77667.0,63290.0,51686.0,23151.0
2021-12-01,78259.0,63661.0,43911.0,22186.0
2021-12-02,77583.0,61953.0,44792.0,20742.0
2021-12-03,75414.0,60994.0,41628.0,19411.0
2021-12-04,69524.0,59689.0,38973.0,18362.0
2021-12-06,82700.0,75339.0,50697.0,26037.0
2021-12-07,87379.0,77778.0,48865.0,24918.0
2021-12-08,82484.0,70474.0,48522.0,23987.0
2021-12-09,85714.0,71448.0,47714.0,23587.0
2021-12-10,84864.0,74377.0,51172.0,23280.0
2021-12-11,76037.0,67969.0,49977.0,26796.0
2021-12-13,74975.0,63440.0,49612.0,28169.0
2021-12-14,68692.0,58274.0,42485.0,22979.0
2021-12-15,73100.0,61229.0,45082.0,21822.0
2021-12-16,70760.0,63077.0,46706.0,26762.0
2021-12-17,79800.0,68392.0,45847.0,26955.0
2021-12-18,78080.0,57589.0,40818.0,24163.0
2021-12-20,86000.0,74309.0,48519.0,26830.0
2021-12-21,86710.0,61182.0,43695.0,26130.0
2021-12-22,85688.0,70363.0,44265.0,28639.0
2021-12-23,69688.0,59936.0,38651.0,20813.0
2021-12-24,68486.0,55826.0,37397.0,20672.0
2021-12-25,60286.0,48850.0,30292.0,15741.0
2021-12-27,61000.0,53530.0,34759.0,14518.0
2021-12-28,69000.0,62093.0,39721.0,17859.0
2021-12-29,75421.0,64545.0,34323.0,18585.0
2021-12-30,73000.0,69006.0,51022.0,20738.0
2021-12-31,60000.0,57172.0,41787.0,20527.0
2022-01-03,69154.0,65147.0,52425.0,21821.0
2022-01-04,69250.0,62015.0,40682.0,21701.0
2022-01-05,66188.0,59578.0,44071.0,24613.0
2022-01-06,59531.0,56702.0,45200.0,22667.0
2022-01-07,58806.0,53064.0,42281.0,25190.0
2022-01-08,50653.0,45329.0,32750.0,19039.0
2022-01-10,51833.0,45335.0,35031.0,20055.0
2022-01-11,57947.0,49504.0,31734.0,15798.0
2022-01-12,55429.0,50040.0,41236.0,18655.0
2022-01-13,48750.0,46851.0,36813.0,19359.0
2022-01-14,60875.0,54553.0,42774.0,20809.0
2022-01-15,54741.0,47866.0,36107.0,21563.0
2022-01-17,59595.0,52220.0,39626.0,23274.0
2022-01-18,58750.0,51639.0,35418.0,20826.0
2022-01-19,63328.0,55847.0,38057.0,21942.0
2022-01-20,70130.0,64963.0,47856.0,25827.0
2022-01-21,75524.0,67305.0,42561.0,24413.0
2022-01-22,77531.0,69874.0,44774.0,23571.0
2022-01-24,78564.0,73719.0,45325.0,20902.0
2022-01-25,91250.0,85101.0,60381.0,27478.0
2022-01-26,115063.0,105753.0,71676.0,28286.0
2022-01-27,126120.0,111158.0,70666.0,24341.0
2022-01-28,136698.0,125975.0,79355.0,22958.0
2022-01-29,139930.0,125315.0,69574.0,22207.0
2022-02-04,124050.0,102923.0,67326.0,24542.0
2022-02-05,102091.0,90533.0,62659.0,26885.0
2022-02-07,76891.0,63849.0,44193.0,20315.0
2022-02-08,67327.0,62137.0,48852.0,24046.0
2022-02-09,69500.0,58861.0,37577.0,19598.0
2022-02-10,68250.0,58912.0,40439.0,24115.0
2022-02-11,73750.0,61709.0,41147.0,23873.0
2022-02-12,69143.0,61274.0,41810.0,24681.0
2022-02-14,76714.0,71036.0,45750.0,23057.0
2022-02-15,77583.0,72248.0,54342.0,29367.0
2022-02-16,77000.0,71632.0,55256.0,23111.0
2022-02-17,69000.0,64663.0,52341.0,24439.0
2022-02-18,67700.0,64707.0,50656.0,24549.0
2022-02-19,68789.0,61107.0,40663.0,22910.0
2022-02-21,71960.0,65634.0,51220.0,25815.0
2022-02-22,86692.0,78867.0,67890.0,27654.0
2022-02-23,91056.0,87426.0,65580.0,28972.0
2022-02-24,135000.0,129257.0,88597.0,38613.0
2022-02-25,152273.0,137054.0,106295.0,50176.0
2022-02-26,120720.0,100401.0,72256.0,36088.0
2022-02-28,131526.0,106313.0,82277.0,38802.0
2022-03-01,136375.0,130562.0,87946.0,37228.0
2022-03-02,149810.0,134945.0,84468.0,42706.0
2022-03-03,157462.0,147245.0,117273.0,65337.0
2022-03-04,147944.0,138307.0,96685.0,43240.0
2022-03-05,137885.0,114742.0,78471.0,38910.0
2022-03-07,129825.0,123966.0,81271.0,35008.0
2022-03-08,152690.0,136195.0,83881.0,34741.0
2022-03-09,159500.0,143523.0,83810.0,34037.0
2022-03-10,173208.0,156646.0,85704.0,29217.0
2022-03-11,164268.0,148471.0,87466.0,34510.0
2022-03-12,109131.0,96461.0,70313.0,29401.0
2022-03-14,94382.0,88194.0,65853.0,25875.0
2022-03-15,127368.0,115991.0,79003.0,33500.0
2022-03-16,143943.0,131913.0,99753.0,30954.0
2022-03-17,144949.0,131942.0,95438.0,37829.0
2022-03-18,131774.0,121448.0,89768.0,46477.0
2022-03-19,155684.0,136422.0,97610.0,34928.0
2022-03-21,160056.0,147341.0,111524.0,50749.0
2022-03-22,177361.0,160253.0,126621.0,65753.0
2022-03-23,144298.0,129434.0,107713.0,57220.0
2022-03-24,120000.0,112979.0,91398.0,48939.0
2022-03-25,153250.0,135139.0,95303.0,42596.0
2022-03-26,173143.0,159095.0,114050.0,54933.0
2022-03-28,152771.0,140579.0,103871.0,45075.0
2022-03-29,150821.0,144177.0,121913.0,57290.0
2022-03-30,161143.0,154397.0,137102.0,85338.0
2022-03-31,155000.0,147656.0,130504.0,73932.0
2022-04-01,159879.0,151281.0,131972.0,75716.0
2022-04-02,152353.0,144931.0,130737.0,84127.0
2022-04-04,155917.0,147296.0,128761.0,68697.0
2022-04-05,153826.0,137304.0,121992.0,81963.0
2022-04-06,126170.0,117952.0,106923.0,69483.0
2022-04-07,120920.0,111857.0,101806.0,59598.0
2022-04-08,123211.0,116951.0,102303.0,61971.0
2022-04-09,120679.0,113923.0,91471.0,49779.0
2022-04-11,110589.0,104428.0,89714.0,49954.0
2022-04-12,110943.0,104725.0,91934.0,49491.0
2022-04-13,109310.0,102438.0,92365.0,55189.0
2022-04-14,90341.0,85996.0,74307.0,42853.0
2022-04-15,74837.0,66549.0,56865.0,41724.0
2022-04-16,67000.0,60486.0,52568.0,38495.0
2022-04-18,64156.0,59539.0,53366.0,34941.0
2022-04-19,67820.0,61088.0,52889.0,34972.0
2022-04-20,66170.0,63140.0,53131.0,34824.0
2022-04-21,68862.0,63415.0,50890.0,31284.0
2022-04-22,77656.0,73275.0,55016.0,31323.0
2022-04-23,89081.0,84316.0,62114.0,34668.0
2022-04-25,90000.0,85733.0,68767.0,35842.0
2022-04-26,83968.0,79082.0,69053.0,37468.0
2022-04-27,71561.0,66833.0,53483.0,29902.0
2022-04-28,63213.0,60143.0,53049.0,30345.0
2022-04-29,63217.0,58955.0,47601.0,30898.0
2022-04-30,71467.0,64969.0,52171.0,30835.0
2022-05-02,74182.0,68127.0,56566.0,32690.0
2022-05-03,71636.0,69307.0,60009.0,35895.0
2022-05-04,77580.0,72317.0,58579.0,37091.0
2022-05-05,83263.0,78412.0,60965.0,41042.0
2022-05-06,97294.0,91284.0,71852.0,43480.0
2022-05-07,110898.0,105378.0,82567.0,46577.0
2022-05-09,108000.0,103737.0,79267.0,42273.0
2022-05-10,115120.0,110024.0,95157.0,45587.0
2022-05-11,110593.0,105464.0,78831.0,42388.0
2022-05-12,113561.0,103078.0,78515.0,42305.0
2022-05-13,109277.0,103014.0,75289.0,44373.0
2022-05-14,110851.0,103484.0,82316.0,46044.0
2022-05-16,121392.0,114967.0,82374.0,46848.0
2022-05-17,130347.0,123347.0,97838.0,54068.0
2022-05-18,120678.0,109039.0,82015.0,48551.0
2022-05-19,101019.0,94364.0,72628.0,46519.0
2022-05-20,86065.0,76408.0,56131.0,38614.0
2022-05-21,81286.0,72383.0,47049.0,30018.0
2022-05-23,87173.0,69935.0,51508.0,30068.0
2022-05-24,76107.0,68124.0,52565.0,30025.0
2022-05-25,72500.0,65842.0,54797.0,32851.0
2022-05-26,67426.0,60147.0,40891.0,22737.0
2022-05-27,73403.0,65073.0,43819.0,28594.0
2022-05-28,71817.0,55608.0,38692.0,26430.0
2022-05-30,62065.0,49397.0,33646.0,25830.0
2022-05-31,62238.0,52387.0,36368.0,25994.0
2022-06-01,63278.0,54275.0,38499.0,26689.0
2022-06-02,66241.0,55810.0,40969.0,27973.0
2022-06-03,66172.0,59990.0,47227.0,30859.0
2022-06-04,77800.0,63211.0,45993.0,32135.0
2022-06-06,81795.0,73098.0,55199.0,31853.0
2022-06-07,97113.0,87799.0,66861.0,37128.0
2022-06-08,106271.0,98164.0,69302.0,40904.0
2022-06-09,110188.0,97783.0,63649.0,36603.0
2022-06-10,90650.0,76693.0,56730.0,32620.0
2022-06-11,88266.0,72371.0,51199.0,33379.0
2022-06-13,84797.0,70475.0,51048.0,33579.0
2022-06-14,81375.0,67835.0,48995.0,30986.0
2022-06-15,80443.0,69317.0,49809.0,32010.0
2022-06-16,81902.0,69550.0,55088.0,37020.0
2022-06-17,88056.0,80142.0,57304.0,40531.0
2022-06-18,84974.0,70709.0,50809.0,36773.0
2022-06-20,75306.0,61749.0,47075.0,33264.0
2022-06-21,68150.0,52898.0,42673.0,34172.0
2022-06-22,65127.0,49745.0,38897.0,30975.0
2022-06-23,61566.0,47206.0,34980.0,26450.0
2022-06-24,67435.0,46470.0,34151.0,26375.0
2022-06-25,57355.0,44826.0,34289.0,27249.0
2022-06-27,65217.0,50839.0,32550.0,22578.0
2022-06-28,49610.0,39361.0,30904.0,25818.0
2022-06-29,48180.0,35105.0,27300.0,21803.0
2022-06-30,49913.0,36959.0,27482.0,21946.0
2022-07-01,52365.0,39319.0,27296.0,22346.0
2022-07-02,55820.0,41125.0,26976.0,20054.0
2022-07-04,72288.0,52844.0,31332.0,18749.0
2022-07-05,67816.0,50591.0,32610.0,23333.0
2022-07-06,75353.0,56134.0,37894.0,24065.0
2022-07-07,85132.0,50799.0,32969.0,23246.0
2022-07-08,75438.0,59273.0,36115.0,23517.0
2022-07-09,66153.0,52624.0,35988.0,24497.0
2022-07-11,77291.0,54201.0,36898.0,24157.0
2022-07-12,68363.0,42874.0,31032.0,23043.0
2022-07-13,61243.0,49833.0,33317.0,22695.0
2022-07-14,63418.0,41643.0,27614.0,21268.0
2022-07-15,59753.0,35674.0,25713.0,17631.0
2022-07-16,58708.0,34865.0,26026.0,19187.0
2022-07-18,68176.0,38316.0,29063.0,23657.0
2022-07-19,62253.0,39766.0,27891.0,20849.0
2022-07-20,58817.0,39522.0,27573.0,19997.0
2022-07-21,55908.0,38983.0,28502.0,19132.0
2022-07-22,58145.0,36015.0,27697.0,20262.0
2022-07-23,61909.0,34096.0,26252.0,19514.0
2022-07-25,60800.0,38271.0,27359.0,18159.0
2022-07-26,56132.0,37508.0,30019.0,20966.0
2022-07-27,57325.0,38571.0,32303.0,22561.0
2022-07-28,53814.0,37195.0,32402.0,24757.0
2022-07-29,57252.0,40093.0,35317.0,28096.0
2022-07-30,57633.0,38982.0,31053.0,24018.0
2022-08-01,66891.0,39798.0,28613.0,22334.0
2022-08-02,82516.0,46425.0,28889.0,19759.0
2022-08-03,88988.0,48981.0,32582.0,24579.0
2022-08-04,91718.0,51256.0,32155.0,23843.0
2022-08-05,75923.0,36901.0,25958.0,16120.0
2022-08-06,75923.0,36901.0,25958.0,16120.0
2022-08-08,66406.0,33372.0,22367.0,14781.0
2022-08-09,57878.0,27632.0,17439.0,11433.0
2022-08-10,71280.0,41640.0,25301.0,16677.0
2022-08-11,72140.0,46154.0,31602.0,20095.0
2022-08-12,77453.0,50309.0,37833.0,23311.0
2022-08-13,75918.0,47219.0,36858.0,25284.0
2022-08-15,72519.0,47101.0,31191.0,16600.0
2022-08-16,70366.0,45227.0,30144.0,16748.0
2022-08-17,79744.0,42791.0,35107.0,24619.0
2022-08-18,65088.0,43248.0,36419.0,25566.0
2022-08-19,67800.0,46257.0,38175.0,27821.0
2022-08-20,75748.0,46061.0,37190.0,26432.0
2022-08-22,72381.0,45191.0,36322.0,27753.0
2022-08-23,70414.0,46823.0,37410.0,28432.0
2022-08-24,66451.0,44206.0,37726.0,28641.0
2022-08-25,66622.0,44128.0,37938.0,29536.0
2022-08-26,63631.0,42089.0,35791.0,26987.0
2022-08-27,60386.0,41288.0,33752.0,26276.0
2022-08-29,54319.0,36420.0,28954.0,23352.0
2022-08-30,58807.0,36183.0,28071.0,22450.0
2022-08-31,62710.0,39060.0,27758.0,21545.0
2022-09-01,64115.0,39319.0,27821.0,19469.0
2022-09-02,70951.0,38835.0,28143.0,22301.0
2022-09-03,80252.0,38037.0,27752.0,22014.0
2022-09-05,115112.0,60859.0,28949.0,20959.0
2022-09-06,87954.0,60891.0,32363.0,18719.0
2022-09-07,107652.0,78678.0,36211.0,22998.0
2022-09-08,121916.0,72301.0,36537.0,22725.0
2022-09-09,47508.0,31554.0,23409.0,12307.0
2022-09-13,80956.0,54547.0,31601.0,20164.0
2022-09-14,87963.0,52394.0,32127.0,23434.0
2022-09-15,99648.0,50235.0,31979.0,20583.0
2022-09-16,95978.0,50074.0,31290.0,22043.0
2022-09-17,83444.0,46725.0,31517.0,23385.0
2022-09-19,96221.0,51607.0,32696.0,21923.0
2022-09-20,117196.0,84628.0,43126.0,30110.0
2022-09-21,125119.0,95705.0,58119.0,37358.0
2022-09-22,126549.0,87859.0,58853.0,37331.0
2022-09-23,121537.0,84868.0,55394.0,37147.0
2022-09-24,112607.0,77032.0,46928.0,31360.0
2022-09-26,113934.0,72611.0,44807.0,28760.0
2022-09-27,117656.0,74266.0,44302.0,28277.0
2022-09-28,146767.0,110619.0,58606.0,30113.0
2022-09-29,152838.0,105192.0,62401.0,36995.0
2022-09-30,161964.0,131924.0,83683.0,47204.0
2022-10-01,188102.0,123387.0,67371.0,39660.0
2022-10-03,174520.0,131692.0,61641.0,38224.0
2022-10-04,171761.0,123590.0,65871.0,34617.0
2022-10-05,159825.0,128252.0,73789.0,40907.0
2022-10-06,165353.0,136184.0,80289.0,48468.0
2022-10-07,196947.0,151191.0,78540.0,43782.0
2022-10-08,164098.0,118899.0,67273.0,38943.0
2022-10-10,119279.0,86378.0,54283.0,30018.0
2022-10-11,105023.0,75463.0,49733.0,27340.0
2022-10-12,119077.0,84323.0,51678.0,29543.0
2022-10-13,119359.0,91831.0,53795.0,32223.0
2022-10-14,119625.0,92333.0,53891.0,32325.0
2022-10-15,137421.0,102197.0,62149.0,33431.0
2022-10-17,134462.0,108626.0,72914.0,42490.0
2022-10-18,139410.0,113985.0,65037.0,37666.0
2022-10-19,144857.0,115673.0,69603.0,35777.0
2022-10-20,147172.0,119462.0,65578.0,33111.0
2022-10-21,164667.0,145271.0,83695.0,42818.0
2022-10-22,191794.0,158933.0,95406.0,43917.0
2022-10-24,163000.0,132275.0,101687.0,55078.0
2022-10-25,154641.0,119327.0,81718.0,45798.0
2022-10-26,148519.0,129135.0,89380.0,53728.0
2022-10-27,147778.0,134259.0,90401.0,42022.0
2022-10-28,140879.0,128721.0,89156.0,50372.0
2022-10-29,130520.0,110528.0,81106.0,44804.0
2022-10-31,121300.0,100385.0,75332.0,40332.0
2022-11-01,112271.0,79821.0,53902.0,32163.0
2022-11-02,99052.0,80065.0,60051.0,37531.0
2022-11-03,97143.0,79260.0,52791.0,28421.0
2022-11-04,115815.0,95089.0,64151.0,31313.0
2022-11-05,102048.0,90769.0,63836.0,33399.0
2022-11-07,88759.0,75838.0,60058.0,32945.0
2022-11-08,85705.0,69819.0,52998.0,31482.0
2022-11-09,88310.0,75818.0,60494.0,35247.0
2022-11-10,80086.0,70906.0,54180.0,33589.0
2022-11-11,73932.0,65487.0,48891.0,35484.0
2022-11-12,75600.0,62584.0,49724.0,34361.0
2022-11-14,68712.0,61370.0,46947.0,32226.0
2022-11-15,77629.0,65957.0,47410.0,30477.0
2022-11-16,74919.0,66324.0,52818.0,28630.0
2022-11-17,77057.0,66356.0,49606.0,32316.0
2022-11-18,77703.0,65941.0,49759.0,30378.0
2022-11-19,75214.0,62361.0,46130.0,29459.0
2022-11-21,69000.0,59722.0,46428.0,31857.0
2022-11-22,68674.0,60138.0,43583.0,21130.0
2022-11-23,73212.0,62487.0,46726.0,29988.0
2022-11-24,72000.0,64932.0,46184.0,32159.0
2022-11-25,71658.0,62367.0,48190.0,35152.0
2022-11-26,65822.0,58177.0,45972.0,33498.0
2022-11-28,70190.0,63103.0,48077.0,35410.0
2022-11-29,75859.0,64869.0,46310.0,32830.0
2022-11-30,89071.0,71538.0,49295.0,34648.0
2022-12-01,90343.0,77034.0,52004.0,33840.0
2022-12-02,90778.0,74497.0,57160.0,35901.0
2022-12-03,81500.0,68557.0,50077.0,30812.0
2022-12-05,88968.0,79317.0,63273.0,36901.0
2022-12-06,106759.0,92954.0,72824.0,41955.0
2022-12-07,108800.0,94948.0,70051.0,42929.0
2022-12-08,113862.0,89445.0,65608.0,39945.0
2022-12-09,95429.0,79257.0,60167.0,42092.0
2022-12-10,85889.0,74930.0,56406.0,39710.0
2022-12-12,97806.0,84118.0,63729.0,38138.0
2022-12-13,116481.0,98106.0,80037.0,48836.0
2022-12-14,106556.0,92935.0,72630.0,44877.0
2022-12-15,104667.0,87215.0,63946.0,37209.0
2022-12-16,101250.0,86964.0,68767.0,43855.0
2022-12-17,102000.0,86646.0,61645.0,40538.0
2022-12-19,110792.0,102936.0,82883.0,47359.0
2022-12-20,116913.0,109507.0,91829.0,49465.0
2022-12-21,119167.0,105365.0,83532.0,53108.0
2022-12-22,123889.0,110585.0,87470.0,48890.0
2022-12-23,129979.0,114646.0,89772.0,52238.0
2022-12-24,115824.0,108850.0,91292.0,55267.0
2022-12-26,119122.0,105959.0,85830.0,49894.0
2022-12-27,125296.0,112712.0,87155.0,53715.0
2022-12-28,122088.0,109391.0,81771.0,45549.0
2022-12-29,128516.0,111294.0,82299.0,57884.0
2022-12-30,117000.0,110217.0,80751.0,48000.0
2022-12-31,117733.0,97370.0,66523.0,36399.0
2023-01-03,118667.0,103830.0,81207.0,45569.0
2023-01-04,109036.0,100685.0,83441.0,50135.0
2023-01-05,112241.0,102131.0,74090.0,44616.0
2023-01-06,97235.0,88040.0,74918.0,43881.0
2023-01-07,88889.0,81351.0,68905.0,43190.0
2023-01-09,91895.0,82617.0,65836.0,43880.0
2023-01-10,93208.0,86367.0,68671.0,37434.0
2023-01-11,88433.0,82851.0,67672.0,37121.0
2023-01-12,93650.0,81907.0,61601.0,36793.0
2023-01-13,97429.0,87805.0,65873.0,40439.0
2023-01-14,99172.0,92292.0,68786.0,36986.0
2023-01-16,113754.0,101295.0,71716.0,31167.0
2023-01-17,119593.0,107748.0,63169.0,26914.0
2023-01-18,121566.0,103739.0,56481.0,24847.0
2023-01-19,116556.0,99972.0,52896.0,20740.0
2023-01-20,108744.0,94291.0,59337.0,18928.0
2023-01-21,82259.0,64497.0,41442.0,20778.0
2023-01-25,76043.0,69516.0,51849.0,18972.0
2023-01-26,81871.0,74667.0,58818.0,24855.0
2023-01-27,92476.0,82087.0,64219.0,33643.0
2023-01-28,92000.0,82172.0,61478.0,31465.0
2023-01-30,80857.0,72664.0,57053.0,28210.0
2023-01-31,79333.0,67488.0,52868.0,27863.0
2023-02-01,69310.0,61096.0,49617.0,28969.0
2023-02-02,71875.0,60112.0,46628.0,27874.0
2023-02-03,63000.0,53667.0,45368.0,26681.0
2023-02-04,57000.0,50291.0,38586.0,23664.0
2023-02-06,53143.0,47182.0,35655.0,23243.0
2023-02-07,56548.0,51402.0,39037.0,24255.0
2023-02-08,60000.0,54515.0,35855.0,23029.0
2023-02-09,66000.0,60033.0,44610.0,25820.0
2023-02-10,62862.0,51942.0,39356.0,25306.0
2023-02-11,50712.0,45515.0,37224.0,24427.0
2023-02-13,54391.0,48714.0,36489.0,23722.0
2023-02-14,65611.0,59023.0,41903.0,23133.0
2023-02-15,65350.0,61190.0,48891.0,28595.0
2023-02-16,70412.0,65404.0,40958.0,22927.0
2023-02-17,81667.0,78479.0,53891.0,32263.0
2023-02-18,118000.0,113261.0,88098.0,51552.0
2023-02-20,136357.0,129620.0,104782.0,61909.0
2023-02-21,145034.0,133445.0,117113.0,63576.0
2023-02-22,128242.0,114175.0,97055.0,66681.0
2023-02-23,118188.0,102570.0,83391.0,55612.0
2023-02-24,109000.0,98795.0,71520.0,40085.0
2023-02-25,108867.0,95968.0,62935.0,39117.0
2023-02-27,132833.0,126374.0,93155.0,51022.0
2023-02-28,143733.0,132927.0,99180.0,45826.0
2023-03-01,161304.0,142422.0,118394.0,54259.0
2023-03-02,162781.0,151902.0,114763.0,58075.0
2023-03-03,185522.0,169203.0,114838.0,66626.0
2023-03-04,189615.0,170828.0,104838.0,43618.0
2023-03-06,176222.0,152993.0,96503.0,47991.0
2023-03-07,149316.0,138571.0,104132.0,41598.0
2023-03-08,150879.0,139335.0,90773.0,34622.0
2023-03-09,152000.0,142520.0,100241.0,44231.0
2023-03-10,175000.0,150551.0,83320.0,41985.0
2023-03-11,190280.0,176040.0,119860.0,55565.0
2023-03-13,199698.0,187098.0,126418.0,57342.0
2023-03-14,210591.0,196617.0,156181.0,85332.0
2023-03-15,223750.0,193049.0,138726.0,55630.0
2023-03-16,248893.0,220054.0,173399.0,90104.0
2023-03-17,224625.0,184773.0,128296.0,64625.0
2023-03-18,206171.0,182736.0,120172.0,64054.0
2023-03-20,205789.0,195347.0,134410.0,44250.0
2023-03-21,235036.0,219149.0,152589.0,60161.0
2023-03-22,241000.0,228611.0,169825.0,69520.0
2023-03-23,255074.0,243484.0,184604.0,94511.0
2023-03-24,262207.0,249139.0,182455.0,118938.0
2023-03-25,227452.0,203862.0,149819.0,82115.0
2023-03-27,258500.0,238542.0,179829.0,94779.0
2023-03-28,235973.0,215532.0,182386.0,120205.0
2023-03-29,198829.0,183270.0,149714.0,97823.0
2023-03-30,179345.0,167437.0,138403.0,80828.0
2023-03-31,195074.0,178342.0,142313.0,89504.0
2023-04-01,196577.0,190312.0,170137.0,125809.0
2023-04-03,243882.0,231582.0,184716.0,132661.0
2023-04-04,247088.0,238243.0,210256.0,131744.0
2023-04-05,225018.0,214747.0,194155.0,132160.0
2023-04-06,211130.0,200752.0,188148.0,139811.0
2023-04-07,217938.0,205284.0,191484.0,135094.0
2023-04-08,198139.0,187739.0,175107.0,126270.0
2023-04-10,198000.0,190397.0,183452.0,138345.0
2023-04-11,172844.0,165308.0,155974.0,116463.0
2023-04-12,172806.0,165929.0,155434.0,109382.0
2023-04-13,184700.0,180025.0,167712.0,125049.0
2023-04-14,196680.0,187620.0,156856.0,109680.0
2023-04-15,198692.0,190299.0,173780.0,128557.0
2023-04-17,238154.0,229872.0,209318.0,142067.0
2023-04-18,219355.0,212056.0,197863.0,131892.0
2023-04-19,223714.0,217031.0,198456.0,148099.0
2023-04-20,227538.0,223465.0,211598.0,163908.0
2023-04-21,243108.0,231760.0,211461.0,172589.0
2023-04-22,216795.0,202547.0,189300.0,149088.0
2023-04-24,184295.0,164198.0,147891.0,115087.0
2023-04-25,136310.0,120607.0,104427.0,85140.0
2023-04-26,99024.0,89811.0,78201.0,63160.0
2023-04-27,109000.0,105024.0,91774.0,74252.0
2023-04-28,126088.0,110971.0,88132.0,61482.0
2023-04-29,96538.0,87681.0,78480.0,55494.0
2023-05-01,70839.0,62054.0,54244.0,33533.0
2023-05-02,53431.0,48301.0,42280.0,31653.0
2023-05-03,50446.0,47102.0,43434.0,33122.0
2023-05-04,97481.0,91594.0,68096.0,41511.0
2023-05-05,85397.0,72530.0,55551.0,41367.0
2023-05-06,69855.0,62095.0,48875.0,34839.0
2023-05-08,62113.0,55536.0,50767.0,40047.0
2023-05-09,58880.0,55381.0,52283.0,42083.0
2023-05-10,59000.0,56027.0,51698.0,39289.0
2023-05-11,62733.0,57328.0,49933.0,39424.0
2023-05-12,65554.0,62781.0,51447.0,39575.0
2023-05-13,81400.0,74685.0,56187.0,38274.0
2023-05-15,95742.0,88927.0,61665.0,39181.0
2023-05-16,107833.0,102332.0,68774.0,39426.0
2023-05-17,124238.0,117582.0,84960.0,40300.0
2023-05-18,140250.0,136208.0,102946.0,48320.0
2023-05-19,170400.0,151773.0,100750.0,50324.0
2023-05-20,177229.0,168078.0,118831.0,54963.0
2023-05-22,156040.0,134035.0,94956.0,43951.0
2023-05-23,124203.0,109601.0,79813.0,44528.0
2023-05-24,106310.0,97822.0,72286.0,43917.0
2023-05-25,108957.0,101336.0,75926.0,49758.0
2023-05-26,127640.0,117126.0,89048.0,56393.0
2023-05-27,113136.0,99984.0,74206.0,46961.0
2023-05-29,82859.0,70682.0,58212.0,43836.0
2023-05-30,67688.0,60723.0,53323.0,40890.0
2023-05-31,66945.0,60897.0,51702.0,42495.0
2023-06-01,68408.0,60351.0,49892.0,40845.0
2023-06-02,67615.0,62459.0,51717.0,39731.0
2023-06-03,68605.0,59889.0,49280.0,37109.0
2023-06-05,65176.0,55933.0,47702.0,38888.0
2023-06-06,59433.0,52711.0,45860.0,37656.0
2023-06-07,71644.0,61561.0,47731.0,35903.0
2023-06-08,93291.0,77846.0,54422.0,37220.0
2023-06-09,127776.0,109024.0,72923.0,39514.0
2023-06-10,135727.0,113848.0,74817.0,43704.0
2023-06-12,108789.0,96348.0,65855.0,39628.0
2023-06-13,101909.0,84544.0,57702.0,37678.0
2023-06-14,101218.0,84673.0,53582.0,37244.0
2023-06-15,137388.0,120185.0,83518.0,46533.0
2023-06-16,144637.0,135041.0,92022.0,47721.0
2023-06-17,133884.0,108073.0,67621.0,40640.0
2023-06-19,137815.0,105025.0,69850.0,37700.0
2023-06-20,128906.0,111086.0,69990.0,42583.0
2023-06-21,129383.0,107980.0,80314.0,51855.0
2023-06-22,143052.0,124946.0,83759.0,48103.0
2023-06-23,140634.0,122652.0,78219.0,42709.0
2023-06-24,134500.0,105641.0,67325.0,41916.0
2023-06-26,114770.0,97601.0,63977.0,38691.0
2023-06-27,124429.0,94012.0,64897.0,45016.0
2023-06-28,113836.0,74877.0,53413.0,39507.0
2023-06-29,103231.0,72729.0,52097.0,34738.0
2023-06-30,101028.0,72535.0,49763.0,28773.0
2023-07-01,83200.0,60542.0,44401.0,26707.0
2023-07-03,81854.0,57817.0,42997.0,25509.0
2023-07-04,77455.0,60659.0,44311.0,30652.0
2023-07-05,90000.0,71457.0,46349.0,35669.0
2023-07-06,84185.0,60455.0,44439.0,34498.0
2023-07-07,84640.0,48653.0,39370.0,30329.0
2023-07-08,84091.0,60293.0,40678.0,30093.0
2023-07-10,78070.0,61306.0,42005.0,29917.0
2023-07-11,77957.0,52081.0,39968.0,30665.0
2023-07-12,72895.0,56115.0,42374.0,30426.0
2023-07-13,72800.0,58920.0,43012.0,30570.0
2023-07-14,73377.0,54297.0,39564.0,27547.0
2023-07-15,77431.0,54714.0,36207.0,25860.0
2023-07-17,88612.0,67228.0,40171.0,29514.0
2023-07-18,85159.0,58896.0,35627.0,22932.0
2023-07-19,93214.0,67452.0,39610.0,20321.0
2023-07-20,96491.0,68504.0,43422.0,26655.0
2023-07-21,96396.0,72068.0,43986.0,28294.0
2023-07-22,96078.0,60022.0,37509.0,22516.0
2023-07-24,99313.0,73253.0,39234.0,21377.0
2023-07-25,104476.0,71602.0,42397.0,29098.0
2023-07-26,96493.0,68813.0,41338.0,27832.0
2023-07-27,84679.0,46865.0,33039.0,21458.0
2023-07-28,66318.0,40428.0,31207.0,23959.0
2023-07-29,47409.0,36013.0,30585.0,22057.0
2023-07-31,64584.0,37601.0,32179.0,24295.0
2023-08-01,67440.0,39823.0,34901.0,27067.0
2023-08-02,74550.0,43011.0,36976.0,30568.0
2023-08-03,80435.0,40813.0,35059.0,29490.0
2023-08-04,72333.0,41087.0,36023.0,29226.0
2023-08-07,77599.0,44037.0,37523.0,32034.0
2023-08-08,66638.0,40679.0,35223.0,29498.0
2023-08-09,57612.0,37554.0,32079.0,28088.0
2023-08-10,49618.0,34589.0,31051.0,25655.0
2023-08-11,67507.0,44217.0,35462.0,29321.0
2023-08-12,61644.0,41966.0,36308.0,29938.0
2023-08-14,51662.0,38906.0,35437.0,30137.0
2023-08-15,46026.0,35206.0,31327.0,24312.0
2023-08-16,48597.0,35969.0,32481.0,26367.0
2023-08-17,46774.0,36056.0,32755.0,26786.0
2023-08-18,46366.0,37947.0,34303.0,28250.0
2023-08-19,52058.0,37532.0,33359.0,26414.0
2023-08-21,51681.0,37773.0,32705.0,27589.0
2023-08-22,55729.0,35431.0,28635.0,22490.0
2023-08-23,55071.0,36830.0,28210.0,24121.0
2023-08-24,57577.0,37880.0,29099.0,23284.0
2023-08-25,65807.0,47189.0,37918.0,28240.0
2023-08-26,67259.0,47474.0,38621.0,27946.0
2023-08-28,63429.0,41388.0,31789.0,25308.0
2023-08-29,54493.0,37279.0,28290.0,21854.0
2023-08-30,49506.0,35748.0,29720.0,22559.0
2023-08-31,52675.0,35145.0,29017.0,22512.0
2023-09-01,57235.0,40886.0,32501.0,21540.0
2023-09-02,50439.0,38067.0,32736.0,25171.0
2023-09-04,59761.0,37520.0,30710.0,23026.0
2023-09-05,58875.0,42586.0,33540.0,23774.0
2023-09-06,60942.0,42240.0,34557.0,24411.0
2023-09-07,61155.0,43992.0,37493.0,28523.0
2023-09-08,72654.0,46501.0,37517.0,29776.0
2023-09-09,75933.0,51634.0,38511.0,29016.0
2023-09-11,103559.0,61535.0,39645.0,30330.0
2023-09-12,122686.0,71143.0,37787.0,26746.0
2023-09-13,129253.0,87647.0,41774.0,29885.0
2023-09-14,143672.0,86859.0,47209.0,29800.0
2023-09-15,157125.0,100143.0,50528.0,30015.0
2023-09-16,139484.0,78818.0,44541.0,27747.0
2023-09-18,136758.0,87670.0,46224.0,26329.0
2023-09-19,139793.0,82582.0,42600.0,22147.0
2023-09-20,148718.0,84104.0,41933.0,22492.0
2023-09-21,132657.0,73213.0,34142.0,15938.0
2023-09-22,122256.0,75767.0,40015.0,21914.0
2023-09-23,111633.0,64892.0,35996.0,18924.0
2023-09-25,128437.0,64289.0,31036.0,16778.0
2023-09-26,146556.0,94113.0,37418.0,18546.0
2023-09-27,194592.0,133677.0,46830.0,22767.0
2023-09-28,260000.0,211433.0,98528.0,25196.0
2023-10-02,213451.0,143070.0,63836.0,23372.0
2023-10-03,154789.0,125513.0,71120.0,31531.0
2023-10-04,128138.0,88528.0,51424.0,27703.0
2023-10-05,72611.0,53809.0,34240.0,18071.0
2023-10-06,75585.0,54466.0,33289.0,21672.0
2023-10-07,79564.0,51748.0,30958.0,20676.0
2023-10-09,104350.0,65888.0,34547.0,19754.0
2023-10-10,175792.0,115138.0,57255.0,27093.0
2023-10-11,163622.0,122120.0,72365.0,37735.0
2023-10-12,150500.0,121045.0,58497.0,28257.0
2023-10-13,127278.0,99391.0,63939.0,37233.0
2023-10-14,125353.0,99265.0,58176.0,33835.0
2023-10-16,129837.0,101370.0,66362.0,35507.0
2023-10-17,124405.0,100051.0,64900.0,34922.0
2023-10-18,139266.0,101237.0,62309.0,33574.0
2023-10-19,131605.0,97371.0,54689.0,31155.0
2023-10-20,140179.0,118542.0,67741.0,36982.0
2023-10-21,135974.0,117953.0,61306.0,31943.0
2023-10-23,122719.0,102286.0,63702.0,33530.0
2023-10-24,123692.0,95440.0,57331.0,32876.0
2023-10-25,111757.0,91478.0,65535.0,39289.0
2023-10-26,125026.0,93693.0,57933.0,33663.0
2023-10-27,106405.0,84976.0,55972.0,34032.0
2023-10-28,89500.0,70968.0,54331.0,37630.0
2023-10-30,94618.0,72372.0,48291.0,31301.0
2023-10-31,79152.0,66810.0,47855.0,27443.0
2023-11-01,76882.0,63628.0,44540.0,27259.0
2023-11-02,69324.0,63344.0,45421.0,25927.0
2023-11-03,76853.0,69471.0,50920.0,27135.0
2023-11-04,76853.0,69471.0,50920.0,27135.0
2023-11-06,76000.0,65320.0,49143.0,26419.0
2023-11-07,69118.0,53529.0,37464.0,19873.0
2023-11-08,62560.0,49870.0,35542.0,19127.0
2023-11-09,56689.0,45619.0,29798.0,16924.0
2023-11-10,60136.0,46314.0,25221.0,13995.0
2023-11-11,61448.0,51292.0,32500.0,19514.0
2023-11-13,60564.0,48627.0,31108.0,18877.0
2023-11-14,58571.0,48524.0,36850.0,20889.0
2023-11-15,59647.0,48958.0,35337.0,19874.0
2023-11-16,61613.0,52773.0,37808.0,24575.0
2023-11-17,62679.0,54559.0,41872.0,26764.0
2023-11-18,66167.0,58006.0,47344.0,26753.0
2023-11-20,64953.0,59736.0,49342.0,29998.0
2023-11-21,63674.0,54835.0,45509.0,27512.0
2023-11-22,58684.0,52572.0,42490.0,26351.0
2023-11-23,56962.0,46900.0,36003.0,19638.0
2023-11-24,60978.0,52051.0,39343.0,22820.0
2023-11-25,78923.0,73658.0,57529.0,29953.0
2023-11-27,101571.0,90649.0,73399.0,39898.0
2023-11-28,101194.0,91922.0,77207.0,45583.0
2023-11-29,103220.0,92273.0,73256.0,43066.0
2023-11-30,98189.0,86599.0,71348.0,39055.0
2023-12-01,86980.0,72958.0,55931.0,35731.0
2023-12-02,86980.0,72958.0,55931.0,35731.0
2023-12-04,87586.0,72673.0,55569.0,35192.0
2023-12-05,98095.0,85457.0,59232.0,34708.0
2023-12-06,112200.0,96183.0,68557.0,38579.0
2023-12-07,108167.0,87028.0,68136.0,39840.0
2023-12-08,90970.0,77789.0,61015.0,37154.0
2023-12-09,95522.0,81770.0,67797.0,41947.0
2023-12-11,97441.0,85585.0,66276.0,37330.0
2023-12-12,96000.0,79120.0,60493.0,34276.0
2023-12-13,90063.0,79610.0,58945.0,35000.0
2023-12-14,79595.0,72016.0,56163.0,31813.0
2023-12-15,87000.0,71208.0,46797.0,26808.0
2023-12-16,98000.0,82433.0,60604.0,31897.0
2023-12-18,89933.0,77992.0,64440.0,36934.0
2023-12-19,99839.0,78093.0,56699.0,35928.0
2023-12-20,94698.0,74557.0,52022.0,28054.0
2023-12-21,76225.0,58767.0,40106.0,22287.0
2023-12-22,73148.0,63056.0,38645.0,17220.0
2023-12-23,81571.0,69720.0,47118.0,18875.0
2023-12-25,84545.0,68585.0,42147.0,23385.0
2023-12-26,94818.0,85955.0,62017.0,27874.0
2023-12-27,89257.0,78641.0,49223.0,21408.0
2023-12-28,89184.0,76256.0,53973.0,23382.0
2023-12-29,79628.0,68030.0,46909.0,26885.0
2023-12-30,76167.0,56020.0,36316.0,18095.0
2024-01-03,80667.0,64005.0,42902.0,24236.0
2024-01-04,66432.0,56797.0,39240.0,21627.0
2024-01-05,57960.0,52801.0,38577.0,23584.0
2024-01-06,56941.0,50895.0,37671.0,26368.0
2024-01-08,59269.0,54175.0,44703.0,24229.0
2024-01-09,54389.0,51182.0,43082.0,22951.0
2024-01-10,53789.0,49243.0,44614.0,32328.0
2024-01-11,51286.0,47732.0,42835.0,32447.0
2024-01-12,52179.0,48158.0,40799.0,29138.0
2024-01-13,56276.0,48977.0,40712.0,26240.0
2024-01-15,51688.0,49194.0,41096.0,26399.0
2024-01-16,52259.0,49085.0,41468.0,24672.0
2024-01-17,60000.0,47840.0,36900.0,23000.0
2024-01-18,58129.0,51610.0,41438.0,25718.0
2024-01-19,52429.0,47770.0,38736.0,25674.0
2024-01-20,52471.0,48718.0,41365.0,26779.0
2024-01-22,60000.0,54258.0,48222.0,35037.0
2024-01-23,60000.0,56351.0,48157.0,33344.0
2024-01-24,58235.0,54848.0,47992.0,32500.0
2024-01-25,64636.0,60092.0,51324.0,34620.0
2024-01-26,70000.0,65049.0,51021.0,29689.0
2024-01-27,71345.0,64492.0,54593.0,33592.0
2024-01-29,78170.0,69479.0,54770.0,29219.0
2024-01-30,81407.0,77957.0,58110.0,27136.0
2024-01-31,86375.0,76938.0,58359.0,31068.0
2024-02-01,85103.0,76884.0,58261.0,30987.0
2024-02-02,83759.0,71529.0,55640.0,26617.0
2024-02-03,79311.0,68347.0,39125.0,20332.0
2024-02-05,76510.0,68994.0,46280.0,17887.0
2024-02-06,89243.0,80655.0,55756.0,22597.0
2024-02-07,102263.0,89273.0,51062.0,18257.0
2024-02-08,106026.0,88933.0,64620.0,18524.0
2024-02-09,82179.0,70337.0,55753.0,21112.0
2024-02-13,97611.0,83905.0,60553.0,33328.0
2024-02-14,97857.0,90006.0,70882.0,32464.0
2024-02-15,108345.0,96989.0,74909.0,36856.0
2024-02-16,100857.0,91311.0,62946.0,36209.0
2024-02-17,101000.0,91801.0,65330.0,32203.0
2024-02-19,102914.0,93955.0,51025.0,25667.0
2024-02-20,106077.0,89301.0,50310.0,22492.0
2024-02-21,105435.0,95816.0,53113.0,24719.0
2024-02-22,119250.0,108367.0,60960.0,27603.0
2024-02-23,142300.0,108575.0,59638.0,24460.0
2024-02-24,188600.0,168198.0,78062.0,38059.0
2024-02-26,192409.0,179465.0,128584.0,51611.0
2024-02-27,196000.0,185742.0,124096.0,57019.0
2024-02-28,197474.0,187393.0,134686.0,64856.0
2024-02-29,208000.0,190041.0,125303.0,53130.0
2024-03-01,265895.0,220457.0,134503.0,49854.0
2024-03-02,265895.0,220457.0,134503.0,49854.0
2024-03-04,188423.0,163262.0,107947.0,46301.0
2024-03-05,189184.0,153153.0,93766.0,39414.0
2024-03-06,184500.0,162378.0,94998.0,42011.0
2024-03-07,184037.0,148201.0,90558.0,42337.0
2024-03-08,160308.0,131783.0,83057.0,42212.0
2024-03-09,139000.0,120594.0,86527.0,43667.0
2024-03-11,145939.0,140378.0,98453.0,48216.0
2024-03-12,148379.0,136046.0,97498.0,53836.0
2024-03-13,153292.0,140463.0,109272.0,67418.0
2024-03-14,156289.0,143724.0,102979.0,65550.0
2024-03-15,150889.0,140457.0,102367.0,58170.0
2024-03-16,157710.0,132663.0,93695.0,50000.0
2024-03-18,160419.0,140955.0,102289.0,52153.0
2024-03-19,186680.0,154376.0,102739.0,40110.0
2024-03-20,190414.0,172069.0,136545.0,73205.0
2024-03-21,157571.0,146445.0,114975.0,64649.0
2024-03-22,164480.0,150536.0,116101.0,61748.0
2024-03-23,184500.0,159017.0,113554.0,55903.0
2024-03-25,208029.0,190739.0,139478.0,60547.0
2024-03-26,229343.0,208486.0,152811.0,75197.0
2024-03-27,281440.0,216376.0,155419.0,85109.0
2024-03-28,245647.0,197015.0,142383.0,68074.0
2024-03-29,223727.0,190579.0,133511.0,68963.0
2024-03-30,218727.0,198938.0,148385.0,89306.0
2024-04-01,230471.0,206274.0,150390.0,76167.0
2024-04-02,304875.0,267364.0,171863.0,57718.0
2024-04-03,278250.0,238437.0,163894.0,69017.0
2024-04-04,279155.0,248393.0,178673.0,85549.0
2024-04-05,264813.0,245196.0,188726.0,126669.0
2024-04-06,255423.0,232503.0,185255.0,125227.0
2024-04-08,281240.0,269340.0,239926.0,135508.0
2024-04-09,274692.0,259494.0,203789.0,122646.0
2024-04-10,225162.0,206009.0,172581.0,94661.0
2024-04-11,196594.0,184142.0,162482.0,106012.0
2024-04-12,188194.0,174056.0,157751.0,108865.0
2024-04-13,182000.0,169184.0,146310.0,98655.0
2024-04-15,198900.0,185056.0,164852.0,109188.0
2024-04-16,180913.0,173874.0,163997.0,127054.0
2024-04-17,189200.0,186667.0,176325.0,150413.0
2024-04-18,205000.0,200259.0,181801.0,146213.0
2024-04-19,221143.0,212842.0,196551.0,155759.0
2024-04-20,198440.0,186010.0,162024.0,123785.0
2024-04-22,176219.0,169007.0,158177.0,118890.0
2024-04-23,207955.0,193907.0,180753.0,132612.0
2024-04-24,256500.0,248554.0,205469.0,141200.0
2024-04-25,276641.0,228924.0,196645.0,137409.0
2024-04-26,246059.0,225218.0,197235.0,139787.0
2024-04-27,204854.0,198500.0,173829.0,132507.0
2024-04-29,211763.0,206061.0,192305.0,147458.0
2024-04-30,235429.0,230298.0,207709.0,151296.0
2024-05-01,241559.0,233483.0,207592.0,154716.0
2024-05-02,216229.0,204203.0,183767.0,135744.0
2024-05-03,206122.0,195931.0,181873.0,148034.0
2024-05-04,194500.0,164049.0,141815.0,114591.0
2024-05-06,163114.0,146646.0,123045.0,95929.0
2024-05-07,128683.0,102629.0,91304.0,65622.0
2024-05-08,90177.0,78514.0,67155.0,44054.0
2024-05-09,77643.0,63459.0,50175.0,39423.0
2024-05-10,75447.0,66989.0,52403.0,41654.0
2024-05-11,64702.0,57605.0,52432.0,42374.0
2024-05-13,77808.0,71003.0,61525.0,45676.0
2024-05-14,76413.0,68844.0,62587.0,51481.0
2024-05-15,77167.0,72797.0,61702.0,45873.0
2024-05-16,91667.0,84961.0,67901.0,49084.0
2024-05-17,100298.0,89269.0,71796.0,48816.0
2024-05-18,98167.0,92000.0,69481.0,43286.0
2024-05-20,127651.0,112267.0,77720.0,47079.0
2024-05-21,132309.0,114705.0,79262.0,45748.0
2024-05-22,154282.0,139169.0,84306.0,48944.0
2024-05-23,155429.0,141661.0,88981.0,47598.0
2024-05-24,175209.0,153402.0,108384.0,59407.0
2024-05-25,160653.0,149505.0,99445.0,51691.0
2024-05-27,170929.0,159911.0,112089.0,58665.0
2024-05-28,172917.0,159350.0,127977.0,65712.0
2024-05-29,164727.0,141742.0,116086.0,68611.0
2024-05-30,134157.0,104565.0,83457.0,61929.0
2024-05-31,113457.0,100830.0,84568.0,53998.0
2024-06-01,107418.0,95030.0,80167.0,49129.0
2024-06-03,108205.0,93819.0,79349.0,50027.0
2024-06-04,99768.0,85058.0,72371.0,49583.0
2024-06-05,88767.0,77599.0,64025.0,42106.0
2024-06-06,87701.0,72382.0,56150.0,31267.0
2024-06-07,80449.0,69880.0,56163.0,32190.0
2024-06-08,72467.0,65115.0,55014.0,35130.0
2024-06-10,81844.0,71813.0,60036.0,44446.0
2024-06-11,82203.0,71837.0,57080.0,41453.0
2024-06-12,82824.0,68909.0,53462.0,35754.0
2024-06-13,82629.0,74694.0,60611.0,45072.0
2024-06-14,82630.0,72366.0,58542.0,39157.0
2024-06-15,80853.0,69746.0,54951.0,37409.0
2024-06-17,90308.0,76711.0,58177.0,39261.0
2024-06-18,100909.0,88216.0,57299.0,38609.0
2024-06-19,102322.0,83426.0,64143.0,41568.0
2024-06-20,106241.0,90501.0,65119.0,41862.0
2024-06-21,102444.0,86756.0,66870.0,45957.0
2024-06-22,97792.0,81536.0,58300.0,38602.0
2024-06-24,92585.0,74589.0,58599.0,37694.0
2024-06-25,84750.0,72028.0,56246.0,37763.0
2024-06-26,77741.0,62933.0,49156.0,31660.0
2024-06-27,76644.0,60286.0,45751.0,30902.0
2024-06-28,77403.0,64176.0,49379.0,33195.0
2024-06-29,80102.0,61391.0,45265.0,29390.0
2024-07-01,78710.0,63887.0,49539.0,30590.0
2024-07-02,74907.0,61072.0,43861.0,27438.0
2024-07-03,67713.0,51171.0,34021.0,19794.0
2024-07-04,64055.0,42826.0,29026.0,16464.0
2024-07-05,62843.0,35600.0,25533.0,17329.0
2024-07-06,64855.0,44529.0,27901.0,16798.0
2024-07-08,65696.0,40491.0,24952.0,16479.0
2024-07-09,51447.0,34484.0,24038.0,14484.0
2024-07-10,51099.0,33168.0,24261.0,15807.0
2024-07-11,55833.0,38155.0,26970.0,17616.0
2024-07-12,66193.0,52096.0,34790.0,24057.0
2024-07-13,76976.0,54373.0,34795.0,22758.0
2024-07-15,73248.0,49565.0,28449.0,17033.0
2024-07-16,71196.0,45496.0,27607.0,17527.0
2024-07-17,76981.0,52745.0,31429.0,21627.0
2024-07-18,77161.0,50747.0,31526.0,23911.0
2024-07-19,74725.0,52639.0,31112.0,21039.0
2024-07-20,70597.0,42434.0,30363.0,19276.0
2024-07-22,63674.0,40891.0,29561.0,18100.0
2024-07-23,62975.0,40272.0,28085.0,16558.0
2024-07-24,64000.0,46203.0,29719.0,19212.0
2024-07-25,56672.0,39971.0,29575.0,19219.0
2024-07-26,62029.0,36980.0,27926.0,20796.0
2024-07-27,68123.0,40528.0,29122.0,20183.0
2024-07-29,75323.0,51643.0,32119.0,19545.0
2024-07-30,91084.0,51935.0,34579.0,25234.0
2024-07-31,82837.0,48516.0,34533.0,24463.0
2024-08-01,77021.0,43798.0,33155.0,25536.0
2024-08-02,73613.0,45980.0,34937.0,24004.0
2024-08-05,78226.0,43889.0,35158.0,26465.0
2024-08-06,73966.0,38666.0,31676.0,22873.0
2024-08-07,65719.0,37978.0,31622.0,25693.0
2024-08-08,53438.0,33884.0,30059.0,25100.0
2024-08-09,61487.0,36727.0,31843.0,25869.0
2024-08-10,57920.0,37056.0,32728.0,25151.0
2024-08-12,60163.0,36948.0,31432.0,25680.0
2024-08-13,54717.0,34130.0,29218.0,23358.0
2024-08-14,47462.0,33072.0,28172.0,22403.0
2024-08-15,48396.0,33118.0,28783.0,22256.0
2024-08-16,53419.0,35751.0,30992.0,23088.0
2024-08-17,59431.0,35911.0,29840.0,23296.0
2024-08-19,60752.0,37069.0,29289.0,23053.0
2024-08-20,64531.0,36762.0,28440.0,21452.0
2024-08-21,64921.0,38347.0,30044.0,22274.0
2024-08-22,59212.0,37037.0,31602.0,26435.0
2024-08-23,74862.0,46945.0,32782.0,24554.0
2024-08-24,67586.0,42913.0,33379.0,25305.0
2024-08-26,67210.0,40501.0,32535.0,24195.0
2024-08-27,71274.0,45642.0,32262.0,24347.0
2024-08-28,72752.0,40852.0,31427.0,23864.0
2024-08-29,77155.0,45268.0,31793.0,23980.0
2024-08-30,82319.0,45030.0,34937.0,26693.0
2024-08-31,75259.0,46727.0,34849.0,26064.0
2024-09-02,82560.0,47095.0,33220.0,25475.0
2024-09-03,84000.0,49250.0,33825.0,23352.0
2024-09-04,81575.0,50985.0,34656.0,22780.0
2024-09-05,74713.0,49058.0,35144.0,22101.0
2024-09-06,85783.0,51765.0,33616.0,24735.0
2024-09-07,83190.0,54077.0,34600.0,22636.0
2024-09-09,102033.0,59802.0,36973.0,25433.0
2024-09-10,111676.0,71845.0,37792.0,26228.0
2024-09-11,123662.0,69405.0,38250.0,23886.0
2024-09-12,116180.0,65142.0,36913.0,23379.0
2024-09-13,121153.0,69668.0,33360.0,16788.0
2024-09-14,141286.0,110612.0,48893.0,21890.0
2024-09-16,212714.0,133583.0,48377.0,13486.0
2024-09-20,173806.0,90947.0,35238.0,14703.0
2024-09-21,256771.0,143551.0,44137.0,15783.0
2024-09-23,272958.0,178402.0,82141.0,40529.0
2024-09-24,211588.0,100917.0,51709.0,23032.0
2024-09-25,115396.0,67515.0,35915.0,17872.0
2024-09-26,92528.0,56894.0,33974.0,18704.0
2024-09-27,107474.0,58461.0,35103.0,22163.0
2024-09-28,133344.0,81895.0,41141.0,23739.0
2024-09-30,161105.0,84799.0,42498.0,24187.0
2024-10-01,161933.0,92991.0,40323.0,23750.0
2024-10-02,160471.0,102153.0,43307.0,23946.0
2024-10-03,251258.0,149290.0,57727.0,31227.0
2024-10-04,232744.0,152956.0,63246.0,28594.0
2024-10-05,165273.0,103841.0,48369.0,28074.0
2024-10-07,170591.0,108875.0,46481.0,26770.0
2024-10-08,164667.0,109394.0,49984.0,27062.0
2024-10-09,145152.0,99150.0,46258.0,30110.0
2024-10-10,148861.0,114007.0,57386.0,30100.0
2024-10-11,167850.0,101782.0,52324.0,29624.0
2024-10-12,156324.0,94789.0,52691.0,28629.0
2024-10-14,171674.0,113582.0,60149.0,34357.0
2024-10-15,181517.0,137455.0,72053.0,31221.0
2024-10-16,162968.0,131886.0,74524.0,38071.0
2024-10-17,160158.0,134311.0,74821.0,39289.0
2024-10-18,163132.0,129338.0,64714.0,37072.0
2024-10-19,144026.0,106718.0,55719.0,28425.0
2024-10-21,136093.0,97085.0,50765.0,26761.0
2024-10-22,113694.0,80136.0,41917.0,19559.0
2024-10-23,105571.0,83394.0,45064.0,23006.0
2024-10-24,100121.0,75312.0,42023.0,21452.0
2024-10-25,109200.0,80296.0,43616.0,23587.0
2024-10-26,102306.0,69420.0,34752.0,21124.0
2024-10-28,95317.0,77864.0,46411.0,24293.0
2024-10-29,86732.0,68473.0,40157.0,20422.0
2024-10-30,91000.0,69833.0,41874.0,24531.0
2024-10-31,89156.0,64603.0,39117.0,19753.0
2024-11-01,109042.0,86633.0,45811.0,23865.0
2024-11-02,109926.0,92427.0,56128.0,24485.0
2024-11-04,122600.0,103473.0,67547.0,37319.0
2024-11-05,115710.0,94962.0,64964.0,36723.0
2024-11-06,120100.0,97983.0,65443.0,37332.0
2024-11-07,116778.0,100419.0,66296.0,36196.0
2024-11-08,113833.0,87419.0,50738.0,29851.0
2024-11-09,108533.0,92846.0,51667.0,30885.0
2024-11-11,104852.0,84291.0,53907.0,34783.0
2024-11-12,108610.0,82802.0,47498.0,28632.0
2024-11-13,109676.0,91095.0,54757.0,25717.0
2024-11-14,102690.0,80708.0,48655.0,29220.0
2024-11-15,116400.0,100237.0,58242.0,33653.0
2024-11-16,149034.0,125224.0,66530.0,36062.0
2024-11-18,126360.0,104152.0,70583.0,35607.0
2024-11-19,130270.0,103332.0,58370.0,30607.0
2024-11-20,127931.0,110040.0,66778.0,37247.0
2024-11-21,131926.0,107315.0,64507.0,37555.0
2024-11-22,146600.0,116554.0,71172.0,38056.0
2024-11-23,144033.0,121933.0,78326.0,41770.0
2024-11-25,131450.0,120550.0,88486.0,47095.0
2024-11-26,147524.0,131445.0,77386.0,43226.0
2024-11-27,191435.0,172035.0,130428.0,63453.0
2024-11-28,191150.0,171245.0,107759.0,51756.0
2024-11-29,180528.0,148893.0,77746.0,38003.0
2024-11-30,149067.0,129560.0,71311.0,36404.0
2024-12-02,165469.0,146414.0,99029.0,43692.0
2024-12-03,225727.0,178218.0,99296.0,47817.0
2024-12-04,266000.0,250784.0,158713.0,70495.0
2024-12-05,233167.0,214847.0,138319.0,68767.0
2024-12-06,219724.0,175733.0,126764.0,79329.0
2024-12-07,199273.0,166511.0,114658.0,64719.0
2024-12-09,241455.0,209504.0,145471.0,81014.0
2024-12-10,230000.0,209185.0,162023.0,83796.0
2024-12-11,245000.0,227602.0,165869.0,102010.0
2024-12-12,250182.0,221319.0,149167.0,90330.0
2024-12-13,264333.0,246167.0,173438.0,89700.0
2024-12-14,271647.0,249961.0,163935.0,106157.0
2024-12-16,288351.0,262176.0,209993.0,114622.0
2024-12-17,268000.0,249799.0,188301.0,111532.0
2024-12-18,265000.0,252254.0,200910.0,124231.0
2024-12-19,263929.0,254765.0,189947.0,117786.0
2024-12-20,275000.0,257846.0,192770.0,127961.0
2024-12-21,268524.0,252079.0,205536.0,131810.0
2024-12-23,270441.0,258930.0,196705.0,101754.0
2024-12-24,278200.0,268083.0,218820.0,121370.0
2024-12-25,249293.0,230730.0,173963.0,97493.0
2024-12-26,225000.0,202745.0,148748.0,81578.0
2024-12-27,196409.0,182723.0,134312.0,76204.0
2024-12-28,187900.0,173453.0,119849.0,68768.0
2024-12-30,178630.0,163896.0,111288.0,54716.0
2024-12-31,155714.0,143988.0,94593.0,38829.0
2025-01-02,155714.0,143988.0,94593.0,38829.0
2025-01-03,191968.0,179534.0,131010.0,63153.0
2025-01-04,190567.0,175060.0,132165.0,85454.0
2025-01-06,154873.0,135955.0,106449.0,66705.0
2025-01-07,116769.0,103586.0,80431.0,47462.0
2025-01-08,119375.0,104441.0,89200.0,60051.0
2025-01-09,95000.0,88250.0,77680.0,59862.0
2025-01-10,89294.0,80606.0,69688.0,54977.0
2025-01-11,93000.0,85202.0,71337.0,58010.0
2025-01-13,90441.0,83598.0,72057.0,53924.0
2025-01-14,87365.0,79065.0,68796.0,49826.0
2025-01-15,81333.0,75539.0,64346.0,48460.0
2025-01-16,82083.0,75178.0,64841.0,45008.0
2025-01-17,77943.0,73100.0,60884.0,41000.0
2025-01-18,86000.0,76851.0,61436.0,40144.0
2025-01-20,84089.0,78778.0,62875.0,38333.0
2025-01-21,80447.0,71703.0,56993.0,33136.0
2025-01-22,80000.0,73141.0,54101.0,31542.0
2025-01-23,108111.0,88969.0,61833.0,28819.0
2025-01-24,133263.0,125183.0,89782.0,40813.0
2025-01-25,133255.0,122183.0,81478.0,32204.0
2025-01-27,97413.0,83339.0,56081.0,24270.0
2025-01-28,88000.0,86593.0,62338.0,29043.0
2025-02-01,80510.0,73256.0,59715.0,29684.0
2025-02-03,80161.0,71403.0,57390.0,29663.0
2025-02-04,75630.0,64926.0,49530.0,25378.0
2025-02-05,73000.0,65652.0,54316.0,27240.0
2025-02-06,64182.0,60930.0,52220.0,28301.0
2025-02-07,68737.0,61991.0,50196.0,31821.0
2025-02-08,60545.0,56659.0,45011.0,26960.0
2025-02-10,69129.0,65551.0,45681.0,28458.0
2025-02-11,74063.0,66265.0,52385.0,34988.0
2025-02-13,78308.0,73442.0,52529.0,29538.0
2025-02-14,82143.0,76211.0,63238.0,42958.0
2025-02-15,70926.0,66842.0,58744.0,35493.0
2025-02-17,67442.0,59902.0,52880.0,35479.0
2025-02-18,63045.0,58129.0,51051.0,36214.0
2025-02-19,65714.0,60250.0,47548.0,28127.0
2025-02-20,71571.0,65780.0,49055.0,29904.0
2025-02-21,82737.0,66426.0,55383.0,33594.0
2025-02-22,67000.0,62980.0,55030.0,34176.0
2025-02-24,68343.0,60187.0,53113.0,36210.0
2025-02-25,69467.0,65618.0,55650.0,33081.0
2025-02-26,81500.0,73011.0,47383.0,35308.0
2025-02-27,94389.0,87586.0,61554.0,36092.0
2025-02-28,99000.0,90945.0,70589.0,38042.0
2025-03-01,96132.0,85376.0,61887.0,35074.0
2025-03-03,110071.0,100970.0,67735.0,22764.0
2025-03-04,114316.0,107031.0,89356.0,56817.0
2025-03-06,130400.0,124538.0,90955.0,51119.0
2025-03-07,125788.0,111066.0,95676.0,56326.0
2025-03-08,119815.0,102894.0,78734.0,51004.0
2025-03-10,115333.0,101446.0,80905.0,43191.0
2025-03-11,113895.0,108886.0,84134.0,42005.0
2025-03-12,134353.0,120359.0,98438.0,49209.0
2025-03-13,129069.0,115936.0,90252.0,50972.0
2025-03-14,126586.0,106842.0,81245.0,40027.0
2025-03-15,113846.0,102407.0,82335.0,41842.0
2025-03-17,118321.0,98396.0,74360.0,37321.0
2025-03-18,122364.0,108269.0,81198.0,37405.0
2025-03-19,139680.0,132765.0,100444.0,35685.0
2025-03-20,135176.0,121196.0,78472.0,32653.0
2025-03-21,123732.0,108721.0,84047.0,34752.0
2025-03-22,98214.0,87792.0,68750.0,35126.0
2025-03-24,94731.0,83701.0,63457.0,27010.0
2025-03-25,118000.0,108486.0,78771.0,26822.0
2025-03-26,128125.0,119046.0,96790.0,45506.0
2025-03-27,121839.0,109704.0,85563.0,45961.0
2025-03-28,136333.0,119847.0,81617.0,31475.0
2025-03-29,135969.0,119361.0,88890.0,35786.0
2025-03-31,134439.0,122310.0,89945.0,35121.0
2025-04-01,142406.0,131768.0,88886.0,31459.0
2025-04-02,142441.0,129531.0,98929.0,39802.0
2025-04-03,139000.0,129600.0,101882.0,52503.0
2025-04-04,146320.0,141067.0,108608.0,43504.0
2025-04-05,139034.0,132868.0,118273.0,70690.0
2025-04-07,152606.0,143584.0,118176.0,65293.0
2025-04-08,175808.0,167917.0,141452.0,81382.0
2025-04-09,231750.0,209528.0,153974.0,70500.0
2025-04-10,265652.0,248375.0,203066.0,85899.0
2025-04-11,205759.0,188746.0,163698.0,84014.0
2025-04-12,160114.0,143347.0,115849.0,76115.0
2025-04-14,147404.0,138217.0,116125.0,63004.0
2025-04-15,171200.0,165050.0,144329.0,72030.0
2025-04-16,199214.0,190567.0,167447.0,92613.0
2025-04-17,188951.0,179171.0,150444.0,79549.0
2025-04-18,152881.0,139980.0,115724.0,67367.0
2025-04-19,107976.0,96925.0,85466.0,57382.0
2025-04-21,114313.0,107427.0,94638.0,59244.0
2025-04-22,108762.0,97159.0,88583.0,64452.0
2025-04-23,103950.0,95849.0,84997.0,62636.0
2025-04-24,92717.0,84771.0,74883.0,48672.0
2025-04-25,86744.0,78336.0,69194.0,44416.0
2025-04-26,75235.0,62821.0,57411.0,43121.0
2025-04-28,91500.0,71880.0,60481.0,42607.0
2025-04-29,75617.0,69723.0,60852.0,43303.0
2025-04-30,75829.0,66826.0,58091.0,40017.0
2025-05-01,74846.0,69252.0,54814.0,32610.0
2025-05-02,100677.0,97021.0,74556.0,39721.0
2025-05-03,124773.0,110468.0,87627.0,41521.0
2025-05-05,95677.0,84335.0,70954.0,43412.0
2025-05-06,94922.0,84162.0,67175.0,41004.0
2025-05-07,95463.0,85508.0,66953.0,37626.0
2025-05-08,97455.0,90546.0,69273.0,35954.0
2025-05-09,108556.0,103866.0,78029.0,45531.0
2025-05-10,119429.0,105502.0,89116.0,49981.0
2025-05-12,95887.0,87574.0,73551.0,42894.0
2025-05-13,85904.0,75939.0,66037.0,41104.0
2025-05-14,83882.0,74428.0,64133.0,40871.0
2025-05-15,77089.0,71033.0,60380.0,37791.0
2025-05-16,70661.0,66644.0,53133.0,38847.0
2025-05-17,67727.0,59559.0,52374.0,38740.0
2025-05-19,68338.0,61942.0,52361.0,38217.0
2025-05-20,66563.0,59992.0,52633.0,39777.0
2025-05-21,66708.0,56652.0,45339.0,33742.0
2025-05-22,62791.0,53374.0,43387.0,32536.0
2025-05-23,60031.0,50212.0,41221.0,31333.0
2025-05-24,64919.0,45417.0,39441.0,33524.0
2025-05-26,64847.0,53353.0,41560.0,30464.0
2025-05-27,65796.0,57848.0,50800.0,36987.0
2025-05-28,73108.0,64004.0,50726.0,36080.0
2025-05-29,71938.0,63533.0,51833.0,37132.0
2025-05-30,77328.0,67353.0,50770.0,35907.0
2025-05-31,71500.0,60276.0,47355.0,34309.0
2025-06-02,74561.0,61856.0,47830.0,33161.0
2025-06-03,79508.0,70073.0,50277.0,34281.0
2025-06-04,82600.0,71762.0,51882.0,36000.0
2025-06-05,84286.0,76990.0,56806.0,38008.0
2025-06-06,111021.0,101683.0,72451.0,44278.0
2025-06-07,93333.0,79644.0,62740.0,40956.0
2025-06-09,98048.0,85771.0,62241.0,36688.0
2025-06-10,99250.0,79275.0,55640.0,35311.0
2025-06-11,103386.0,89850.0,61425.0,35701.0
2025-06-12,118956.0,108502.0,77613.0,43429.0
2025-06-13,136118.0,111077.0,70895.0,40911.0
2025-06-14,126406.0,110890.0,77108.0,40448.0
2025-06-16,134441.0,111023.0,77023.0,41610.0
2025-06-17,120550.0,102788.0,73369.0,43149.0
2025-06-18,117155.0,100844.0,72297.0,43753.0
2025-06-19,109220.0,91742.0,62775.0,40956.0
2025-06-20,111159.0,88061.0,59318.0,35078.0
2025-06-21,104610.0,73212.0,51118.0,32198.0
2025-06-23,102556.0,77036.0,53547.0,33945.0
2025-06-24,91692.0,75971.0,55425.0,37074.0
2025-06-25,106684.0,85370.0,60773.0,35335.0
2025-06-26,124681.0,91224.0,59652.0,38073.0
2025-06-27,90316.0,65321.0,42251.0,28021.0
2025-06-28,68811.0,43870.0,34055.0,20733.0
2025-06-30,60284.0,45227.0,33534.0,21386.0
2025-07-01,56791.0,44996.0,36832.0,26281.0
2025-07-02,69600.0,51883.0,36377.0,22968.0
2025-07-03,71130.0,57132.0,38055.0,26372.0
2025-07-04,82667.0,57807.0,38915.0,28369.0
2025-07-05,89222.0,68992.0,43667.0,29985.0
2025-07-07,104365.0,83773.0,55107.0,31719.0
2025-07-08,108867.0,87135.0,58199.0,35303.0
2025-07-09,106143.0,81872.0,57330.0,36911.0
2025-07-10,155667.0,97115.0,63013.0,36793.0
2025-07-11,135458.0,111219.0,62562.0,33863.0
2025-07-12,104409.0,88833.0,60200.0,36921.0
2025-07-14,104083.0,81815.0,51752.0,33666.0
2025-07-15,93781.0,66588.0,44338.0,30708.0
2025-07-16,92258.0,64896.0,46285.0,31761.0
2025-07-17,83148.0,60780.0,43692.0,27613.0
2025-07-18,76090.0,59256.0,41324.0,25509.0
2025-07-19,78949.0,51848.0,34869.0,21530.0
2025-07-21,76782.0,53639.0,36720.0,22067.0
2025-07-22,60569.0,37341.0,24873.0,13801.0
2025-07-23,53087.0,36891.0,25911.0,13276.0
2025-07-24,55790.0,39242.0,30707.0,22513.0
2025-07-25,64763.0,42782.0,34984.0,26728.0
2025-07-26,81851.0,53544.0,40654.0,29565.0
2025-07-28,91110.0,57015.0,40349.0,28773.0
2025-07-29,81569.0,52566.0,40511.0,29135.0
2025-07-30,91788.0,51949.0,40243.0,29738.0
2025-07-31,97769.0,50433.0,36532.0,27662.0
2025-08-01,102144.0,48221.0,34577.0,26913.0
2025-08-04,94694.0,48816.0,32695.0,25581.0
2025-08-05,86308.0,52533.0,38380.0,29199.0
2025-08-06,78690.0,52377.0,41836.0,34616.0
2025-08-07,86477.0,53004.0,43840.0,35222.0
2025-08-08,71554.0,47908.0,41357.0,34512.0
2025-08-09,64682.0,40935.0,35758.0,27314.0
2025-08-11,68712.0,37299.0,30181.0,24513.0
2025-08-12,64688.0,34102.0,28916.0,22426.0
2025-08-13,65234.0,36843.0,30585.0,23586.0
2025-08-14,60275.0,38254.0,31048.0,22329.0
2025-08-15,73380.0,42322.0,35051.0,24341.0
2025-08-16,70092.0,45289.0,37648.0,26903.0
2025-08-18,61629.0,37561.0,30360.0,22078.0
2025-08-19,56117.0,36040.0,29625.0,22427.0
2025-08-20,58268.0,37536.0,31409.0,24027.0
2025-08-21,52667.0,38012.0,33792.0,26418.0
2025-08-22,54770.0,40985.0,37107.0,28793.0
2025-08-23,57322.0,43625.0,39521.0,28765.0
2025-08-25,65561.0,43350.0,36706.0,28895.0
2025-08-26,65758.0,41860.0,33591.0,26742.0
2025-08-27,70797.0,42198.0,33197.0,25061.0
2025-08-28,75487.0,49039.0,36891.0,27318.0
2025-08-29,68358.0,44631.0,36068.0,27581.0
2025-08-30,67510.0,44516.0,33716.0,24727.0
2025-09-01,55788.0,40904.0,31071.0,24020.0
2025-09-02,55640.0,36795.0,28033.0,19941.0
2025-09-03,54000.0,39189.0,31276.0,22259.0
2025-09-04,52311.0,37292.0,28840.0,19912.0
2025-09-05,47518.0,36533.0,30285.0,20848.0
2025-09-06,47208.0,36778.0,30408.0,22265.0
2025-09-08,46598.0,38931.0,30014.0,19478.0
2025-09-09,58692.0,45251.0,34409.0,23002.0
2025-09-10,58027.0,46331.0,35430.0,24244.0
2025-09-11,70221.0,47940.0,35248.0,24387.0
2025-09-12,78205.0,51700.0,36195.0,22322.0
2025-09-13,65697.0,47257.0,32416.0,19459.0
2025-09-15,75313.0,57445.0,37683.0,25881.0
2025-09-16,75181.0,62555.0,38944.0,25084.0
2025-09-17,83785.0,56414.0,37694.0,24600.0
2025-09-18,93769.0,64776.0,39249.0,21981.0
2025-09-19,98658.0,71891.0,45354.0,27992.0
2025-09-20,104661.0,68328.0,36847.0,20997.0
2025-09-22,112646.0,81584.0,52274.0,31475.0
2025-09-23,108092.0,70130.0,39520.0,23662.0
2025-09-24,97654.0,60962.0,35712.0,20676.0
2025-09-25,95788.0,61576.0,34725.0,19048.0
2025-09-26,76508.0,55649.0,34899.0,19073.0
2025-09-27,63035.0,45509.0,29108.0,14272.0
2025-09-29,71753.0,52247.0,34422.0,19452.0
2025-09-30,86186.0,67977.0,43719.0,22050.0
2025-10-01,108917.0,78759.0,45152.0,24442.0
2025-10-02,192373.0,137320.0,69131.0,32949.0
2025-10-03,118747.0,83598.0,48647.0,25544.0
2025-10-04,124190.0,90803.0,43019.0,19791.0
2025-10-09,115791.0,88718.0,63752.0,30665.0
2025-10-10,121722.0,88446.0,61579.0,33420.0
2025-10-11,83336.0,62952.0,43571.0,25794.0
2025-10-13,75139.0,53252.0,34908.0,16260.0
2025-10-14,67113.0,46434.0,26232.0,9009.0
2025-10-15,80172.0,58321.0,39343.0,23129.0
2025-10-16,76026.0,62479.0,37590.0,20536.0
2025-10-17,77622.0,56989.0,33202.0,19753.0
2025-10-18,72750.0,53994.0,32895.0,17952.0
2025-10-20,79565.0,57091.0,35473.0,17712.0
2025-10-21,76984.0,53144.0,30026.0,14396.0
2025-10-22,70133.0,52272.0,34766.0,21136.0
2025-10-23,66326.0,48840.0,31324.0,16633.0
2025-10-24,60917.0,47516.0,34125.0,19211.0
2025-10-25,59031.0,45617.0,31990.0,18115.0
2025-10-27,81923.0,65671.0,38240.0,21216.0
2025-10-28,105614.0,86331.0,48379.0,25231.0
2025-10-29,120125.0,95370.0,51377.0,23955.0
2025-10-30,144306.0,114852.0,53446.0,26922.0
2025-10-31,240179.0,181024.0,93588.0,44313.0
2025-11-03,126824.0,106360.0,66663.0,34220.0
2025-11-04,133071.0,102378.0,59469.0,31061.0
2025-11-05,207500.0,176981.0,99725.0,40813.0
2025-11-06,190714.0,168655.0,113673.0,54293.0
2025-11-07,184087.0,169647.0,115530.0,56712.0
2025-11-08,180741.0,167000.0,105443.0,55493.0
2025-11-10,190188.0,178927.0,129676.0,60201.0
2025-11-11,225941.0,193873.0,135133.0,74782.0
2025-11-12,217571.0,191060.0,131000.0,67873.0
2025-11-13,188500.0,166398.0,109550.0,55972.0
2025-11-14,194462.0,183686.0,146028.0,74261.0
2025-11-15,255760.0,214553.0,146714.0,75008.0
2025-11-17,185833.0,162383.0,125805.0,71147.0
2025-11-18,185606.0,173103.0,124418.0,59227.0
2025-11-19,176857.0,166006.0,132701.0,72957.0
2025-11-20,186423.0,167864.0,119607.0,73316.0
2025-11-21,192000.0,186469.0,166628.0,109311.0
2025-11-22,219500.0,202136.0,169673.0,106035.0
2025-11-24,243000.0,230927.0,185828.0,116925.0
2025-11-25,231419.0,214444.0,171721.0,92884.0
2025-11-26,221000.0,208182.0,161122.0,97024.0
2025-11-27,225000.0,208456.0,168718.0,93110.0
2025-11-28,221043.0,208007.0,169093.0,101561.0
2025-11-29,220379.0,196012.0,169533.0,107532.0
2025-12-01,227343.0,207804.0,173704.0,121511.0
2025-12-02,215818.0,203963.0,176770.0,128793.0
2025-12-03,200440.0,189417.0,164795.0,122472.0
2025-12-04,185808.0,172981.0,142601.0,95566.0
2025-12-05,185238.0,157081.0,133903.0,95500.0
2025-12-06,194182.0,164113.0,126102.0,76836.0
2025-12-08,175579.0,159485.0,137845.0,95545.0
2025-12-09,157654.0,147413.0,119599.0,79283.0
2025-12-10,139552.0,126707.0,109004.0,78428.0
2025-12-11,157889.0,145990.0,130596.0,101864.0
2025-12-12,155184.0,145827.0,128202.0,91211.0
2025-12-15,152418.0,133505.0,113227.0,75797.0
2025-12-16,131985.0,119374.0,98416.0,65687.0
2025-12-17,123343.0,96347.0,77640.0,54391.0
2025-12-18,107364.0,89319.0,74187.0,48580.0
2025-12-19,88000.0,81770.0,70088.0,46879.0
2025-12-20,80232.0,74524.0,64384.0,42625.0
2025-12-22,88244.0,76943.0,63922.0,46156.0
2025-12-23,72411.0,63118.0,51768.0,31716.0
2025-12-24,73500.0,64645.0,49948.0,35565.0
2025-12-25,68758.0,61693.0,47912.0,32271.0
2025-12-26,54190.0,50047.0,38112.0,20714.0
2025-12-27,51750.0,48587.0,42200.0,21129.0
2025-12-29,66333.0,58524.0,49323.0,33764.0
2025-12-30,57030.0,45603.0,40850.0,30032.0
2025-12-31,50125.0,39079.0,32831.0,20281.0
2026-01-03,46410.0,39511.0,32690.0,18633.0
2026-01-05,53548.0,45889.0,35335.0,25324.0
2026-01-06,49324.0,44735.0,37864.0,24900.0
2026-01-07,46568.0,41270.0,33983.0,21697.0
2026-01-08,42821.0,39409.0,34899.0,24479.0
2026-01-09,41741.0,38124.0,33981.0,23612.0
2026-01-10,43462.0,37787.0,32636.0,21930.0
2026-01-12,45220.0,40987.0,34926.0,23063.0
2026-01-13,44545.0,38615.0,32850.0,20847.0
2026-01-14,41852.0,38540.0,33760.0,21507.0
2026-01-15,45000.0,41992.0,32807.0,20596.0
2026-01-16,52333.0,45927.0,35738.0,23627.0
2026-01-17,49535.0,41855.0,34393.0,22116.0
2026-01-19,57010.0,44760.0,34095.0,21926.0
2026-01-20,51286.0,38462.0,30291.0,18213.0
2026-01-21,41000.0,37065.0,30115.0,17596.0
2026-01-22,43000.0,37028.0,27640.0,17811.0
2026-01-23,42000.0,37241.0,29467.0,19957.0
2026-01-24,48717.0,39032.0,30919.0,19802.0
2026-01-26,49053.0,40193.0,33590.0,21396.0
2026-01-27,47867.0,40038.0,33447.0,20026.0
2026-01-28,49054.0,37994.0,32482.0,21606.0
2026-01-29,45917.0,39220.0,33274.0,22877.0
2026-01-30,46657.0,39725.0,30853.0,18548.0
2026-01-31,47242.0,36505.0,30111.0,21666.0
2026-02-02,55595.0,46809.0,37518.0,23719.0
2026-02-03,58000.0,51415.0,39394.0,24368.0
2026-02-04,65333.0,56719.0,43468.0,26607.0
2026-02-05,68538.0,63044.0,49213.0,30153.0
2026-02-06,70800.0,63486.0,55144.0,37007.0
2026-02-07,70022.0,60975.0,51470.0,32221.0
2026-02-09,79552.0,67959.0,45920.0,24189.0
2026-02-10,77284.0,58452.0,44756.0,25851.0
2026-02-11,76053.0,60613.0,48423.0,27927.0
2026-02-12,88600.0,80074.0,59763.0,33371.0
2026-02-13,87820.0,73007.0,56199.0,28410.0
2026-02-14,102800.0,87090.0,66394.0,30574.0
2026-02-16,126429.0,116819.0,69782.0,35264.0
2026-02-20,96536.0,87921.0,73687.0,37192.0
2026-02-21,92511.0,81728.0,67590.0,37537.0
2026-02-23,89438.0,79442.0,63229.0,33842.0
2026-02-24,77080.0,71772.0,57371.0,33004.0
2026-02-25,89000.0,86292.0,63287.0,38500.0
2026-02-26,94625.0,91612.0,75946.0,44617.0
2026-02-27,102348.0,97471.0,72750.0,39733.0
2026-02-28,116429.0,104203.0,72193.0,48495.0
2026-03-02,127897.0,120006.0,97301.0,50168.0
2026-03-03,158941.0,144893.0,107391.0,62965.0
2026-03-04,194708.0,186845.0,146545.0,77336.0
2026-03-05,198781.0,185555.0,140235.0,68786.0
2026-03-06,172565.0,138117.0,97319.0,56034.0
2026-03-09,167841.0,141732.0,90619.0,40113.0
2026-03-10,169903.0,154170.0,105420.0,46401.0
2026-03-11,148750.0,139965.0,94403.0,44872.0
2026-03-12,171174.0,139391.0,94203.0,54702.0
2026-03-13,154071.0,144434.0,103103.0,52196.0
2026-03-14,152462.0,140649.0,90976.0,50008.0
2026-03-16,158579.0,151177.0,113855.0,59715.0
2026-03-17,160370.0,154871.0,123110.0,60625.0
2026-03-18,156026.0,140962.0,107915.0,51304.0
2026-03-19,139108.0,127265.0,101435.0,55508.0
2026-03-20,129045.0,115060.0,87742.0,45182.0
2026-03-21,120132.0,98809.0,72979.0,37404.0
2026-03-23,100708.0,84625.0,69653.0,41460.0
2026-03-24,90370.0,84172.0,69182.0,42456.0
2026-03-25,96080.0,93081.0,81768.0,54754.0
2026-03-26,108154.0,101684.0,80889.0,52786.0
2026-03-27,131333.0,125674.0,97864.0,54702.0
2026-03-28,139353.0,125804.0,99555.0,55724.0
2026-03-30,133939.0,123603.0,96741.0,55811.0
2026-03-31,127591.0,117977.0,88035.0,48068.0
2026-04-01,136656.0,121397.0,84861.0,44278.0
2026-04-02,135714.0,122512.0,93701.0,55102.0
2026-04-03,126957.0,114028.0,96228.0,57755.0
2026-04-06,130898.0,123433.0,98829.0,54615.0
2026-04-07,127696.0,116514.0,92415.0,57868.0
2026-04-08,128049.0,118313.0,86861.0,48029.0
2026-04-09,124821.0,114247.0,87246.0,46282.0
2026-04-10,118621.0,109446.0,88691.0,56828.0
2026-04-11,113978.0,105292.0,90427.0,60186.0
2026-04-13,118043.0,107758.0,92905.0,62876.0
2026-04-14,112673.0,97897.0,83326.0,55104.0
2026-04-15,96200.0,86124.0,71234.0,40535.0
2026-04-16,102686.0,92147.0,77888.0,53809.0
2026-04-17,93829.0,88650.0,78925.0,55069.0
2026-04-18,93978.0,86518.0,73916.0,54548.0
2026-04-20,97639.0,90735.0,78054.0,49466.0
2026-04-21,93527.0,85377.0,70732.0,40974.0
2026-04-22,92863.0,80781.0,61955.0,39153.0
2026-04-23,88349.0,82298.0,69648.0,38512.0
2026-04-24,95195.0,87533.0,69483.0,39451.0
2026-04-25,96326.0,87629.0,73711.0,40667.0
2026-04-27,102857.0,95396.0,78239.0,54026.0
2026-04-28,110415.0,103714.0,86116.0,55909.0
2026-04-29,113872.0,105886.0,89784.0,60589.0
2026-04-30,116615.0,109394.0,80840.0,55127.0
2026-05-01,116174.0,109040.0,81467.0,41950.0
2026-05-02,137242.0,128558.0,98158.0,61611.0
2026-05-04,184887.0,176535.0,136240.0,69679.0
2026-05-05,162667.0,151368.0,103920.0,58652.0
2026-05-06,144854.0,118816.0,92209.0,55245.0
2026-05-07,141804.0,116706.0,84786.0,58263.0
2026-05-08,136361.0,112503.0,86624.0,60694.0
2026-05-09,106814.0,90338.0,72556.0,50054.0
2026-05-11,103865.0,86133.0,68627.0,42898.0
2026-05-12,90297.0,70883.0,58193.0,36742.0
2026-05-13,87690.0,73298.0,58577.0,37438.0
2026-05-14,88047.0,73480.0,56373.0,38268.0
2026-05-15,81189.0,65486.0,50832.0,33790.0
2026-05-16,69573.0,53964.0,42538.0,31813.0
2026-05-18,77600.0,55696.0,40790.0,31360.0
2026-05-19,70621.0,52837.0,40727.0,30825.0
2026-05-20,65579.0,55252.0,46333.0,32040.0
2026-05-21,69857.0,64827.0,47501.0,28900.0
2026-05-22,83283.0,76420.0,59977.0,35466.0
2026-05-23,87364.0,77350.0,58409.0,32858.0
2026-05-25,103551.0,89136.0,56605.0,34662.0
2026-05-26,112342.0,93810.0,54695.0,32578.0
2026-05-27,122400.0,103003.0,68983.0,31252.0
2026-05-28,102879.0,89910.0,59076.0,31129.0
2026-05-29,96518.0,85177.0,58836.0,31807.0
2026-05-30,126220.0,109800.0,65282.0,33466.0
2026-06-01,115848.0,105454.0,73590.0,41778.0
2026-06-02,112535.0,98671.0,72725.0,44701.0
2026-06-04,116933.0,105070.0,69811.0,42115.0
2026-06-05,114028.0,99631.0,71997.0,41677.0
2026-06-06,92600.0,72411.0,57575.0,36008.0
2026-06-08,86142.0,64563.0,47621.0,32745.0
2026-06-09,69646.0,50558.0,41994.0,33247.0
2026-06-10,66048.0,51047.0,41516.0,30862.0
2026-06-11,64627.0,52841.0,44811.0,34179.0
2026-06-12,69273.0,56430.0,47396.0,35049.0
2026-06-13,66945.0,54001.0,44626.0,34621.0
2026-06-15,62156.0,51224.0,43255.0,30097.0
2026-06-16,65440.0,52725.0,42411.0,28016.0
2026-06-17,66700.0,55557.0,43572.0,27257.0
2026-06-18,72115.0,61779.0,48688.0,30280.0
2026-06-19,78125.0,68603.0,54362.0,37928.0
2026-06-20,81438.0,69440.0,53633.0,34602.0
2026-06-22,85505.0,67148.0,50077.0,35907.0
2026-06-23,71447.0,57693.0,42155.0,32250.0
2026-06-24,62048.0,53315.0,40179.0,28548.0
2026-06-25,69263.0,53637.0,40989.0,28095.0
2026-06-26,65791.0,53041.0,41085.0,28467.0
2026-06-27,65940.0,52257.0,39322.0,27087.0
2026-06-29,68872.0,54688.0,40365.0,26822.0
2026-06-30,71138.0,57811.0,41604.0,26383.0
2026-07-01,77525.0,61668.0,43900.0,28685.0
2026-07-02,80026.0,64877.0,40038.0,24055.0
2026-07-03,94890.0,80616.0,45669.0,27407.0
2026-07-04,110114.0,88354.0,55519.0,28690.0
2026-07-06,101715.0,81784.0,49049.0,29678.0
2026-07-07,81949.0,53156.0,32940.0,20620.0
2026-07-09,71224.0,44342.0,25293.0,14696.0
2026-07-10,66444.0,50627.0,29059.0,18363.0
2026-07-11,57235.0,49162.0,32506.0,20163.0
2026-07-13,67094.0,49995.0,32201.0,20422.0
2026-07-14,72563.0,54928.0,37348.0,26021.0
2026-07-15,93914.0,79031.0,52421.0,30329.0
2026-07-16,135463.0,111318.0,62547.0,41230.0
2026-07-17,154044.0,110041.0,63075.0,38772.0
2026-07-18,132000.0,88419.0,51894.0,29124.0
2026-07-20,106256.0,78627.0,50107.0,28770.0
2026-07-21,91507.0,59692.0,39143.0,22899.0
2026-07-22,75112.0,48016.0,29230.0,17552.0
2026-07-23,71173.0,44606.0,27630.0,18338.0
2026-07-24,69905.0,52658.0,32291.0,20012.0
2026-07-25,64857.0,48230.0,33220.0,19612.0
2026-07-27,60713.0,42720.0,32572.0,21113.0
2026-07-28,61484.0,45939.0,32624.0,22721.0
2026-07-29,70159.0,51103.0,35451.0,25620.0
2026-07-30,75285.0,45939.0,35384.0,26888.0
2026-07-31,84180.0,42183.0,30160.0,19431.0
2026-08-03,85270.0,44031.0,35626.0,26719.0
2026-08-04,70532.0,41727.0,35523.0,28725.0
2026-08-05,59763.0,41054.0,36451.0,28724.0
2026-08-06,54743.0,38712.0,34170.0,26961.0
2026-08-07,55961.0,38486.0,33896.0,28162.0
2026-08-08,51125.0,37649.0,32853.0,27797.0
2026-08-10,61574.0,37813.0,32659.0,26635.0
2026-08-11,63343.0,38005.0,33687.0,27905.0
2026-08-12,69664.0,40592.0,36075.0,28201.0
2026-08-13,77190.0,41277.0,37048.0,31150.0
2026-08-14,64800.0,42439.0,36474.0,31167.0
2026-08-15,62156.0,38890.0,33469.0,28313.0
2026-08-17,74157.0,38635.0,31416.0,25846.0
2026-08-18,54030.0,36730.0,29672.0,21881.0
2026-08-19,46914.0,32075.0,27003.0,20295.0
2026-08-20,37748.0,30153.0,23464.0,16177.0
2026-08-21,36700.0,28898.0,22186.0,16108.0
2026-08-22,37750.0,27682.0,22398.0,15483.0
2026-08-24,39962.0,30623.0,25107.0,15691.0
2026-08-25,41290.0,31811.0,25369.0,15051.0
2026-08-26,52729.0,34668.0,28614.0,17936.0
2026-08-27,51137.0,37746.0,30059.0,20614.0
2026-08-28,51802.0,35619.0,29277.0,19610.0
2026-08-29,53293.0,35150.0,28468.0,18006.0
2026-08-31,74907.0,41193.0,31078.0,22823.0
2026-09-01,77800.0,44193.0,32499.0,22243.0
2026-09-02,100872.0,65094.0,41061.0,26737.0
2026-09-03,114567.0,78840.0,46969.0,33513.0
2026-09-04,83306.0,57328.0,39251.0,24090.0
2026-09-05,80338.0,52907.0,36151.0,19715.0
2026-09-07,82948.0,59995.0,40054.0,26721.0
2026-09-08,82071.0,59836.0,40336.0,24938.0
2026-09-09,84368.0,57963.0,40226.0,27443.0
2026-09-10,94264.0,60713.0,41206.0,28033.0
2026-09-11,105960.0,70998.0,47265.0,32240.0
2026-09-12,122098.0,80591.0,50411.0,32340.0
2026-09-14,161836.0,108143.0,63043.0,37444.0
2026-09-15,160518.0,113908.0,62656.0,32714.0
2026-09-16,163935.0,123980.0,74894.0,41983.0
2026-09-17,160700.0,119902.0,76021.0,39492.0
2026-09-18,155517.0,108604.0,58650.0,30427.0
2026-09-19,192745.0,149843.0,65664.0,31245.0
2026-09-21,220347.0,160429.0,72352.0,30566.0
2026-09-22,247273.0,145348.0,56639.0,24021.0
