kw,period,ratio
홍고추,2016-01-01,0.14083
홍고추,2016-01-02,0.17463
홍고추,2016-01-03,0.19717
홍고추,2016-01-04,0.1521
홍고추,2016-01-05,0.21407
홍고추,2016-01-06,0.19717
홍고추,2016-01-07,0.16337
홍고추,2016-01-08,0.21407
홍고추,2016-01-09,0.1183
홍고추,2016-01-10,0.169
홍고추,2016-01-11,0.169
홍고추,2016-01-12,0.1859
홍고추,2016-01-13,0.25914
홍고추,2016-01-14,0.18027
홍고추,2016-01-15,0.18027
홍고추,2016-01-16,0.26477
홍고추,2016-01-17,0.2028
홍고추,2016-01-18,0.29294
홍고추,2016-01-19,0.21407
홍고추,2016-01-20,0.21407
홍고추,2016-01-21,0.26477
홍고추,2016-01-22,0.24787
홍고추,2016-01-23,0.14083
홍고추,2016-01-24,0.1521
홍고추,2016-01-25,0.2028
홍고추,2016-01-26,0.20843
홍고추,2016-01-27,0.19717
홍고추,2016-01-28,0.16337
홍고추,2016-01-29,0.2197
홍고추,2016-01-30,0.169
홍고추,2016-01-31,0.21407
홍고추,2016-02-01,0.169
홍고추,2016-02-02,0.19153
홍고추,2016-02-03,0.09013
홍고추,2016-02-04,0.19153
홍고추,2016-02-05,0.19153
홍고추,2016-02-06,0.19717
홍고추,2016-02-07,0.20843
홍고추,2016-02-08,0.15773
홍고추,2016-02-09,0.09013
홍고추,2016-02-10,0.1014
홍고추,2016-02-11,0.22533
홍고추,2016-02-12,0.2028
홍고추,2016-02-13,0.1859
홍고추,2016-02-14,0.14083
홍고추,2016-02-15,0.16337
홍고추,2016-02-16,0.26477
홍고추,2016-02-17,0.2535
홍고추,2016-02-18,0.2366
홍고추,2016-02-19,0.16337
홍고추,2016-02-20,0.169
홍고추,2016-02-21,0.1521
홍고추,2016-02-22,0.18027
홍고추,2016-02-23,0.169
홍고추,2016-02-24,0.22533
홍고추,2016-02-25,0.17463
홍고추,2016-02-26,0.14647
홍고추,2016-02-27,0.1521
홍고추,2016-02-28,0.12393
홍고추,2016-02-29,0.07323
홍고추,2016-03-01,0.25914
홍고추,2016-03-02,0.2197
홍고추,2016-03-03,0.12957
홍고추,2016-03-04,0.21407
홍고추,2016-03-05,0.1521
홍고추,2016-03-06,0.1859
홍고추,2016-03-07,0.25914
홍고추,2016-03-08,0.2197
홍고추,2016-03-09,0.18027
홍고추,2016-03-10,0.24223
홍고추,2016-03-11,0.1183
홍고추,2016-03-12,0.12957
홍고추,2016-03-13,0.169
홍고추,2016-03-14,0.2028
홍고추,2016-03-15,0.2535
홍고추,2016-03-16,0.23097
홍고추,2016-03-17,0.169
홍고추,2016-03-18,0.20843
홍고추,2016-03-19,0.17463
홍고추,2016-03-20,0.18027
홍고추,2016-03-21,0.30984
홍고추,2016-03-22,0.33237
홍고추,2016-03-23,0.24223
홍고추,2016-03-24,0.2366
홍고추,2016-03-25,0.169
홍고추,2016-03-26,0.1859
홍고추,2016-03-27,0.12957
홍고추,2016-03-28,0.25914
홍고추,2016-03-29,0.2535
홍고추,2016-03-30,0.19153
홍고추,2016-03-31,0.26477
홍고추,2016-04-01,0.1859
홍고추,2016-04-02,0.338
홍고추,2016-04-03,0.20843
홍고추,2016-04-04,0.17463
홍고추,2016-04-05,0.26477
홍고추,2016-04-06,0.1521
홍고추,2016-04-07,0.19153
홍고추,2016-04-08,0.17463
홍고추,2016-04-09,0.2028
홍고추,2016-04-10,0.2535
홍고추,2016-04-11,0.22533
홍고추,2016-04-12,0.2197
홍고추,2016-04-13,0.24223
홍고추,2016-04-14,0.24787
홍고추,2016-04-15,0.45067
홍고추,2016-04-16,0.23097
홍고추,2016-04-17,0.17463
홍고추,2016-04-18,0.29294
홍고추,2016-04-19,0.29294
홍고추,2016-04-20,0.36617
홍고추,2016-04-21,0.31547
홍고추,2016-04-22,0.24223
홍고추,2016-04-23,0.2535
홍고추,2016-04-24,0.1352
홍고추,2016-04-25,0.27604
홍고추,2016-04-26,0.27604
홍고추,2016-04-27,0.24787
홍고추,2016-04-28,0.24787
홍고추,2016-04-29,0.19153
홍고추,2016-04-30,0.1521
홍고추,2016-05-01,0.1521
홍고추,2016-05-02,0.22533
홍고추,2016-05-03,0.25914
홍고추,2016-05-04,0.20843
홍고추,2016-05-05,0.2366
홍고추,2016-05-06,0.33237
홍고추,2016-05-07,0.16337
홍고추,2016-05-08,0.169
홍고추,2016-05-09,0.2873
홍고추,2016-05-10,0.29857
홍고추,2016-05-11,0.32674
홍고추,2016-05-12,0.18027
홍고추,2016-05-13,0.23097
홍고추,2016-05-14,0.20843
홍고추,2016-05-15,0.2535
홍고추,2016-05-16,0.2873
홍고추,2016-05-17,0.24223
홍고추,2016-05-18,0.22533
홍고추,2016-05-19,0.19153
홍고추,2016-05-20,0.20843
홍고추,2016-05-21,0.26477
홍고추,2016-05-22,0.1859
홍고추,2016-05-23,0.2704
홍고추,2016-05-24,0.2535
홍고추,2016-05-25,0.25914
홍고추,2016-05-26,0.22533
홍고추,2016-05-27,0.31547
홍고추,2016-05-28,0.20843
홍고추,2016-05-29,0.24223
홍고추,2016-05-30,0.2535
홍고추,2016-05-31,0.20843
홍고추,2016-06-01,0.34927
홍고추,2016-06-02,0.30984
홍고추,2016-06-03,0.29294
홍고추,2016-06-04,0.23097
홍고추,2016-06-05,0.3042
홍고추,2016-06-06,0.29294
홍고추,2016-06-07,0.29857
홍고추,2016-06-08,0.31547
홍고추,2016-06-09,0.30984
홍고추,2016-06-10,0.2704
홍고추,2016-06-11,0.27604
홍고추,2016-06-12,0.24787
홍고추,2016-06-13,0.39997
홍고추,2016-06-14,0.25914
홍고추,2016-06-15,0.33237
홍고추,2016-06-16,0.29294
홍고추,2016-06-17,0.3211
홍고추,2016-06-18,0.29294
홍고추,2016-06-19,0.28167
홍고추,2016-06-20,0.34927
홍고추,2016-06-21,0.26477
홍고추,2016-06-22,0.34927
홍고추,2016-06-23,0.45067
홍고추,2016-06-24,0.32674
홍고추,2016-06-25,0.32674
홍고추,2016-06-26,0.32674
홍고추,2016-06-27,0.39434
홍고추,2016-06-28,0.29857
홍고추,2016-06-29,0.29294
홍고추,2016-06-30,0.338
홍고추,2016-07-01,0.3211
홍고추,2016-07-02,0.28167
홍고추,2016-07-03,0.34927
홍고추,2016-07-04,0.43941
홍고추,2016-07-05,0.45067
홍고추,2016-07-06,0.46194
홍고추,2016-07-07,0.41687
홍고추,2016-07-08,0.43941
홍고추,2016-07-09,0.45067
홍고추,2016-07-10,2.5745
홍고추,2016-07-11,1.45907
홍고추,2016-07-12,1.09852
홍고추,2016-07-13,0.75488
홍고추,2016-07-14,0.65911
홍고추,2016-07-15,0.54081
홍고추,2016-07-16,0.54644
홍고추,2016-07-17,0.56334
홍고추,2016-07-18,0.59151
홍고추,2016-07-19,0.92389
홍고추,2016-07-20,0.82812
홍고추,2016-07-21,0.81685
홍고추,2016-07-22,0.78868
홍고추,2016-07-23,0.67601
홍고추,2016-07-24,0.70418
홍고추,2016-07-25,0.75488
홍고추,2016-07-26,0.69291
홍고추,2016-07-27,0.92952
홍고추,2016-07-28,0.85065
홍고추,2016-07-29,0.91262
홍고추,2016-07-30,0.70981
홍고추,2016-07-31,1.13233
홍고추,2016-08-01,1.05346
홍고추,2016-08-02,1.01402
홍고추,2016-08-03,1.12669
홍고추,2016-08-04,1.13233
홍고추,2016-08-05,0.99149
홍고추,2016-08-06,1.05346
홍고추,2016-08-07,1.35203
홍고추,2016-08-08,1.41963
홍고추,2016-08-09,1.14923
홍고추,2016-08-10,1.69004
홍고추,2016-08-11,1.3802
홍고추,2016-08-12,1.29006
홍고추,2016-08-13,1.33513
홍고추,2016-08-14,1.00839
홍고추,2016-08-15,1.09289
홍고추,2016-08-16,1.44217
홍고추,2016-08-17,1.44217
홍고추,2016-08-18,1.08726
홍고추,2016-08-19,1.10416
홍고추,2016-08-20,0.89572
홍고추,2016-08-21,0.90135
홍고추,2016-08-22,0.93515
홍고추,2016-08-23,0.72671
홍고추,2016-08-24,0.79432
홍고추,2016-08-25,1.08162
홍고추,2016-08-26,0.78868
홍고추,2016-08-27,0.73235
홍고추,2016-08-28,0.60841
홍고추,2016-08-29,0.65911
홍고추,2016-08-30,0.54644
홍고추,2016-08-31,0.46757
홍고추,2016-09-01,0.46757
홍고추,2016-09-02,0.45631
홍고추,2016-09-03,0.42251
홍고추,2016-09-04,0.63658
홍고추,2016-09-05,0.51264
홍고추,2016-09-06,0.55771
홍고추,2016-09-07,0.50138
홍고추,2016-09-08,0.52391
홍고추,2016-09-09,0.45067
홍고추,2016-09-10,0.42814
홍고추,2016-09-11,0.36617
홍고추,2016-09-12,0.36054
홍고추,2016-09-13,0.3549
홍고추,2016-09-14,0.338
홍고추,2016-09-15,0.3211
홍고추,2016-09-16,0.19717
홍고추,2016-09-17,0.36617
홍고추,2016-09-18,0.42251
홍고추,2016-09-19,0.49011
홍고추,2016-09-20,0.46757
홍고추,2016-09-21,0.37181
홍고추,2016-09-22,0.48447
홍고추,2016-09-23,0.34364
홍고추,2016-09-24,0.3549
홍고추,2016-09-25,0.34927
홍고추,2016-09-26,0.3211
홍고추,2016-09-27,0.41687
홍고추,2016-09-28,0.2873
홍고추,2016-09-29,0.29294
홍고추,2016-09-30,0.27604
홍고추,2016-10-01,0.22533
홍고추,2016-10-02,0.17463
홍고추,2016-10-03,0.12393
홍고추,2016-10-04,0.33237
홍고추,2016-10-05,0.45067
홍고추,2016-10-06,0.38307
홍고추,2016-10-07,0.2197
홍고추,2016-10-08,0.16337
홍고추,2016-10-09,0.24223
홍고추,2016-10-10,0.28167
홍고추,2016-10-11,0.41687
홍고추,2016-10-12,0.3042
홍고추,2016-10-13,0.28167
홍고추,2016-10-14,0.22533
홍고추,2016-10-15,0.25914
홍고추,2016-10-16,0.24223
홍고추,2016-10-17,0.27604
홍고추,2016-10-18,0.30984
홍고추,2016-10-19,0.41124
홍고추,2016-10-20,0.3211
홍고추,2016-10-21,0.31547
홍고추,2016-10-22,0.22533
홍고추,2016-10-23,0.34927
홍고추,2016-10-24,0.34927
홍고추,2016-10-25,0.2704
홍고추,2016-10-26,0.19153
홍고추,2016-10-27,0.2535
홍고추,2016-10-28,0.3042
홍고추,2016-10-29,0.1859
홍고추,2016-10-30,0.18027
홍고추,2016-10-31,0.24787
홍고추,2016-11-01,0.24787
홍고추,2016-11-02,0.34364
홍고추,2016-11-03,0.27604
홍고추,2016-11-04,0.22533
홍고추,2016-11-05,0.21407
홍고추,2016-11-06,0.27604
홍고추,2016-11-07,0.33237
홍고추,2016-11-08,0.29857
홍고추,2016-11-09,0.31547
홍고추,2016-11-10,0.2873
홍고추,2016-11-11,0.12957
홍고추,2016-11-12,1.31823
홍고추,2016-11-13,0.338
홍고추,2016-11-14,0.41124
홍고추,2016-11-15,0.42251
홍고추,2016-11-16,0.3042
홍고추,2016-11-17,0.37744
홍고추,2016-11-18,0.2366
홍고추,2016-11-19,0.15773
홍고추,2016-11-20,0.24223
홍고추,2016-11-21,0.2873
홍고추,2016-11-22,0.2873
홍고추,2016-11-23,0.24223
홍고추,2016-11-24,0.21407
홍고추,2016-11-25,0.17463
홍고추,2016-11-26,0.24787
홍고추,2016-11-27,0.2535
홍고추,2016-11-28,0.24223
홍고추,2016-11-29,0.27604
홍고추,2016-11-30,0.23097
홍고추,2016-12-01,0.22533
홍고추,2016-12-02,0.19153
홍고추,2016-12-03,0.15773
홍고추,2016-12-04,0.19153
홍고추,2016-12-05,0.23097
홍고추,2016-12-06,0.21407
홍고추,2016-12-07,0.169
홍고추,2016-12-08,0.22533
홍고추,2016-12-09,0.3042
홍고추,2016-12-10,0.24223
홍고추,2016-12-11,0.24223
홍고추,2016-12-12,0.2366
홍고추,2016-12-13,0.2704
홍고추,2016-12-14,0.22533
홍고추,2016-12-15,0.20843
홍고추,2016-12-16,0.1352
홍고추,2016-12-17,0.1521
홍고추,2016-12-18,0.12393
홍고추,2016-12-19,0.24223
홍고추,2016-12-20,0.2028
홍고추,2016-12-21,0.2028
홍고추,2016-12-22,0.2197
홍고추,2016-12-23,0.19153
홍고추,2016-12-24,0.1859
홍고추,2016-12-25,0.14647
홍고추,2016-12-26,0.19717
홍고추,2016-12-27,0.2535
홍고추,2016-12-28,0.22533
홍고추,2016-12-29,0.29857
홍고추,2016-12-30,0.2535
홍고추,2016-12-31,0.19153
홍고추,2017-01-01,0.20843
홍고추,2017-01-02,0.14647
홍고추,2017-01-03,0.25914
홍고추,2017-01-04,0.19717
홍고추,2017-01-05,0.22533
홍고추,2017-01-06,0.18027
홍고추,2017-01-07,0.16337
홍고추,2017-01-08,0.169
홍고추,2017-01-09,0.2197
홍고추,2017-01-10,0.1859
홍고추,2017-01-11,0.23097
홍고추,2017-01-12,0.20843
홍고추,2017-01-13,0.2873
홍고추,2017-01-14,0.19717
홍고추,2017-01-15,0.2028
홍고추,2017-01-16,0.2704
홍고추,2017-01-17,0.25914
홍고추,2017-01-18,0.22533
홍고추,2017-01-19,0.19717
홍고추,2017-01-20,0.2028
홍고추,2017-01-21,0.1859
홍고추,2017-01-22,0.2197
홍고추,2017-01-23,0.29294
홍고추,2017-01-24,0.2366
홍고추,2017-01-25,0.2197
홍고추,2017-01-26,0.23097
홍고추,2017-01-27,0.24223
홍고추,2017-01-28,0.0845
홍고추,2017-01-29,0.11266
홍고추,2017-01-30,0.07886
홍고추,2017-01-31,0.20843
홍고추,2017-02-01,0.21407
홍고추,2017-02-02,0.26477
홍고추,2017-02-03,0.22533
홍고추,2017-02-04,0.18027
홍고추,2017-02-05,0.14647
홍고추,2017-02-06,0.28167
홍고추,2017-02-07,0.2197
홍고추,2017-02-08,0.169
홍고추,2017-02-09,0.2197
홍고추,2017-02-10,0.24787
홍고추,2017-02-11,0.21407
홍고추,2017-02-12,0.20843
홍고추,2017-02-13,0.17463
홍고추,2017-02-14,0.1859
홍고추,2017-02-15,0.18027
홍고추,2017-02-16,0.26477
홍고추,2017-02-17,0.27604
홍고추,2017-02-18,0.338
홍고추,2017-02-19,0.36617
홍고추,2017-02-20,0.38307
홍고추,2017-02-21,0.36617
홍고추,2017-02-22,0.21407
홍고추,2017-02-23,0.26477
홍고추,2017-02-24,0.29294
홍고추,2017-02-25,0.17463
홍고추,2017-02-26,0.23097
홍고추,2017-02-27,0.1859
홍고추,2017-02-28,0.25914
홍고추,2017-03-01,0.20843
홍고추,2017-03-02,0.26477
홍고추,2017-03-03,0.21407
홍고추,2017-03-04,0.21407
홍고추,2017-03-05,0.2366
홍고추,2017-03-06,0.24223
홍고추,2017-03-07,0.19717
홍고추,2017-03-08,0.21407
홍고추,2017-03-09,0.2535
홍고추,2017-03-10,0.29857
홍고추,2017-03-11,0.169
홍고추,2017-03-12,0.12393
홍고추,2017-03-13,0.24223
홍고추,2017-03-14,0.19717
홍고추,2017-03-15,0.19717
홍고추,2017-03-16,0.22533
홍고추,2017-03-17,0.19717
홍고추,2017-03-18,0.2028
홍고추,2017-03-19,0.1859
홍고추,2017-03-20,0.2366
홍고추,2017-03-21,0.2704
홍고추,2017-03-22,0.24223
홍고추,2017-03-23,0.32674
홍고추,2017-03-24,0.2028
홍고추,2017-03-25,0.2873
홍고추,2017-03-26,0.27604
홍고추,2017-03-27,0.30984
홍고추,2017-03-28,0.26477
홍고추,2017-03-29,0.29294
홍고추,2017-03-30,0.2028
홍고추,2017-03-31,0.14647
홍고추,2017-04-01,0.24787
홍고추,2017-04-02,0.2028
홍고추,2017-04-03,0.21407
홍고추,2017-04-04,0.22533
홍고추,2017-04-05,0.29294
홍고추,2017-04-06,0.28167
홍고추,2017-04-07,0.23097
홍고추,2017-04-08,0.15773
홍고추,2017-04-09,0.1521
홍고추,2017-04-10,0.2535
홍고추,2017-04-11,0.46194
홍고추,2017-04-12,0.3549
홍고추,2017-04-13,0.23097
홍고추,2017-04-14,0.26477
홍고추,2017-04-15,0.23097
홍고추,2017-04-16,0.2366
홍고추,2017-04-17,0.27604
홍고추,2017-04-18,0.36054
홍고추,2017-04-19,0.24787
홍고추,2017-04-20,0.49574
홍고추,2017-04-21,0.32674
홍고추,2017-04-22,0.2535
홍고추,2017-04-23,0.1521
홍고추,2017-04-24,0.25914
홍고추,2017-04-25,0.2704
홍고추,2017-04-26,0.28167
홍고추,2017-04-27,0.39997
홍고추,2017-04-28,0.26477
홍고추,2017-04-29,0.26477
홍고추,2017-04-30,0.2028
홍고추,2017-05-01,0.24787
홍고추,2017-05-02,0.24223
홍고추,2017-05-03,0.24223
홍고추,2017-05-04,0.29857
홍고추,2017-05-05,0.2366
홍고추,2017-05-06,0.28167
홍고추,2017-05-07,0.19153
홍고추,2017-05-08,0.24787
홍고추,2017-05-09,0.2535
홍고추,2017-05-10,0.27604
홍고추,2017-05-11,0.36054
홍고추,2017-05-12,0.2704
홍고추,2017-05-13,0.2873
홍고추,2017-05-14,0.24787
홍고추,2017-05-15,0.36617
홍고추,2017-05-16,0.20843
홍고추,2017-05-17,0.3549
홍고추,2017-05-18,0.24223
홍고추,2017-05-19,0.1859
홍고추,2017-05-20,0.1521
홍고추,2017-05-21,0.26477
홍고추,2017-05-22,0.31547
홍고추,2017-05-23,0.33237
홍고추,2017-05-24,0.31547
홍고추,2017-05-25,0.31547
홍고추,2017-05-26,0.29294
홍고추,2017-05-27,0.28167
홍고추,2017-05-28,0.2535
홍고추,2017-05-29,0.3042
홍고추,2017-05-30,0.25914
홍고추,2017-05-31,0.3549
홍고추,2017-06-01,0.2873
홍고추,2017-06-02,0.28167
홍고추,2017-06-03,0.19717
홍고추,2017-06-04,0.25914
홍고추,2017-06-05,0.37744
홍고추,2017-06-06,0.23097
홍고추,2017-06-07,0.27604
홍고추,2017-06-08,0.31547
홍고추,2017-06-09,0.3042
홍고추,2017-06-10,0.29857
홍고추,2017-06-11,0.2873
홍고추,2017-06-12,0.77742
홍고추,2017-06-13,0.46194
홍고추,2017-06-14,0.38307
홍고추,2017-06-15,0.3042
홍고추,2017-06-16,0.44504
홍고추,2017-06-17,0.38871
홍고추,2017-06-18,0.30984
홍고추,2017-06-19,0.31547
홍고추,2017-06-20,0.38307
홍고추,2017-06-21,0.43941
홍고추,2017-06-22,0.36054
홍고추,2017-06-23,0.33237
홍고추,2017-06-24,0.3042
홍고추,2017-06-25,0.28167
홍고추,2017-06-26,0.40561
홍고추,2017-06-27,0.39434
홍고추,2017-06-28,0.28167
홍고추,2017-06-29,0.38307
홍고추,2017-06-30,0.31547
홍고추,2017-07-01,0.2535
홍고추,2017-07-02,0.28167
홍고추,2017-07-03,0.31547
홍고추,2017-07-04,0.58588
홍고추,2017-07-05,0.31547
홍고추,2017-07-06,0.55771
홍고추,2017-07-07,0.46194
홍고추,2017-07-08,0.33237
홍고추,2017-07-09,0.31547
홍고추,2017-07-10,0.59714
홍고추,2017-07-11,0.42814
홍고추,2017-07-12,0.46757
홍고추,2017-07-13,0.58024
홍고추,2017-07-14,0.51264
홍고추,2017-07-15,0.46194
홍고추,2017-07-16,0.49574
홍고추,2017-07-17,0.52391
홍고추,2017-07-18,0.51828
홍고추,2017-07-19,0.74362
홍고추,2017-07-20,0.64221
홍고추,2017-07-21,0.50138
홍고추,2017-07-22,0.58588
홍고추,2017-07-23,0.53518
홍고추,2017-07-24,0.65911
홍고추,2017-07-25,0.72108
홍고추,2017-07-26,0.77178
홍고추,2017-07-27,0.81685
홍고추,2017-07-28,0.61968
홍고추,2017-07-29,0.56898
홍고추,2017-07-30,0.81685
홍고추,2017-07-31,0.78305
홍고추,2017-08-01,0.88445
홍고추,2017-08-02,1.00276
홍고추,2017-08-03,1.16049
홍고추,2017-08-04,1.30133
홍고추,2017-08-05,0.88445
홍고추,2017-08-06,1.05346
홍고추,2017-08-07,1.61117
홍고추,2017-08-08,1.5323
홍고추,2017-08-09,1.45343
홍고추,2017-08-10,1.32386
홍고추,2017-08-11,1.4647
홍고추,2017-08-12,1.2619
홍고추,2017-08-13,1.21683
홍고추,2017-08-14,1.10979
홍고추,2017-08-15,0.93515
홍고추,2017-08-16,0.87319
홍고추,2017-08-17,1.06472
홍고추,2017-08-18,1.04782
홍고추,2017-08-19,0.84502
홍고추,2017-08-20,0.79995
홍고추,2017-08-21,0.85628
홍고추,2017-08-22,0.87319
홍고추,2017-08-23,0.87882
홍고추,2017-08-24,0.79995
홍고추,2017-08-25,0.81685
홍고추,2017-08-26,0.98022
홍고추,2017-08-27,0.63658
홍고추,2017-08-28,0.89009
홍고추,2017-08-29,1.22809
홍고추,2017-08-30,0.75488
홍고추,2017-08-31,0.74362
홍고추,2017-09-01,1.00839
홍고추,2017-09-02,0.79432
홍고추,2017-09-03,0.71545
홍고추,2017-09-04,0.98585
홍고추,2017-09-05,0.73798
홍고추,2017-09-06,0.69855
홍고추,2017-09-07,0.63095
홍고추,2017-09-08,0.60841
홍고추,2017-09-09,0.58024
홍고추,2017-09-10,0.64785
홍고추,2017-09-11,0.69291
홍고추,2017-09-12,0.70981
홍고추,2017-09-13,0.76615
홍고추,2017-09-14,0.58588
홍고추,2017-09-15,0.64785
홍고추,2017-09-16,0.47884
홍고추,2017-09-17,0.46757
홍고추,2017-09-18,0.61404
홍고추,2017-09-19,0.53518
홍고추,2017-09-20,0.68165
홍고추,2017-09-21,0.51828
홍고추,2017-09-22,0.42251
홍고추,2017-09-23,0.56334
홍고추,2017-09-24,0.3211
홍고추,2017-09-25,0.54081
홍고추,2017-09-26,0.36054
홍고추,2017-09-27,0.2873
홍고추,2017-09-28,0.24223
홍고추,2017-09-29,0.3549
홍고추,2017-09-30,0.30984
홍고추,2017-10-01,0.24223
홍고추,2017-10-02,0.42251
홍고추,2017-10-03,0.24223
홍고추,2017-10-04,0.19717
홍고추,2017-10-05,0.20843
홍고추,2017-10-06,0.3211
홍고추,2017-10-07,0.3211
홍고추,2017-10-08,0.44504
홍고추,2017-10-09,0.55208
홍고추,2017-10-10,0.58588
홍고추,2017-10-11,0.34927
홍고추,2017-10-12,0.42251
홍고추,2017-10-13,0.38871
홍고추,2017-10-14,0.3211
홍고추,2017-10-15,0.40561
홍고추,2017-10-16,0.3211
홍고추,2017-10-17,0.50138
홍고추,2017-10-18,0.3211
홍고추,2017-10-19,0.26477
홍고추,2017-10-20,0.44504
홍고추,2017-10-21,0.2535
홍고추,2017-10-22,0.29857
홍고추,2017-10-23,0.33237
홍고추,2017-10-24,0.45067
홍고추,2017-10-25,0.43377
홍고추,2017-10-26,0.3211
홍고추,2017-10-27,0.25914
홍고추,2017-10-28,0.26477
홍고추,2017-10-29,0.42814
홍고추,2017-10-30,0.3211
홍고추,2017-10-31,0.39997
홍고추,2017-11-01,0.38307
홍고추,2017-11-02,0.38307
홍고추,2017-11-03,0.3042
홍고추,2017-11-04,0.2535
홍고추,2017-11-05,0.31547
홍고추,2017-11-06,0.3549
홍고추,2017-11-07,0.36617
홍고추,2017-11-08,0.2535
홍고추,2017-11-09,0.33237
홍고추,2017-11-10,0.2873
홍고추,2017-11-11,0.28167
홍고추,2017-11-12,0.17463
홍고추,2017-11-13,0.32674
홍고추,2017-11-14,0.338
홍고추,2017-11-15,0.27604
홍고추,2017-11-16,0.24223
홍고추,2017-11-17,0.32674
홍고추,2017-11-18,0.1859
홍고추,2017-11-19,0.22533
홍고추,2017-11-20,0.18027
홍고추,2017-11-21,0.23097
홍고추,2017-11-22,0.2873
홍고추,2017-11-23,0.19153
홍고추,2017-11-24,0.21407
홍고추,2017-11-25,0.21407
홍고추,2017-11-26,0.2366
홍고추,2017-11-27,0.24223
홍고추,2017-11-28,0.28167
홍고추,2017-11-29,0.24787
홍고추,2017-11-30,0.20843
홍고추,2017-12-01,0.24223
홍고추,2017-12-02,0.14647
홍고추,2017-12-03,0.2028
홍고추,2017-12-04,0.16337
홍고추,2017-12-05,0.27604
홍고추,2017-12-06,0.20843
홍고추,2017-12-07,0.2535
홍고추,2017-12-08,0.18027
홍고추,2017-12-09,0.14647
홍고추,2017-12-10,0.19717
홍고추,2017-12-11,0.19153
홍고추,2017-12-12,0.2366
홍고추,2017-12-13,0.2535
홍고추,2017-12-14,0.14083
홍고추,2017-12-15,0.22533
홍고추,2017-12-16,0.12957
홍고추,2017-12-17,0.21407
홍고추,2017-12-18,0.2197
홍고추,2017-12-19,0.27604
홍고추,2017-12-20,0.19153
홍고추,2017-12-21,0.21407
홍고추,2017-12-22,0.17463
홍고추,2017-12-23,0.21407
홍고추,2017-12-24,0.1859
홍고추,2017-12-25,0.19717
홍고추,2017-12-26,0.17463
홍고추,2017-12-27,0.34364
홍고추,2017-12-28,0.25914
홍고추,2017-12-29,0.169
홍고추,2017-12-30,0.15773
홍고추,2017-12-31,0.22533
홍고추,2018-01-01,0.2535
홍고추,2018-01-02,0.19153
홍고추,2018-01-03,0.1859
홍고추,2018-01-04,0.2366
홍고추,2018-01-05,0.20843
홍고추,2018-01-06,0.24223
홍고추,2018-01-07,0.19717
홍고추,2018-01-08,0.26477
홍고추,2018-01-09,0.2704
홍고추,2018-01-10,0.16337
홍고추,2018-01-11,0.3042
홍고추,2018-01-12,0.18027
홍고추,2018-01-13,0.169
홍고추,2018-01-14,0.18027
홍고추,2018-01-15,0.29294
홍고추,2018-01-16,0.2197
홍고추,2018-01-17,0.23097
홍고추,2018-01-18,0.22533
홍고추,2018-01-19,0.19717
홍고추,2018-01-20,0.2535
홍고추,2018-01-21,0.2197
홍고추,2018-01-22,0.17463
홍고추,2018-01-23,0.2704
홍고추,2018-01-24,0.1521
홍고추,2018-01-25,0.2535
홍고추,2018-01-26,0.19717
홍고추,2018-01-27,0.18027
홍고추,2018-01-28,0.26477
홍고추,2018-01-29,0.23097
홍고추,2018-01-30,0.21407
홍고추,2018-01-31,0.23097
홍고추,2018-02-01,0.2535
홍고추,2018-02-02,0.21407
홍고추,2018-02-03,0.25914
홍고추,2018-02-04,0.20843
홍고추,2018-02-05,0.2704
홍고추,2018-02-06,0.23097
홍고추,2018-02-07,0.1859
홍고추,2018-02-08,0.22533
홍고추,2018-02-09,0.27604
홍고추,2018-02-10,0.22533
홍고추,2018-02-11,0.1014
홍고추,2018-02-12,0.1521
홍고추,2018-02-13,0.19717
홍고추,2018-02-14,0.23097
홍고추,2018-02-15,0.24787
홍고추,2018-02-16,0.07886
홍고추,2018-02-17,0.169
홍고추,2018-02-18,0.18027
홍고추,2018-02-19,0.19717
홍고추,2018-02-20,0.23097
홍고추,2018-02-21,0.29294
홍고추,2018-02-22,0.2535
홍고추,2018-02-23,0.1859
홍고추,2018-02-24,0.2535
홍고추,2018-02-25,0.169
홍고추,2018-02-26,0.2704
홍고추,2018-02-27,0.2028
홍고추,2018-02-28,0.2028
홍고추,2018-03-01,0.22533
홍고추,2018-03-02,0.1859
홍고추,2018-03-03,0.1183
홍고추,2018-03-04,0.17463
홍고추,2018-03-05,0.2197
홍고추,2018-03-06,0.21407
홍고추,2018-03-07,0.25914
홍고추,2018-03-08,0.17463
홍고추,2018-03-09,0.18027
홍고추,2018-03-10,0.20843
홍고추,2018-03-11,0.17463
홍고추,2018-03-12,0.24223
홍고추,2018-03-13,0.26477
홍고추,2018-03-14,0.19153
홍고추,2018-03-15,0.2704
홍고추,2018-03-16,0.21407
홍고추,2018-03-17,0.21407
홍고추,2018-03-18,0.2028
홍고추,2018-03-19,0.25914
홍고추,2018-03-20,0.29294
홍고추,2018-03-21,0.30984
홍고추,2018-03-22,0.38307
홍고추,2018-03-23,0.2873
홍고추,2018-03-24,0.338
홍고추,2018-03-25,0.24787
홍고추,2018-03-26,0.3211
홍고추,2018-03-27,0.34364
홍고추,2018-03-28,0.32674
홍고추,2018-03-29,0.3549
홍고추,2018-03-30,0.26477
홍고추,2018-03-31,0.24787
홍고추,2018-04-01,0.27604
홍고추,2018-04-02,0.23097
홍고추,2018-04-03,0.3549
홍고추,2018-04-04,0.3549
홍고추,2018-04-05,0.41687
홍고추,2018-04-06,0.36054
홍고추,2018-04-07,0.25914
홍고추,2018-04-08,0.29857
홍고추,2018-04-09,0.36054
홍고추,2018-04-10,0.38307
홍고추,2018-04-11,0.38871
홍고추,2018-04-12,0.33237
홍고추,2018-04-13,0.3042
홍고추,2018-04-14,0.2704
홍고추,2018-04-15,0.30984
홍고추,2018-04-16,0.3211
홍고추,2018-04-17,0.31547
홍고추,2018-04-18,0.34927
홍고추,2018-04-19,0.36054
홍고추,2018-04-20,0.26477
홍고추,2018-04-21,0.22533
홍고추,2018-04-22,0.33237
홍고추,2018-04-23,0.3211
홍고추,2018-04-24,0.41124
홍고추,2018-04-25,0.2197
홍고추,2018-04-26,0.2873
홍고추,2018-04-27,0.25914
홍고추,2018-04-28,0.2197
홍고추,2018-04-29,0.21407
홍고추,2018-04-30,0.2704
홍고추,2018-05-01,0.43941
홍고추,2018-05-02,0.42814
홍고추,2018-05-03,0.33237
홍고추,2018-05-04,0.24223
홍고추,2018-05-05,0.1859
홍고추,2018-05-06,0.3211
홍고추,2018-05-07,0.34927
홍고추,2018-05-08,0.3211
홍고추,2018-05-09,0.38307
홍고추,2018-05-10,0.2704
홍고추,2018-05-11,0.23097
홍고추,2018-05-12,0.24787
홍고추,2018-05-13,0.22533
홍고추,2018-05-14,0.41124
홍고추,2018-05-15,0.34927
홍고추,2018-05-16,0.3211
홍고추,2018-05-17,0.28167
홍고추,2018-05-18,0.29857
홍고추,2018-05-19,0.31547
홍고추,2018-05-20,0.338
홍고추,2018-05-21,0.37181
홍고추,2018-05-22,0.40561
홍고추,2018-05-23,0.37744
홍고추,2018-05-24,0.42251
홍고추,2018-05-25,0.2366
홍고추,2018-05-26,0.34927
홍고추,2018-05-27,0.20843
홍고추,2018-05-28,0.44504
홍고추,2018-05-29,0.3211
홍고추,2018-05-30,0.46757
홍고추,2018-05-31,0.42814
홍고추,2018-06-01,0.41687
홍고추,2018-06-02,0.36617
홍고추,2018-06-03,0.32674
홍고추,2018-06-04,0.46194
홍고추,2018-06-05,0.41687
홍고추,2018-06-06,0.34364
홍고추,2018-06-07,0.40561
홍고추,2018-06-08,0.28167
홍고추,2018-06-09,0.27604
홍고추,2018-06-10,0.44504
홍고추,2018-06-11,0.51264
홍고추,2018-06-12,0.55208
홍고추,2018-06-13,0.41687
홍고추,2018-06-14,0.43941
홍고추,2018-06-15,0.42814
홍고추,2018-06-16,0.29857
홍고추,2018-06-17,0.47321
홍고추,2018-06-18,0.3549
홍고추,2018-06-19,0.38871
홍고추,2018-06-20,0.52391
홍고추,2018-06-21,0.40561
홍고추,2018-06-22,0.42251
홍고추,2018-06-23,0.39434
홍고추,2018-06-24,0.40561
홍고추,2018-06-25,0.338
홍고추,2018-06-26,0.43377
홍고추,2018-06-27,0.52391
홍고추,2018-06-28,0.38307
홍고추,2018-06-29,0.338
홍고추,2018-06-30,0.41124
홍고추,2018-07-01,0.39997
홍고추,2018-07-02,0.34364
홍고추,2018-07-03,0.43377
홍고추,2018-07-04,0.79432
홍고추,2018-07-05,1.4309
홍고추,2018-07-06,0.91825
홍고추,2018-07-07,0.90699
홍고추,2018-07-08,0.77742
홍고추,2018-07-09,0.77178
홍고추,2018-07-10,0.95769
홍고추,2018-07-11,0.93515
홍고추,2018-07-12,0.86192
홍고추,2018-07-13,0.82248
홍고추,2018-07-14,0.95769
홍고추,2018-07-15,1.13796
홍고추,2018-07-16,1.48724
홍고추,2018-07-17,1.19429
홍고추,2018-07-18,1.35766
홍고추,2018-07-19,1.42527
홍고추,2018-07-20,1.40273
홍고추,2018-07-21,1.3802
홍고추,2018-07-22,1.5661
홍고추,2018-07-23,2.05058
홍고추,2018-07-24,2.20269
홍고추,2018-07-25,1.83651
홍고추,2018-07-26,2.29282
홍고추,2018-07-27,2.05622
홍고추,2018-07-28,1.91538
홍고추,2018-07-29,2.03932
홍고추,2018-07-30,2.73787
홍고추,2018-07-31,2.54633
홍고추,2018-08-01,2.37169
홍고추,2018-08-02,2.38296
홍고추,2018-08-03,2.87871
홍고추,2018-08-04,2.26466
홍고추,2018-08-05,2.6759
홍고추,2018-08-06,2.28719
홍고추,2018-08-07,2.49563
홍고추,2018-08-08,2.75477
홍고추,2018-08-09,2.43366
홍고추,2018-08-10,2.34916
홍고추,2018-08-11,2.51253
홍고추,2018-08-12,2.06185
홍고추,2018-08-13,2.5069
홍고추,2018-08-14,2.20269
홍고추,2018-08-15,2.15199
홍고추,2018-08-16,2.42239
홍고추,2018-08-17,2.21959
홍고추,2018-08-18,2.15199
홍고추,2018-08-19,1.99425
홍고추,2018-08-20,1.80834
홍고추,2018-08-21,1.78581
홍고추,2018-08-22,1.29006
홍고추,2018-08-23,1.09852
홍고추,2018-08-24,0.98022
홍고추,2018-08-25,1.00276
홍고추,2018-08-26,1.10416
홍고추,2018-08-27,1.16613
홍고추,2018-08-28,0.94079
홍고추,2018-08-29,0.81122
홍고추,2018-08-30,0.79432
홍고추,2018-08-31,0.66475
홍고추,2018-09-01,0.91825
홍고추,2018-09-02,0.76052
홍고추,2018-09-03,0.74925
홍고추,2018-09-04,0.89572
홍고추,2018-09-05,0.96895
홍고추,2018-09-06,0.62531
홍고추,2018-09-07,0.69291
홍고추,2018-09-08,0.56334
홍고추,2018-09-09,0.63095
홍고추,2018-09-10,0.98585
홍고추,2018-09-11,0.79432
홍고추,2018-09-12,0.58024
홍고추,2018-09-13,0.69291
홍고추,2018-09-14,0.40561
홍고추,2018-09-15,0.47884
홍고추,2018-09-16,0.47884
홍고추,2018-09-17,0.57461
홍고추,2018-09-18,0.50701
홍고추,2018-09-19,0.61968
홍고추,2018-09-20,0.39434
홍고추,2018-09-21,0.3549
홍고추,2018-09-22,0.36054
홍고추,2018-09-23,0.338
홍고추,2018-09-24,0.33237
홍고추,2018-09-25,0.31547
홍고추,2018-09-26,0.36054
홍고추,2018-09-27,0.51828
홍고추,2018-09-28,0.46194
홍고추,2018-09-29,0.39434
홍고추,2018-09-30,0.29857
홍고추,2018-10-01,0.46757
홍고추,2018-10-02,0.46194
홍고추,2018-10-03,0.47321
홍고추,2018-10-04,0.52391
홍고추,2018-10-05,0.44504
홍고추,2018-10-06,0.38307
홍고추,2018-10-07,0.36054
홍고추,2018-10-08,0.42251
홍고추,2018-10-09,0.28167
홍고추,2018-10-10,0.44504
홍고추,2018-10-11,0.43377
홍고추,2018-10-12,0.37181
홍고추,2018-10-13,0.34927
홍고추,2018-10-14,0.40561
홍고추,2018-10-15,0.40561
홍고추,2018-10-16,0.49574
홍고추,2018-10-17,0.52391
홍고추,2018-10-18,0.338
홍고추,2018-10-19,0.36617
홍고추,2018-10-20,0.43941
홍고추,2018-10-21,0.34927
홍고추,2018-10-22,0.34927
홍고추,2018-10-23,0.54081
홍고추,2018-10-24,0.39434
홍고추,2018-10-25,0.46757
홍고추,2018-10-26,0.40561
홍고추,2018-10-27,0.26477
홍고추,2018-10-28,0.40561
홍고추,2018-10-29,0.3211
홍고추,2018-10-30,0.26477
홍고추,2018-10-31,0.40561
홍고추,2018-11-01,0.40561
홍고추,2018-11-02,0.37744
홍고추,2018-11-03,0.39997
홍고추,2018-11-04,0.42251
홍고추,2018-11-05,0.37181
홍고추,2018-11-06,0.39997
홍고추,2018-11-07,0.43941
홍고추,2018-11-08,0.2704
홍고추,2018-11-09,0.32674
홍고추,2018-11-10,0.26477
홍고추,2018-11-11,0.39434
홍고추,2018-11-12,0.39997
홍고추,2018-11-13,0.41687
홍고추,2018-11-14,0.43941
홍고추,2018-11-15,0.41687
홍고추,2018-11-16,0.3549
홍고추,2018-11-17,0.2704
홍고추,2018-11-18,0.29857
홍고추,2018-11-19,0.41687
홍고추,2018-11-20,0.43377
홍고추,2018-11-21,0.39434
홍고추,2018-11-22,0.39997
홍고추,2018-11-23,0.39434
홍고추,2018-11-24,0.29294
홍고추,2018-11-25,0.3042
홍고추,2018-11-26,0.39434
홍고추,2018-11-27,0.338
홍고추,2018-11-28,0.3549
홍고추,2018-11-29,0.46757
홍고추,2018-11-30,0.34927
홍고추,2018-12-01,0.23097
홍고추,2018-12-02,0.34927
홍고추,2018-12-03,0.3211
홍고추,2018-12-04,0.39434
홍고추,2018-12-05,0.33237
홍고추,2018-12-06,0.32674
홍고추,2018-12-07,0.169
홍고추,2018-12-08,0.31547
홍고추,2018-12-09,0.34364
홍고추,2018-12-10,0.2028
홍고추,2018-12-11,0.24787
홍고추,2018-12-12,0.42814
홍고추,2018-12-13,0.31547
홍고추,2018-12-14,0.2873
홍고추,2018-12-15,0.25914
홍고추,2018-12-16,0.2366
홍고추,2018-12-17,0.34364
홍고추,2018-12-18,0.39434
홍고추,2018-12-19,0.2704
홍고추,2018-12-20,0.31547
홍고추,2018-12-21,0.27604
홍고추,2018-12-22,0.20843
홍고추,2018-12-23,0.28167
홍고추,2018-12-24,0.32674
홍고추,2018-12-25,0.25914
홍고추,2018-12-26,0.23097
홍고추,2018-12-27,0.2704
홍고추,2018-12-28,0.3549
홍고추,2018-12-29,0.26477
홍고추,2018-12-30,0.2366
홍고추,2018-12-31,0.25914
홍고추,2019-01-01,0.16337
홍고추,2019-01-02,0.34364
홍고추,2019-01-03,0.2873
홍고추,2019-01-04,0.19717
홍고추,2019-01-05,0.25914
홍고추,2019-01-06,0.24223
홍고추,2019-01-07,0.38307
홍고추,2019-01-08,0.33237
홍고추,2019-01-09,0.2366
홍고추,2019-01-10,0.25914
홍고추,2019-01-11,0.19717
홍고추,2019-01-12,0.32674
홍고추,2019-01-13,0.16337
홍고추,2019-01-14,0.34364
홍고추,2019-01-15,0.33237
홍고추,2019-01-16,0.2028
홍고추,2019-01-17,0.24223
홍고추,2019-01-18,0.30984
홍고추,2019-01-19,0.36617
홍고추,2019-01-20,0.26477
홍고추,2019-01-21,0.36617
홍고추,2019-01-22,0.31547
홍고추,2019-01-23,0.2197
홍고추,2019-01-24,0.2704
홍고추,2019-01-25,0.23097
홍고추,2019-01-26,0.3042
홍고추,2019-01-27,0.2704
홍고추,2019-01-28,0.28167
홍고추,2019-01-29,0.3211
홍고추,2019-01-30,0.3211
홍고추,2019-01-31,0.30984
홍고추,2019-02-01,0.2197
홍고추,2019-02-02,0.21407
홍고추,2019-02-03,0.22533
홍고추,2019-02-04,0.24787
홍고추,2019-02-05,0.2197
홍고추,2019-02-06,0.22533
홍고추,2019-02-07,0.19717
홍고추,2019-02-08,0.33237
홍고추,2019-02-09,0.24223
홍고추,2019-02-10,0.32674
홍고추,2019-02-11,0.34364
홍고추,2019-02-12,0.338
홍고추,2019-02-13,0.27604
홍고추,2019-02-14,0.33237
홍고추,2019-02-15,0.24223
홍고추,2019-02-16,0.2535
홍고추,2019-02-17,0.24787
홍고추,2019-02-18,0.32674
홍고추,2019-02-19,0.34364
홍고추,2019-02-20,0.24787
홍고추,2019-02-21,0.2873
홍고추,2019-02-22,0.29294
홍고추,2019-02-23,0.26477
홍고추,2019-02-24,0.33237
홍고추,2019-02-25,0.338
홍고추,2019-02-26,0.34364
홍고추,2019-02-27,0.29857
홍고추,2019-02-28,0.32674
홍고추,2019-03-01,0.2704
홍고추,2019-03-02,0.22533
홍고추,2019-03-03,0.28167
홍고추,2019-03-04,0.3211
홍고추,2019-03-05,0.19153
홍고추,2019-03-06,0.27604
홍고추,2019-03-07,0.23097
홍고추,2019-03-08,0.28167
홍고추,2019-03-09,0.29294
홍고추,2019-03-10,0.2704
홍고추,2019-03-11,0.3211
홍고추,2019-03-12,0.34927
홍고추,2019-03-13,0.39997
홍고추,2019-03-14,0.32674
홍고추,2019-03-15,0.2704
홍고추,2019-03-16,0.19717
홍고추,2019-03-17,0.36617
홍고추,2019-03-18,0.27604
홍고추,2019-03-19,0.32674
홍고추,2019-03-20,0.31547
홍고추,2019-03-21,0.3042
홍고추,2019-03-22,0.2704
홍고추,2019-03-23,0.2873
홍고추,2019-03-24,0.26477
홍고추,2019-03-25,0.3042
홍고추,2019-03-26,0.33237
홍고추,2019-03-27,0.29857
홍고추,2019-03-28,0.36054
홍고추,2019-03-29,0.40561
홍고추,2019-03-30,0.38307
홍고추,2019-03-31,0.24787
홍고추,2019-04-01,0.29294
홍고추,2019-04-02,0.42251
홍고추,2019-04-03,0.42814
홍고추,2019-04-04,0.338
홍고추,2019-04-05,0.27604
홍고추,2019-04-06,0.29857
홍고추,2019-04-07,0.33237
홍고추,2019-04-08,0.38871
홍고추,2019-04-09,0.33237
홍고추,2019-04-10,0.3549
홍고추,2019-04-11,0.47321
홍고추,2019-04-12,0.39997
홍고추,2019-04-13,0.3211
홍고추,2019-04-14,0.39997
홍고추,2019-04-15,0.43377
홍고추,2019-04-16,0.3211
홍고추,2019-04-17,0.41687
홍고추,2019-04-18,0.31547
홍고추,2019-04-19,0.41687
홍고추,2019-04-20,0.32674
홍고추,2019-04-21,0.37181
홍고추,2019-04-22,0.39997
홍고추,2019-04-23,0.37744
홍고추,2019-04-24,0.44504
홍고추,2019-04-25,0.3549
홍고추,2019-04-26,0.28167
홍고추,2019-04-27,0.34927
홍고추,2019-04-28,0.45067
홍고추,2019-04-29,0.40561
홍고추,2019-04-30,0.37181
홍고추,2019-05-01,0.36054
홍고추,2019-05-02,0.42251
홍고추,2019-05-03,0.338
홍고추,2019-05-04,0.19153
홍고추,2019-05-05,0.30984
홍고추,2019-05-06,0.43377
홍고추,2019-05-07,0.3549
홍고추,2019-05-08,0.38307
홍고추,2019-05-09,0.33237
홍고추,2019-05-10,0.27604
홍고추,2019-05-11,0.27604
홍고추,2019-05-12,0.36054
홍고추,2019-05-13,0.53518
홍고추,2019-05-14,0.40561
홍고추,2019-05-15,0.47321
홍고추,2019-05-16,0.41124
홍고추,2019-05-17,0.42814
홍고추,2019-05-18,0.42251
홍고추,2019-05-19,0.47884
홍고추,2019-05-20,0.36054
홍고추,2019-05-21,0.46757
홍고추,2019-05-22,0.49011
홍고추,2019-05-23,0.41124
홍고추,2019-05-24,0.39997
홍고추,2019-05-25,0.36617
홍고추,2019-05-26,0.39434
홍고추,2019-05-27,0.45631
홍고추,2019-05-28,0.45067
홍고추,2019-05-29,0.56898
홍고추,2019-05-30,0.34364
홍고추,2019-05-31,0.2873
홍고추,2019-06-01,0.40561
홍고추,2019-06-02,0.34927
홍고추,2019-06-03,0.49011
홍고추,2019-06-04,0.52954
홍고추,2019-06-05,0.49011
홍고추,2019-06-06,0.50138
홍고추,2019-06-07,0.41124
홍고추,2019-06-08,0.47321
홍고추,2019-06-09,0.43377
홍고추,2019-06-10,0.54644
홍고추,2019-06-11,0.42251
홍고추,2019-06-12,0.52954
홍고추,2019-06-13,0.62531
홍고추,2019-06-14,0.52391
홍고추,2019-06-15,0.45067
홍고추,2019-06-16,0.48447
홍고추,2019-06-17,0.60841
홍고추,2019-06-18,0.55771
홍고추,2019-06-19,0.47321
홍고추,2019-06-20,0.51264
홍고추,2019-06-21,0.52391
홍고추,2019-06-22,0.44504
홍고추,2019-06-23,0.74362
홍고추,2019-06-24,1.00839
홍고추,2019-06-25,0.89009
홍고추,2019-06-26,0.76615
홍고추,2019-06-27,0.74925
홍고추,2019-06-28,0.45067
홍고추,2019-06-29,0.67601
홍고추,2019-06-30,0.55771
홍고추,2019-07-01,0.88445
홍고추,2019-07-02,0.63658
홍고추,2019-07-03,0.65348
홍고추,2019-07-04,0.96332
홍고추,2019-07-05,0.69855
홍고추,2019-07-06,0.69291
홍고추,2019-07-07,0.78305
홍고추,2019-07-08,0.82248
홍고추,2019-07-09,0.96332
홍고추,2019-07-10,0.88445
홍고추,2019-07-11,0.76052
홍고추,2019-07-12,0.70418
홍고추,2019-07-13,0.73235
홍고추,2019-07-14,0.85065
홍고추,2019-07-15,0.76615
홍고추,2019-07-16,0.79432
홍고추,2019-07-17,0.79995
홍고추,2019-07-18,0.99149
홍고추,2019-07-19,0.83938
홍고추,2019-07-20,0.69855
홍고추,2019-07-21,0.74925
홍고추,2019-07-22,1.11543
홍고추,2019-07-23,1.21683
홍고추,2019-07-24,1.29006
홍고추,2019-07-25,1.13233
홍고추,2019-07-26,1.12106
홍고추,2019-07-27,1.20556
홍고추,2019-07-28,1.3126
홍고추,2019-07-29,1.4816
홍고추,2019-07-30,1.5661
홍고추,2019-07-31,1.45343
홍고추,2019-08-01,1.86468
홍고추,2019-08-02,1.74638
홍고추,2019-08-03,1.80834
홍고추,2019-08-04,1.76328
홍고추,2019-08-05,1.93228
홍고추,2019-08-06,2.25339
홍고추,2019-08-07,1.82524
홍고추,2019-08-08,1.93791
홍고추,2019-08-09,2.27029
홍고추,2019-08-10,2.15762
홍고추,2019-08-11,2.15762
홍고추,2019-08-12,2.07875
홍고추,2019-08-13,2.02242
홍고추,2019-08-14,2.09002
홍고추,2019-08-15,1.62807
홍고추,2019-08-16,1.66751
홍고추,2019-08-17,1.90975
홍고추,2019-08-18,2.25339
홍고추,2019-08-19,2.24776
홍고추,2019-08-20,1.98862
홍고추,2019-08-21,1.79144
홍고추,2019-08-22,1.63371
홍고추,2019-08-23,1.52667
홍고추,2019-08-24,1.18866
홍고추,2019-08-25,1.55484
홍고추,2019-08-26,1.57174
홍고추,2019-08-27,1.29006
홍고추,2019-08-28,0.97459
홍고추,2019-08-29,0.99712
홍고추,2019-08-30,1.03656
홍고추,2019-08-31,0.82812
홍고추,2019-09-01,0.87319
홍고추,2019-09-02,0.92389
홍고추,2019-09-03,0.90135
홍고추,2019-09-04,0.78305
홍고추,2019-09-05,0.68165
홍고추,2019-09-06,0.67601
홍고추,2019-09-07,0.63658
홍고추,2019-09-08,0.70418
홍고추,2019-09-09,0.67038
홍고추,2019-09-10,0.65348
홍고추,2019-09-11,0.52391
홍고추,2019-09-12,0.49011
홍고추,2019-09-13,0.49574
홍고추,2019-09-14,0.60841
홍고추,2019-09-15,0.65348
홍고추,2019-09-16,0.78305
홍고추,2019-09-17,0.73798
홍고추,2019-09-18,0.85065
홍고추,2019-09-19,0.63658
홍고추,2019-09-20,0.55771
홍고추,2019-09-21,0.55771
홍고추,2019-09-22,0.50138
홍고추,2019-09-23,0.76052
홍고추,2019-09-24,0.67038
홍고추,2019-09-25,0.46194
홍고추,2019-09-26,0.50701
홍고추,2019-09-27,0.55771
홍고추,2019-09-28,0.54644
홍고추,2019-09-29,0.47884
홍고추,2019-09-30,0.52954
홍고추,2019-10-01,0.54081
홍고추,2019-10-02,0.51264
홍고추,2019-10-03,0.45631
홍고추,2019-10-04,0.57461
홍고추,2019-10-05,0.45631
홍고추,2019-10-06,0.47321
홍고추,2019-10-07,0.51828
홍고추,2019-10-08,0.47321
홍고추,2019-10-09,0.49011
홍고추,2019-10-10,0.53518
홍고추,2019-10-11,0.43941
홍고추,2019-10-12,0.48447
홍고추,2019-10-13,0.55208
홍고추,2019-10-14,0.38871
홍고추,2019-10-15,0.49574
홍고추,2019-10-16,0.57461
홍고추,2019-10-17,0.48447
홍고추,2019-10-18,0.44504
홍고추,2019-10-19,0.47321
홍고추,2019-10-20,0.50701
홍고추,2019-10-21,0.42251
홍고추,2019-10-22,0.45067
홍고추,2019-10-23,0.46757
홍고추,2019-10-24,0.52391
홍고추,2019-10-25,0.41687
홍고추,2019-10-26,0.3549
홍고추,2019-10-27,0.34364
홍고추,2019-10-28,0.46194
홍고추,2019-10-29,0.54644
홍고추,2019-10-30,0.45067
홍고추,2019-10-31,0.49574
홍고추,2019-11-01,0.50701
홍고추,2019-11-02,0.47321
홍고추,2019-11-03,0.50138
홍고추,2019-11-04,0.56334
홍고추,2019-11-05,0.54644
홍고추,2019-11-06,0.46194
홍고추,2019-11-07,0.50701
홍고추,2019-11-08,0.46757
홍고추,2019-11-09,0.49574
홍고추,2019-11-10,0.29857
홍고추,2019-11-11,0.42814
홍고추,2019-11-12,0.43377
홍고추,2019-11-13,0.49011
홍고추,2019-11-14,0.52954
홍고추,2019-11-15,0.29294
홍고추,2019-11-16,0.27604
홍고추,2019-11-17,0.41124
홍고추,2019-11-18,0.3211
홍고추,2019-11-19,0.49574
홍고추,2019-11-20,0.47884
홍고추,2019-11-21,0.49574
홍고추,2019-11-22,0.38871
홍고추,2019-11-23,0.42251
홍고추,2019-11-24,0.45067
홍고추,2019-11-25,0.60278
홍고추,2019-11-26,0.34364
홍고추,2019-11-27,0.29857
홍고추,2019-11-28,0.3042
홍고추,2019-11-29,0.36617
홍고추,2019-11-30,0.41687
홍고추,2019-12-01,0.38871
홍고추,2019-12-02,0.3211
홍고추,2019-12-03,0.38307
홍고추,2019-12-04,0.52391
홍고추,2019-12-05,0.3211
홍고추,2019-12-06,0.36054
홍고추,2019-12-07,0.49574
홍고추,2019-12-08,0.29294
홍고추,2019-12-09,0.48447
홍고추,2019-12-10,0.34364
홍고추,2019-12-11,0.34927
홍고추,2019-12-12,0.30984
홍고추,2019-12-13,0.38307
홍고추,2019-12-14,0.36054
홍고추,2019-12-15,0.3211
홍고추,2019-12-16,0.3549
홍고추,2019-12-17,0.28167
홍고추,2019-12-18,0.39434
홍고추,2019-12-19,0.27604
홍고추,2019-12-20,0.2028
홍고추,2019-12-21,0.23097
홍고추,2019-12-22,0.24223
홍고추,2019-12-23,0.29294
홍고추,2019-12-24,0.338
홍고추,2019-12-25,0.20843
홍고추,2019-12-26,0.33237
홍고추,2019-12-27,0.36617
홍고추,2019-12-28,0.24223
홍고추,2019-12-29,0.28167
홍고추,2019-12-30,0.29294
홍고추,2019-12-31,0.3549
홍고추,2020-01-01,0.34927
홍고추,2020-01-02,0.44504
홍고추,2020-01-03,0.338
홍고추,2020-01-04,0.39997
홍고추,2020-01-05,0.42251
홍고추,2020-01-06,0.45067
홍고추,2020-01-07,0.48447
홍고추,2020-01-08,0.52954
홍고추,2020-01-09,0.51828
홍고추,2020-01-10,0.42251
홍고추,2020-01-11,0.54081
홍고추,2020-01-12,0.52391
홍고추,2020-01-13,0.46757
홍고추,2020-01-14,0.45631
홍고추,2020-01-15,0.50138
홍고추,2020-01-16,0.50138
홍고추,2020-01-17,0.49574
홍고추,2020-01-18,0.3549
홍고추,2020-01-19,0.52391
홍고추,2020-01-20,0.50138
홍고추,2020-01-21,0.55208
홍고추,2020-01-22,0.41687
홍고추,2020-01-23,0.61404
홍고추,2020-01-24,0.67038
홍고추,2020-01-25,0.41687
홍고추,2020-01-26,0.36054
홍고추,2020-01-27,0.45631
홍고추,2020-01-28,0.56334
홍고추,2020-01-29,0.47321
홍고추,2020-01-30,0.45631
홍고추,2020-01-31,0.49011
홍고추,2020-02-01,0.55208
홍고추,2020-02-02,0.38307
홍고추,2020-02-03,0.64785
홍고추,2020-02-04,0.54081
홍고추,2020-02-05,0.59151
홍고추,2020-02-06,0.51828
홍고추,2020-02-07,0.56898
홍고추,2020-02-08,0.50138
홍고추,2020-02-09,0.51264
홍고추,2020-02-10,0.44504
홍고추,2020-02-11,0.44504
홍고추,2020-02-12,0.61968
홍고추,2020-02-13,0.59151
홍고추,2020-02-14,0.60278
홍고추,2020-02-15,0.60278
홍고추,2020-02-16,0.63658
홍고추,2020-02-17,0.70418
홍고추,2020-02-18,0.74362
홍고추,2020-02-19,0.56898
홍고추,2020-02-20,0.53518
홍고추,2020-02-21,0.55208
홍고추,2020-02-22,0.78305
홍고추,2020-02-23,0.39434
홍고추,2020-02-24,0.48447
홍고추,2020-02-25,0.59151
홍고추,2020-02-26,0.76615
홍고추,2020-02-27,0.74925
홍고추,2020-02-28,0.54644
홍고추,2020-02-29,0.58588
홍고추,2020-03-01,0.56898
홍고추,2020-03-02,0.61968
홍고추,2020-03-03,0.94642
홍고추,2020-03-04,0.58588
홍고추,2020-03-05,0.56898
홍고추,2020-03-06,0.56898
홍고추,2020-03-07,0.70418
홍고추,2020-03-08,0.68165
홍고추,2020-03-09,0.48447
홍고추,2020-03-10,0.69855
홍고추,2020-03-11,0.66475
홍고추,2020-03-12,0.78868
홍고추,2020-03-13,0.67038
홍고추,2020-03-14,0.65348
홍고추,2020-03-15,0.70981
홍고추,2020-03-16,0.78868
홍고추,2020-03-17,0.85065
홍고추,2020-03-18,0.77742
홍고추,2020-03-19,0.82248
홍고추,2020-03-20,0.66475
홍고추,2020-03-21,0.70981
홍고추,2020-03-22,0.77178
홍고추,2020-03-23,0.86192
홍고추,2020-03-24,0.84502
홍고추,2020-03-25,0.95769
홍고추,2020-03-26,0.68165
홍고추,2020-03-27,0.91262
홍고추,2020-03-28,0.76052
홍고추,2020-03-29,0.92389
홍고추,2020-03-30,0.82248
홍고추,2020-03-31,0.90135
홍고추,2020-04-01,0.93515
홍고추,2020-04-02,0.85628
홍고추,2020-04-03,0.76052
홍고추,2020-04-04,0.64221
홍고추,2020-04-05,0.70418
홍고추,2020-04-06,0.89572
홍고추,2020-04-07,0.79432
홍고추,2020-04-08,0.84502
홍고추,2020-04-09,0.81685
홍고추,2020-04-10,0.74362
홍고추,2020-04-11,0.74925
홍고추,2020-04-12,0.72671
홍고추,2020-04-13,1.02529
홍고추,2020-04-14,0.79995
홍고추,2020-04-15,0.89009
홍고추,2020-04-16,0.82248
홍고추,2020-04-17,0.65348
홍고추,2020-04-18,0.66475
홍고추,2020-04-19,0.77742
홍고추,2020-04-20,0.73235
홍고추,2020-04-21,0.74362
홍고추,2020-04-22,0.88445
홍고추,2020-04-23,0.82812
홍고추,2020-04-24,0.62531
홍고추,2020-04-25,0.68165
홍고추,2020-04-26,0.76052
홍고추,2020-04-27,0.79995
홍고추,2020-04-28,0.70418
홍고추,2020-04-29,0.65348
홍고추,2020-04-30,0.56334
홍고추,2020-05-01,0.64785
홍고추,2020-05-02,0.61404
홍고추,2020-05-03,0.83375
홍고추,2020-05-04,0.70418
홍고추,2020-05-05,0.70418
홍고추,2020-05-06,0.69855
홍고추,2020-05-07,0.69291
홍고추,2020-05-08,0.57461
홍고추,2020-05-09,0.69855
홍고추,2020-05-10,0.65348
홍고추,2020-05-11,0.63658
홍고추,2020-05-12,0.66475
홍고추,2020-05-13,0.78868
홍고추,2020-05-14,0.67601
홍고추,2020-05-15,0.67601
홍고추,2020-05-16,0.65911
홍고추,2020-05-17,0.77178
홍고추,2020-05-18,0.64221
홍고추,2020-05-19,0.83938
홍고추,2020-05-20,0.59151
홍고추,2020-05-21,0.81122
홍고추,2020-05-22,0.72108
홍고추,2020-05-23,0.70418
홍고추,2020-05-24,0.67601
홍고추,2020-05-25,0.78305
홍고추,2020-05-26,0.63095
홍고추,2020-05-27,0.60841
홍고추,2020-05-28,0.73798
홍고추,2020-05-29,0.64785
홍고추,2020-05-30,0.51828
홍고추,2020-05-31,0.59151
홍고추,2020-06-01,0.74362
홍고추,2020-06-02,0.79432
홍고추,2020-06-03,0.67601
홍고추,2020-06-04,0.59151
홍고추,2020-06-05,0.70981
홍고추,2020-06-06,0.63658
홍고추,2020-06-07,0.64221
홍고추,2020-06-08,0.73798
홍고추,2020-06-09,0.78868
홍고추,2020-06-10,0.74925
홍고추,2020-06-11,0.55208
홍고추,2020-06-12,0.71545
홍고추,2020-06-13,0.69291
홍고추,2020-06-14,0.73235
홍고추,2020-06-15,0.75488
홍고추,2020-06-16,0.67038
홍고추,2020-06-17,0.76615
홍고추,2020-06-18,0.75488
홍고추,2020-06-19,0.74362
홍고추,2020-06-20,0.65348
홍고추,2020-06-21,0.79432
홍고추,2020-06-22,0.98022
홍고추,2020-06-23,0.78868
홍고추,2020-06-24,0.68728
홍고추,2020-06-25,0.92389
홍고추,2020-06-26,0.61404
홍고추,2020-06-27,0.93515
홍고추,2020-06-28,0.76052
홍고추,2020-06-29,0.82248
홍고추,2020-06-30,0.93515
홍고추,2020-07-01,0.82812
홍고추,2020-07-02,0.75488
홍고추,2020-07-03,0.82248
홍고추,2020-07-04,0.61968
홍고추,2020-07-05,0.83938
홍고추,2020-07-06,0.87319
홍고추,2020-07-07,0.94079
홍고추,2020-07-08,0.95769
홍고추,2020-07-09,1.09289
홍고추,2020-07-10,0.86192
홍고추,2020-07-11,0.85065
홍고추,2020-07-12,0.95205
홍고추,2020-07-13,1.17739
홍고추,2020-07-14,1.08726
홍고추,2020-07-15,1.11543
홍고추,2020-07-16,1.03656
홍고추,2020-07-17,1.22809
홍고추,2020-07-18,0.86755
홍고추,2020-07-19,1.05346
홍고추,2020-07-20,1.05346
홍고추,2020-07-21,1.30133
홍고추,2020-07-22,1.10979
홍고추,2020-07-23,1.05909
홍고추,2020-07-24,0.95205
홍고추,2020-07-25,0.96332
홍고추,2020-07-26,1.00276
홍고추,2020-07-27,1.36893
홍고추,2020-07-28,1.40837
홍고추,2020-07-29,1.43653
홍고추,2020-07-30,1.3126
홍고추,2020-07-31,1.21683
홍고추,2020-08-01,1.414
홍고추,2020-08-02,1.41963
홍고추,2020-08-03,1.5154
홍고추,2020-08-04,1.55484
홍고추,2020-08-05,1.40273
홍고추,2020-08-06,1.93791
홍고추,2020-08-07,1.99425
홍고추,2020-08-08,2.22522
홍고추,2020-08-09,2.17452
홍고추,2020-08-10,2.4731
홍고추,2020-08-11,3.12095
홍고추,2020-08-12,2.659
홍고추,2020-08-13,2.33789
홍고추,2020-08-14,2.25902
홍고추,2020-08-15,2.24212
홍고추,2020-08-16,2.63083
홍고추,2020-08-17,4.0054
홍고추,2020-08-18,4.40538
홍고추,2020-08-19,4.12934
홍고추,2020-08-20,3.42515
홍고추,2020-08-21,3.24488
홍고추,2020-08-22,2.56886
홍고추,2020-08-23,3.17728
홍고추,2020-08-24,3.70683
홍고추,2020-08-25,2.91251
홍고추,2020-08-26,2.88434
홍고추,2020-08-27,2.65337
홍고추,2020-08-28,2.18579
홍고추,2020-08-29,1.88721
홍고추,2020-08-30,1.95481
홍고추,2020-08-31,2.12945
홍고추,2020-09-01,2.03368
홍고추,2020-09-02,1.99425
홍고추,2020-09-03,1.75764
홍고추,2020-09-04,1.48724
홍고추,2020-09-05,1.53794
홍고추,2020-09-06,1.50414
홍고추,2020-09-07,1.18303
홍고추,2020-09-08,1.82524
홍고추,2020-09-09,1.4985
홍고추,2020-09-10,1.54357
홍고추,2020-09-11,1.2619
홍고추,2020-09-12,1.04219
홍고추,2020-09-13,1.28443
홍고추,2020-09-14,1.39147
홍고추,2020-09-15,1.19993
홍고추,2020-09-16,0.98022
홍고추,2020-09-17,1.08162
홍고추,2020-09-18,1.09852
홍고추,2020-09-19,1.04782
홍고추,2020-09-20,1.02529
홍고추,2020-09-21,1.03656
홍고추,2020-09-22,1.02529
홍고추,2020-09-23,0.82812
홍고추,2020-09-24,0.85628
홍고추,2020-09-25,0.64785
홍고추,2020-09-26,0.61968
홍고추,2020-09-27,0.83375
홍고추,2020-09-28,0.65911
홍고추,2020-09-29,0.83375
홍고추,2020-09-30,0.65911
홍고추,2020-10-01,0.50138
홍고추,2020-10-02,0.54081
홍고추,2020-10-03,0.63095
홍고추,2020-10-04,0.65348
홍고추,2020-10-05,0.95769
홍고추,2020-10-06,1.23373
홍고추,2020-10-07,1.02529
홍고추,2020-10-08,0.95769
홍고추,2020-10-09,0.84502
홍고추,2020-10-10,0.84502
홍고추,2020-10-11,0.95205
홍고추,2020-10-12,0.99712
홍고추,2020-10-13,0.88445
홍고추,2020-10-14,0.94642
홍고추,2020-10-15,0.79995
홍고추,2020-10-16,0.95205
홍고추,2020-10-17,0.80558
홍고추,2020-10-18,1.10416
홍고추,2020-10-19,1.12669
홍고추,2020-10-20,1.03092
홍고추,2020-10-21,1.10979
홍고추,2020-10-22,1.09289
홍고추,2020-10-23,0.99712
홍고추,2020-10-24,0.62531
홍고추,2020-10-25,0.83375
홍고추,2020-10-26,0.85628
홍고추,2020-10-27,0.91825
홍고추,2020-10-28,0.84502
홍고추,2020-10-29,0.69291
홍고추,2020-10-30,0.72108
홍고추,2020-10-31,0.59151
홍고추,2020-11-01,0.66475
홍고추,2020-11-02,0.63095
홍고추,2020-11-03,0.68165
홍고추,2020-11-04,0.81685
홍고추,2020-11-05,0.73235
홍고추,2020-11-06,0.66475
홍고추,2020-11-07,0.59151
홍고추,2020-11-08,0.62531
홍고추,2020-11-09,0.64221
홍고추,2020-11-10,0.70418
홍고추,2020-11-11,0.65911
홍고추,2020-11-12,0.59714
홍고추,2020-11-13,0.59151
홍고추,2020-11-14,0.53518
홍고추,2020-11-15,0.67601
홍고추,2020-11-16,0.65348
홍고추,2020-11-17,0.68728
홍고추,2020-11-18,0.60841
홍고추,2020-11-19,0.68165
홍고추,2020-11-20,0.60841
홍고추,2020-11-21,0.41687
홍고추,2020-11-22,0.59151
홍고추,2020-11-23,0.60278
홍고추,2020-11-24,0.58024
홍고추,2020-11-25,0.50138
홍고추,2020-11-26,0.63095
홍고추,2020-11-27,0.56334
홍고추,2020-11-28,0.52391
홍고추,2020-11-29,0.52954
홍고추,2020-11-30,0.54644
홍고추,2020-12-01,0.75488
홍고추,2020-12-02,0.55771
홍고추,2020-12-03,0.47321
홍고추,2020-12-04,0.338
홍고추,2020-12-05,0.42814
홍고추,2020-12-06,0.50701
홍고추,2020-12-07,0.52954
홍고추,2020-12-08,0.49574
홍고추,2020-12-09,0.54644
홍고추,2020-12-10,0.46194
홍고추,2020-12-11,0.39434
홍고추,2020-12-12,0.51828
홍고추,2020-12-13,0.61404
홍고추,2020-12-14,0.50138
홍고추,2020-12-15,0.34927
홍고추,2020-12-16,0.49011
홍고추,2020-12-17,0.45067
홍고추,2020-12-18,0.58588
홍고추,2020-12-19,0.44504
홍고추,2020-12-20,0.45067
홍고추,2020-12-21,0.42814
홍고추,2020-12-22,0.39997
홍고추,2020-12-23,0.47321
홍고추,2020-12-24,0.3211
홍고추,2020-12-25,0.43377
홍고추,2020-12-26,0.46194
홍고추,2020-12-27,0.47884
홍고추,2020-12-28,0.44504
홍고추,2020-12-29,0.44504
홍고추,2020-12-30,0.38871
홍고추,2020-12-31,0.40561
홍고추,2021-01-01,0.27604
홍고추,2021-01-02,0.42814
홍고추,2021-01-03,0.46757
홍고추,2021-01-04,0.41124
홍고추,2021-01-05,0.50138
홍고추,2021-01-06,0.50701
홍고추,2021-01-07,0.43941
홍고추,2021-01-08,0.36617
홍고추,2021-01-09,0.42814
홍고추,2021-01-10,0.40561
홍고추,2021-01-11,0.56334
홍고추,2021-01-12,0.55771
홍고추,2021-01-13,0.2873
홍고추,2021-01-14,0.46757
홍고추,2021-01-15,0.38871
홍고추,2021-01-16,0.48447
홍고추,2021-01-17,0.42251
홍고추,2021-01-18,0.52391
홍고추,2021-01-19,0.44504
홍고추,2021-01-20,0.51264
홍고추,2021-01-21,0.36054
홍고추,2021-01-22,0.37744
홍고추,2021-01-23,0.42814
홍고추,2021-01-24,0.32674
홍고추,2021-01-25,0.42251
홍고추,2021-01-26,0.47884
홍고추,2021-01-27,0.45067
홍고추,2021-01-28,0.29857
홍고추,2021-01-29,0.31547
홍고추,2021-01-30,0.37744
홍고추,2021-01-31,0.39434
홍고추,2021-02-01,0.42251
홍고추,2021-02-02,0.43377
홍고추,2021-02-03,0.46194
홍고추,2021-02-04,0.36054
홍고추,2021-02-05,0.41687
홍고추,2021-02-06,0.42251
홍고추,2021-02-07,0.34927
홍고추,2021-02-08,0.46757
홍고추,2021-02-09,0.38307
홍고추,2021-02-10,0.42814
홍고추,2021-02-11,0.41687
홍고추,2021-02-12,0.38307
홍고추,2021-02-13,0.22533
홍고추,2021-02-14,0.40561
홍고추,2021-02-15,0.49574
홍고추,2021-02-16,0.41687
홍고추,2021-02-17,0.41124
홍고추,2021-02-18,0.43377
홍고추,2021-02-19,0.31547
홍고추,2021-02-20,0.39997
홍고추,2021-02-21,0.45631
홍고추,2021-02-22,0.39997
홍고추,2021-02-23,0.50701
홍고추,2021-02-24,0.39997
홍고추,2021-02-25,0.52391
홍고추,2021-02-26,0.37744
홍고추,2021-02-27,0.29294
홍고추,2021-02-28,0.36054
홍고추,2021-03-01,0.42814
홍고추,2021-03-02,0.54081
홍고추,2021-03-03,0.51264
홍고추,2021-03-04,0.43377
홍고추,2021-03-05,0.37744
홍고추,2021-03-06,0.41124
홍고추,2021-03-07,0.41687
홍고추,2021-03-08,0.49574
홍고추,2021-03-09,0.45631
홍고추,2021-03-10,0.47884
홍고추,2021-03-11,0.60278
홍고추,2021-03-12,0.54644
홍고추,2021-03-13,0.43941
홍고추,2021-03-14,0.55208
홍고추,2021-03-15,0.58024
홍고추,2021-03-16,0.49574
홍고추,2021-03-17,0.59151
홍고추,2021-03-18,0.70981
홍고추,2021-03-19,0.56898
홍고추,2021-03-20,0.49574
홍고추,2021-03-21,0.43941
홍고추,2021-03-22,0.54644
홍고추,2021-03-23,0.51264
홍고추,2021-03-24,0.55771
홍고추,2021-03-25,0.44504
홍고추,2021-03-26,0.48447
홍고추,2021-03-27,0.51264
홍고추,2021-03-28,0.54644
홍고추,2021-03-29,0.61404
홍고추,2021-03-30,0.59714
홍고추,2021-03-31,0.56898
홍고추,2021-04-01,0.57461
홍고추,2021-04-02,0.45067
홍고추,2021-04-03,0.55771
홍고추,2021-04-04,0.52954
홍고추,2021-04-05,0.63095
홍고추,2021-04-06,0.72108
홍고추,2021-04-07,0.83938
홍고추,2021-04-08,0.78868
홍고추,2021-04-09,0.56334
홍고추,2021-04-10,0.48447
홍고추,2021-04-11,0.55771
홍고추,2021-04-12,0.79995
홍고추,2021-04-13,0.87882
홍고추,2021-04-14,0.64785
홍고추,2021-04-15,0.73235
홍고추,2021-04-16,0.57461
홍고추,2021-04-17,0.61968
홍고추,2021-04-18,0.70981
홍고추,2021-04-19,0.67601
홍고추,2021-04-20,0.78305
홍고추,2021-04-21,0.62531
홍고추,2021-04-22,0.76052
홍고추,2021-04-23,0.65348
홍고추,2021-04-24,0.62531
홍고추,2021-04-25,0.75488
홍고추,2021-04-26,0.95205
홍고추,2021-04-27,0.77178
홍고추,2021-04-28,0.79432
홍고추,2021-04-29,0.64785
홍고추,2021-04-30,0.63658
홍고추,2021-05-01,0.65348
홍고추,2021-05-02,0.78868
홍고추,2021-05-03,0.91825
홍고추,2021-05-04,0.84502
홍고추,2021-05-05,0.59151
홍고추,2021-05-06,0.74362
홍고추,2021-05-07,0.82248
홍고추,2021-05-08,0.63658
홍고추,2021-05-09,0.70418
홍고추,2021-05-10,0.58024
홍고추,2021-05-11,0.63658
홍고추,2021-05-12,0.65348
홍고추,2021-05-13,0.64221
홍고추,2021-05-14,0.59151
홍고추,2021-05-15,0.69291
홍고추,2021-05-16,0.72108
홍고추,2021-05-17,0.74925
홍고추,2021-05-18,0.67038
홍고추,2021-05-19,0.65348
홍고추,2021-05-20,0.65348
홍고추,2021-05-21,0.68728
홍고추,2021-05-22,0.74362
홍고추,2021-05-23,0.99149
홍고추,2021-05-24,0.91262
홍고추,2021-05-25,0.94642
홍고추,2021-05-26,1.02529
홍고추,2021-05-27,0.91262
홍고추,2021-05-28,0.65911
홍고추,2021-05-29,0.68728
홍고추,2021-05-30,0.80558
홍고추,2021-05-31,0.66475
홍고추,2021-06-01,0.77742
홍고추,2021-06-02,0.77742
홍고추,2021-06-03,0.81122
홍고추,2021-06-04,0.68165
홍고추,2021-06-05,0.60278
홍고추,2021-06-06,0.73798
홍고추,2021-06-07,0.89572
홍고추,2021-06-08,0.80558
홍고추,2021-06-09,0.83938
홍고추,2021-06-10,0.89009
홍고추,2021-06-11,0.92389
홍고추,2021-06-12,0.94642
홍고추,2021-06-13,0.97459
홍고추,2021-06-14,0.72671
홍고추,2021-06-15,0.89572
홍고추,2021-06-16,0.82812
홍고추,2021-06-17,0.89572
홍고추,2021-06-18,0.69291
홍고추,2021-06-19,1.03092
홍고추,2021-06-20,0.88445
홍고추,2021-06-21,1.10979
홍고추,2021-06-22,1.38583
홍고추,2021-06-23,0.92389
홍고추,2021-06-24,1.12669
홍고추,2021-06-25,0.92389
홍고추,2021-06-26,0.77742
홍고추,2021-06-27,0.95205
홍고추,2021-06-28,1.04219
홍고추,2021-06-29,1.03656
홍고추,2021-06-30,0.97459
홍고추,2021-07-01,1.14923
홍고추,2021-07-02,1.22809
홍고추,2021-07-03,0.94642
홍고추,2021-07-04,1.26753
홍고추,2021-07-05,1.30696
홍고추,2021-07-06,1.5154
홍고추,2021-07-07,1.27316
홍고추,2021-07-08,1.31823
홍고추,2021-07-09,1.08726
홍고추,2021-07-10,1.26753
홍고추,2021-07-11,1.47597
홍고추,2021-07-12,1.50977
홍고추,2021-07-13,1.50414
홍고추,2021-07-14,1.65624
홍고추,2021-07-15,1.57174
홍고추,2021-07-16,1.69567
홍고추,2021-07-17,1.56047
홍고추,2021-07-18,1.90975
홍고추,2021-07-19,2.17452
홍고추,2021-07-20,2.20832
홍고추,2021-07-21,2.659
홍고추,2021-07-22,2.96321
홍고추,2021-07-23,2.43366
홍고추,2021-07-24,3.12658
홍고추,2021-07-25,3.16038
홍고추,2021-07-26,3.79696
홍고추,2021-07-27,3.8026
홍고추,2021-07-28,3.96597
홍고추,2021-07-29,3.34629
홍고추,2021-07-30,3.62233
홍고추,2021-07-31,3.54909
홍고추,2021-08-01,3.12095
홍고추,2021-08-02,3.59979
홍고추,2021-08-03,3.44205
홍고추,2021-08-04,4.11244
홍고추,2021-08-05,4.48988
홍고추,2021-08-06,3.89273
홍고추,2021-08-07,4.06737
홍고추,2021-08-08,3.61669
홍고추,2021-08-09,4.50115
홍고추,2021-08-10,4.50115
홍고추,2021-08-11,4.0392
홍고추,2021-08-12,3.74626
홍고추,2021-08-13,3.22798
홍고추,2021-08-14,3.37445
홍고추,2021-08-15,3.44769
홍고추,2021-08-16,3.75753
홍고추,2021-08-17,3.12095
홍고추,2021-08-18,2.97448
홍고추,2021-08-19,2.61393
홍고추,2021-08-20,2.22522
홍고추,2021-08-21,1.90975
홍고추,2021-08-22,2.16889
홍고추,2021-08-23,1.97171
홍고추,2021-08-24,1.79144
홍고추,2021-08-25,1.73511
홍고추,2021-08-26,1.57737
홍고추,2021-08-27,1.28443
홍고추,2021-08-28,1.49287
홍고추,2021-08-29,1.5154
홍고추,2021-08-30,1.4478
홍고추,2021-08-31,1.36893
홍고추,2021-09-01,1.21683
홍고추,2021-09-02,1.13796
홍고추,2021-09-03,1.25626
홍고추,2021-09-04,1.583
홍고추,2021-09-05,1.26753
홍고추,2021-09-06,1.12106
홍고추,2021-09-07,1.04782
홍고추,2021-09-08,1.08726
홍고추,2021-09-09,0.92389
홍고추,2021-09-10,0.99712
홍고추,2021-09-11,0.90699
홍고추,2021-09-12,1.09289
홍고추,2021-09-13,1.03092
홍고추,2021-09-14,0.79995
홍고추,2021-09-15,0.69291
홍고추,2021-09-16,0.61968
홍고추,2021-09-17,0.50138
홍고추,2021-09-18,0.63095
홍고추,2021-09-19,0.59151
홍고추,2021-09-20,0.58024
홍고추,2021-09-21,0.51264
홍고추,2021-09-22,0.64785
홍고추,2021-09-23,0.92952
홍고추,2021-09-24,0.74362
홍고추,2021-09-25,0.64785
홍고추,2021-09-26,0.76052
홍고추,2021-09-27,0.69291
홍고추,2021-09-28,0.82248
홍고추,2021-09-29,0.68165
홍고추,2021-09-30,0.71545
홍고추,2021-10-01,0.64785
홍고추,2021-10-02,0.61968
홍고추,2021-10-03,0.76052
홍고추,2021-10-04,0.69291
홍고추,2021-10-05,0.85628
홍고추,2021-10-06,0.74925
홍고추,2021-10-07,0.62531
홍고추,2021-10-08,0.50138
홍고추,2021-10-09,0.89572
홍고추,2021-10-10,0.66475
홍고추,2021-10-11,0.82812
홍고추,2021-10-12,0.76615
홍고추,2021-10-13,0.61404
홍고추,2021-10-14,0.68728
홍고추,2021-10-15,0.59714
홍고추,2021-10-16,0.67038
홍고추,2021-10-17,0.58588
홍고추,2021-10-18,0.63658
홍고추,2021-10-19,0.57461
홍고추,2021-10-20,0.52391
홍고추,2021-10-21,0.59714
홍고추,2021-10-22,0.58024
홍고추,2021-10-23,0.41124
홍고추,2021-10-24,0.45067
홍고추,2021-10-25,0.43377
홍고추,2021-10-26,0.57461
홍고추,2021-10-27,0.53518
홍고추,2021-10-28,0.49574
홍고추,2021-10-29,0.54081
홍고추,2021-10-30,0.41687
홍고추,2021-10-31,0.34364
홍고추,2021-11-01,0.56334
홍고추,2021-11-02,0.51264
홍고추,2021-11-03,0.45631
홍고추,2021-11-04,0.45067
홍고추,2021-11-05,0.38871
홍고추,2021-11-06,0.37181
홍고추,2021-11-07,0.41124
홍고추,2021-11-08,0.3549
홍고추,2021-11-09,0.37181
홍고추,2021-11-10,0.44504
홍고추,2021-11-11,0.52954
홍고추,2021-11-12,0.41687
홍고추,2021-11-13,0.40561
홍고추,2021-11-14,0.34927
홍고추,2021-11-15,0.45067
홍고추,2021-11-16,0.39434
홍고추,2021-11-17,0.36054
홍고추,2021-11-18,0.42814
홍고추,2021-11-19,0.36617
홍고추,2021-11-20,0.31547
홍고추,2021-11-21,0.338
홍고추,2021-11-22,0.39434
홍고추,2021-11-23,0.55771
홍고추,2021-11-24,0.38871
홍고추,2021-11-25,0.29294
홍고추,2021-11-26,0.29857
홍고추,2021-11-27,0.31547
홍고추,2021-11-28,0.37744
홍고추,2021-11-29,0.36617
홍고추,2021-11-30,0.39997
홍고추,2021-12-01,0.38307
홍고추,2021-12-02,0.44504
홍고추,2021-12-03,0.29857
홍고추,2021-12-04,0.25914
홍고추,2021-12-05,0.22533
홍고추,2021-12-06,0.30984
홍고추,2021-12-07,0.44504
홍고추,2021-12-08,0.34927
홍고추,2021-12-09,0.3549
홍고추,2021-12-10,0.27604
홍고추,2021-12-11,0.36617
홍고추,2021-12-12,0.2873
홍고추,2021-12-13,0.2873
홍고추,2021-12-14,0.36054
홍고추,2021-12-15,0.38871
홍고추,2021-12-16,0.34364
홍고추,2021-12-17,0.30984
홍고추,2021-12-18,0.2535
홍고추,2021-12-19,0.34927
홍고추,2021-12-20,0.30984
홍고추,2021-12-21,0.29294
홍고추,2021-12-22,0.3211
홍고추,2021-12-23,0.33237
홍고추,2021-12-24,0.22533
홍고추,2021-12-25,0.21407
홍고추,2021-12-26,0.22533
홍고추,2021-12-27,0.2704
홍고추,2021-12-28,0.38307
홍고추,2021-12-29,0.32674
홍고추,2021-12-30,0.30984
홍고추,2021-12-31,0.32674
홍고추,2022-01-01,0.30984
홍고추,2022-01-02,0.23097
홍고추,2022-01-03,0.21407
홍고추,2022-01-04,0.2704
홍고추,2022-01-05,0.2535
홍고추,2022-01-06,0.34927
홍고추,2022-01-07,0.37181
홍고추,2022-01-08,0.3211
홍고추,2022-01-09,0.39997
홍고추,2022-01-10,0.3549
홍고추,2022-01-11,0.34927
홍고추,2022-01-12,0.3211
홍고추,2022-01-13,0.34364
홍고추,2022-01-14,0.32674
홍고추,2022-01-15,0.32674
홍고추,2022-01-16,0.3042
홍고추,2022-01-17,0.38871
홍고추,2022-01-18,0.3549
홍고추,2022-01-19,0.50138
홍고추,2022-01-20,0.38307
홍고추,2022-01-21,0.38871
홍고추,2022-01-22,0.3549
홍고추,2022-01-23,0.38871
홍고추,2022-01-24,0.42251
홍고추,2022-01-25,0.47884
홍고추,2022-01-26,0.338
홍고추,2022-01-27,0.36617
홍고추,2022-01-28,0.28167
홍고추,2022-01-29,0.338
홍고추,2022-01-30,0.34927
홍고추,2022-01-31,0.34927
홍고추,2022-02-01,0.338
홍고추,2022-02-02,0.3042
홍고추,2022-02-03,0.37181
홍고추,2022-02-04,0.24223
홍고추,2022-02-05,0.37744
홍고추,2022-02-06,0.28167
홍고추,2022-02-07,0.37744
홍고추,2022-02-08,0.45067
홍고추,2022-02-09,0.37744
홍고추,2022-02-10,0.38307
홍고추,2022-02-11,0.38871
홍고추,2022-02-12,0.31547
홍고추,2022-02-13,0.3549
홍고추,2022-02-14,0.43377
홍고추,2022-02-15,0.42251
홍고추,2022-02-16,0.42814
홍고추,2022-02-17,0.36054
홍고추,2022-02-18,0.45631
홍고추,2022-02-19,0.38307
홍고추,2022-02-20,0.47321
홍고추,2022-02-21,0.45067
홍고추,2022-02-22,0.41687
홍고추,2022-02-23,0.36617
홍고추,2022-02-24,0.41124
홍고추,2022-02-25,0.36054
홍고추,2022-02-26,0.25914
홍고추,2022-02-27,0.3211
홍고추,2022-02-28,0.3042
홍고추,2022-03-01,0.38307
홍고추,2022-03-02,0.41687
홍고추,2022-03-03,0.40561
홍고추,2022-03-04,0.37744
홍고추,2022-03-05,0.38871
홍고추,2022-03-06,0.39434
홍고추,2022-03-07,0.47321
홍고추,2022-03-08,0.48447
홍고추,2022-03-09,0.47321
홍고추,2022-03-10,0.39434
홍고추,2022-03-11,0.38307
홍고추,2022-03-12,0.43377
홍고추,2022-03-13,0.55771
홍고추,2022-03-14,0.49011
홍고추,2022-03-15,0.51264
홍고추,2022-03-16,0.55208
홍고추,2022-03-17,0.55771
홍고추,2022-03-18,0.48447
홍고추,2022-03-19,0.50701
홍고추,2022-03-20,0.39434
홍고추,2022-03-21,0.55771
홍고추,2022-03-22,0.64785
홍고추,2022-03-23,0.55208
홍고추,2022-03-24,0.67601
홍고추,2022-03-25,0.36617
홍고추,2022-03-26,0.37181
홍고추,2022-03-27,0.47321
홍고추,2022-03-28,0.57461
홍고추,2022-03-29,0.75488
홍고추,2022-03-30,0.50701
홍고추,2022-03-31,0.50701
홍고추,2022-04-01,0.54644
홍고추,2022-04-02,0.36617
홍고추,2022-04-03,0.41124
홍고추,2022-04-04,0.51264
홍고추,2022-04-05,0.59714
홍고추,2022-04-06,0.69855
홍고추,2022-04-07,0.59151
홍고추,2022-04-08,0.50138
홍고추,2022-04-09,0.55208
홍고추,2022-04-10,0.38307
홍고추,2022-04-11,0.75488
홍고추,2022-04-12,0.67038
홍고추,2022-04-13,0.68165
홍고추,2022-04-14,0.64785
홍고추,2022-04-15,0.55208
홍고추,2022-04-16,0.47884
홍고추,2022-04-17,0.51264
홍고추,2022-04-18,0.64221
홍고추,2022-04-19,0.66475
홍고추,2022-04-20,0.58588
홍고추,2022-04-21,0.51264
홍고추,2022-04-22,0.46194
홍고추,2022-04-23,0.58024
홍고추,2022-04-24,0.52391
홍고추,2022-04-25,0.58024
홍고추,2022-04-26,0.56898
홍고추,2022-04-27,0.63658
홍고추,2022-04-28,0.58588
홍고추,2022-04-29,0.50701
홍고추,2022-04-30,0.45631
홍고추,2022-05-01,0.54081
홍고추,2022-05-02,0.53518
홍고추,2022-05-03,0.70981
홍고추,2022-05-04,0.54644
홍고추,2022-05-05,0.46194
홍고추,2022-05-06,0.50138
홍고추,2022-05-07,0.41124
홍고추,2022-05-08,0.61968
홍고추,2022-05-09,0.65348
홍고추,2022-05-10,0.55771
홍고추,2022-05-11,0.85065
홍고추,2022-05-12,0.76615
홍고추,2022-05-13,0.55771
홍고추,2022-05-14,0.63095
홍고추,2022-05-15,0.75488
홍고추,2022-05-16,0.74925
홍고추,2022-05-17,0.81122
홍고추,2022-05-18,0.87319
홍고추,2022-05-19,0.72671
홍고추,2022-05-20,0.66475
홍고추,2022-05-21,0.72108
홍고추,2022-05-22,0.67601
홍고추,2022-05-23,0.72671
홍고추,2022-05-24,0.89009
홍고추,2022-05-25,0.62531
홍고추,2022-05-26,0.80558
홍고추,2022-05-27,0.61404
홍고추,2022-05-28,0.49574
홍고추,2022-05-29,0.58024
홍고추,2022-05-30,0.64785
홍고추,2022-05-31,0.47884
홍고추,2022-06-01,0.76615
홍고추,2022-06-02,0.61968
홍고추,2022-06-03,0.61968
홍고추,2022-06-04,0.54644
홍고추,2022-06-05,0.56898
홍고추,2022-06-06,0.60841
홍고추,2022-06-07,0.80558
홍고추,2022-06-08,0.65348
홍고추,2022-06-09,0.81122
홍고추,2022-06-10,0.41124
홍고추,2022-06-11,0.56898
홍고추,2022-06-12,0.69291
홍고추,2022-06-13,0.70981
홍고추,2022-06-14,0.60278
홍고추,2022-06-15,0.76052
홍고추,2022-06-16,0.58588
홍고추,2022-06-17,0.79432
홍고추,2022-06-18,0.55771
홍고추,2022-06-19,0.55771
홍고추,2022-06-20,0.74362
홍고추,2022-06-21,0.76052
홍고추,2022-06-22,0.91825
홍고추,2022-06-23,0.83938
홍고추,2022-06-24,0.86192
홍고추,2022-06-25,0.64785
홍고추,2022-06-26,0.74925
홍고추,2022-06-27,0.70981
홍고추,2022-06-28,0.76615
홍고추,2022-06-29,0.68728
홍고추,2022-06-30,0.65348
홍고추,2022-07-01,0.81685
홍고추,2022-07-02,0.72108
홍고추,2022-07-03,0.92952
홍고추,2022-07-04,0.96895
홍고추,2022-07-05,1.14359
홍고추,2022-07-06,1.27316
홍고추,2022-07-07,0.96895
홍고추,2022-07-08,0.90699
홍고추,2022-07-09,1.00276
홍고추,2022-07-10,1.3464
홍고추,2022-07-11,1.19429
홍고추,2022-07-12,1.33513
홍고추,2022-07-13,1.12106
홍고추,2022-07-14,1.38583
홍고추,2022-07-15,1.32386
홍고추,2022-07-16,1.26753
홍고추,2022-07-17,1.32386
홍고추,2022-07-18,1.67314
홍고추,2022-07-19,1.62807
홍고추,2022-07-20,1.86468
홍고추,2022-07-21,1.55484
홍고추,2022-07-22,2.21395
홍고추,2022-07-23,1.54357
홍고추,2022-07-24,1.81961
홍고추,2022-07-25,2.6083
홍고추,2022-07-26,2.5407
홍고추,2022-07-27,2.54633
홍고추,2022-07-28,2.53506
홍고추,2022-07-29,2.33226
홍고추,2022-07-30,2.35479
홍고추,2022-07-31,1.97171
홍고추,2022-08-01,2.23086
홍고추,2022-08-02,2.36043
홍고추,2022-08-03,2.17452
홍고추,2022-08-04,2.23086
홍고추,2022-08-05,2.22522
홍고추,2022-08-06,2.06748
홍고추,2022-08-07,1.87595
홍고추,2022-08-08,2.29282
홍고추,2022-08-09,2.18015
홍고추,2022-08-10,2.21395
홍고추,2022-08-11,2.06185
홍고추,2022-08-12,2.49
홍고추,2022-08-13,2.43929
홍고추,2022-08-14,2.22522
홍고추,2022-08-15,2.52943
홍고추,2022-08-16,3.30122
홍고추,2022-08-17,2.87871
홍고추,2022-08-18,2.97448
홍고추,2022-08-19,2.87307
홍고추,2022-08-20,2.94067
홍고추,2022-08-21,2.75477
홍고추,2022-08-22,2.97448
홍고추,2022-08-23,2.6759
홍고추,2022-08-24,2.6083
홍고추,2022-08-25,2.35479
홍고추,2022-08-26,2.18015
홍고추,2022-08-27,2.34916
홍고추,2022-08-28,2.41676
홍고추,2022-08-29,2.01678
홍고추,2022-08-30,1.69567
홍고추,2022-08-31,1.59427
홍고추,2022-09-01,1.61117
홍고추,2022-09-02,1.2619
홍고추,2022-09-03,0.90135
홍고추,2022-09-04,1.07036
홍고추,2022-09-05,0.88445
홍고추,2022-09-06,1.21119
홍고추,2022-09-07,0.91825
홍고추,2022-09-08,0.66475
홍고추,2022-09-09,0.74362
홍고추,2022-09-10,0.60841
홍고추,2022-09-11,0.82812
홍고추,2022-09-12,0.83938
홍고추,2022-09-13,0.74362
홍고추,2022-09-14,1.00276
홍고추,2022-09-15,0.98022
홍고추,2022-09-16,0.96332
홍고추,2022-09-17,0.76615
홍고추,2022-09-18,0.91262
홍고추,2022-09-19,1.03092
홍고추,2022-09-20,0.94642
홍고추,2022-09-21,1.19429
홍고추,2022-09-22,0.85065
홍고추,2022-09-23,0.89572
홍고추,2022-09-24,0.73235
홍고추,2022-09-25,0.78305
홍고추,2022-09-26,0.74925
홍고추,2022-09-27,1.03656
홍고추,2022-09-28,0.71545
홍고추,2022-09-29,0.81685
홍고추,2022-09-30,0.71545
홍고추,2022-10-01,0.69291
홍고추,2022-10-02,0.70981
홍고추,2022-10-03,0.79995
홍고추,2022-10-04,0.81122
홍고추,2022-10-05,0.83375
홍고추,2022-10-06,0.86755
홍고추,2022-10-07,0.69855
홍고추,2022-10-08,0.69291
홍고추,2022-10-09,0.67601
홍고추,2022-10-10,0.72671
홍고추,2022-10-11,0.69855
홍고추,2022-10-12,0.74925
홍고추,2022-10-13,0.82812
홍고추,2022-10-14,0.56898
홍고추,2022-10-15,0.55771
홍고추,2022-10-16,0.54644
홍고추,2022-10-17,0.63095
홍고추,2022-10-18,0.62531
홍고추,2022-10-19,0.59714
홍고추,2022-10-20,0.66475
홍고추,2022-10-21,0.45067
홍고추,2022-10-22,0.48447
홍고추,2022-10-23,0.41687
홍고추,2022-10-24,0.56334
홍고추,2022-10-25,1.13796
홍고추,2022-10-26,1.11543
홍고추,2022-10-27,1.30696
홍고추,2022-10-28,1.02529
홍고추,2022-10-29,1.08726
홍고추,2022-10-30,1.11543
홍고추,2022-10-31,1.08162
홍고추,2022-11-01,0.56898
홍고추,2022-11-02,0.54081
홍고추,2022-11-03,0.47884
홍고추,2022-11-04,0.97459
홍고추,2022-11-05,0.92389
홍고추,2022-11-06,1.16049
홍고추,2022-11-07,1.15486
홍고추,2022-11-08,1.01402
홍고추,2022-11-09,1.18866
홍고추,2022-11-10,0.89572
홍고추,2022-11-11,0.51264
홍고추,2022-11-12,0.42814
홍고추,2022-11-13,0.36617
홍고추,2022-11-14,0.53518
홍고추,2022-11-15,0.56334
홍고추,2022-11-16,0.54081
홍고추,2022-11-17,0.43377
홍고추,2022-11-18,0.38307
홍고추,2022-11-19,0.34364
홍고추,2022-11-20,0.39997
홍고추,2022-11-21,0.54644
홍고추,2022-11-22,0.45067
홍고추,2022-11-23,0.37744
홍고추,2022-11-24,0.43377
홍고추,2022-11-25,0.45631
홍고추,2022-11-26,0.24787
홍고추,2022-11-27,0.34927
홍고추,2022-11-28,0.338
홍고추,2022-11-29,0.38871
홍고추,2022-11-30,0.38871
홍고추,2022-12-01,0.38871
홍고추,2022-12-02,0.41687
홍고추,2022-12-03,0.24787
홍고추,2022-12-04,0.2704
홍고추,2022-12-05,0.39434
홍고추,2022-12-06,0.33237
홍고추,2022-12-07,0.43941
홍고추,2022-12-08,0.39997
홍고추,2022-12-09,0.338
홍고추,2022-12-10,0.2873
홍고추,2022-12-11,0.45067
홍고추,2022-12-12,0.338
홍고추,2022-12-13,0.34364
홍고추,2022-12-14,0.32674
홍고추,2022-12-15,0.37181
홍고추,2022-12-16,0.2535
홍고추,2022-12-17,0.33237
홍고추,2022-12-18,0.21407
홍고추,2022-12-19,0.29857
홍고추,2022-12-20,0.29294
홍고추,2022-12-21,0.29294
홍고추,2022-12-22,0.26477
홍고추,2022-12-23,0.27604
홍고추,2022-12-24,0.17463
홍고추,2022-12-25,0.2028
홍고추,2022-12-26,0.2704
홍고추,2022-12-27,0.33237
홍고추,2022-12-28,0.34364
홍고추,2022-12-29,1.36893
홍고추,2022-12-30,0.33237
홍고추,2022-12-31,0.2197
홍고추,2023-01-01,0.29857
홍고추,2023-01-02,0.3211
홍고추,2023-01-03,0.29857
홍고추,2023-01-04,0.338
홍고추,2023-01-05,0.34364
홍고추,2023-01-06,0.2535
홍고추,2023-01-07,0.21407
홍고추,2023-01-08,0.26477
홍고추,2023-01-09,0.29294
홍고추,2023-01-10,0.42251
홍고추,2023-01-11,0.30984
홍고추,2023-01-12,0.2704
홍고추,2023-01-13,0.30984
홍고추,2023-01-14,0.2197
홍고추,2023-01-15,0.29294
홍고추,2023-01-16,0.41124
홍고추,2023-01-17,0.38871
홍고추,2023-01-18,0.29294
홍고추,2023-01-19,0.32674
홍고추,2023-01-20,0.37181
홍고추,2023-01-21,0.29294
홍고추,2023-01-22,0.22533
홍고추,2023-01-23,0.15773
홍고추,2023-01-24,0.29294
홍고추,2023-01-25,0.36054
홍고추,2023-01-26,0.42251
홍고추,2023-01-27,0.29294
홍고추,2023-01-28,0.29857
홍고추,2023-01-29,0.26477
홍고추,2023-01-30,0.28167
홍고추,2023-01-31,0.34927
홍고추,2023-02-01,0.3042
홍고추,2023-02-02,0.26477
홍고추,2023-02-03,0.29294
홍고추,2023-02-04,0.169
홍고추,2023-02-05,0.24223
홍고추,2023-02-06,0.34364
홍고추,2023-02-07,0.29857
홍고추,2023-02-08,0.36617
홍고추,2023-02-09,0.28167
홍고추,2023-02-10,0.3211
홍고추,2023-02-11,0.26477
홍고추,2023-02-12,0.2535
홍고추,2023-02-13,0.44504
홍고추,2023-02-14,0.40561
홍고추,2023-02-15,0.3042
홍고추,2023-02-16,0.47884
홍고추,2023-02-17,0.32674
홍고추,2023-02-18,0.2704
홍고추,2023-02-19,0.25914
홍고추,2023-02-20,0.3549
홍고추,2023-02-21,0.47321
홍고추,2023-02-22,0.42251
홍고추,2023-02-23,0.34927
홍고추,2023-02-24,0.45067
홍고추,2023-02-25,0.2535
홍고추,2023-02-26,0.3549
홍고추,2023-02-27,0.52391
홍고추,2023-02-28,0.36054
홍고추,2023-03-01,0.34364
홍고추,2023-03-02,0.58588
홍고추,2023-03-03,0.33237
홍고추,2023-03-04,0.36617
홍고추,2023-03-05,0.49011
홍고추,2023-03-06,0.49574
홍고추,2023-03-07,0.43941
홍고추,2023-03-08,0.46757
홍고추,2023-03-09,0.51264
홍고추,2023-03-10,0.40561
홍고추,2023-03-11,0.3211
홍고추,2023-03-12,0.41687
홍고추,2023-03-13,0.58024
홍고추,2023-03-14,0.53518
홍고추,2023-03-15,0.53518
홍고추,2023-03-16,0.72108
홍고추,2023-03-17,0.59714
홍고추,2023-03-18,0.44504
홍고추,2023-03-19,0.48447
홍고추,2023-03-20,0.71545
홍고추,2023-03-21,0.63658
홍고추,2023-03-22,0.77178
홍고추,2023-03-23,0.73798
홍고추,2023-03-24,0.64221
홍고추,2023-03-25,0.44504
홍고추,2023-03-26,0.54081
홍고추,2023-03-27,0.77178
홍고추,2023-03-28,0.76615
홍고추,2023-03-29,0.79432
홍고추,2023-03-30,0.65348
홍고추,2023-03-31,0.61404
홍고추,2023-04-01,0.51828
홍고추,2023-04-02,0.59714
홍고추,2023-04-03,0.89572
홍고추,2023-04-04,0.81685
홍고추,2023-04-05,0.85628
홍고추,2023-04-06,0.66475
홍고추,2023-04-07,0.46757
홍고추,2023-04-08,0.72671
홍고추,2023-04-09,0.65911
홍고추,2023-04-10,0.85065
홍고추,2023-04-11,1.03656
홍고추,2023-04-12,0.92389
홍고추,2023-04-13,0.83375
홍고추,2023-04-14,0.69855
홍고추,2023-04-15,0.67038
홍고추,2023-04-16,0.66475
홍고추,2023-04-17,0.96895
홍고추,2023-04-18,0.78305
홍고추,2023-04-19,0.90135
홍고추,2023-04-20,0.82812
홍고추,2023-04-21,0.65911
홍고추,2023-04-22,0.55208
홍고추,2023-04-23,0.63095
홍고추,2023-04-24,0.86755
홍고추,2023-04-25,0.63658
홍고추,2023-04-26,1.02529
홍고추,2023-04-27,0.80558
홍고추,2023-04-28,0.55771
홍고추,2023-04-29,0.54644
홍고추,2023-04-30,0.56334
홍고추,2023-05-01,0.83938
홍고추,2023-05-02,0.80558
홍고추,2023-05-03,0.71545
홍고추,2023-05-04,0.74362
홍고추,2023-05-05,0.53518
홍고추,2023-05-06,0.46757
홍고추,2023-05-07,0.46194
홍고추,2023-05-08,0.67601
홍고추,2023-05-09,0.69855
홍고추,2023-05-10,0.65348
홍고추,2023-05-11,0.54081
홍고추,2023-05-12,0.52391
홍고추,2023-05-13,0.54081
홍고추,2023-05-14,0.49574
홍고추,2023-05-15,0.72108
홍고추,2023-05-16,0.78868
홍고추,2023-05-17,0.68728
홍고추,2023-05-18,0.56334
홍고추,2023-05-19,0.67601
홍고추,2023-05-20,0.58024
홍고추,2023-05-21,0.71545
홍고추,2023-05-22,0.81122
홍고추,2023-05-23,0.81122
홍고추,2023-05-24,0.89572
홍고추,2023-05-25,0.74925
홍고추,2023-05-26,0.56898
홍고추,2023-05-27,0.61404
홍고추,2023-05-28,0.58024
홍고추,2023-05-29,0.73235
홍고추,2023-05-30,0.70981
홍고추,2023-05-31,0.71545
홍고추,2023-06-01,0.87882
홍고추,2023-06-02,0.64785
홍고추,2023-06-03,0.50701
홍고추,2023-06-04,0.51264
홍고추,2023-06-05,0.58024
홍고추,2023-06-06,0.60278
홍고추,2023-06-07,0.95769
홍고추,2023-06-08,0.89009
홍고추,2023-06-09,0.53518
홍고추,2023-06-10,0.68165
홍고추,2023-06-11,0.57461
홍고추,2023-06-12,0.87319
홍고추,2023-06-13,0.83938
홍고추,2023-06-14,0.68165
홍고추,2023-06-15,0.85628
홍고추,2023-06-16,0.61404
홍고추,2023-06-17,0.59714
홍고추,2023-06-18,0.69855
홍고추,2023-06-19,0.72671
홍고추,2023-06-20,0.91262
홍고추,2023-06-21,0.69855
홍고추,2023-06-22,0.82248
홍고추,2023-06-23,0.70418
홍고추,2023-06-24,0.66475
홍고추,2023-06-25,0.85065
홍고추,2023-06-26,0.85065
홍고추,2023-06-27,0.70981
홍고추,2023-06-28,1.07599
홍고추,2023-06-29,0.75488
홍고추,2023-06-30,0.74925
홍고추,2023-07-01,0.92389
홍고추,2023-07-02,0.95769
홍고추,2023-07-03,1.08162
홍고추,2023-07-04,0.96895
홍고추,2023-07-05,0.98022
홍고추,2023-07-06,1.14359
홍고추,2023-07-07,1.12669
홍고추,2023-07-08,1.03656
홍고추,2023-07-09,1.14359
홍고추,2023-07-10,1.30133
홍고추,2023-07-11,1.4647
홍고추,2023-07-12,1.34076
홍고추,2023-07-13,1.09289
홍고추,2023-07-14,0.97459
홍고추,2023-07-15,1.17739
홍고추,2023-07-16,1.55484
홍고추,2023-07-17,1.2957
홍고추,2023-07-18,1.90975
홍고추,2023-07-19,1.83651
홍고추,2023-07-20,1.5661
홍고추,2023-07-21,1.55484
홍고추,2023-07-22,1.72948
홍고추,2023-07-23,1.75201
홍고추,2023-07-24,2.04495
홍고추,2023-07-25,2.24776
홍고추,2023-07-26,2.43366
홍고추,2023-07-27,2.40549
홍고추,2023-07-28,2.6759
홍고추,2023-07-29,2.74914
홍고추,2023-07-30,2.92941
홍고추,2023-07-31,3.32938
홍고추,2023-08-01,3.69556
홍고추,2023-08-02,3.75753
홍고추,2023-08-03,3.8195
홍고추,2023-08-04,3.52092
홍고추,2023-08-05,3.45332
홍고추,2023-08-06,3.28995
홍고추,2023-08-07,3.10405
홍고추,2023-08-08,3.14911
홍고추,2023-08-09,2.6421
홍고추,2023-08-10,2.23086
홍고추,2023-08-11,2.19705
홍고추,2023-08-12,2.05622
홍고추,2023-08-13,2.46183
홍고추,2023-08-14,2.63647
홍고추,2023-08-15,3.02518
홍고추,2023-08-16,2.78857
홍고추,2023-08-17,2.34916
홍고추,2023-08-18,1.92665
홍고추,2023-08-19,1.78581
홍고추,2023-08-20,1.64497
홍고추,2023-08-21,2.14072
홍고추,2023-08-22,1.56047
홍고추,2023-08-23,1.28443
홍고추,2023-08-24,1.40273
홍고추,2023-08-25,1.35766
홍고추,2023-08-26,1.2788
홍고추,2023-08-27,1.59427
홍고추,2023-08-28,1.34076
홍고추,2023-08-29,1.54357
홍고추,2023-08-30,1.19993
홍고추,2023-08-31,1.2619
홍고추,2023-09-01,1.37457
홍고추,2023-09-02,1.19993
홍고추,2023-09-03,1.30696
홍고추,2023-09-04,1.35766
홍고추,2023-09-05,1.3633
홍고추,2023-09-06,1.19993
홍고추,2023-09-07,1.2619
홍고추,2023-09-08,1.14923
홍고추,2023-09-09,0.89009
홍고추,2023-09-10,0.77178
홍고추,2023-09-11,0.94642
홍고추,2023-09-12,1.14923
홍고추,2023-09-13,0.76052
홍고추,2023-09-14,1.06472
홍고추,2023-09-15,0.74925
홍고추,2023-09-16,0.69291
홍고추,2023-09-17,0.76052
홍고추,2023-09-18,0.79432
홍고추,2023-09-19,0.82248
홍고추,2023-09-20,0.79432
홍고추,2023-09-21,0.81122
홍고추,2023-09-22,0.52954
홍고추,2023-09-23,0.49574
홍고추,2023-09-24,0.49574
홍고추,2023-09-25,0.51828
홍고추,2023-09-26,0.47884
홍고추,2023-09-27,0.42814
홍고추,2023-09-28,0.50701
홍고추,2023-09-29,0.41687
홍고추,2023-09-30,0.42251
홍고추,2023-10-01,0.44504
홍고추,2023-10-02,0.67038
홍고추,2023-10-03,0.61404
홍고추,2023-10-04,0.74362
홍고추,2023-10-05,0.64221
홍고추,2023-10-06,0.57461
홍고추,2023-10-07,0.37744
홍고추,2023-10-08,0.50138
홍고추,2023-10-09,0.59714
홍고추,2023-10-10,0.60278
홍고추,2023-10-11,0.76052
홍고추,2023-10-12,0.63095
홍고추,2023-10-13,0.62531
홍고추,2023-10-14,0.50138
홍고추,2023-10-15,0.57461
홍고추,2023-10-16,0.70418
홍고추,2023-10-17,0.64221
홍고추,2023-10-18,0.60278
홍고추,2023-10-19,0.60841
홍고추,2023-10-20,0.53518
홍고추,2023-10-21,0.50701
홍고추,2023-10-22,0.67038
홍고추,2023-10-23,0.55208
홍고추,2023-10-24,0.43941
홍고추,2023-10-25,0.53518
홍고추,2023-10-26,0.55771
홍고추,2023-10-27,0.45631
홍고추,2023-10-28,0.46757
홍고추,2023-10-29,0.50138
홍고추,2023-10-30,0.67038
홍고추,2023-10-31,0.43941
홍고추,2023-11-01,0.44504
홍고추,2023-11-02,0.48447
홍고추,2023-11-03,0.63658
홍고추,2023-11-04,0.41687
홍고추,2023-11-05,0.45631
홍고추,2023-11-06,0.39434
홍고추,2023-11-07,0.52391
홍고추,2023-11-08,0.42251
홍고추,2023-11-09,0.48447
홍고추,2023-11-10,0.40561
홍고추,2023-11-11,0.43941
홍고추,2023-11-12,0.338
홍고추,2023-11-13,0.44504
홍고추,2023-11-14,0.37744
홍고추,2023-11-15,0.33237
홍고추,2023-11-16,0.40561
홍고추,2023-11-17,0.29294
홍고추,2023-11-18,0.38307
홍고추,2023-11-19,0.42251
홍고추,2023-11-20,0.34927
홍고추,2023-11-21,0.54081
홍고추,2023-11-22,0.42814
홍고추,2023-11-23,0.38871
홍고추,2023-11-24,0.2704
홍고추,2023-11-25,0.36054
홍고추,2023-11-26,0.29857
홍고추,2023-11-27,0.34927
홍고추,2023-11-28,0.34927
홍고추,2023-11-29,0.42251
홍고추,2023-11-30,0.42251
홍고추,2023-12-01,0.3211
홍고추,2023-12-02,0.3549
홍고추,2023-12-03,0.2366
홍고추,2023-12-04,0.41124
홍고추,2023-12-05,0.31547
홍고추,2023-12-06,0.27604
홍고추,2023-12-07,0.29857
홍고추,2023-12-08,0.338
홍고추,2023-12-09,0.19153
홍고추,2023-12-10,0.23097
홍고추,2023-12-11,0.31547
홍고추,2023-12-12,0.29294
홍고추,2023-12-13,0.29857
홍고추,2023-12-14,0.30984
홍고추,2023-12-15,0.32674
홍고추,2023-12-16,0.2535
홍고추,2023-12-17,0.18027
홍고추,2023-12-18,0.29294
홍고추,2023-12-19,0.29857
홍고추,2023-12-20,0.23097
홍고추,2023-12-21,0.29294
홍고추,2023-12-22,0.24787
홍고추,2023-12-23,0.1859
홍고추,2023-12-24,0.20843
홍고추,2023-12-25,0.14647
홍고추,2023-12-26,0.24787
홍고추,2023-12-27,0.23097
홍고추,2023-12-28,0.27604
홍고추,2023-12-29,0.24787
홍고추,2023-12-30,0.2028
홍고추,2023-12-31,0.24787
홍고추,2024-01-01,0.2366
홍고추,2024-01-02,0.338
홍고추,2024-01-03,0.21407
홍고추,2024-01-04,0.2873
홍고추,2024-01-05,0.24223
홍고추,2024-01-06,0.1859
홍고추,2024-01-07,0.25914
홍고추,2024-01-08,0.32674
홍고추,2024-01-09,0.3211
홍고추,2024-01-10,0.3042
홍고추,2024-01-11,0.36617
홍고추,2024-01-12,0.34364
홍고추,2024-01-13,0.19153
홍고추,2024-01-14,0.10703
홍고추,2024-01-15,0.34364
홍고추,2024-01-16,0.27604
홍고추,2024-01-17,0.34364
홍고추,2024-01-18,0.338
홍고추,2024-01-19,0.32674
홍고추,2024-01-20,0.23097
홍고추,2024-01-21,0.37181
홍고추,2024-01-22,0.25914
홍고추,2024-01-23,0.25914
홍고추,2024-01-24,0.2704
홍고추,2024-01-25,0.2535
홍고추,2024-01-26,0.26477
홍고추,2024-01-27,0.2197
홍고추,2024-01-28,0.37744
홍고추,2024-01-29,0.3549
홍고추,2024-01-30,0.3211
홍고추,2024-01-31,0.39434
홍고추,2024-02-01,0.30984
홍고추,2024-02-02,0.40561
홍고추,2024-02-03,0.27604
홍고추,2024-02-04,0.30984
홍고추,2024-02-05,0.338
홍고추,2024-02-06,0.338
홍고추,2024-02-07,0.40561
홍고추,2024-02-08,0.33237
홍고추,2024-02-09,0.27604
홍고추,2024-02-10,0.17463
홍고추,2024-02-11,0.1859
홍고추,2024-02-12,0.338
홍고추,2024-02-13,0.32674
홍고추,2024-02-14,0.3042
홍고추,2024-02-15,0.33237
홍고추,2024-02-16,0.34927
홍고추,2024-02-17,0.34364
홍고추,2024-02-18,0.31547
홍고추,2024-02-19,0.34364
홍고추,2024-02-20,0.33237
홍고추,2024-02-21,0.36617
홍고추,2024-02-22,0.40561
홍고추,2024-02-23,0.36054
홍고추,2024-02-24,0.1859
홍고추,2024-02-25,0.28167
홍고추,2024-02-26,0.32674
홍고추,2024-02-27,0.39997
홍고추,2024-02-28,0.38307
홍고추,2024-02-29,0.29857
홍고추,2024-03-01,0.31547
홍고추,2024-03-02,0.40561
홍고추,2024-03-03,0.34927
홍고추,2024-03-04,0.51828
홍고추,2024-03-05,0.47884
홍고추,2024-03-06,0.55208
홍고추,2024-03-07,0.41124
홍고추,2024-03-08,0.30984
홍고추,2024-03-09,0.29294
홍고추,2024-03-10,0.41687
홍고추,2024-03-11,0.57461
홍고추,2024-03-12,0.46194
홍고추,2024-03-13,0.58024
홍고추,2024-03-14,0.47884
홍고추,2024-03-15,0.47884
홍고추,2024-03-16,0.30984
홍고추,2024-03-17,0.34364
홍고추,2024-03-18,0.51828
홍고추,2024-03-19,0.47321
홍고추,2024-03-20,0.50701
홍고추,2024-03-21,0.50701
홍고추,2024-03-22,0.40561
홍고추,2024-03-23,0.34927
홍고추,2024-03-24,0.63095
홍고추,2024-03-25,0.56898
홍고추,2024-03-26,0.55771
홍고추,2024-03-27,0.60841
홍고추,2024-03-28,0.48447
홍고추,2024-03-29,0.59151
홍고추,2024-03-30,0.42251
홍고추,2024-03-31,0.45067
홍고추,2024-04-01,0.62531
홍고추,2024-04-02,0.86192
홍고추,2024-04-03,0.70418
홍고추,2024-04-04,0.80558
홍고추,2024-04-05,0.70418
홍고추,2024-04-06,0.51828
홍고추,2024-04-07,0.68728
홍고추,2024-04-08,0.78305
홍고추,2024-04-09,0.79995
홍고추,2024-04-10,0.95205
홍고추,2024-04-11,1.10416
홍고추,2024-04-12,0.80558
홍고추,2024-04-13,0.82248
홍고추,2024-04-14,0.91825
홍고추,2024-04-15,0.86192
홍고추,2024-04-16,1.39147
홍고추,2024-04-17,1.02529
홍고추,2024-04-18,1.21119
홍고추,2024-04-19,0.76615
홍고추,2024-04-20,0.45631
홍고추,2024-04-21,0.55771
홍고추,2024-04-22,0.96332
홍고추,2024-04-23,0.82812
홍고추,2024-04-24,0.85628
홍고추,2024-04-25,0.77742
홍고추,2024-04-26,0.73798
홍고추,2024-04-27,0.66475
홍고추,2024-04-28,0.65911
홍고추,2024-04-29,0.84502
홍고추,2024-04-30,0.93515
홍고추,2024-05-01,0.82248
홍고추,2024-05-02,0.78305
홍고추,2024-05-03,0.70418
홍고추,2024-05-04,0.58588
홍고추,2024-05-05,0.70981
홍고추,2024-05-06,0.70418
홍고추,2024-05-07,0.87882
홍고추,2024-05-08,0.90135
홍고추,2024-05-09,0.81122
홍고추,2024-05-10,0.83375
홍고추,2024-05-11,0.65348
홍고추,2024-05-12,0.68165
홍고추,2024-05-13,0.87319
홍고추,2024-05-14,0.73235
홍고추,2024-05-15,0.70418
홍고추,2024-05-16,0.72108
홍고추,2024-05-17,0.68165
홍고추,2024-05-18,0.50701
홍고추,2024-05-19,0.55208
홍고추,2024-05-20,0.77178
홍고추,2024-05-21,0.78868
홍고추,2024-05-22,0.82248
홍고추,2024-05-23,0.65348
홍고추,2024-05-24,0.55208
홍고추,2024-05-25,0.51828
홍고추,2024-05-26,0.62531
홍고추,2024-05-27,0.69291
홍고추,2024-05-28,0.67038
홍고추,2024-05-29,0.63658
홍고추,2024-05-30,0.68165
홍고추,2024-05-31,0.52391
홍고추,2024-06-01,0.53518
홍고추,2024-06-02,0.67601
홍고추,2024-06-03,0.85628
홍고추,2024-06-04,0.68165
홍고추,2024-06-05,0.64785
홍고추,2024-06-06,0.64785
홍고추,2024-06-07,0.69855
홍고추,2024-06-08,0.56898
홍고추,2024-06-09,0.66475
홍고추,2024-06-10,0.67601
홍고추,2024-06-11,0.81685
홍고추,2024-06-12,0.74925
홍고추,2024-06-13,0.90699
홍고추,2024-06-14,0.52954
홍고추,2024-06-15,0.56898
홍고추,2024-06-16,0.67038
홍고추,2024-06-17,0.68728
홍고추,2024-06-18,0.85628
홍고추,2024-06-19,0.87319
홍고추,2024-06-20,0.81685
홍고추,2024-06-21,0.69291
홍고추,2024-06-22,0.63095
홍고추,2024-06-23,0.76052
홍고추,2024-06-24,0.98022
홍고추,2024-06-25,0.87319
홍고추,2024-06-26,0.87319
홍고추,2024-06-27,0.89572
홍고추,2024-06-28,0.82248
홍고추,2024-06-29,0.77178
홍고추,2024-06-30,0.69855
홍고추,2024-07-01,0.96332
홍고추,2024-07-02,1.04219
홍고추,2024-07-03,0.98585
홍고추,2024-07-04,1.17739
홍고추,2024-07-05,1.01402
홍고추,2024-07-06,1.4309
홍고추,2024-07-07,1.01402
홍고추,2024-07-08,1.01966
홍고추,2024-07-09,1.03092
홍고추,2024-07-10,0.97459
홍고추,2024-07-11,1.06472
홍고추,2024-07-12,0.96332
홍고추,2024-07-13,0.91262
홍고추,2024-07-14,0.89572
홍고추,2024-07-15,1.22809
홍고추,2024-07-16,1.32386
홍고추,2024-07-17,1.35203
홍고추,2024-07-18,1.09852
홍고추,2024-07-19,1.19429
홍고추,2024-07-20,1.07036
홍고추,2024-07-21,1.14923
홍고추,2024-07-22,1.65624
홍고추,2024-07-23,1.52104
홍고추,2024-07-24,1.32386
홍고추,2024-07-25,1.58864
홍고추,2024-07-26,1.52667
홍고추,2024-07-27,1.69567
홍고추,2024-07-28,1.94918
홍고추,2024-07-29,1.76891
홍고추,2024-07-30,2.05622
홍고추,2024-07-31,2.52943
홍고추,2024-08-01,2.45056
홍고추,2024-08-02,2.15762
홍고추,2024-08-03,2.23086
홍고추,2024-08-04,2.41113
홍고추,2024-08-05,2.26466
홍고추,2024-08-06,2.60267
홍고추,2024-08-07,2.89561
홍고추,2024-08-08,2.30972
홍고추,2024-08-09,2.24212
홍고추,2024-08-10,2.05622
홍고추,2024-08-11,2.5914
홍고추,2024-08-12,2.29846
홍고추,2024-08-13,2.21395
홍고추,2024-08-14,2.01678
홍고추,2024-08-15,2.29282
홍고추,2024-08-16,2.01115
홍고추,2024-08-17,1.86468
홍고추,2024-08-18,1.76328
홍고추,2024-08-19,1.87595
홍고추,2024-08-20,1.69567
홍고추,2024-08-21,1.65624
홍고추,2024-08-22,1.414
홍고추,2024-08-23,1.35766
홍고추,2024-08-24,1.2788
홍고추,2024-08-25,1.5323
홍고추,2024-08-26,1.5999
홍고추,2024-08-27,1.25063
홍고추,2024-08-28,1.32386
홍고추,2024-08-29,1.2957
홍고추,2024-08-30,1.10979
홍고추,2024-08-31,0.97459
홍고추,2024-09-01,1.15486
홍고추,2024-09-02,1.07036
홍고추,2024-09-03,1.08726
홍고추,2024-09-04,1.04219
홍고추,2024-09-05,0.84502
홍고추,2024-09-06,0.69855
홍고추,2024-09-07,0.72108
홍고추,2024-09-08,0.77178
홍고추,2024-09-09,0.79995
홍고추,2024-09-10,0.81685
홍고추,2024-09-11,0.63095
홍고추,2024-09-12,0.51828
홍고추,2024-09-13,0.51264
홍고추,2024-09-14,0.54644
홍고추,2024-09-15,0.59151
홍고추,2024-09-16,0.47321
홍고추,2024-09-17,0.54081
홍고추,2024-09-18,0.47321
홍고추,2024-09-19,0.64221
홍고추,2024-09-20,0.59714
홍고추,2024-09-21,0.77742
홍고추,2024-09-22,0.67038
홍고추,2024-09-23,0.90699
홍고추,2024-09-24,0.83375
홍고추,2024-09-25,0.77178
홍고추,2024-09-26,0.65911
홍고추,2024-09-27,0.64785
홍고추,2024-09-28,0.69291
홍고추,2024-09-29,0.68728
홍고추,2024-09-30,0.68165
홍고추,2024-10-01,0.58588
홍고추,2024-10-02,0.68165
홍고추,2024-10-03,0.73235
홍고추,2024-10-04,0.62531
홍고추,2024-10-05,0.55208
홍고추,2024-10-06,0.59714
홍고추,2024-10-07,0.58588
홍고추,2024-10-08,0.62531
홍고추,2024-10-09,0.63095
홍고추,2024-10-10,0.72671
홍고추,2024-10-11,0.51264
홍고추,2024-10-12,0.54644
홍고추,2024-10-13,0.56898
홍고추,2024-10-14,0.57461
홍고추,2024-10-15,0.52391
홍고추,2024-10-16,0.56334
홍고추,2024-10-17,0.60278
홍고추,2024-10-18,0.51828
홍고추,2024-10-19,0.45067
홍고추,2024-10-20,0.51828
홍고추,2024-10-21,0.47884
홍고추,2024-10-22,0.56898
홍고추,2024-10-23,0.55208
홍고추,2024-10-24,0.52954
홍고추,2024-10-25,0.52391
홍고추,2024-10-26,0.49011
홍고추,2024-10-27,0.47321
홍고추,2024-10-28,0.52954
홍고추,2024-10-29,0.56898
홍고추,2024-10-30,0.53518
홍고추,2024-10-31,0.51264
홍고추,2024-11-01,0.50138
홍고추,2024-11-02,0.40561
홍고추,2024-11-03,0.45631
홍고추,2024-11-04,0.55208
홍고추,2024-11-05,0.49574
홍고추,2024-11-06,0.51264
홍고추,2024-11-07,0.43941
홍고추,2024-11-08,0.37181
홍고추,2024-11-09,0.36617
홍고추,2024-11-10,0.43377
홍고추,2024-11-11,0.54081
홍고추,2024-11-12,0.45067
홍고추,2024-11-13,0.29857
홍고추,2024-11-14,0.45631
홍고추,2024-11-15,0.33237
홍고추,2024-11-16,0.3549
홍고추,2024-11-17,0.38307
홍고추,2024-11-18,0.53518
홍고추,2024-11-19,0.42251
홍고추,2024-11-20,0.30984
홍고추,2024-11-21,0.36054
홍고추,2024-11-22,0.47321
홍고추,2024-11-23,0.43377
홍고추,2024-11-24,0.25914
홍고추,2024-11-25,0.34927
홍고추,2024-11-26,0.3549
홍고추,2024-11-27,0.40561
홍고추,2024-11-28,0.37181
홍고추,2024-11-29,0.37181
홍고추,2024-11-30,0.27604
홍고추,2024-12-01,0.3549
홍고추,2024-12-02,0.46194
홍고추,2024-12-03,0.37181
홍고추,2024-12-04,0.34364
홍고추,2024-12-05,0.42814
홍고추,2024-12-06,0.29857
홍고추,2024-12-07,0.27604
홍고추,2024-12-08,0.3042
홍고추,2024-12-09,0.39434
홍고추,2024-12-10,0.32674
홍고추,2024-12-11,0.41687
홍고추,2024-12-12,0.338
홍고추,2024-12-13,0.28167
홍고추,2024-12-14,0.3211
홍고추,2024-12-15,0.27604
홍고추,2024-12-16,0.48447
홍고추,2024-12-17,0.29857
홍고추,2024-12-18,0.40561
홍고추,2024-12-19,0.39434
홍고추,2024-12-20,0.38307
홍고추,2024-12-21,0.31547
홍고추,2024-12-22,0.27604
홍고추,2024-12-23,0.46194
홍고추,2024-12-24,0.33237
홍고추,2024-12-25,0.31547
홍고추,2024-12-26,0.39997
홍고추,2024-12-27,0.31547
홍고추,2024-12-28,0.31547
홍고추,2024-12-29,0.24787
홍고추,2024-12-30,0.30984
홍고추,2024-12-31,0.2873
홍고추,2025-01-01,0.26477
홍고추,2025-01-02,0.34364
홍고추,2025-01-03,0.37744
홍고추,2025-01-04,0.26477
홍고추,2025-01-05,0.3042
홍고추,2025-01-06,0.37744
홍고추,2025-01-07,0.39997
홍고추,2025-01-08,0.34927
홍고추,2025-01-09,0.3042
홍고추,2025-01-10,0.29294
홍고추,2025-01-11,0.27604
홍고추,2025-01-12,0.38871
홍고추,2025-01-13,0.31547
홍고추,2025-01-14,0.3549
홍고추,2025-01-15,0.3211
홍고추,2025-01-16,0.28167
홍고추,2025-01-17,0.29294
홍고추,2025-01-18,0.22533
홍고추,2025-01-19,0.338
홍고추,2025-01-20,0.39434
홍고추,2025-01-21,0.37181
홍고추,2025-01-22,0.2197
홍고추,2025-01-23,0.2873
홍고추,2025-01-24,0.33237
홍고추,2025-01-25,0.2535
홍고추,2025-01-26,0.29294
홍고추,2025-01-27,0.34927
홍고추,2025-01-28,0.21407
홍고추,2025-01-29,0.14647
홍고추,2025-01-30,0.25914
홍고추,2025-01-31,0.2197
홍고추,2025-02-01,0.19717
홍고추,2025-02-02,0.3549
홍고추,2025-02-03,0.30984
홍고추,2025-02-04,0.30984
홍고추,2025-02-05,0.29294
홍고추,2025-02-06,0.2873
홍고추,2025-02-07,0.3211
홍고추,2025-02-08,0.3042
홍고추,2025-02-09,0.2704
홍고추,2025-02-10,0.29294
홍고추,2025-02-11,0.3549
홍고추,2025-02-12,0.29294
홍고추,2025-02-13,0.2535
홍고추,2025-02-14,0.30984
홍고추,2025-02-15,0.21407
홍고추,2025-02-16,0.2197
홍고추,2025-02-17,0.3211
홍고추,2025-02-18,0.29294
홍고추,2025-02-19,0.38307
홍고추,2025-02-20,0.25914
홍고추,2025-02-21,0.3549
홍고추,2025-02-22,0.24787
홍고추,2025-02-23,0.29294
홍고추,2025-02-24,0.338
홍고추,2025-02-25,0.32674
홍고추,2025-02-26,0.32674
홍고추,2025-02-27,0.36054
홍고추,2025-02-28,0.19717
홍고추,2025-03-01,0.15773
홍고추,2025-03-02,0.25914
홍고추,2025-03-03,0.21407
홍고추,2025-03-04,0.3549
홍고추,2025-03-05,0.28167
홍고추,2025-03-06,0.36617
홍고추,2025-03-07,0.33237
홍고추,2025-03-08,0.2873
홍고추,2025-03-09,0.34927
홍고추,2025-03-10,0.34927
홍고추,2025-03-11,0.37181
홍고추,2025-03-12,0.30984
홍고추,2025-03-13,0.36617
홍고추,2025-03-14,0.27604
홍고추,2025-03-15,0.32674
홍고추,2025-03-16,0.3549
홍고추,2025-03-17,0.36054
홍고추,2025-03-18,0.41687
홍고추,2025-03-19,0.31547
홍고추,2025-03-20,0.39434
홍고추,2025-03-21,0.47884
홍고추,2025-03-22,0.3042
홍고추,2025-03-23,0.34927
홍고추,2025-03-24,0.47884
홍고추,2025-03-25,0.45631
홍고추,2025-03-26,0.40561
홍고추,2025-03-27,0.30984
홍고추,2025-03-28,0.37744
홍고추,2025-03-29,0.24787
홍고추,2025-03-30,0.43377
홍고추,2025-03-31,0.42814
홍고추,2025-04-01,0.52954
홍고추,2025-04-02,0.46757
홍고추,2025-04-03,0.38307
홍고추,2025-04-04,0.37744
홍고추,2025-04-05,0.38871
홍고추,2025-04-06,0.36054
홍고추,2025-04-07,0.52954
홍고추,2025-04-08,0.46757
홍고추,2025-04-09,0.59151
홍고추,2025-04-10,0.43941
홍고추,2025-04-11,0.58024
홍고추,2025-04-12,0.37744
홍고추,2025-04-13,0.36617
홍고추,2025-04-14,0.56334
홍고추,2025-04-15,0.51828
홍고추,2025-04-16,0.58588
홍고추,2025-04-17,0.57461
홍고추,2025-04-18,0.43941
홍고추,2025-04-19,0.33237
홍고추,2025-04-20,0.32674
홍고추,2025-04-21,0.49574
홍고추,2025-04-22,0.53518
홍고추,2025-04-23,0.45067
홍고추,2025-04-24,0.59714
홍고추,2025-04-25,0.48447
홍고추,2025-04-26,0.34364
홍고추,2025-04-27,0.49011
홍고추,2025-04-28,0.47884
홍고추,2025-04-29,0.47884
홍고추,2025-04-30,0.45067
홍고추,2025-05-01,0.44504
홍고추,2025-05-02,0.338
홍고추,2025-05-03,0.36617
홍고추,2025-05-04,0.33237
홍고추,2025-05-05,0.37181
홍고추,2025-05-06,0.41687
홍고추,2025-05-07,0.55208
홍고추,2025-05-08,0.59151
홍고추,2025-05-09,0.52391
홍고추,2025-05-10,0.45067
홍고추,2025-05-11,0.47884
홍고추,2025-05-12,0.45631
홍고추,2025-05-13,0.45631
홍고추,2025-05-14,0.53518
홍고추,2025-05-15,0.42251
홍고추,2025-05-16,0.49574
홍고추,2025-05-17,0.36617
홍고추,2025-05-18,0.43941
홍고추,2025-05-19,0.57461
홍고추,2025-05-20,0.50701
홍고추,2025-05-21,0.56898
홍고추,2025-05-22,0.54644
홍고추,2025-05-23,0.49574
홍고추,2025-05-24,0.34927
홍고추,2025-05-25,0.42814
홍고추,2025-05-26,0.38871
홍고추,2025-05-27,0.37181
홍고추,2025-05-28,0.45631
홍고추,2025-05-29,0.41124
홍고추,2025-05-30,0.45631
홍고추,2025-05-31,0.36617
홍고추,2025-06-01,0.43377
홍고추,2025-06-02,0.48447
홍고추,2025-06-03,0.52954
홍고추,2025-06-04,0.56898
홍고추,2025-06-05,0.43377
홍고추,2025-06-06,0.33237
홍고추,2025-06-07,0.47321
홍고추,2025-06-08,0.54081
홍고추,2025-06-09,0.54644
홍고추,2025-06-10,0.53518
홍고추,2025-06-11,0.54644
홍고추,2025-06-12,0.61968
홍고추,2025-06-13,0.46194
홍고추,2025-06-14,0.47321
홍고추,2025-06-15,0.49011
홍고추,2025-06-16,0.54081
홍고추,2025-06-17,0.55208
홍고추,2025-06-18,0.60841
홍고추,2025-06-19,0.56898
홍고추,2025-06-20,0.45631
홍고추,2025-06-21,0.36617
홍고추,2025-06-22,0.38871
홍고추,2025-06-23,0.49011
홍고추,2025-06-24,0.38871
홍고추,2025-06-25,0.57461
홍고추,2025-06-26,0.51828
홍고추,2025-06-27,0.50701
홍고추,2025-06-28,0.42251
홍고추,2025-06-29,0.56898
홍고추,2025-06-30,0.59714
홍고추,2025-07-01,0.57461
홍고추,2025-07-02,0.62531
홍고추,2025-07-03,0.67038
홍고추,2025-07-04,0.73235
홍고추,2025-07-05,0.65348
홍고추,2025-07-06,0.70418
홍고추,2025-07-07,0.64785
홍고추,2025-07-08,0.78868
홍고추,2025-07-09,0.93515
홍고추,2025-07-10,0.93515
홍고추,2025-07-11,0.91825
홍고추,2025-07-12,0.81685
홍고추,2025-07-13,0.87319
홍고추,2025-07-14,0.83938
홍고추,2025-07-15,0.91825
홍고추,2025-07-16,0.96332
홍고추,2025-07-17,1.05909
홍고추,2025-07-18,0.82812
홍고추,2025-07-19,0.89572
홍고추,2025-07-20,1.20556
홍고추,2025-07-21,1.4478
홍고추,2025-07-22,1.5661
홍고추,2025-07-23,1.72384
홍고추,2025-07-24,1.57174
홍고추,2025-07-25,1.5154
홍고추,2025-07-26,1.4985
홍고추,2025-07-27,1.47033
홍고추,2025-07-28,2.13509
홍고추,2025-07-29,1.54357
홍고추,2025-07-30,1.4985
홍고추,2025-07-31,1.69004
홍고추,2025-08-01,1.23936
홍고추,2025-08-02,0.99712
홍고추,2025-08-03,0.95205
홍고추,2025-08-04,1.60554
홍고추,2025-08-05,1.43653
홍고추,2025-08-06,1.40837
홍고추,2025-08-07,1.63371
홍고추,2025-08-08,1.16613
홍고추,2025-08-09,1.11543
홍고추,2025-08-10,1.48724
홍고추,2025-08-11,1.69004
홍고추,2025-08-12,1.78018
홍고추,2025-08-13,1.22809
홍고추,2025-08-14,0.87319
홍고추,2025-08-15,1.07599
홍고추,2025-08-16,1.07599
홍고추,2025-08-17,0.96332
홍고추,2025-08-18,1.35766
홍고추,2025-08-19,1.17176
홍고추,2025-08-20,0.97459
홍고추,2025-08-21,1.20556
홍고추,2025-08-22,0.95205
홍고추,2025-08-23,0.74362
홍고추,2025-08-24,0.77742
홍고추,2025-08-25,0.82812
홍고추,2025-08-26,0.92389
홍고추,2025-08-27,1.07599
홍고추,2025-08-28,0.81685
홍고추,2025-08-29,0.92389
홍고추,2025-08-30,0.64221
홍고추,2025-08-31,0.78868
홍고추,2025-09-01,0.69291
홍고추,2025-09-02,0.69291
홍고추,2025-09-03,0.72108
홍고추,2025-09-04,0.78868
홍고추,2025-09-05,0.60278
홍고추,2025-09-06,0.64221
홍고추,2025-09-07,0.64221
홍고추,2025-09-08,0.76615
홍고추,2025-09-09,0.51828
홍고추,2025-09-10,0.71545
홍고추,2025-09-11,0.64785
홍고추,2025-09-12,0.46757
홍고추,2025-09-13,0.49011
홍고추,2025-09-14,0.49011
홍고추,2025-09-15,0.51264
홍고추,2025-09-16,0.58024
홍고추,2025-09-17,0.48447
홍고추,2025-09-18,0.50138
홍고추,2025-09-19,0.60278
홍고추,2025-09-20,0.42814
홍고추,2025-09-21,0.42251
홍고추,2025-09-22,0.56898
홍고추,2025-09-23,0.36054
홍고추,2025-09-24,0.46194
홍고추,2025-09-25,0.43377
홍고추,2025-09-26,0.41687
홍고추,2025-09-27,0.42251
홍고추,2025-09-28,0.43941
홍고추,2025-09-29,0.34927
홍고추,2025-09-30,0.42251
홍고추,2025-10-01,0.2704
홍고추,2025-10-02,0.34364
홍고추,2025-10-03,0.3211
홍고추,2025-10-04,0.29857
홍고추,2025-10-05,0.2535
홍고추,2025-10-06,0.338
홍고추,2025-10-07,0.3042
홍고추,2025-10-08,0.29857
홍고추,2025-10-09,0.36054
홍고추,2025-10-10,0.39434
홍고추,2025-10-11,0.50701
홍고추,2025-10-12,0.3211
홍고추,2025-10-13,0.37744
홍고추,2025-10-14,0.47884
홍고추,2025-10-15,0.45631
홍고추,2025-10-16,0.43941
홍고추,2025-10-17,0.36054
홍고추,2025-10-18,0.25914
홍고추,2025-10-19,0.26477
홍고추,2025-10-20,0.45631
홍고추,2025-10-21,0.3549
홍고추,2025-10-22,0.24787
홍고추,2025-10-23,0.34927
홍고추,2025-10-24,0.37744
홍고추,2025-10-25,0.2366
홍고추,2025-10-26,0.2704
홍고추,2025-10-27,0.37181
홍고추,2025-10-28,0.2535
홍고추,2025-10-29,0.37181
홍고추,2025-10-30,0.45631
홍고추,2025-10-31,0.52954
홍고추,2025-11-01,0.26477
홍고추,2025-11-02,0.32674
홍고추,2025-11-03,0.42251
홍고추,2025-11-04,0.38871
홍고추,2025-11-05,0.37744
홍고추,2025-11-06,0.40561
홍고추,2025-11-07,0.41687
홍고추,2025-11-08,0.26477
홍고추,2025-11-09,0.31547
홍고추,2025-11-10,0.46194
홍고추,2025-11-11,0.36617
홍고추,2025-11-12,0.46757
홍고추,2025-11-13,0.34927
홍고추,2025-11-14,0.39434
홍고추,2025-11-15,0.27604
홍고추,2025-11-16,0.30984
홍고추,2025-11-17,0.38307
홍고추,2025-11-18,0.51264
홍고추,2025-11-19,0.34927
홍고추,2025-11-20,0.43377
홍고추,2025-11-21,0.38871
홍고추,2025-11-22,0.25914
홍고추,2025-11-23,0.34364
홍고추,2025-11-24,0.40561
홍고추,2025-11-25,0.47321
홍고추,2025-11-26,0.50138
홍고추,2025-11-27,0.29294
홍고추,2025-11-28,0.29857
홍고추,2025-11-29,0.26477
홍고추,2025-11-30,0.19153
홍고추,2025-12-01,0.46194
홍고추,2025-12-02,0.338
홍고추,2025-12-03,0.34927
홍고추,2025-12-04,0.39434
홍고추,2025-12-05,0.36617
홍고추,2025-12-06,0.2704
홍고추,2025-12-07,0.25914
홍고추,2025-12-08,0.338
홍고추,2025-12-09,0.44504
홍고추,2025-12-10,0.2873
홍고추,2025-12-11,0.37181
홍고추,2025-12-12,0.26477
홍고추,2025-12-13,0.25914
홍고추,2025-12-14,0.24223
홍고추,2025-12-15,0.45067
홍고추,2025-12-16,0.338
홍고추,2025-12-17,0.25914
홍고추,2025-12-18,0.2873
홍고추,2025-12-19,0.27604
홍고추,2025-12-20,0.2366
홍고추,2025-12-21,0.22533
홍고추,2025-12-22,0.23097
홍고추,2025-12-23,0.2028
홍고추,2025-12-24,0.29857
홍고추,2025-12-25,0.20843
홍고추,2025-12-26,0.26477
홍고추,2025-12-27,0.19717
홍고추,2025-12-28,0.18027
홍고추,2025-12-29,0.25914
홍고추,2025-12-30,0.2535
홍고추,2025-12-31,0.14647
홍고추,2026-01-01,0.19153
홍고추,2026-01-02,0.169
홍고추,2026-01-03,0.1859
홍고추,2026-01-04,0.19717
홍고추,2026-01-05,0.20843
홍고추,2026-01-06,0.23097
홍고추,2026-01-07,0.19153
홍고추,2026-01-08,0.25914
홍고추,2026-01-09,0.2704
홍고추,2026-01-10,0.2028
홍고추,2026-01-11,0.15773
홍고추,2026-01-12,0.27604
홍고추,2026-01-13,0.24787
홍고추,2026-01-14,0.25914
홍고추,2026-01-15,0.2028
홍고추,2026-01-16,0.19717
홍고추,2026-01-17,0.1183
홍고추,2026-01-18,0.16337
홍고추,2026-01-19,0.2366
홍고추,2026-01-20,0.1014
홍고추,2026-01-21,0.19153
홍고추,2026-01-22,0.169
홍고추,2026-01-23,0.24787
홍고추,2026-01-24,0.14083
홍고추,2026-01-25,0.2197
홍고추,2026-01-26,0.26477
홍고추,2026-01-27,0.169
홍고추,2026-01-28,0.24223
홍고추,2026-01-29,0.19153
홍고추,2026-01-30,0.23097
홍고추,2026-01-31,0.1352
홍고추,2026-02-01,0.20843
홍고추,2026-02-02,0.2535
홍고추,2026-02-03,0.2197
홍고추,2026-02-04,0.18027
홍고추,2026-02-05,0.2197
홍고추,2026-02-06,0.26477
홍고추,2026-02-07,0.1859
홍고추,2026-02-08,0.24223
홍고추,2026-02-09,0.2704
홍고추,2026-02-10,0.2028
홍고추,2026-02-11,0.2366
홍고추,2026-02-12,0.22533
홍고추,2026-02-13,0.18027
홍고추,2026-02-14,0.2028
홍고추,2026-02-15,0.24223
홍고추,2026-02-16,0.21407
홍고추,2026-02-17,0.1183
홍고추,2026-02-18,0.14647
홍고추,2026-02-19,0.24787
홍고추,2026-02-20,0.14647
홍고추,2026-02-21,0.1352
홍고추,2026-02-22,0.26477
홍고추,2026-02-23,0.19153
홍고추,2026-02-24,0.25914
홍고추,2026-02-25,0.22533
홍고추,2026-02-26,0.23097
홍고추,2026-02-27,0.2028
홍고추,2026-02-28,0.17463
홍고추,2026-03-01,0.21407
홍고추,2026-03-02,0.17463
홍고추,2026-03-03,0.31547
홍고추,2026-03-04,0.28167
홍고추,2026-03-05,0.24223
홍고추,2026-03-06,0.2704
홍고추,2026-03-07,0.17463
홍고추,2026-03-08,0.2535
홍고추,2026-03-09,0.42251
홍고추,2026-03-10,0.41124
홍고추,2026-03-11,0.34927
홍고추,2026-03-12,0.31547
홍고추,2026-03-13,0.26477
홍고추,2026-03-14,0.2366
홍고추,2026-03-15,0.3211
홍고추,2026-03-16,0.51264
홍고추,2026-03-17,0.34364
홍고추,2026-03-18,0.31547
홍고추,2026-03-19,0.28167
홍고추,2026-03-20,0.2704
홍고추,2026-03-21,0.19153
홍고추,2026-03-22,0.27604
홍고추,2026-03-23,0.42814
홍고추,2026-03-24,0.32674
홍고추,2026-03-25,0.34364
홍고추,2026-03-26,0.3549
홍고추,2026-03-27,0.39997
홍고추,2026-03-28,0.34927
홍고추,2026-03-29,0.28167
홍고추,2026-03-30,0.34927
홍고추,2026-03-31,0.45631
홍고추,2026-04-01,0.40561
홍고추,2026-04-02,0.42251
홍고추,2026-04-03,0.30984
홍고추,2026-04-04,0.41687
홍고추,2026-04-05,0.38307
홍고추,2026-04-06,0.51264
홍고추,2026-04-07,0.39997
홍고추,2026-04-08,0.41687
홍고추,2026-04-09,0.52391
홍고추,2026-04-10,0.37744
홍고추,2026-04-11,0.338
홍고추,2026-04-12,0.43377
홍고추,2026-04-13,0.51828
홍고추,2026-04-14,0.47321
홍고추,2026-04-15,0.58024
홍고추,2026-04-16,0.45067
홍고추,2026-04-17,0.34364
홍고추,2026-04-18,0.27604
홍고추,2026-04-19,0.2873
홍고추,2026-04-20,0.46757
홍고추,2026-04-21,0.31547
홍고추,2026-04-22,0.47321
홍고추,2026-04-23,0.44504
홍고추,2026-04-24,0.338
홍고추,2026-04-25,0.338
홍고추,2026-04-26,0.31547
홍고추,2026-04-27,0.45631
홍고추,2026-04-28,0.43377
홍고추,2026-04-29,0.41687
홍고추,2026-04-30,0.3549
홍고추,2026-05-01,0.24223
홍고추,2026-05-02,0.2535
홍고추,2026-05-03,0.2535
홍고추,2026-05-04,0.26477
홍고추,2026-05-05,0.42814
홍고추,2026-05-06,0.44504
홍고추,2026-05-07,0.52391
홍고추,2026-05-08,0.39434
홍고추,2026-05-09,0.32674
홍고추,2026-05-10,0.3549
홍고추,2026-05-11,0.50701
홍고추,2026-05-12,0.3211
홍고추,2026-05-13,0.43377
홍고추,2026-05-14,0.52954
홍고추,2026-05-15,0.36054
홍고추,2026-05-16,0.338
홍고추,2026-05-17,0.31547
홍고추,2026-05-18,0.38871
홍고추,2026-05-19,0.41124
홍고추,2026-05-20,0.39997
홍고추,2026-05-21,0.42251
홍고추,2026-05-22,0.34927
홍고추,2026-05-23,0.2704
홍고추,2026-05-24,0.42814
홍고추,2026-05-25,0.43941
홍고추,2026-05-26,0.52391
홍고추,2026-05-27,0.31547
홍고추,2026-05-28,0.29294
홍고추,2026-05-29,0.51828
홍고추,2026-05-30,0.77178
홍고추,2026-05-31,0.73798
홍고추,2026-06-01,0.73235
홍고추,2026-06-02,0.79995
홍고추,2026-06-03,0.68728
홍고추,2026-06-04,0.87319
홍고추,2026-06-05,0.79432
홍고추,2026-06-06,0.60841
홍고추,2026-06-07,0.63658
홍고추,2026-06-08,0.74925
홍고추,2026-06-09,0.68728
홍고추,2026-06-10,0.66475
홍고추,2026-06-11,0.74925
홍고추,2026-06-12,0.76052
홍고추,2026-06-13,0.68728
홍고추,2026-06-14,0.73235
홍고추,2026-06-15,0.67038
홍고추,2026-06-16,0.92952
홍고추,2026-06-17,0.87882
홍고추,2026-06-18,0.78305
홍고추,2026-06-19,0.81685
홍고추,2026-06-20,0.71545
홍고추,2026-06-21,0.67601
홍고추,2026-06-22,0.82812
홍고추,2026-06-23,0.89009
홍고추,2026-06-24,0.85628
홍고추,2026-06-25,0.91825
홍고추,2026-06-26,0.81685
홍고추,2026-06-27,0.72671
홍고추,2026-06-28,0.96895
홍고추,2026-06-29,0.99712
홍고추,2026-06-30,1.09289
홍고추,2026-07-01,0.96895
홍고추,2026-07-02,1.04219
홍고추,2026-07-03,0.96895
홍고추,2026-07-04,0.82812
홍고추,2026-07-05,0.89572
홍고추,2026-07-06,0.82812
홍고추,2026-07-07,1.00276
홍고추,2026-07-08,0.74362
홍고추,2026-07-09,0.83938
홍고추,2026-07-10,0.74925
홍고추,2026-07-11,0.95769
홍고추,2026-07-12,0.96332
홍고추,2026-07-13,0.95205
홍고추,2026-07-14,1.14923
홍고추,2026-07-15,0.82248
홍고추,2026-07-16,0.79432
홍고추,2026-07-17,0.77178
홍고추,2026-07-18,0.91825
홍고추,2026-07-19,1.08162
홍고추,2026-07-20,0.97459
홍고추,2026-07-21,1.06472
홍고추,2026-07-22,1.19429
홍고추,2026-07-23,1.16613
홍고추,2026-07-24,1.17739
홍고추,2026-07-25,1.10979
홍고추,2026-07-26,1.37457
홍고추,2026-07-27,1.54357
홍고추,2026-07-28,1.3633
홍고추,2026-07-29,1.41963
홍고추,2026-07-30,1.41963
홍고추,2026-07-31,1.21119
홍고추,2026-08-01,1.49287
홍고추,2026-08-02,1.32386
홍고추,2026-08-03,1.70694
홍고추,2026-08-04,1.4309
홍고추,2026-08-05,1.42527
홍고추,2026-08-06,1.3802
홍고추,2026-08-07,1.36893
홍고추,2026-08-08,1.09852
홍고추,2026-08-09,1.49287
홍고추,2026-08-10,1.47033
홍고추,2026-08-11,1.4478
홍고추,2026-08-12,1.13796
홍고추,2026-08-13,1.08162
홍고추,2026-08-14,0.86755
홍고추,2026-08-15,0.95205
홍고추,2026-08-16,1.07036
홍고추,2026-08-17,1.10416
홍고추,2026-08-18,1.04782
홍고추,2026-08-19,0.85065
홍고추,2026-08-20,0.92952
홍고추,2026-08-21,0.77178
홍고추,2026-08-22,0.66475
홍고추,2026-08-23,0.78305
홍고추,2026-08-24,0.98585
홍고추,2026-08-25,0.81685
홍고추,2026-08-26,0.67038
홍고추,2026-08-27,0.83375
홍고추,2026-08-28,0.75488
홍고추,2026-08-29,0.61404
홍고추,2026-08-30,0.64785
홍고추,2026-08-31,0.72671
홍고추,2026-09-01,0.64785
홍고추,2026-09-02,0.77742
홍고추,2026-09-03,0.77742
홍고추,2026-09-04,0.70981
홍고추,2026-09-05,0.65348
홍고추,2026-09-06,0.73235
홍고추,2026-09-07,0.83938
홍고추,2026-09-08,0.79432
홍고추,2026-09-09,0.61404
홍고추,2026-09-10,0.52954
홍고추,2026-09-11,0.54644
홍고추,2026-09-12,0.52391
홍고추,2026-09-13,0.46757
홍고추,2026-09-14,0.46194
홍고추,2026-09-15,0.57461
홍고추,2026-09-16,0.42251
홍고추,2026-09-17,0.49011
홍고추,2026-09-18,0.42251
홍고추,2026-09-19,0.38307
홍고추,2026-09-20,0.38307
홍고추,2026-09-21,0.50701
고추,2016-01-01,6.88975
고추,2016-01-02,7.69534
고추,2016-01-03,7.80801
고추,2016-01-04,8.50656
고추,2016-01-05,8.7319
고추,2016-01-06,8.62486
고추,2016-01-07,8.8333
고추,2016-01-08,7.90941
고추,2016-01-09,6.99678
고추,2016-01-10,7.02495
고추,2016-01-11,8.68683
고추,2016-01-12,8.15165
고추,2016-01-13,8.38825
고추,2016-01-14,8.21925
고추,2016-01-15,7.34606
고추,2016-01-16,7.14325
고추,2016-01-17,7.40803
고추,2016-01-18,8.45022
고추,2016-01-19,8.75443
고추,2016-01-20,8.08405
고추,2016-01-21,8.16855
고추,2016-01-22,8.16855
고추,2016-01-23,7.05875
고추,2016-01-24,6.91228
고추,2016-01-25,7.62773
고추,2016-01-26,7.72914
고추,2016-01-27,8.20235
고추,2016-01-28,7.7573
고추,2016-01-29,7.34043
고추,2016-01-30,6.56301
고추,2016-01-31,7.66717
고추,2016-02-01,7.6728
고추,2016-02-02,7.14889
고추,2016-02-03,7.14889
고추,2016-02-04,7.20522
고추,2016-02-05,7.18269
고추,2016-02-06,7.42493
고추,2016-02-07,6.74891
고추,2016-02-08,6.25316
고추,2016-02-09,6.95735
고추,2016-02-10,8.46149
고추,2016-02-11,9.12061
고추,2016-02-12,8.82203
고추,2016-02-13,8.50656
고추,2016-02-14,8.60796
고추,2016-02-15,8.76006
고추,2016-02-16,8.19672
고추,2016-02-17,8.85583
고추,2016-02-18,8.15165
고추,2016-02-19,8.55726
고추,2016-02-20,7.44183
고추,2016-02-21,7.66154
고추,2016-02-22,8.7488
고추,2016-02-23,8.57979
고추,2016-02-24,8.51219
고추,2016-02-25,8.29812
고추,2016-02-26,8.25868
고추,2016-02-27,7.51506
고추,2016-02-28,8.03898
고추,2016-02-29,9.18821
고추,2016-03-01,7.79111
고추,2016-03-02,6.24753
고추,2016-03-03,5.58278
고추,2016-03-04,5.91515
고추,2016-03-05,8.26432
고추,2016-03-06,8.04461
고추,2016-03-07,6.45597
고추,2016-03-08,6.02782
고추,2016-03-09,6.2419
고추,2016-03-10,5.47574
고추,2016-03-11,5.41941
고추,2016-03-12,7.6728
고추,2016-03-13,8.20798
고추,2016-03-14,6.67004
고추,2016-03-15,6.60244
고추,2016-03-16,6.62497
고추,2016-03-17,6.70948
고추,2016-03-18,6.94608
고추,2016-03-19,8.07841
고추,2016-03-20,8.23615
고추,2016-03-21,7.00242
고추,2016-03-22,6.39963
고추,2016-03-23,6.60244
고추,2016-03-24,6.64751
고추,2016-03-25,6.39963
고추,2016-03-26,7.94884
고추,2016-03-27,8.15728
고추,2016-03-28,6.38273
고추,2016-03-29,6.61934
고추,2016-03-30,6.29823
고추,2016-03-31,6.33203
고추,2016-04-01,6.4616
고추,2016-04-02,7.47
고추,2016-04-03,8.94597
고추,2016-04-04,7.49253
고추,2016-04-05,7.12635
고추,2016-04-06,7.00805
고추,2016-04-07,6.94608
고추,2016-04-08,6.54047
고추,2016-04-09,7.95448
고추,2016-04-10,8.34319
고추,2016-04-11,6.95735
고추,2016-04-12,6.78834
고추,2016-04-13,8.29812
고추,2016-04-14,6.67004
고추,2016-04-15,6.86721
고추,2016-04-16,8.17418
고추,2016-04-17,8.55163
고추,2016-04-18,7.35733
고추,2016-04-19,7.03058
고추,2016-04-20,6.97988
고추,2016-04-21,7.19396
고추,2016-04-22,6.50104
고추,2016-04-23,7.95448
고추,2016-04-24,8.21925
고추,2016-04-25,6.88411
고추,2016-04-26,6.86158
고추,2016-04-27,7.5376
고추,2016-04-28,6.94608
고추,2016-04-29,6.4616
고추,2016-04-30,7.93194
고추,2016-05-01,8.12911
고추,2016-05-02,7.24466
고추,2016-05-03,7.36859
고추,2016-05-04,7.11509
고추,2016-05-05,6.3771
고추,2016-05-06,8.03898
고추,2016-05-07,7.26156
고추,2016-05-08,7.86434
고추,2016-05-09,9.21638
고추,2016-05-10,8.37135
고추,2016-05-11,7.04749
고추,2016-05-12,7.66717
고추,2016-05-13,7.17142
고추,2016-05-14,7.5376
고추,2016-05-15,8.86147
고추,2016-05-16,7.639
고추,2016-05-17,7.42493
고추,2016-05-18,7.58267
고추,2016-05-19,7.32916
고추,2016-05-20,6.4109
고추,2016-05-21,7.44746
고추,2016-05-22,8.03898
고추,2016-05-23,7.01368
고추,2016-05-24,7.20522
고추,2016-05-25,7.19959
고추,2016-05-26,7.10382
고추,2016-05-27,6.77708
고추,2016-05-28,7.65027
고추,2016-05-29,8.09531
고추,2016-05-30,7.54887
고추,2016-05-31,7.4193
고추,2016-06-01,6.62497
고추,2016-06-02,6.88411
고추,2016-06-03,6.81651
고추,2016-06-04,7.5038
고추,2016-06-05,7.25592
고추,2016-06-06,8.70373
고추,2016-06-07,7.49253
고추,2016-06-08,7.54887
고추,2016-06-09,7.31226
고추,2016-06-10,6.86158
고추,2016-06-11,7.37423
고추,2016-06-12,8.41642
고추,2016-06-13,7.5545
고추,2016-06-14,7.18269
고추,2016-06-15,7.6221
고추,2016-06-16,7.37986
고추,2016-06-17,6.68694
고추,2016-06-18,7.05312
고추,2016-06-19,7.95448
고추,2016-06-20,7.11509
고추,2016-06-21,7.22776
고추,2016-06-22,7.47
고추,2016-06-23,7.29536
고추,2016-06-24,6.93482
고추,2016-06-25,6.80525
고추,2016-06-26,8.29249
고추,2016-06-27,6.94045
고추,2016-06-28,6.4954
고추,2016-06-29,6.76581
고추,2016-06-30,6.30387
고추,2016-07-01,6.394
고추,2016-07-02,6.82778
고추,2016-07-03,8.08968
고추,2016-07-04,7.64463
고추,2016-07-05,7.03622
고추,2016-07-06,7.63337
고추,2016-07-07,7.10382
고추,2016-07-08,6.70384
고추,2016-07-09,6.99115
고추,2016-07-10,7.71224
고추,2016-07-11,7.39113
고추,2016-07-12,7.35733
고추,2016-07-13,7.16579
고추,2016-07-14,6.81651
고추,2016-07-15,6.40527
고추,2016-07-16,7.5376
고추,2016-07-17,7.39113
고추,2016-07-18,7.5545
고추,2016-07-19,7.24466
고추,2016-07-20,7.13762
고추,2016-07-21,7.77984
고추,2016-07-22,7.06439
고추,2016-07-23,7.07565
고추,2016-07-24,8.12911
고추,2016-07-25,8.32629
고추,2016-07-26,7.86434
고추,2016-07-27,7.97138
고추,2016-07-28,7.65027
고추,2016-07-29,7.38549
고추,2016-07-30,6.4954
고추,2016-07-31,7.00805
고추,2016-08-01,7.94321
고추,2016-08-02,8.51782
고추,2016-08-03,8.22488
고추,2016-08-04,7.88687
고추,2016-08-05,8.03335
고추,2016-08-06,6.83905
고추,2016-08-07,7.86997
고추,2016-08-08,8.56853
고추,2016-08-09,8.60796
고추,2016-08-10,8.00518
고추,2016-08-11,8.34882
고추,2016-08-12,7.99954
고추,2016-08-13,7.36296
고추,2016-08-14,7.54887
고추,2016-08-15,8.67556
고추,2016-08-16,9.26708
고추,2016-08-17,9.03047
고추,2016-08-18,8.45586
고추,2016-08-19,8.41079
고추,2016-08-20,7.49253
고추,2016-08-21,8.20235
고추,2016-08-22,9.10934
고추,2016-08-23,8.54036
고추,2016-08-24,7.89814
고추,2016-08-25,8.40516
고추,2016-08-26,8.06151
고추,2016-08-27,7.5714
고추,2016-08-28,7.66717
고추,2016-08-29,7.84744
고추,2016-08-30,7.6052
고추,2016-08-31,7.44746
고추,2016-09-01,6.96862
고추,2016-09-02,6.98552
고추,2016-09-03,8.22488
고추,2016-09-04,8.12911
고추,2016-09-05,7.4869
고추,2016-09-06,7.46436
고추,2016-09-07,7.17706
고추,2016-09-08,6.89538
고추,2016-09-09,5.85319
고추,2016-09-10,8.30939
고추,2016-09-11,7.59393
고추,2016-09-12,6.53484
고추,2016-09-13,5.48701
고추,2016-09-14,5.86445
고추,2016-09-15,6.01656
고추,2016-09-16,6.69821
고추,2016-09-17,7.50943
고추,2016-09-18,7.92631
고추,2016-09-19,7.21649
고추,2016-09-20,6.63624
고추,2016-09-21,6.94045
고추,2016-09-22,6.23626
고추,2016-09-23,6.4109
고추,2016-09-24,6.85031
고추,2016-09-25,7.73477
고추,2016-09-26,6.91228
고추,2016-09-27,6.68131
고추,2016-09-28,6.53484
고추,2016-09-29,6.52357
고추,2016-09-30,6.2588
고추,2016-10-01,7.27846
고추,2016-10-02,7.28973
고추,2016-10-03,7.67844
고추,2016-10-04,7.26719
고추,2016-10-05,6.61371
고추,2016-10-06,6.60807
고추,2016-10-07,6.2588
고추,2016-10-08,6.76581
고추,2016-10-09,7.04185
고추,2016-10-10,7.00805
고추,2016-10-11,6.70384
고추,2016-10-12,6.76581
고추,2016-10-13,6.79398
고추,2016-10-14,6.50104
고추,2016-10-15,6.43907
고추,2016-10-16,7.4531
고추,2016-10-17,6.99115
고추,2016-10-18,6.85595
고추,2016-10-19,7.19396
고추,2016-10-20,6.69258
고추,2016-10-21,5.94332
고추,2016-10-22,6.4954
고추,2016-10-23,6.59117
고추,2016-10-24,6.79961
고추,2016-10-25,6.1743
고추,2016-10-26,5.87572
고추,2016-10-27,5.79122
고추,2016-10-28,5.2504
고추,2016-10-29,5.35744
고추,2016-10-30,6.1912
고추,2016-10-31,5.55461
고추,2016-11-01,5.65601
고추,2016-11-02,5.94896
고추,2016-11-03,5.72362
고추,2016-11-04,5.65038
고추,2016-11-05,5.49828
고추,2016-11-06,6.4616
고추,2016-11-07,5.65038
고추,2016-11-08,5.92079
고추,2016-11-09,5.72362
고추,2016-11-10,5.39687
고추,2016-11-11,5.05323
고추,2016-11-12,5.35744
고추,2016-11-13,5.72925
고추,2016-11-14,6.02219
고추,2016-11-15,5.58841
고추,2016-11-16,5.92642
고추,2016-11-17,5.1828
고추,2016-11-18,5.52644
고추,2016-11-19,5.65601
고추,2016-11-20,5.54334
고추,2016-11-21,5.81939
고추,2016-11-22,5.75742
고추,2016-11-23,5.89825
고추,2016-11-24,5.18844
고추,2016-11-25,5.1997
고추,2016-11-26,5.50391
고추,2016-11-27,5.70108
고추,2016-11-28,5.54898
고추,2016-11-29,5.09267
고추,2016-11-30,5.35181
고추,2016-12-01,5.43067
고추,2016-12-02,5.03633
고추,2016-12-03,5.65038
고추,2016-12-04,5.43631
고추,2016-12-05,5.47574
고추,2016-12-06,4.98
고추,2016-12-07,5.30674
고추,2016-12-08,5.0645
고추,2016-12-09,5.45884
고추,2016-12-10,5.50954
고추,2016-12-11,5.68982
고추,2016-12-12,5.27857
고추,2016-12-13,5.1659
고추,2016-12-14,5.17153
고추,2016-12-15,4.94056
고추,2016-12-16,4.62509
고추,2016-12-17,4.66452
고추,2016-12-18,4.81099
고추,2016-12-19,5.0645
고추,2016-12-20,5.05323
고추,2016-12-21,5.00816
고추,2016-12-22,4.74902
고추,2016-12-23,4.52932
고추,2016-12-24,4.55185
고추,2016-12-25,4.64762
고추,2016-12-26,5.15463
고추,2016-12-27,5.17153
고추,2016-12-28,4.98563
고추,2016-12-29,5.21097
고추,2016-12-30,4.87859
고추,2016-12-31,4.69832
고추,2017-01-01,4.91239
고추,2017-01-02,5.78558
고추,2017-01-03,5.84192
고추,2017-01-04,6.10106
고추,2017-01-05,5.61658
고추,2017-01-06,5.21097
고추,2017-01-07,5.08703
고추,2017-01-08,5.97712
고추,2017-01-09,5.98839
고추,2017-01-10,5.94896
고추,2017-01-11,5.88135
고추,2017-01-12,5.66165
고추,2017-01-13,5.44758
고추,2017-01-14,4.84479
고추,2017-01-15,5.34617
고추,2017-01-16,5.57151
고추,2017-01-17,6.23626
고추,2017-01-18,5.69545
고추,2017-01-19,5.62785
고추,2017-01-20,5.1659
고추,2017-01-21,4.94056
고추,2017-01-22,4.91239
고추,2017-01-23,5.87572
고추,2017-01-24,5.54898
고추,2017-01-25,5.20534
고추,2017-01-26,5.1321
고추,2017-01-27,4.06174
고추,2017-01-28,3.83077
고추,2017-01-29,4.36031
고추,2017-01-30,5.72925
고추,2017-01-31,5.75178
고추,2017-02-01,5.00816
고추,2017-02-02,5.1828
고추,2017-02-03,4.64762
고추,2017-02-04,5.25604
고추,2017-02-05,5.61658
고추,2017-02-06,5.07013
고추,2017-02-07,5.33491
고추,2017-02-08,5.58278
고추,2017-02-09,5.27294
고추,2017-02-10,4.84479
고추,2017-02-11,4.97436
고추,2017-02-12,5.41377
고추,2017-02-13,5.33491
고추,2017-02-14,5.35181
고추,2017-02-15,5.49264
고추,2017-02-16,5.33491
고추,2017-02-17,5.37997
고추,2017-02-18,4.87296
고추,2017-02-19,5.43631
고추,2017-02-20,6.64751
고추,2017-02-21,6.16866
고추,2017-02-22,5.90389
고추,2017-02-23,5.1659
고추,2017-02-24,5.55461
고추,2017-02-25,5.14337
고추,2017-02-26,5.58278
고추,2017-02-27,5.74052
고추,2017-02-28,5.62221
고추,2017-03-01,5.1997
고추,2017-03-02,4.55748
고추,2017-03-03,4.67015
고추,2017-03-04,5.05323
고추,2017-03-05,5.50954
고추,2017-03-06,4.71522
고추,2017-03-07,4.85606
고추,2017-03-08,5.14337
고추,2017-03-09,5.12647
고추,2017-03-10,4.52368
고추,2017-03-11,5.2335
고추,2017-03-12,5.39124
고추,2017-03-13,5.05886
고추,2017-03-14,4.79972
고추,2017-03-15,4.91239
고추,2017-03-16,5.27857
고추,2017-03-17,5.89825
고추,2017-03-18,5.07577
고추,2017-03-19,5.34617
고추,2017-03-20,4.92929
고추,2017-03-21,4.83916
고추,2017-03-22,4.81099
고추,2017-03-23,4.66452
고추,2017-03-24,4.66452
고추,2017-03-25,5.23914
고추,2017-03-26,5.84755
고추,2017-03-27,5.00253
고추,2017-03-28,5.52644
고추,2017-03-29,5.10957
고추,2017-03-30,4.9631
고추,2017-03-31,4.81099
고추,2017-04-01,5.57715
고추,2017-04-02,5.84192
고추,2017-04-03,5.28984
고추,2017-04-04,5.1659
고추,2017-04-05,5.75742
고추,2017-04-06,5.52644
고추,2017-04-07,5.15463
고추,2017-04-08,5.32364
고추,2017-04-09,5.72925
고추,2017-04-10,5.70108
고추,2017-04-11,5.26167
고추,2017-04-12,5.55461
고추,2017-04-13,5.0138
고추,2017-04-14,5.59405
고추,2017-04-15,5.41377
고추,2017-04-16,5.94332
고추,2017-04-17,6.07853
고추,2017-04-18,5.50391
고추,2017-04-19,5.69545
고추,2017-04-20,5.94896
고추,2017-04-21,5.34054
고추,2017-04-22,5.23914
고추,2017-04-23,6.27006
고추,2017-04-24,5.87572
고추,2017-04-25,5.50391
고추,2017-04-26,5.76868
고추,2017-04-27,5.56588
고추,2017-04-28,5.26167
고추,2017-04-29,5.53771
고추,2017-04-30,5.45321
고추,2017-05-01,5.94332
고추,2017-05-02,4.87296
고추,2017-05-03,5.22787
고추,2017-05-04,5.40814
고추,2017-05-05,5.149
고추,2017-05-06,5.48138
고추,2017-05-07,5.53208
고추,2017-05-08,5.35181
고추,2017-05-09,5.81939
고추,2017-05-10,5.53771
고추,2017-05-11,5.17153
고추,2017-05-12,4.9462
고추,2017-05-13,5.2504
고추,2017-05-14,5.56588
고추,2017-05-15,5.71235
고추,2017-05-16,5.74615
고추,2017-05-17,5.56025
고추,2017-05-18,5.40251
고추,2017-05-19,4.90113
고추,2017-05-20,4.79409
고추,2017-05-21,5.63348
고추,2017-05-22,5.35744
고추,2017-05-23,5.41377
고추,2017-05-24,5.97149
고추,2017-05-25,5.51518
고추,2017-05-26,5.2166
고추,2017-05-27,5.21097
고추,2017-05-28,5.65038
고추,2017-05-29,5.54334
고추,2017-05-30,5.53208
고추,2017-05-31,5.56025
고추,2017-06-01,5.24477
고추,2017-06-02,5.33491
고추,2017-06-03,5.30674
고추,2017-06-04,5.58841
고추,2017-06-05,5.68418
고추,2017-06-06,6.225
고추,2017-06-07,5.99966
고추,2017-06-08,5.43631
고추,2017-06-09,5.0983
고추,2017-06-10,5.23914
고추,2017-06-11,5.90952
고추,2017-06-12,5.35181
고추,2017-06-13,5.76868
고추,2017-06-14,5.40251
고추,2017-06-15,5.149
고추,2017-06-16,5.34617
고추,2017-06-17,5.65601
고추,2017-06-18,6.03909
고추,2017-06-19,5.44758
고추,2017-06-20,5.2842
고추,2017-06-21,5.36307
고추,2017-06-22,5.09267
고추,2017-06-23,5.2842
고추,2017-06-24,4.98
고추,2017-06-25,8.58543
고추,2017-06-26,5.54334
고추,2017-06-27,5.15463
고추,2017-06-28,5.49828
고추,2017-06-29,5.63348
고추,2017-06-30,4.61945
고추,2017-07-01,5.1997
고추,2017-07-02,6.50104
고추,2017-07-03,5.47574
고추,2017-07-04,5.48701
고추,2017-07-05,5.75178
고추,2017-07-06,5.48138
고추,2017-07-07,5.54334
고추,2017-07-08,5.35181
고추,2017-07-09,5.90952
고추,2017-07-10,5.41377
고추,2017-07-11,5.53771
고추,2017-07-12,5.57715
고추,2017-07-13,5.51518
고추,2017-07-14,5.52081
고추,2017-07-15,5.29547
고추,2017-07-16,5.63911
고추,2017-07-17,5.88135
고추,2017-07-18,5.53771
고추,2017-07-19,5.52644
고추,2017-07-20,5.47574
고추,2017-07-21,6.21936
고추,2017-07-22,6.06163
고추,2017-07-23,6.07289
고추,2017-07-24,6.05599
고추,2017-07-25,6.48977
고추,2017-07-26,6.21936
고추,2017-07-27,5.96022
고추,2017-07-28,5.73488
고추,2017-07-29,5.32927
고추,2017-07-30,5.27294
고추,2017-07-31,6.31513
고추,2017-08-01,7.11509
고추,2017-08-02,5.78558
고추,2017-08-03,5.87572
고추,2017-08-04,5.87572
고추,2017-08-05,5.66165
고추,2017-08-06,5.82502
고추,2017-08-07,6.83341
고추,2017-08-08,6.97425
고추,2017-08-09,6.60244
고추,2017-08-10,6.64751
고추,2017-08-11,6.28696
고추,2017-08-12,5.99402
고추,2017-08-13,6.04472
고추,2017-08-14,6.94608
고추,2017-08-15,7.13199
고추,2017-08-16,6.94608
고추,2017-08-17,6.98552
고추,2017-08-18,6.60244
고추,2017-08-19,6.67004
고추,2017-08-20,7.00805
고추,2017-08-21,7.50943
고추,2017-08-22,6.68131
고추,2017-08-23,7.02495
고추,2017-08-24,6.2757
고추,2017-08-25,6.2588
고추,2017-08-26,6.01092
고추,2017-08-27,6.54611
고추,2017-08-28,7.06439
고추,2017-08-29,7.44746
고추,2017-08-30,7.57703
고추,2017-08-31,6.23063
고추,2017-09-01,6.4447
고추,2017-09-02,5.87572
고추,2017-09-03,6.82215
고추,2017-09-04,7.49253
고추,2017-09-05,6.93482
고추,2017-09-06,6.82215
고추,2017-09-07,6.92918
고추,2017-09-08,6.3602
고추,2017-09-09,6.21936
고추,2017-09-10,7.58267
고추,2017-09-11,7.40239
고추,2017-09-12,7.31226
고추,2017-09-13,7.6221
고추,2017-09-14,6.91792
고추,2017-09-15,6.28696
고추,2017-09-16,6.53484
고추,2017-09-17,6.33203
고추,2017-09-18,6.61371
고추,2017-09-19,7.04749
고추,2017-09-20,6.45034
고추,2017-09-21,6.08979
고추,2017-09-22,5.78558
고추,2017-09-23,5.64475
고추,2017-09-24,6.3771
고추,2017-09-25,5.90389
고추,2017-09-26,5.66728
고추,2017-09-27,5.58841
고추,2017-09-28,5.46448
고추,2017-09-29,4.85043
고추,2017-09-30,4.86169
고추,2017-10-01,5.1152
고추,2017-10-02,5.49828
고추,2017-10-03,4.95746
고추,2017-10-04,4.72086
고추,2017-10-05,5.60531
고추,2017-10-06,6.4954
고추,2017-10-07,6.10669
고추,2017-10-08,6.15739
고추,2017-10-09,6.57427
고추,2017-10-10,5.94332
고추,2017-10-11,6.07853
고추,2017-10-12,5.91515
고추,2017-10-13,5.75742
고추,2017-10-14,5.50391
고추,2017-10-15,6.39963
고추,2017-10-16,5.67855
고추,2017-10-17,5.48701
고추,2017-10-18,5.67291
고추,2017-10-19,5.63911
고추,2017-10-20,5.40251
고추,2017-10-21,5.35181
고추,2017-10-22,5.67855
고추,2017-10-23,5.56025
고추,2017-10-24,5.85319
고추,2017-10-25,5.35181
고추,2017-10-26,5.2673
고추,2017-10-27,4.68705
고추,2017-10-28,4.93493
고추,2017-10-29,5.52081
고추,2017-10-30,4.89549
고추,2017-10-31,4.85606
고추,2017-11-01,5.00253
고추,2017-11-02,5.01943
고추,2017-11-03,4.75466
고추,2017-11-04,4.82789
고추,2017-11-05,5.2335
고추,2017-11-06,5.30674
고추,2017-11-07,5.0307
고추,2017-11-08,4.87296
고추,2017-11-09,4.99126
고추,2017-11-10,4.75466
고추,2017-11-11,4.41665
고추,2017-11-12,5.09267
고추,2017-11-13,5.29547
고추,2017-11-14,4.79972
고추,2017-11-15,4.34341
고추,2017-11-16,4.69269
고추,2017-11-17,4.86169
고추,2017-11-18,4.43355
고추,2017-11-19,4.92366
고추,2017-11-20,4.88986
고추,2017-11-21,4.46735
고추,2017-11-22,4.33215
고추,2017-11-23,4.56875
고추,2017-11-24,4.53495
고추,2017-11-25,4.45608
고추,2017-11-26,5.36871
고추,2017-11-27,5.13773
고추,2017-11-28,5.0645
고추,2017-11-29,4.76029
고추,2017-11-30,4.58002
고추,2017-12-01,4.53495
고추,2017-12-02,4.54622
고추,2017-12-03,4.45045
고추,2017-12-04,4.50115
고추,2017-12-05,4.89549
고추,2017-12-06,4.52932
고추,2017-12-07,4.78846
고추,2017-12-08,4.19131
고추,2017-12-09,4.69269
고추,2017-12-10,4.80536
고추,2017-12-11,4.64762
고추,2017-12-12,4.77156
고추,2017-12-13,4.43355
고추,2017-12-14,4.0561
고추,2017-12-15,4.18004
고추,2017-12-16,4.12934
고추,2017-12-17,4.83353
고추,2017-12-18,4.08991
고추,2017-12-19,4.20258
고추,2017-12-20,3.83077
고추,2017-12-21,3.98287
고추,2017-12-22,3.82513
고추,2017-12-23,3.82513
고추,2017-12-24,4.32651
고추,2017-12-25,4.61945
고추,2017-12-26,4.16877
고추,2017-12-27,3.8871
고추,2017-12-28,3.84767
고추,2017-12-29,4.12371
고추,2017-12-30,4.20821
고추,2017-12-31,4.08991
고추,2018-01-01,4.32088
고추,2018-01-02,4.52932
고추,2018-01-03,4.35468
고추,2018-01-04,4.34905
고추,2018-01-05,4.79972
고추,2018-01-06,4.77156
고추,2018-01-07,4.71522
고추,2018-01-08,5.07013
고추,2018-01-09,4.95183
고추,2018-01-10,4.89549
고추,2018-01-11,5.09267
고추,2018-01-12,5.03633
고추,2018-01-13,4.62509
고추,2018-01-14,4.83353
고추,2018-01-15,4.73776
고추,2018-01-16,4.86169
고추,2018-01-17,5.1828
고추,2018-01-18,5.1321
고추,2018-01-19,5.12647
고추,2018-01-20,4.45608
고추,2018-01-21,4.97436
고추,2018-01-22,4.92366
고추,2018-01-23,5.30674
고추,2018-01-24,4.9969
고추,2018-01-25,4.85043
고추,2018-01-26,4.9969
고추,2018-01-27,4.39411
고추,2018-01-28,4.68142
고추,2018-01-29,4.81099
고추,2018-01-30,4.54058
고추,2018-01-31,5.13773
고추,2018-02-01,5.05323
고추,2018-02-02,5.31237
고추,2018-02-03,5.07577
고추,2018-02-04,5.10393
고추,2018-02-05,4.72086
고추,2018-02-06,4.56875
고추,2018-02-07,4.28708
고추,2018-02-08,3.98287
고추,2018-02-09,3.96597
고추,2018-02-10,4.39975
고추,2018-02-11,4.26454
고추,2018-02-12,4.65889
고추,2018-02-13,4.45608
고추,2018-02-14,4.27018
고추,2018-02-15,4.0392
고추,2018-02-16,3.54909
고추,2018-02-17,3.83077
고추,2018-02-18,4.31524
고추,2018-02-19,5.00816
고추,2018-02-20,4.55748
고추,2018-02-21,5.08703
고추,2018-02-22,4.91239
고추,2018-02-23,4.45045
고추,2018-02-24,4.68705
고추,2018-02-25,4.50678
고추,2018-02-26,4.89549
고추,2018-02-27,4.67579
고추,2018-02-28,4.98563
고추,2018-03-01,4.47862
고추,2018-03-02,3.79696
고추,2018-03-03,4.65325
고추,2018-03-04,4.72649
고추,2018-03-05,4.19131
고추,2018-03-06,4.0561
고추,2018-03-07,4.46172
고추,2018-03-08,4.03357
고추,2018-03-09,4.36031
고추,2018-03-10,5.00253
고추,2018-03-11,4.74339
고추,2018-03-12,4.51805
고추,2018-03-13,4.23638
고추,2018-03-14,4.37158
고추,2018-03-15,4.56875
고추,2018-03-16,4.78282
고추,2018-03-17,4.69832
고추,2018-03-18,6.74328
고추,2018-03-19,4.97436
고추,2018-03-20,4.56312
고추,2018-03-21,4.67015
고추,2018-03-22,4.73212
고추,2018-03-23,3.89273
고추,2018-03-24,5.62221
고추,2018-03-25,4.9631
고추,2018-03-26,5.01943
고추,2018-03-27,5.22224
고추,2018-03-28,5.07013
고추,2018-03-29,5.149
고추,2018-03-30,4.77719
고추,2018-03-31,4.83916
고추,2018-04-01,4.98563
고추,2018-04-02,4.9969
고추,2018-04-03,5.0138
고추,2018-04-04,5.41941
고추,2018-04-05,5.53208
고추,2018-04-06,5.15463
고추,2018-04-07,4.79972
고추,2018-04-08,5.94332
고추,2018-04-09,5.92079
고추,2018-04-10,5.71798
고추,2018-04-11,5.89825
고추,2018-04-12,5.52644
고추,2018-04-13,8.32065
고추,2018-04-14,25.17041
고추,2018-04-15,8.57979
고추,2018-04-16,7.13199
고추,2018-04-17,6.96862
고추,2018-04-18,6.07289
고추,2018-04-19,6.42217
고추,2018-04-20,5.61095
고추,2018-04-21,5.41941
고추,2018-04-22,5.79685
고추,2018-04-23,6.13486
고추,2018-04-24,5.98839
고추,2018-04-25,5.67855
고추,2018-04-26,5.37997
고추,2018-04-27,5.09267
고추,2018-04-28,5.53771
고추,2018-04-29,5.80249
고추,2018-04-30,5.54334
고추,2018-05-01,5.72925
고추,2018-05-02,6.02782
고추,2018-05-03,5.72925
고추,2018-05-04,5.69545
고추,2018-05-05,4.69832
고추,2018-05-06,5.62221
고추,2018-05-07,5.56588
고추,2018-05-08,5.49264
고추,2018-05-09,5.79685
고추,2018-05-10,5.43067
고추,2018-05-11,5.36307
고추,2018-05-12,5.57151
고추,2018-05-13,5.27294
고추,2018-05-14,5.58841
고추,2018-05-15,5.68982
고추,2018-05-16,5.1659
고추,2018-05-17,5.10393
고추,2018-05-18,4.81663
고추,2018-05-19,4.69832
고추,2018-05-20,4.89549
고추,2018-05-21,5.25604
고추,2018-05-22,5.27857
고추,2018-05-23,5.42504
고추,2018-05-24,5.2166
고추,2018-05-25,4.68705
고추,2018-05-26,4.59692
고추,2018-05-27,4.9969
고추,2018-05-28,5.07577
고추,2018-05-29,4.99126
고추,2018-05-30,5.32364
고추,2018-05-31,5.43067
고추,2018-06-01,4.98563
고추,2018-06-02,4.58565
고추,2018-06-03,5.54334
고추,2018-06-04,5.2335
고추,2018-06-05,5.12647
고추,2018-06-06,5.45884
고추,2018-06-07,5.04196
고추,2018-06-08,5.0307
고추,2018-06-09,4.64762
고추,2018-06-10,5.73488
고추,2018-06-11,5.17717
고추,2018-06-12,5.62785
고추,2018-06-13,5.42504
고추,2018-06-14,5.01943
고추,2018-06-15,4.56875
고추,2018-06-16,4.68142
고추,2018-06-17,5.40251
고추,2018-06-18,5.22224
고추,2018-06-19,5.34054
고추,2018-06-20,5.49828
고추,2018-06-21,5.77432
고추,2018-06-22,4.9631
고추,2018-06-23,5.1152
고추,2018-06-24,5.50391
고추,2018-06-25,5.40251
고추,2018-06-26,5.63348
고추,2018-06-27,5.2842
고추,2018-06-28,6.69258
고추,2018-06-29,4.79972
고추,2018-06-30,5.48701
고추,2018-07-01,5.94896
고추,2018-07-02,5.36871
고추,2018-07-03,5.65038
고추,2018-07-04,5.45321
고추,2018-07-05,5.75742
고추,2018-07-06,5.87009
고추,2018-07-07,5.35744
고추,2018-07-08,5.86445
고추,2018-07-09,5.56588
고추,2018-07-10,5.44194
고추,2018-07-11,5.84192
고추,2018-07-12,5.59405
고추,2018-07-13,5.44194
고추,2018-07-14,5.78558
고추,2018-07-15,6.39963
고추,2018-07-16,6.14613
고추,2018-07-17,6.04472
고추,2018-07-18,6.24753
고추,2018-07-19,6.27006
고추,2018-07-20,5.54334
고추,2018-07-21,5.90952
고추,2018-07-22,5.83629
고추,2018-07-23,6.26443
고추,2018-07-24,6.2926
고추,2018-07-25,5.83629
고추,2018-07-26,6.28696
고추,2018-07-27,6.2419
고추,2018-07-28,6.08416
고추,2018-07-29,6.16303
고추,2018-07-30,6.81651
고추,2018-07-31,6.82215
고추,2018-08-01,6.88975
고추,2018-08-02,7.18269
고추,2018-08-03,6.81088
고추,2018-08-04,7.40239
고추,2018-08-05,7.45873
고추,2018-08-06,7.88687
고추,2018-08-07,8.17982
고추,2018-08-08,8.26995
고추,2018-08-09,8.28685
고추,2018-08-10,7.82491
고추,2018-08-11,7.51506
고추,2018-08-12,7.86434
고추,2018-08-13,7.5545
고추,2018-08-14,8.38262
고추,2018-08-15,8.11785
고추,2018-08-16,7.99954
고추,2018-08-17,7.93758
고추,2018-08-18,7.73477
고추,2018-08-19,7.92068
고추,2018-08-20,8.02771
고추,2018-08-21,7.44746
고추,2018-08-22,7.10382
고추,2018-08-23,6.60807
고추,2018-08-24,6.45034
고추,2018-08-25,6.68131
고추,2018-08-26,6.86158
고추,2018-08-27,6.42217
고추,2018-08-28,5.95459
고추,2018-08-29,5.67291
고추,2018-08-30,6.13486
고추,2018-08-31,6.06163
고추,2018-09-01,5.90389
고추,2018-09-02,6.59117
고추,2018-09-03,6.45597
고추,2018-09-04,6.3771
고추,2018-09-05,6.37147
고추,2018-09-06,6.1743
고추,2018-09-07,5.92079
고추,2018-09-08,5.81939
고추,2018-09-09,5.60531
고추,2018-09-10,5.86445
고추,2018-09-11,5.30674
고추,2018-09-12,5.57151
고추,2018-09-13,5.91515
고추,2018-09-14,5.36871
고추,2018-09-15,6.03909
고추,2018-09-16,6.11796
고추,2018-09-17,5.76868
고추,2018-09-18,5.52644
고추,2018-09-19,5.76305
고추,2018-09-20,6.25316
고추,2018-09-21,5.01943
고추,2018-09-22,5.94332
고추,2018-09-23,4.94056
고추,2018-09-24,5.74052
고추,2018-09-25,5.69545
고추,2018-09-26,6.28696
고추,2018-09-27,6.3433
고추,2018-09-28,5.82502
고추,2018-09-29,5.93206
고추,2018-09-30,5.98839
고추,2018-10-01,6.65877
고추,2018-10-02,6.2757
고추,2018-10-03,6.37147
고추,2018-10-04,6.34893
고추,2018-10-05,5.94332
고추,2018-10-06,6.16866
고추,2018-10-07,6.2588
고추,2018-10-08,6.54611
고추,2018-10-09,6.82215
고추,2018-10-10,6.63624
고추,2018-10-11,6.13486
고추,2018-10-12,6.33203
고추,2018-10-13,5.64475
고추,2018-10-14,6.28133
고추,2018-10-15,7.00242
고추,2018-10-16,6.21373
고추,2018-10-17,6.20246
고추,2018-10-18,6.00529
고추,2018-10-19,5.67291
고추,2018-10-20,5.56025
고추,2018-10-21,5.71798
고추,2018-10-22,6.29823
고추,2018-10-23,5.89825
고추,2018-10-24,6.23063
고추,2018-10-25,5.63348
고추,2018-10-26,5.50391
고추,2018-10-27,5.16027
고추,2018-10-28,5.19407
고추,2018-10-29,5.80812
고추,2018-10-30,5.35744
고추,2018-10-31,5.19407
고추,2018-11-01,4.95183
고추,2018-11-02,4.63072
고추,2018-11-03,4.72086
고추,2018-11-04,5.34054
고추,2018-11-05,5.54334
고추,2018-11-06,5.27294
고추,2018-11-07,5.16027
고추,2018-11-08,4.9631
고추,2018-11-09,4.42228
고추,2018-11-10,4.54622
고추,2018-11-11,5.02506
고추,2018-11-12,4.87859
고추,2018-11-13,4.74902
고추,2018-11-14,4.85043
고추,2018-11-15,4.78846
고추,2018-11-16,4.25891
고추,2018-11-17,4.48425
고추,2018-11-18,4.80536
고추,2018-11-19,4.90676
고추,2018-11-20,4.30961
고추,2018-11-21,4.58565
고추,2018-11-22,4.79972
고추,2018-11-23,4.29834
고추,2018-11-24,4.34341
고추,2018-11-25,4.38285
고추,2018-11-26,4.41665
고추,2018-11-27,4.48425
고추,2018-11-28,4.50115
고추,2018-11-29,4.95183
고추,2018-11-30,4.09554
고추,2018-12-01,4.33215
고추,2018-12-02,4.39411
고추,2018-12-03,4.42228
고추,2018-12-04,4.41101
고추,2018-12-05,4.64762
고추,2018-12-06,4.23638
고추,2018-12-07,3.99414
고추,2018-12-08,4.09554
고추,2018-12-09,4.0561
고추,2018-12-10,4.07864
고추,2018-12-11,4.19694
고추,2018-12-12,4.18567
고추,2018-12-13,4.06174
고추,2018-12-14,4.23638
고추,2018-12-15,4.18567
고추,2018-12-16,3.93217
고추,2018-12-17,3.92653
고추,2018-12-18,3.72936
고추,2018-12-19,3.65613
고추,2018-12-20,3.92653
고추,2018-12-21,3.74063
고추,2018-12-22,4.36595
고추,2018-12-23,4.073
고추,2018-12-24,3.72373
고추,2018-12-25,3.7688
고추,2018-12-26,3.72936
고추,2018-12-27,4.29834
고추,2018-12-28,3.72936
고추,2018-12-29,4.17441
고추,2018-12-30,3.85893
고추,2018-12-31,3.76316
고추,2019-01-01,3.9885
고추,2019-01-02,4.0561
고추,2019-01-03,4.05047
고추,2019-01-04,4.43918
고추,2019-01-05,4.14061
고추,2019-01-06,4.48425
고추,2019-01-07,4.69269
고추,2019-01-08,4.41665
고추,2019-01-09,4.74339
고추,2019-01-10,4.36031
고추,2019-01-11,4.34905
고추,2019-01-12,3.99414
고추,2019-01-13,4.44482
고추,2019-01-14,4.85606
고추,2019-01-15,4.97436
고추,2019-01-16,4.74339
고추,2019-01-17,4.49552
고추,2019-01-18,4.85606
고추,2019-01-19,4.21948
고추,2019-01-20,4.33215
고추,2019-01-21,5.05886
고추,2019-01-22,4.69832
고추,2019-01-23,4.52368
고추,2019-01-24,4.73212
고추,2019-01-25,4.16877
고추,2019-01-26,4.21384
고추,2019-01-27,4.11244
고추,2019-01-28,4.24764
고추,2019-01-29,4.24764
고추,2019-01-30,4.25328
고추,2019-01-31,3.80823
고추,2019-02-01,4.03357
고추,2019-02-02,4.10117
고추,2019-02-03,3.80823
고추,2019-02-04,4.0561
고추,2019-02-05,3.61669
고추,2019-02-06,4.47862
고추,2019-02-07,4.74902
고추,2019-02-08,4.63072
고추,2019-02-09,4.33778
고추,2019-02-10,4.31524
고추,2019-02-11,4.37721
고추,2019-02-12,4.27018
고추,2019-02-13,4.56312
고추,2019-02-14,4.54622
고추,2019-02-15,4.073
고추,2019-02-16,4.16314
고추,2019-02-17,4.31524
고추,2019-02-18,4.43355
고추,2019-02-19,4.63635
고추,2019-02-20,4.42791
고추,2019-02-21,4.39975
고추,2019-02-22,4.25891
고추,2019-02-23,4.23074
고추,2019-02-24,3.93217
고추,2019-02-25,4.76592
고추,2019-02-26,4.82789
고추,2019-02-27,4.59129
고추,2019-02-28,4.21948
고추,2019-03-01,3.62796
고추,2019-03-02,0.58024
고추,2019-03-03,0.56898
고추,2019-03-04,0.81685
고추,2019-03-05,3.13221
고추,2019-03-06,4.11244
고추,2019-03-07,4.28708
고추,2019-03-08,4.0054
고추,2019-03-09,4.25891
고추,2019-03-10,4.77719
고추,2019-03-11,4.54058
고추,2019-03-12,4.63635
고추,2019-03-13,4.20821
고추,2019-03-14,4.38285
고추,2019-03-15,4.36595
고추,2019-03-16,4.51805
고추,2019-03-17,4.72649
고추,2019-03-18,4.73212
고추,2019-03-19,4.67579
고추,2019-03-20,4.68705
고추,2019-03-21,4.46735
고추,2019-03-22,4.37721
고추,2019-03-23,5.14337
고추,2019-03-24,5.08703
고추,2019-03-25,4.81663
고추,2019-03-26,4.67015
고추,2019-03-27,5.22224
고추,2019-03-28,5.08703
고추,2019-03-29,4.43355
고추,2019-03-30,4.59692
고추,2019-03-31,4.78846
고추,2019-04-01,4.91803
고추,2019-04-02,4.78282
고추,2019-04-03,4.9631
고추,2019-04-04,5.18844
고추,2019-04-05,4.82226
고추,2019-04-06,4.54058
고추,2019-04-07,5.10393
고추,2019-04-08,5.2335
고추,2019-04-09,4.97436
고추,2019-04-10,4.87296
고추,2019-04-11,4.88986
고추,2019-04-12,4.90676
고추,2019-04-13,4.77719
고추,2019-04-14,5.48701
고추,2019-04-15,5.65601
고추,2019-04-16,5.0476
고추,2019-04-17,4.99126
고추,2019-04-18,5.0814
고추,2019-04-19,5.50954
고추,2019-04-20,5.16027
고추,2019-04-21,5.36307
고추,2019-04-22,5.3011
고추,2019-04-23,5.45884
고추,2019-04-24,5.34617
고추,2019-04-25,5.38561
고추,2019-04-26,5.22787
고추,2019-04-27,5.0307
고추,2019-04-28,5.51518
고추,2019-04-29,5.53208
고추,2019-04-30,4.76592
고추,2019-05-01,5.23914
고추,2019-05-02,4.90676
고추,2019-05-03,4.48988
고추,2019-05-04,5.2166
고추,2019-05-05,4.37721
고추,2019-05-06,5.0307
고추,2019-05-07,5.66728
고추,2019-05-08,5.37434
고추,2019-05-09,5.55461
고추,2019-05-10,5.21097
고추,2019-05-11,5.10393
고추,2019-05-12,5.45884
고추,2019-05-13,5.92079
고추,2019-05-14,5.65601
고추,2019-05-15,5.22787
고추,2019-05-16,5.2504
고추,2019-05-17,4.86733
고추,2019-05-18,5.13773
고추,2019-05-19,5.31237
고추,2019-05-20,5.71798
고추,2019-05-21,5.94896
고추,2019-05-22,5.35744
고추,2019-05-23,5.09267
고추,2019-05-24,4.75466
고추,2019-05-25,4.52932
고추,2019-05-26,5.2166
고추,2019-05-27,5.40814
고추,2019-05-28,5.32364
고추,2019-05-29,5.37997
고추,2019-05-30,4.77156
고추,2019-05-31,4.81663
고추,2019-06-01,4.74902
고추,2019-06-02,4.72086
고추,2019-06-03,5.27857
고추,2019-06-04,5.0307
고추,2019-06-05,5.21097
고추,2019-06-06,5.43067
고추,2019-06-07,5.48138
고추,2019-06-08,5.1659
고추,2019-06-09,5.05323
고추,2019-06-10,5.44758
고추,2019-06-11,5.36871
고추,2019-06-12,4.92929
고추,2019-06-13,5.26167
고추,2019-06-14,4.77156
고추,2019-06-15,4.88986
고추,2019-06-16,5.60531
고추,2019-06-17,5.57151
고추,2019-06-18,5.52081
고추,2019-06-19,5.46448
고추,2019-06-20,5.62785
고추,2019-06-21,4.9631
고추,2019-06-22,4.77719
고추,2019-06-23,5.26167
고추,2019-06-24,5.45321
고추,2019-06-25,5.45321
고추,2019-06-26,5.52081
고추,2019-06-27,5.36307
고추,2019-06-28,4.74902
고추,2019-06-29,4.98563
고추,2019-06-30,5.42504
고추,2019-07-01,5.08703
고추,2019-07-02,5.43067
고추,2019-07-03,5.48138
고추,2019-07-04,5.39687
고추,2019-07-05,5.1152
고추,2019-07-06,5.49828
고추,2019-07-07,5.98276
고추,2019-07-08,6.32077
고추,2019-07-09,5.65038
고추,2019-07-10,5.50391
고추,2019-07-11,5.47011
고추,2019-07-12,5.29547
고추,2019-07-13,5.1321
고추,2019-07-14,5.52081
고추,2019-07-15,5.86445
고추,2019-07-16,5.69545
고추,2019-07-17,5.49264
고추,2019-07-18,5.65038
고추,2019-07-19,5.57151
고추,2019-07-20,6.03909
고추,2019-07-21,5.58278
고추,2019-07-22,5.93206
고추,2019-07-23,5.71798
고추,2019-07-24,6.11796
고추,2019-07-25,5.66728
고추,2019-07-26,5.40251
고추,2019-07-27,5.37434
고추,2019-07-28,5.70672
고추,2019-07-29,9.05301
고추,2019-07-30,7.85871
고추,2019-07-31,5.88135
고추,2019-08-01,5.90389
고추,2019-08-02,5.56025
고추,2019-08-03,5.56588
고추,2019-08-04,5.75742
고추,2019-08-05,6.2081
고추,2019-08-06,6.14049
고추,2019-08-07,6.25316
고추,2019-08-08,6.64187
고추,2019-08-09,5.98276
고추,2019-08-10,6.08416
고추,2019-08-11,6.4954
고추,2019-08-12,6.57427
고추,2019-08-13,6.92918
고추,2019-08-14,7.07002
고추,2019-08-15,6.64751
고추,2019-08-16,6.3602
고추,2019-08-17,6.16303
고추,2019-08-18,6.72074
고추,2019-08-19,6.91792
고추,2019-08-20,7.24466
고추,2019-08-21,6.67004
고추,2019-08-22,6.46724
고추,2019-08-23,5.96022
고추,2019-08-24,5.76305
고추,2019-08-25,6.2757
고추,2019-08-26,6.70384
고추,2019-08-27,6.81088
고추,2019-08-28,6.3433
고추,2019-08-29,6.12923
고추,2019-08-30,5.89262
고추,2019-08-31,5.97149
고추,2019-09-01,5.70672
고추,2019-09-02,6.03909
고추,2019-09-03,5.45321
고추,2019-09-04,5.61658
고추,2019-09-05,5.56588
고추,2019-09-06,4.73212
고추,2019-09-07,5.12647
고추,2019-09-08,5.03633
고추,2019-09-09,5.26167
고추,2019-09-10,4.66452
고추,2019-09-11,4.63072
고추,2019-09-12,4.67579
고추,2019-09-13,4.33778
고추,2019-09-14,4.86733
고추,2019-09-15,5.2842
고추,2019-09-16,5.24477
고추,2019-09-17,5.44194
고추,2019-09-18,5.17153
고추,2019-09-19,5.43067
고추,2019-09-20,4.84479
고추,2019-09-21,4.77719
고추,2019-09-22,5.34054
고추,2019-09-23,4.82789
고추,2019-09-24,4.84479
고추,2019-09-25,5.149
고추,2019-09-26,5.27294
고추,2019-09-27,4.94056
고추,2019-09-28,4.69269
고추,2019-09-29,4.9462
고추,2019-09-30,5.43067
고추,2019-10-01,5.20534
고추,2019-10-02,5.00816
고추,2019-10-03,4.70396
고추,2019-10-04,4.82789
고추,2019-10-05,4.32088
고추,2019-10-06,4.85606
고추,2019-10-07,5.04196
고추,2019-10-08,4.77719
고추,2019-10-09,5.2335
고추,2019-10-10,4.74902
고추,2019-10-11,4.78282
고추,2019-10-12,4.89549
고추,2019-10-13,5.12647
고추,2019-10-14,5.40251
고추,2019-10-15,5.59405
고추,2019-10-16,5.54898
고추,2019-10-17,5.69545
고추,2019-10-18,4.89549
고추,2019-10-19,4.74339
고추,2019-10-20,5.52081
고추,2019-10-21,5.88699
고추,2019-10-22,5.68982
고추,2019-10-23,5.48138
고추,2019-10-24,4.94056
고추,2019-10-25,4.76592
고추,2019-10-26,4.39411
고추,2019-10-27,4.81099
고추,2019-10-28,5.58278
고추,2019-10-29,5.03633
고추,2019-10-30,4.69832
고추,2019-10-31,4.60819
고추,2019-11-01,4.16314
고추,2019-11-02,4.36031
고추,2019-11-03,4.91239
고추,2019-11-04,4.95183
고추,2019-11-05,4.98
고추,2019-11-06,5.04196
고추,2019-11-07,4.82789
고추,2019-11-08,4.52932
고추,2019-11-09,4.46735
고추,2019-11-10,4.81099
고추,2019-11-11,5.12083
고추,2019-11-12,4.46172
고추,2019-11-13,4.50115
고추,2019-11-14,4.73212
고추,2019-11-15,4.42228
고추,2019-11-16,4.073
고추,2019-11-17,4.97436
고추,2019-11-18,4.52932
고추,2019-11-19,4.63635
고추,2019-11-20,4.23638
고추,2019-11-21,4.45608
고추,2019-11-22,3.9716
고추,2019-11-23,4.05047
고추,2019-11-24,4.81099
고추,2019-11-25,4.70959
고추,2019-11-26,4.37721
고추,2019-11-27,4.16314
고추,2019-11-28,4.33215
고추,2019-11-29,4.11807
고추,2019-11-30,3.68429
고추,2019-12-01,4.72086
고추,2019-12-02,4.25891
고추,2019-12-03,3.9885
고추,2019-12-04,3.9885
고추,2019-12-05,4.19131
고추,2019-12-06,3.97724
고추,2019-12-07,3.8195
고추,2019-12-08,4.13497
고추,2019-12-09,3.9716
고추,2019-12-10,4.47298
고추,2019-12-11,3.96597
고추,2019-12-12,3.57726
고추,2019-12-13,3.79133
고추,2019-12-14,3.9716
고추,2019-12-15,4.20258
고추,2019-12-16,4.06174
고추,2019-12-17,4.08991
고추,2019-12-18,3.83077
고추,2019-12-19,3.53782
고추,2019-12-20,3.70119
고추,2019-12-21,3.66176
고추,2019-12-22,3.70119
고추,2019-12-23,3.77443
고추,2019-12-24,3.21108
고추,2019-12-25,3.87583
고추,2019-12-26,3.53782
고추,2019-12-27,3.44205
고추,2019-12-28,3.62796
고추,2019-12-29,3.86457
고추,2019-12-30,3.84767
고추,2019-12-31,3.41952
고추,2020-01-01,4.32651
고추,2020-01-02,4.05047
고추,2020-01-03,3.79696
고추,2020-01-04,3.9378
고추,2020-01-05,4.09554
고추,2020-01-06,4.0223
고추,2020-01-07,4.25891
고추,2020-01-08,4.24201
고추,2020-01-09,4.30961
고추,2020-01-10,4.0392
고추,2020-01-11,4.09554
고추,2020-01-12,4.02794
고추,2020-01-13,4.22511
고추,2020-01-14,4.21948
고추,2020-01-15,4.33215
고추,2020-01-16,3.9209
고추,2020-01-17,4.25891
고추,2020-01-18,3.98287
고추,2020-01-19,4.29271
고추,2020-01-20,4.18004
고추,2020-01-21,4.30961
고추,2020-01-22,4.20821
고추,2020-01-23,4.28144
고추,2020-01-24,3.84203
고추,2020-01-25,3.50966
고추,2020-01-26,3.86457
고추,2020-01-27,4.65325
고추,2020-01-28,4.31524
고추,2020-01-29,4.12371
고추,2020-01-30,4.15751
고추,2020-01-31,3.8871
고추,2020-02-01,4.07864
고추,2020-02-02,4.03357
고추,2020-02-03,4.26454
고추,2020-02-04,4.04484
고추,2020-02-05,4.14061
고추,2020-02-06,3.96034
고추,2020-02-07,3.99414
고추,2020-02-08,4.13497
고추,2020-02-09,4.24764
고추,2020-02-10,4.54058
고추,2020-02-11,4.43918
고추,2020-02-12,4.74902
고추,2020-02-13,4.53495
고추,2020-02-14,4.32651
고추,2020-02-15,4.45045
고추,2020-02-16,4.32651
고추,2020-02-17,4.49552
고추,2020-02-18,4.9462
고추,2020-02-19,4.48425
고추,2020-02-20,4.26454
고추,2020-02-21,3.8533
고추,2020-02-22,4.47298
고추,2020-02-23,4.67579
고추,2020-02-24,4.25328
고추,2020-02-25,4.38285
고추,2020-02-26,4.79972
고추,2020-02-27,5.0645
고추,2020-02-28,4.64199
고추,2020-02-29,4.63072
고추,2020-03-01,4.69269
고추,2020-03-02,4.67015
고추,2020-03-03,5.07577
고추,2020-03-04,5.10393
고추,2020-03-05,4.68705
고추,2020-03-06,4.87296
고추,2020-03-07,4.66452
고추,2020-03-08,4.69832
고추,2020-03-09,5.21097
고추,2020-03-10,5.32927
고추,2020-03-11,4.93493
고추,2020-03-12,5.38561
고추,2020-03-13,5.02506
고추,2020-03-14,5.0476
고추,2020-03-15,4.82226
고추,2020-03-16,5.40251
고추,2020-03-17,5.45321
고추,2020-03-18,5.47011
고추,2020-03-19,5.57715
고추,2020-03-20,5.30674
고추,2020-03-21,5.0814
고추,2020-03-22,5.56588
고추,2020-03-23,5.45321
고추,2020-03-24,5.34617
고추,2020-03-25,5.27294
고추,2020-03-26,5.35181
고추,2020-03-27,5.37997
고추,2020-03-28,6.52357
고추,2020-03-29,5.91515
고추,2020-03-30,6.1912
고추,2020-03-31,6.03346
고추,2020-04-01,6.73201
고추,2020-04-02,5.71235
고추,2020-04-03,6.33203
고추,2020-04-04,5.86445
고추,2020-04-05,6.09543
고추,2020-04-06,5.92079
고추,2020-04-07,6.32077
고추,2020-04-08,7.24466
고추,2020-04-09,6.73764
고추,2020-04-10,6.60244
고추,2020-04-11,6.79961
고추,2020-04-12,6.55737
고추,2020-04-13,7.02495
고추,2020-04-14,7.13199
고추,2020-04-15,7.39113
고추,2020-04-16,7.09255
고추,2020-04-17,6.95172
고추,2020-04-18,7.57703
고추,2020-04-19,8.11221
고추,2020-04-20,7.71224
고추,2020-04-21,7.12635
고추,2020-04-22,7.46436
고추,2020-04-23,7.7742
고추,2020-04-24,7.17142
고추,2020-04-25,7.7742
고추,2020-04-26,8.83893
고추,2020-04-27,8.25305
고추,2020-04-28,7.66717
고추,2020-04-29,7.45873
고추,2020-04-30,8.15165
고추,2020-05-01,8.95724
고추,2020-05-02,9.48115
고추,2020-05-03,9.46988
고추,2020-05-04,8.7826
고추,2020-05-05,9.63326
고추,2020-05-06,7.96011
고추,2020-05-07,8.72626
고추,2020-05-08,8.19108
고추,2020-05-09,6.5123
고추,2020-05-10,10.15154
고추,2020-05-11,9.12624
고추,2020-05-12,8.51782
고추,2020-05-13,7.86434
고추,2020-05-14,9.28961
고추,2020-05-15,6.87285
고추,2020-05-16,9.66142
고추,2020-05-17,9.53185
고추,2020-05-18,8.39952
고추,2020-05-19,8.02771
고추,2020-05-20,9.03611
고추,2020-05-21,8.59106
고추,2020-05-22,8.63049
고추,2020-05-23,9.45298
고추,2020-05-24,9.44735
고추,2020-05-25,9.30651
고추,2020-05-26,9.19948
고추,2020-05-27,8.60233
고추,2020-05-28,8.30375
고추,2020-05-29,8.57979
고추,2020-05-30,8.72626
고추,2020-05-31,9.83606
고추,2020-06-01,8.09531
고추,2020-06-02,8.79387
고추,2020-06-03,8.27559
고추,2020-06-04,8.15165
고추,2020-06-05,7.98828
고추,2020-06-06,8.49529
고추,2020-06-07,8.09531
고추,2020-06-08,7.51506
고추,2020-06-09,6.91792
고추,2020-06-10,6.69821
고추,2020-06-11,6.85031
고추,2020-06-12,7.5376
고추,2020-06-13,7.36859
고추,2020-06-14,8.81077
고추,2020-06-15,8.44459
고추,2020-06-16,7.6728
고추,2020-06-17,8.54599
고추,2020-06-18,7.95448
고추,2020-06-19,7.41366
고추,2020-06-20,7.93194
고추,2020-06-21,7.639
고추,2020-06-22,7.01368
고추,2020-06-23,7.25029
고추,2020-06-24,7.14889
고추,2020-06-25,7.40239
고추,2020-06-26,8.21362
고추,2020-06-27,7.6221
고추,2020-06-28,8.38825
고추,2020-06-29,8.09531
고추,2020-06-30,6.96298
고추,2020-07-01,7.59393
고추,2020-07-02,8.29249
고추,2020-07-03,7.37986
고추,2020-07-04,7.85307
고추,2020-07-05,7.92631
고추,2020-07-06,8.12348
고추,2020-07-07,8.16292
고추,2020-07-08,7.35169
고추,2020-07-09,7.44746
고추,2020-07-10,6.96862
고추,2020-07-11,7.08692
고추,2020-07-12,8.15165
고추,2020-07-13,6.89538
고추,2020-07-14,7.64463
고추,2020-07-15,7.6221
고추,2020-07-16,7.39676
고추,2020-07-17,6.43907
고추,2020-07-18,7.76294
고추,2020-07-19,8.63049
고추,2020-07-20,7.89814
고추,2020-07-21,7.79111
고추,2020-07-22,7.04749
고추,2020-07-23,6.42217
고추,2020-07-24,6.84468
고추,2020-07-25,7.32353
고추,2020-07-26,8.08968
고추,2020-07-27,7.32353
고추,2020-07-28,7.21649
고추,2020-07-29,7.52633
고추,2020-07-30,7.5883
고추,2020-07-31,6.94045
고추,2020-08-01,7.28409
고추,2020-08-02,7.47
고추,2020-08-03,7.23339
고추,2020-08-04,6.74891
고추,2020-08-05,7.18269
고추,2020-08-06,7.79111
고추,2020-08-07,7.61083
고추,2020-08-08,7.68407
고추,2020-08-09,8.12911
고추,2020-08-10,8.37135
고추,2020-08-11,8.52346
고추,2020-08-12,8.47276
고추,2020-08-13,8.61923
고추,2020-08-14,9.11497
고추,2020-08-15,7.6221
고추,2020-08-16,8.42206
고추,2020-08-17,8.94597
고추,2020-08-18,8.64176
고추,2020-08-19,9.29525
고추,2020-08-20,8.48966
고추,2020-08-21,9.14878
고추,2020-08-22,9.00794
고추,2020-08-23,9.58255
고추,2020-08-24,9.61635
고추,2020-08-25,9.04737
고추,2020-08-26,8.95724
고추,2020-08-27,8.39389
고추,2020-08-28,8.24178
고추,2020-08-29,8.56289
고추,2020-08-30,8.47839
고추,2020-08-31,9.36285
고추,2020-09-01,8.88964
고추,2020-09-02,8.60796
고추,2020-09-03,8.45586
고추,2020-09-04,7.99954
고추,2020-09-05,8.33192
고추,2020-09-06,8.27559
고추,2020-09-07,7.96011
고추,2020-09-08,8.20235
고추,2020-09-09,8.73753
고추,2020-09-10,7.92631
고추,2020-09-11,7.86997
고추,2020-09-12,7.81364
고추,2020-09-13,9.06427
고추,2020-09-14,9.13751
고추,2020-09-15,7.53197
고추,2020-09-16,7.56013
고추,2020-09-17,7.93194
고추,2020-09-18,7.76857
고추,2020-09-19,7.5038
고추,2020-09-20,7.47
고추,2020-09-21,7.33479
고추,2020-09-22,7.35733
고추,2020-09-23,7.31789
고추,2020-09-24,6.99115
고추,2020-09-25,5.70108
고추,2020-09-26,5.98276
고추,2020-09-27,6.38837
고추,2020-09-28,5.98839
고추,2020-09-29,5.99966
고추,2020-09-30,5.63348
고추,2020-10-01,7.6897
고추,2020-10-02,6.36583
고추,2020-10-03,7.36859
고추,2020-10-04,7.93758
고추,2020-10-05,6.68694
고추,2020-10-06,6.77708
고추,2020-10-07,6.54611
고추,2020-10-08,6.04472
고추,2020-10-09,7.22776
고추,2020-10-10,8.21362
고추,2020-10-11,7.66717
고추,2020-10-12,7.48126
고추,2020-10-13,7.01932
고추,2020-10-14,6.55737
고추,2020-10-15,6.4954
고추,2020-10-16,6.17993
고추,2020-10-17,5.81939
고추,2020-10-18,6.95735
고추,2020-10-19,6.394
고추,2020-10-20,6.86158
고추,2020-10-21,6.63624
고추,2020-10-22,6.37147
고추,2020-10-23,5.90389
고추,2020-10-24,5.02506
고추,2020-10-25,6.2588
고추,2020-10-26,5.63911
고추,2020-10-27,5.80812
고추,2020-10-28,5.58841
고추,2020-10-29,5.49828
고추,2020-10-30,4.9462
고추,2020-10-31,5.67291
고추,2020-11-01,5.78558
고추,2020-11-02,5.27294
고추,2020-11-03,5.12083
고추,2020-11-04,4.9462
고추,2020-11-05,5.01943
고추,2020-11-06,4.91239
고추,2020-11-07,4.70959
고추,2020-11-08,4.89549
고추,2020-11-09,5.30674
고추,2020-11-10,4.81663
고추,2020-11-11,4.86733
고추,2020-11-12,5.04196
고추,2020-11-13,4.61382
고추,2020-11-14,4.70959
고추,2020-11-15,4.90113
고추,2020-11-16,4.72649
고추,2020-11-17,4.97436
고추,2020-11-18,4.69832
고추,2020-11-19,4.87296
고추,2020-11-20,4.60255
고추,2020-11-21,4.96873
고추,2020-11-22,5.09267
고추,2020-11-23,4.77719
고추,2020-11-24,4.78846
고추,2020-11-25,4.73776
고추,2020-11-26,4.53495
고추,2020-11-27,4.51242
고추,2020-11-28,4.76029
고추,2020-11-29,4.76029
고추,2020-11-30,4.69832
고추,2020-12-01,4.20821
고추,2020-12-02,4.58565
고추,2020-12-03,4.83916
고추,2020-12-04,4.30398
고추,2020-12-05,4.19694
고추,2020-12-06,4.63072
고추,2020-12-07,4.59129
고추,2020-12-08,4.38285
고추,2020-12-09,4.75466
고추,2020-12-10,4.53495
고추,2020-12-11,4.45045
고추,2020-12-12,4.26454
고추,2020-12-13,4.38848
고추,2020-12-14,4.52368
고추,2020-12-15,4.39411
고추,2020-12-16,4.75466
고추,2020-12-17,4.42791
고추,2020-12-18,4.12371
고추,2020-12-19,4.09554
고추,2020-12-20,4.25328
고추,2020-12-21,4.29834
고추,2020-12-22,4.69832
고추,2020-12-23,5.49264
고추,2020-12-24,5.10393
고추,2020-12-25,4.60255
고추,2020-12-26,4.95183
고추,2020-12-27,4.84479
고추,2020-12-28,4.93493
고추,2020-12-29,4.72649
고추,2020-12-30,4.54058
고추,2020-12-31,4.62509
고추,2021-01-01,4.79409
고추,2021-01-02,4.73212
고추,2021-01-03,4.50115
고추,2021-01-04,4.86733
고추,2021-01-05,4.48988
고추,2021-01-06,4.67015
고추,2021-01-07,4.76592
고추,2021-01-08,4.92929
고추,2021-01-09,4.35468
고추,2021-01-10,4.54622
고추,2021-01-11,4.88986
고추,2021-01-12,4.56312
고추,2021-01-13,4.57439
고추,2021-01-14,4.68705
고추,2021-01-15,4.54622
고추,2021-01-16,4.63635
고추,2021-01-17,4.55185
고추,2021-01-18,4.86733
고추,2021-01-19,5.19407
고추,2021-01-20,4.73212
고추,2021-01-21,4.64762
고추,2021-01-22,4.51242
고추,2021-01-23,4.76592
고추,2021-01-24,4.73776
고추,2021-01-25,4.54622
고추,2021-01-26,4.53495
고추,2021-01-27,4.30961
고추,2021-01-28,4.79972
고추,2021-01-29,4.30398
고추,2021-01-30,4.99126
고추,2021-01-31,4.83916
고추,2021-02-01,4.52368
고추,2021-02-02,4.42791
고추,2021-02-03,4.41101
고추,2021-02-04,4.31524
고추,2021-02-05,4.38848
고추,2021-02-06,4.19131
고추,2021-02-07,4.26454
고추,2021-02-08,4.12371
고추,2021-02-09,4.25328
고추,2021-02-10,3.9885
고추,2021-02-11,3.66176
고추,2021-02-12,3.70683
고추,2021-02-13,4.15751
고추,2021-02-14,5.19407
고추,2021-02-15,4.32651
고추,2021-02-16,4.58565
고추,2021-02-17,4.21948
고추,2021-02-18,4.37158
고추,2021-02-19,4.23074
고추,2021-02-20,4.32651
고추,2021-02-21,4.27581
고추,2021-02-22,4.43918
고추,2021-02-23,4.66452
고추,2021-02-24,4.51242
고추,2021-02-25,4.41101
고추,2021-02-26,4.24764
고추,2021-02-27,4.03357
고추,2021-02-28,4.30398
고추,2021-03-01,5.24477
고추,2021-03-02,4.53495
고추,2021-03-03,4.33778
고추,2021-03-04,4.14624
고추,2021-03-05,4.35468
고추,2021-03-06,4.81099
고추,2021-03-07,4.67579
고추,2021-03-08,4.50115
고추,2021-03-09,4.89549
고추,2021-03-10,4.77156
고추,2021-03-11,4.59692
고추,2021-03-12,8.13475
고추,2021-03-13,6.15739
고추,2021-03-14,6.3095
고추,2021-03-15,5.09267
고추,2021-03-16,5.00816
고추,2021-03-17,4.63072
고추,2021-03-18,4.9969
고추,2021-03-19,4.73776
고추,2021-03-20,4.87296
고추,2021-03-21,5.12647
고추,2021-03-22,5.38561
고추,2021-03-23,5.12647
고추,2021-03-24,4.49552
고추,2021-03-25,4.85606
고추,2021-03-26,5.12083
고추,2021-03-27,5.23914
고추,2021-03-28,5.63911
고추,2021-03-29,5.08703
고추,2021-03-30,5.33491
고추,2021-03-31,5.76868
고추,2021-04-01,5.65601
고추,2021-04-02,5.48701
고추,2021-04-03,5.54334
고추,2021-04-04,6.27006
고추,2021-04-05,6.55737
고추,2021-04-06,6.51794
고추,2021-04-07,6.57427
고추,2021-04-08,5.99402
고추,2021-04-09,6.3433
고추,2021-04-10,7.03622
고추,2021-04-11,8.7488
고추,2021-04-12,6.23626
고추,2021-04-13,6.72638
고추,2021-04-14,6.46724
고추,2021-04-15,7.23339
고추,2021-04-16,6.86158
고추,2021-04-17,7.37423
고추,2021-04-18,8.47839
고추,2021-04-19,7.46436
고추,2021-04-20,7.80801
고추,2021-04-21,7.63337
고추,2021-04-22,7.98264
고추,2021-04-23,7.93758
고추,2021-04-24,9.67269
고추,2021-04-25,8.9685
고추,2021-04-26,8.94034
고추,2021-04-27,8.50092
고추,2021-04-28,8.7319
고추,2021-04-29,8.58543
고추,2021-04-30,6.87285
고추,2021-05-01,7.81927
고추,2021-05-02,9.87549
고추,2021-05-03,7.89814
고추,2021-05-04,7.37986
고추,2021-05-05,8.60233
고추,2021-05-06,8.15728
고추,2021-05-07,7.53197
고추,2021-05-08,8.83893
고추,2021-05-09,9.01921
고추,2021-05-10,8.17982
고추,2021-05-11,8.24742
고추,2021-05-12,7.95448
고추,2021-05-13,7.83617
고추,2021-05-14,7.96574
고추,2021-05-15,7.88687
고추,2021-05-16,7.46436
고추,2021-05-17,7.56013
고추,2021-05-18,8.37135
고추,2021-05-19,9.08681
고추,2021-05-20,7.639
고추,2021-05-21,7.6728
고추,2021-05-22,8.87273
고추,2021-05-23,10.26421
고추,2021-05-24,8.38825
고추,2021-05-25,8.05025
고추,2021-05-26,9.14314
고추,2021-05-27,8.02771
고추,2021-05-28,7.40803
고추,2021-05-29,8.43896
고추,2021-05-30,8.75443
고추,2021-05-31,8.88964
고추,2021-06-01,8.27559
고추,2021-06-02,8.19108
고추,2021-06-03,7.99954
고추,2021-06-04,7.96574
고추,2021-06-05,9.19948
고추,2021-06-06,9.86986
고추,2021-06-07,8.6643
고추,2021-06-08,8.57416
고추,2021-06-09,7.69534
고추,2021-06-10,7.65027
고추,2021-06-11,8.24742
고추,2021-06-12,8.05025
고추,2021-06-13,8.32629
고추,2021-06-14,8.41642
고추,2021-06-15,8.20235
고추,2021-06-16,7.76294
고추,2021-06-17,8.94034
고추,2021-06-18,7.85307
고추,2021-06-19,8.17418
고추,2021-06-20,8.86147
고추,2021-06-21,7.53197
고추,2021-06-22,7.83617
고추,2021-06-23,7.62773
고추,2021-06-24,7.70097
고추,2021-06-25,6.99678
고추,2021-06-26,8.54036
고추,2021-06-27,8.45586
고추,2021-06-28,7.40803
고추,2021-06-29,7.47563
고추,2021-06-30,7.09819
고추,2021-07-01,6.85031
고추,2021-07-02,6.77144
고추,2021-07-03,7.25592
고추,2021-07-04,7.99391
고추,2021-07-05,7.25592
고추,2021-07-06,7.40803
고추,2021-07-07,6.55737
고추,2021-07-08,6.70384
고추,2021-07-09,7.13762
고추,2021-07-10,8.02208
고추,2021-07-11,8.82767
고추,2021-07-12,7.61083
고추,2021-07-13,7.66154
고추,2021-07-14,7.19396
고추,2021-07-15,6.94608
고추,2021-07-16,7.30663
고추,2021-07-17,7.36859
고추,2021-07-18,8.01081
고추,2021-07-19,7.44183
고추,2021-07-20,7.28973
고추,2021-07-21,6.74328
고추,2021-07-22,6.92918
고추,2021-07-23,7.08692
고추,2021-07-24,7.32353
고추,2021-07-25,8.19672
고추,2021-07-26,6.92355
고추,2021-07-27,7.04749
고추,2021-07-28,6.99115
고추,2021-07-29,7.66154
고추,2021-07-30,7.57703
고추,2021-07-31,7.15452
고추,2021-08-01,7.7742
고추,2021-08-02,7.82491
고추,2021-08-03,8.12911
고추,2021-08-04,7.6897
고추,2021-08-05,8.37135
고추,2021-08-06,8.21925
고추,2021-08-07,9.31215
고추,2021-08-08,9.54875
고추,2021-08-09,9.83606
고추,2021-08-10,9.64452
고추,2021-08-11,10.32617
고추,2021-08-12,9.86423
고추,2021-08-13,9.59382
고추,2021-08-14,10.45011
고추,2021-08-15,10.59095
고추,2021-08-16,11.01909
고추,2021-08-17,10.25294
고추,2021-08-18,9.66142
고추,2021-08-19,10.1966
고추,2021-08-20,9.07554
고추,2021-08-21,8.8164
고추,2021-08-22,10.20224
고추,2021-08-23,8.99104
고추,2021-08-24,8.49529
고추,2021-08-25,8.43332
고추,2021-08-26,9.08117
고추,2021-08-27,8.50656
고추,2021-08-28,9.06427
고추,2021-08-29,9.51495
고추,2021-08-30,8.7657
고추,2021-08-31,7.81927
고추,2021-09-01,7.61083
고추,2021-09-02,8.15165
고추,2021-09-03,8.25868
고추,2021-09-04,8.17982
고추,2021-09-05,9.46988
고추,2021-09-06,7.35733
고추,2021-09-07,7.23902
고추,2021-09-08,7.77984
고추,2021-09-09,7.69534
고추,2021-09-10,7.03058
고추,2021-09-11,7.15452
고추,2021-09-12,7.45873
고추,2021-09-13,6.99678
고추,2021-09-14,6.66441
고추,2021-09-15,6.21373
고추,2021-09-16,5.95459
고추,2021-09-17,5.24477
고추,2021-09-18,6.394
고추,2021-09-19,6.4109
고추,2021-09-20,6.73201
고추,2021-09-21,6.68131
고추,2021-09-22,7.4193
고추,2021-09-23,7.03058
고추,2021-09-24,6.47287
고추,2021-09-25,7.35733
고추,2021-09-26,7.4869
고추,2021-09-27,7.19396
고추,2021-09-28,7.08129
고추,2021-09-29,6.225
고추,2021-09-30,6.40527
고추,2021-10-01,6.02219
고추,2021-10-02,6.88975
고추,2021-10-03,6.96862
고추,2021-10-04,7.6728
고추,2021-10-05,6.54611
고추,2021-10-06,6.70948
고추,2021-10-07,6.65314
고추,2021-10-08,5.85882
고추,2021-10-09,6.225
고추,2021-10-10,7.00242
고추,2021-10-11,6.90101
고추,2021-10-12,6.02219
고추,2021-10-13,6.4616
고추,2021-10-14,6.36583
고추,2021-10-15,6.3095
고추,2021-10-16,6.45034
고추,2021-10-17,6.50104
고추,2021-10-18,6.01656
고추,2021-10-19,6.32077
고추,2021-10-20,5.56025
고추,2021-10-21,5.46448
고추,2021-10-22,5.34054
고추,2021-10-23,5.35744
고추,2021-10-24,5.51518
고추,2021-10-25,5.35181
고추,2021-10-26,5.19407
고추,2021-10-27,5.45321
고추,2021-10-28,4.65889
고추,2021-10-29,4.60255
고추,2021-10-30,5.36871
고추,2021-10-31,5.65038
고추,2021-11-01,5.05323
고추,2021-11-02,5.37434
고추,2021-11-03,5.09267
고추,2021-11-04,4.93493
고추,2021-11-05,4.93493
고추,2021-11-06,4.61945
고추,2021-11-07,4.88986
고추,2021-11-08,4.51242
고추,2021-11-09,4.60819
고추,2021-11-10,4.46172
고추,2021-11-11,4.51805
고추,2021-11-12,4.31524
고추,2021-11-13,4.38848
고추,2021-11-14,5.03633
고추,2021-11-15,4.46735
고추,2021-11-16,4.73776
고추,2021-11-17,4.15751
고추,2021-11-18,4.14624
고추,2021-11-19,4.55185
고추,2021-11-20,4.0392
고추,2021-11-21,4.73776
고추,2021-11-22,4.51805
고추,2021-11-23,3.94343
고추,2021-11-24,3.81386
고추,2021-11-25,4.0054
고추,2021-11-26,3.9716
고추,2021-11-27,3.88147
고추,2021-11-28,4.26454
고추,2021-11-29,3.8364
고추,2021-11-30,4.14624
고추,2021-12-01,3.76316
고추,2021-12-02,3.54346
고추,2021-12-03,3.92653
고추,2021-12-04,3.84767
고추,2021-12-05,4.62509
고추,2021-12-06,3.89837
고추,2021-12-07,3.94343
고추,2021-12-08,3.90963
고추,2021-12-09,3.9547
고추,2021-12-10,3.78006
고추,2021-12-11,3.8533
고추,2021-12-12,3.99977
고추,2021-12-13,3.66739
고추,2021-12-14,3.44205
고추,2021-12-15,3.62796
고추,2021-12-16,3.75753
고추,2021-12-17,3.66176
고추,2021-12-18,3.58853
고추,2021-12-19,3.9885
고추,2021-12-20,3.61106
고추,2021-12-21,3.60543
고추,2021-12-22,3.7181
고추,2021-12-23,3.39699
고추,2021-12-24,2.93504
고추,2021-12-25,3.61106
고추,2021-12-26,3.55472
고추,2021-12-27,3.57726
고추,2021-12-28,3.57162
고추,2021-12-29,3.70119
고추,2021-12-30,3.26742
고추,2021-12-31,3.49276
고추,2022-01-01,4.0054
고추,2022-01-02,3.85893
고추,2022-01-03,3.45332
고추,2022-01-04,3.75753
고추,2022-01-05,4.0561
고추,2022-01-06,3.66739
고추,2022-01-07,3.69556
고추,2022-01-08,3.76316
고추,2022-01-09,4.30398
고추,2022-01-10,3.70119
고추,2022-01-11,3.8533
고추,2022-01-12,3.94907
고추,2022-01-13,4.09554
고추,2022-01-14,3.8195
고추,2022-01-15,3.49276
고추,2022-01-16,3.8026
고추,2022-01-17,3.904
고추,2022-01-18,4.06174
고추,2022-01-19,3.71246
고추,2022-01-20,3.93217
고추,2022-01-21,3.7181
고추,2022-01-22,3.72936
고추,2022-01-23,4.29271
고추,2022-01-24,4.0223
고추,2022-01-25,4.06737
고추,2022-01-26,4.0223
고추,2022-01-27,3.8026
고추,2022-01-28,3.59416
고추,2022-01-29,3.52092
고추,2022-01-30,4.0561
고추,2022-01-31,3.47586
고추,2022-02-01,3.39699
고추,2022-02-02,3.86457
고추,2022-02-03,4.20821
고추,2022-02-04,3.67866
고추,2022-02-05,4.08427
고추,2022-02-06,4.30398
고추,2022-02-07,4.0392
고추,2022-02-08,3.66176
고추,2022-02-09,3.72373
고추,2022-02-10,4.27018
고추,2022-02-11,4.073
고추,2022-02-12,3.82513
고추,2022-02-13,4.43355
고추,2022-02-14,3.7181
고추,2022-02-15,3.92653
고추,2022-02-16,4.18567
고추,2022-02-17,3.96597
고추,2022-02-18,3.90963
고추,2022-02-19,3.94343
고추,2022-02-20,4.41101
고추,2022-02-21,4.03357
고추,2022-02-22,4.36031
고추,2022-02-23,4.12371
고추,2022-02-24,3.66176
고추,2022-02-25,3.72373
고추,2022-02-26,3.94907
고추,2022-02-27,3.75753
고추,2022-02-28,3.80823
고추,2022-03-01,3.8364
고추,2022-03-02,3.23362
고추,2022-03-03,3.58289
고추,2022-03-04,3.94907
고추,2022-03-05,3.8195
고추,2022-03-06,4.10681
고추,2022-03-07,3.35755
고추,2022-03-08,3.59979
고추,2022-03-09,3.66739
고추,2022-03-10,3.22235
고추,2022-03-11,4.09554
고추,2022-03-12,4.11244
고추,2022-03-13,4.55748
고추,2022-03-14,4.23638
고추,2022-03-15,3.87583
고추,2022-03-16,3.9885
고추,2022-03-17,4.16314
고추,2022-03-18,4.03357
고추,2022-03-19,4.60819
고추,2022-03-20,4.69269
고추,2022-03-21,4.07864
고추,2022-03-22,4.15187
고추,2022-03-23,4.36595
고추,2022-03-24,4.07864
고추,2022-03-25,3.94907
고추,2022-03-26,4.58565
고추,2022-03-27,4.87296
고추,2022-03-28,4.12934
고추,2022-03-29,4.58565
고추,2022-03-30,4.24764
고추,2022-03-31,4.20258
고추,2022-04-01,4.35468
고추,2022-04-02,4.56312
고추,2022-04-03,5.10393
고추,2022-04-04,5.21097
고추,2022-04-05,5.18844
고추,2022-04-06,4.68705
고추,2022-04-07,4.82789
고추,2022-04-08,5.12083
고추,2022-04-09,5.61658
고추,2022-04-10,6.11796
고추,2022-04-11,5.70108
고추,2022-04-12,6.25316
고추,2022-04-13,5.82502
고추,2022-04-14,5.56025
고추,2022-04-15,6.51794
고추,2022-04-16,7.22776
고추,2022-04-17,8.08405
고추,2022-04-18,7.47
고추,2022-04-19,7.45873
고추,2022-04-20,6.70384
고추,2022-04-21,7.63337
고추,2022-04-22,7.06439
고추,2022-04-23,9.93183
고추,2022-04-24,9.46988
고추,2022-04-25,8.19108
고추,2022-04-26,8.46712
고추,2022-04-27,8.19108
고추,2022-04-28,7.96011
고추,2022-04-29,7.84744
고추,2022-04-30,9.48115
고추,2022-05-01,9.12624
고추,2022-05-02,7.82491
고추,2022-05-03,7.5883
고추,2022-05-04,6.88411
고추,2022-05-05,8.07841
고추,2022-05-06,7.6559
고추,2022-05-07,10.18534
고추,2022-05-08,11.1712
고추,2022-05-09,7.92068
고추,2022-05-10,7.86434
고추,2022-05-11,8.57416
고추,2022-05-12,9.00794
고추,2022-05-13,8.74316
고추,2022-05-14,9.26145
고추,2022-05-15,9.62762
고추,2022-05-16,8.47276
고추,2022-05-17,7.62773
고추,2022-05-18,8.56853
고추,2022-05-19,9.25018
고추,2022-05-20,8.25305
고추,2022-05-21,8.68683
고추,2022-05-22,9.11497
고추,2022-05-23,7.80237
고추,2022-05-24,7.44183
고추,2022-05-25,7.7573
고추,2022-05-26,7.83054
고추,2022-05-27,6.95735
고추,2022-05-28,8.34882
고추,2022-05-29,8.90654
고추,2022-05-30,8.6643
고추,2022-05-31,7.30663
고추,2022-06-01,8.38262
고추,2022-06-02,7.07002
고추,2022-06-03,7.38549
고추,2022-06-04,9.14314
고추,2022-06-05,9.40228
고추,2022-06-06,9.49242
고추,2022-06-07,7.77984
고추,2022-06-08,9.00794
고추,2022-06-09,8.72063
고추,2022-06-10,7.94884
고추,2022-06-11,8.55726
고추,2022-06-12,9.46988
고추,2022-06-13,8.31502
고추,2022-06-14,7.97138
고추,2022-06-15,7.44183
고추,2022-06-16,8.15728
고추,2022-06-17,8.08405
고추,2022-06-18,8.96287
고추,2022-06-19,8.7995
고추,2022-06-20,7.27282
고추,2022-06-21,6.92918
고추,2022-06-22,6.35457
고추,2022-06-23,6.27006
고추,2022-06-24,7.16579
고추,2022-06-25,7.37423
고추,2022-06-26,8.38262
고추,2022-06-27,6.3095
고추,2022-06-28,6.80525
고추,2022-06-29,6.56864
고추,2022-06-30,5.49264
고추,2022-07-01,5.64475
고추,2022-07-02,6.12359
고추,2022-07-03,6.56864
고추,2022-07-04,6.34893
고추,2022-07-05,5.97149
고추,2022-07-06,6.43344
고추,2022-07-07,6.64187
고추,2022-07-08,6.67004
고추,2022-07-09,6.97425
고추,2022-07-10,6.54611
고추,2022-07-11,6.36583
고추,2022-07-12,7.56013
고추,2022-07-13,5.96022
고추,2022-07-14,6.71511
고추,2022-07-15,6.64187
고추,2022-07-16,7.44746
고추,2022-07-17,8.25868
고추,2022-07-18,6.78834
고추,2022-07-19,7.14889
고추,2022-07-20,7.07002
고추,2022-07-21,7.5376
고추,2022-07-22,7.82491
고추,2022-07-23,8.13475
고추,2022-07-24,8.60233
고추,2022-07-25,7.10945
고추,2022-07-26,7.39676
고추,2022-07-27,7.4193
고추,2022-07-28,7.56013
고추,2022-07-29,7.00805
고추,2022-07-30,7.57703
고추,2022-07-31,7.31226
고추,2022-08-01,7.53197
고추,2022-08-02,7.52633
고추,2022-08-03,7.64463
고추,2022-08-04,7.23339
고추,2022-08-05,6.94045
고추,2022-08-06,7.90941
고추,2022-08-07,8.13475
고추,2022-08-08,7.24466
고추,2022-08-09,7.37423
고추,2022-08-10,8.25868
고추,2022-08-11,7.5714
고추,2022-08-12,7.6559
고추,2022-08-13,7.71224
고추,2022-08-14,8.44459
고추,2022-08-15,8.29249
고추,2022-08-16,8.32065
고추,2022-08-17,8.6812
고추,2022-08-18,8.75443
고추,2022-08-19,7.51506
고추,2022-08-20,8.22488
고추,2022-08-21,8.46712
고추,2022-08-22,8.55163
고추,2022-08-23,8.61359
고추,2022-08-24,8.45022
고추,2022-08-25,9.21074
고추,2022-08-26,9.12061
고추,2022-08-27,8.51219
고추,2022-08-28,9.28961
고추,2022-08-29,8.11221
고추,2022-08-30,7.56577
고추,2022-08-31,8.00518
고추,2022-09-01,7.94884
고추,2022-09-02,7.02495
고추,2022-09-03,7.72914
고추,2022-09-04,7.89814
고추,2022-09-05,5.60531
고추,2022-09-06,6.59117
고추,2022-09-07,6.4954
고추,2022-09-08,5.84755
고추,2022-09-09,6.27006
고추,2022-09-10,9.37411
고추,2022-09-11,8.37699
고추,2022-09-12,8.34882
고추,2022-09-13,7.93194
고추,2022-09-14,8.26995
고추,2022-09-15,7.19959
고추,2022-09-16,7.31226
고추,2022-09-17,6.99115
고추,2022-09-18,7.71224
고추,2022-09-19,7.27282
고추,2022-09-20,7.59393
고추,2022-09-21,6.75454
고추,2022-09-22,6.5123
고추,2022-09-23,6.05036
고추,2022-09-24,6.5123
고추,2022-09-25,7.83054
고추,2022-09-26,7.09819
고추,2022-09-27,6.10106
고추,2022-09-28,6.55174
고추,2022-09-29,6.21936
고추,2022-09-30,6.10669
고추,2022-10-01,6.50667
고추,2022-10-02,6.86721
고추,2022-10-03,7.22212
고추,2022-10-04,6.3433
고추,2022-10-05,6.38837
고추,2022-10-06,6.60244
고추,2022-10-07,5.90389
고추,2022-10-08,5.88699
고추,2022-10-09,6.07289
고추,2022-10-10,6.42217
고추,2022-10-11,5.81375
고추,2022-10-12,5.49828
고추,2022-10-13,5.48138
고추,2022-10-14,5.68418
고추,2022-10-15,6.29823
고추,2022-10-16,6.5123
고추,2022-10-17,5.88135
고추,2022-10-18,5.56025
고추,2022-10-19,5.52081
고추,2022-10-20,5.28984
고추,2022-10-21,5.48138
고추,2022-10-22,5.53208
고추,2022-10-23,5.81375
고추,2022-10-24,5.39687
고추,2022-10-25,5.2842
고추,2022-10-26,5.24477
고추,2022-10-27,5.10957
고추,2022-10-28,5.10393
고추,2022-10-29,5.41941
고추,2022-10-30,4.94056
고추,2022-10-31,4.67015
고추,2022-11-01,4.9631
고추,2022-11-02,4.62509
고추,2022-11-03,5.1152
고추,2022-11-04,4.58002
고추,2022-11-05,4.87296
고추,2022-11-06,5.0307
고추,2022-11-07,4.78282
고추,2022-11-08,4.51805
고추,2022-11-09,4.72086
고추,2022-11-10,4.64199
고추,2022-11-11,4.08991
고추,2022-11-12,4.49552
고추,2022-11-13,4.92929
고추,2022-11-14,4.44482
고추,2022-11-15,4.74902
고추,2022-11-16,4.43918
고추,2022-11-17,4.21948
고추,2022-11-18,4.51805
고추,2022-11-19,4.22511
고추,2022-11-20,4.62509
고추,2022-11-21,4.61382
고추,2022-11-22,4.65889
고추,2022-11-23,4.26454
고추,2022-11-24,4.41101
고추,2022-11-25,4.07864
고추,2022-11-26,4.36595
고추,2022-11-27,4.76592
고추,2022-11-28,3.79696
고추,2022-11-29,4.23074
고추,2022-11-30,3.92653
고추,2022-12-01,3.44205
고추,2022-12-02,3.74063
고추,2022-12-03,3.67866
고추,2022-12-04,4.87296
고추,2022-12-05,3.72936
고추,2022-12-06,3.63923
고추,2022-12-07,3.76316
고추,2022-12-08,3.75753
고추,2022-12-09,3.70683
고추,2022-12-10,4.0392
고추,2022-12-11,4.38848
고추,2022-12-12,3.7688
고추,2022-12-13,3.55472
고추,2022-12-14,3.63359
고추,2022-12-15,3.68429
고추,2022-12-16,3.35192
고추,2022-12-17,3.27305
고추,2022-12-18,3.56036
고추,2022-12-19,3.45332
고추,2022-12-20,3.23925
고추,2022-12-21,3.03644
고추,2022-12-22,2.99138
고추,2022-12-23,3.16038
고추,2022-12-24,3.63359
고추,2022-12-25,3.68429
고추,2022-12-26,3.33502
고추,2022-12-27,3.45332
고추,2022-12-28,3.44205
고추,2022-12-29,4.12371
고추,2022-12-30,3.54909
고추,2022-12-31,3.50966
고추,2023-01-01,3.39135
고추,2023-01-02,3.41389
고추,2023-01-03,3.7519
고추,2023-01-04,3.49276
고추,2023-01-05,3.44205
고추,2023-01-06,3.49839
고추,2023-01-07,3.83077
고추,2023-01-08,4.07864
고추,2023-01-09,3.85893
고추,2023-01-10,3.94907
고추,2023-01-11,3.78006
고추,2023-01-12,4.08991
고추,2023-01-13,4.04484
고추,2023-01-14,3.85893
고추,2023-01-15,3.92653
고추,2023-01-16,3.80823
고추,2023-01-17,3.61669
고추,2023-01-18,3.85893
고추,2023-01-19,3.72936
고추,2023-01-20,3.63923
고추,2023-01-21,3.58289
고추,2023-01-22,3.25052
고추,2023-01-23,3.48712
고추,2023-01-24,3.61106
고추,2023-01-25,4.18004
고추,2023-01-26,4.15187
고추,2023-01-27,3.38572
고추,2023-01-28,3.8026
고추,2023-01-29,3.89273
고추,2023-01-30,3.99977
고추,2023-01-31,3.57162
고추,2023-02-01,3.9885
고추,2023-02-02,3.9716
고추,2023-02-03,4.07864
고추,2023-02-04,3.63923
고추,2023-02-05,3.96034
고추,2023-02-06,3.8026
고추,2023-02-07,3.93217
고추,2023-02-08,4.27018
고추,2023-02-09,4.06174
고추,2023-02-10,3.93217
고추,2023-02-11,4.17441
고추,2023-02-12,4.06737
고추,2023-02-13,4.54622
고추,2023-02-14,4.36595
고추,2023-02-15,4.21384
고추,2023-02-16,4.19131
고추,2023-02-17,4.11807
고추,2023-02-18,4.12371
고추,2023-02-19,4.42228
고추,2023-02-20,4.68705
고추,2023-02-21,4.70959
고추,2023-02-22,4.43918
고추,2023-02-23,4.53495
고추,2023-02-24,4.64199
고추,2023-02-25,4.23074
고추,2023-02-26,4.28144
고추,2023-02-27,4.15751
고추,2023-02-28,3.94343
고추,2023-03-01,4.41101
고추,2023-03-02,3.86457
고추,2023-03-03,3.78006
고추,2023-03-04,4.16877
고추,2023-03-05,4.78846
고추,2023-03-06,4.32651
고추,2023-03-07,3.93217
고추,2023-03-08,4.13497
고추,2023-03-09,4.21948
고추,2023-03-10,4.09554
고추,2023-03-11,4.50678
고추,2023-03-12,5.48701
고추,2023-03-13,4.52932
고추,2023-03-14,4.72086
고추,2023-03-15,4.46172
고추,2023-03-16,4.41665
고추,2023-03-17,4.21384
고추,2023-03-18,4.55748
고추,2023-03-19,4.32651
고추,2023-03-20,4.34341
고추,2023-03-21,4.05047
고추,2023-03-22,4.34905
고추,2023-03-23,3.9378
고추,2023-03-24,4.48988
고추,2023-03-25,4.65325
고추,2023-03-26,5.21097
고추,2023-03-27,5.00816
고추,2023-03-28,4.65325
고추,2023-03-29,4.70396
고추,2023-03-30,5.00253
고추,2023-03-31,4.74339
고추,2023-04-01,5.41941
고추,2023-04-02,5.87009
고추,2023-04-03,5.39124
고추,2023-04-04,6.14613
고추,2023-04-05,5.35744
고추,2023-04-06,5.81375
고추,2023-04-07,5.93769
고추,2023-04-08,6.57427
고추,2023-04-09,7.21649
고추,2023-04-10,6.72638
고추,2023-04-11,5.85882
고추,2023-04-12,5.97712
고추,2023-04-13,6.81088
고추,2023-04-14,6.91792
고추,2023-04-15,7.35169
고추,2023-04-16,8.10658
고추,2023-04-17,7.42493
고추,2023-04-18,6.76018
고추,2023-04-19,7.21649
고추,2023-04-20,6.94045
고추,2023-04-21,7.81927
고추,2023-04-22,9.70086
고추,2023-04-23,10.2304
고추,2023-04-24,8.45586
고추,2023-04-25,5.96586
고추,2023-04-26,7.39113
고추,2023-04-27,7.85871
고추,2023-04-28,7.58267
고추,2023-04-29,6.95735
고추,2023-04-30,9.95436
고추,2023-05-01,8.99667
고추,2023-05-02,8.68683
고추,2023-05-03,8.12348
고추,2023-05-04,8.03898
고추,2023-05-05,6.59117
고추,2023-05-06,6.5292
고추,2023-05-07,8.884
고추,2023-05-08,8.09531
고추,2023-05-09,8.70373
고추,2023-05-10,8.43332
고추,2023-05-11,8.66993
고추,2023-05-12,9.88113
고추,2023-05-13,10.06703
고추,2023-05-14,10.55151
고추,2023-05-15,8.7488
고추,2023-05-16,7.7742
고추,2023-05-17,7.86434
고추,2023-05-18,8.15728
고추,2023-05-19,8.95724
고추,2023-05-20,9.86423
고추,2023-05-21,10.87262
고추,2023-05-22,9.28398
고추,2023-05-23,8.56853
고추,2023-05-24,9.22764
고추,2023-05-25,7.5714
고추,2023-05-26,8.59669
고추,2023-05-27,9.17131
고추,2023-05-28,7.83617
고추,2023-05-29,8.6643
고추,2023-05-30,8.67556
고추,2023-05-31,8.56289
고추,2023-06-01,8.86147
고추,2023-06-02,8.69246
고추,2023-06-03,8.28122
고추,2023-06-04,9.85296
고추,2023-06-05,8.63049
고추,2023-06-06,10.39378
고추,2023-06-07,9.0023
고추,2023-06-08,9.26145
고추,2023-06-09,7.59393
고추,2023-06-10,9.45298
고추,2023-06-11,9.76846
고추,2023-06-12,8.49529
고추,2023-06-13,8.23615
고추,2023-06-14,7.66154
고추,2023-06-15,8.30375
고추,2023-06-16,7.14889
고추,2023-06-17,8.31502
고추,2023-06-18,8.09531
고추,2023-06-19,6.82778
고추,2023-06-20,8.19672
고추,2023-06-21,7.5038
고추,2023-06-22,8.39389
고추,2023-06-23,7.80801
고추,2023-06-24,8.08968
고추,2023-06-25,8.20798
고추,2023-06-26,6.66441
고추,2023-06-27,7.4193
고추,2023-06-28,7.21086
고추,2023-06-29,6.4278
고추,2023-06-30,6.59117
고추,2023-07-01,7.14325
고추,2023-07-02,8.30939
고추,2023-07-03,6.85031
고추,2023-07-04,6.95735
고추,2023-07-05,7.14325
고추,2023-07-06,6.95735
고추,2023-07-07,7.01368
고추,2023-07-08,8.25305
고추,2023-07-09,9.53749
고추,2023-07-10,6.54611
고추,2023-07-11,6.3771
고추,2023-07-12,6.79398
고추,2023-07-13,6.17993
고추,2023-07-14,5.31801
고추,2023-07-15,6.78271
고추,2023-07-16,7.5207
고추,2023-07-17,6.61371
고추,2023-07-18,6.75454
고추,2023-07-19,6.3433
고추,2023-07-20,6.51794
고추,2023-07-21,6.3095
고추,2023-07-22,7.37423
고추,2023-07-23,6.56864
고추,2023-07-24,6.48414
고추,2023-07-25,6.74328
고추,2023-07-26,6.96298
고추,2023-07-27,6.50104
고추,2023-07-28,6.72638
고추,2023-07-29,7.07002
고추,2023-07-30,7.37986
고추,2023-07-31,7.67844
고추,2023-08-01,7.18832
고추,2023-08-02,7.18269
고추,2023-08-03,7.27846
고추,2023-08-04,6.76581
고추,2023-08-05,7.07565
고추,2023-08-06,7.32353
고추,2023-08-07,7.03058
고추,2023-08-08,7.52633
고추,2023-08-09,7.34606
고추,2023-08-10,6.82215
고추,2023-08-11,6.99115
고추,2023-08-12,8.64176
고추,2023-08-13,8.78823
고추,2023-08-14,7.97138
고추,2023-08-15,8.72626
고추,2023-08-16,7.94321
고추,2023-08-17,8.43332
고추,2023-08-18,7.71224
고추,2023-08-19,7.26156
고추,2023-08-20,8.19672
고추,2023-08-21,7.45873
고추,2023-08-22,7.5883
고추,2023-08-23,6.84468
고추,2023-08-24,8.02771
고추,2023-08-25,7.85307
고추,2023-08-26,7.53197
고추,2023-08-27,8.12348
고추,2023-08-28,7.71224
고추,2023-08-29,7.08692
고추,2023-08-30,7.34043
고추,2023-08-31,7.99954
고추,2023-09-01,6.74328
고추,2023-09-02,7.64463
고추,2023-09-03,7.88687
고추,2023-09-04,6.97988
고추,2023-09-05,6.83905
고추,2023-09-06,6.59117
고추,2023-09-07,7.29536
고추,2023-09-08,6.56864
고추,2023-09-09,6.81088
고추,2023-09-10,7.46436
고추,2023-09-11,6.75454
고추,2023-09-12,7.04749
고추,2023-09-13,5.90389
고추,2023-09-14,6.86158
고추,2023-09-15,6.15176
고추,2023-09-16,5.90952
고추,2023-09-17,6.87848
고추,2023-09-18,6.33203
고추,2023-09-19,6.4278
고추,2023-09-20,5.12083
고추,2023-09-21,5.93769
고추,2023-09-22,5.52644
고추,2023-09-23,6.27006
고추,2023-09-24,6.53484
고추,2023-09-25,5.68982
고추,2023-09-26,4.54058
고추,2023-09-27,4.46735
고추,2023-09-28,5.91515
고추,2023-09-29,6.88975
고추,2023-09-30,6.60807
고추,2023-10-01,6.02219
고추,2023-10-02,6.04472
고추,2023-10-03,6.87285
고추,2023-10-04,5.89825
고추,2023-10-05,5.13773
고추,2023-10-06,5.52081
고추,2023-10-07,6.18556
고추,2023-10-08,7.27846
고추,2023-10-09,6.58554
고추,2023-10-10,5.81939
고추,2023-10-11,5.59405
고추,2023-10-12,5.66728
고추,2023-10-13,5.97712
고추,2023-10-14,5.53208
고추,2023-10-15,6.16866
고추,2023-10-16,5.1659
고추,2023-10-17,5.51518
고추,2023-10-18,5.52081
고추,2023-10-19,5.2842
고추,2023-10-20,4.64199
고추,2023-10-21,4.97436
고추,2023-10-22,5.88699
고추,2023-10-23,4.90676
고추,2023-10-24,4.82226
고추,2023-10-25,5.02506
고추,2023-10-26,4.98563
고추,2023-10-27,4.67579
고추,2023-10-28,4.9969
고추,2023-10-29,5.43067
고추,2023-10-30,5.04196
고추,2023-10-31,4.62509
고추,2023-11-01,4.63635
고추,2023-11-02,4.20821
고추,2023-11-03,3.99977
고추,2023-11-04,4.95183
고추,2023-11-05,4.87296
고추,2023-11-06,4.35468
고추,2023-11-07,4.25891
고추,2023-11-08,4.39411
고추,2023-11-09,4.42791
고추,2023-11-10,3.85893
고추,2023-11-11,4.14061
고추,2023-11-12,4.49552
고추,2023-11-13,4.0223
고추,2023-11-14,3.8702
고추,2023-11-15,3.69556
고추,2023-11-16,3.98287
고추,2023-11-17,3.62233
고추,2023-11-18,3.8702
고추,2023-11-19,3.7519
고추,2023-11-20,3.7519
고추,2023-11-21,3.72373
고추,2023-11-22,3.8364
고추,2023-11-23,3.88147
고추,2023-11-24,3.51529
고추,2023-11-25,3.60543
고추,2023-11-26,3.75753
고추,2023-11-27,3.63359
고추,2023-11-28,3.14911
고추,2023-11-29,3.40825
고추,2023-11-30,3.40262
고추,2023-12-01,3.23925
고추,2023-12-02,3.74626
고추,2023-12-03,3.9547
고추,2023-12-04,3.35192
고추,2023-12-05,3.35755
고추,2023-12-06,3.51529
고추,2023-12-07,3.10968
고추,2023-12-08,3.23362
고추,2023-12-09,3.57726
고추,2023-12-10,3.37445
고추,2023-12-11,3.56036
고추,2023-12-12,3.25615
고추,2023-12-13,2.98574
고추,2023-12-14,3.10968
고추,2023-12-15,3.16601
고추,2023-12-16,3.20545
고추,2023-12-17,3.03644
고추,2023-12-18,3.07024
고추,2023-12-19,2.58013
고추,2023-12-20,2.97448
고추,2023-12-21,3.18291
고추,2023-12-22,2.87871
고추,2023-12-23,3.06461
고추,2023-12-24,3.28995
고추,2023-12-25,2.90124
고추,2023-12-26,2.91251
고추,2023-12-27,2.83927
고추,2023-12-28,2.7942
고추,2023-12-29,2.99701
고추,2023-12-30,2.98011
고추,2023-12-31,3.19418
고추,2024-01-01,3.19981
고추,2024-01-02,3.18855
고추,2024-01-03,3.30685
고추,2024-01-04,2.97448
고추,2024-01-05,3.23925
고추,2024-01-06,3.27305
고추,2024-01-07,3.31812
고추,2024-01-08,3.05898
고추,2024-01-09,3.39699
고추,2024-01-10,3.65613
고추,2024-01-11,3.48149
고추,2024-01-12,3.33502
고추,2024-01-13,3.09841
고추,2024-01-14,3.904
고추,2024-01-15,3.34065
고추,2024-01-16,3.44205
고추,2024-01-17,3.51529
고추,2024-01-18,3.45896
고추,2024-01-19,3.59416
고추,2024-01-20,3.34065
고추,2024-01-21,3.66739
고추,2024-01-22,3.36882
고추,2024-01-23,3.44205
고추,2024-01-24,3.15475
고추,2024-01-25,3.33502
고추,2024-01-26,3.08151
고추,2024-01-27,3.40825
고추,2024-01-28,3.59979
고추,2024-01-29,3.47586
고추,2024-01-30,3.8364
고추,2024-01-31,3.58853
고추,2024-02-01,3.16038
고추,2024-02-02,3.17728
고추,2024-02-03,3.34065
고추,2024-02-04,3.54909
고추,2024-02-05,3.44769
고추,2024-02-06,3.36319
고추,2024-02-07,2.90687
고추,2024-02-08,3.03081
고추,2024-02-09,3.07588
고추,2024-02-10,2.92941
고추,2024-02-11,3.32375
고추,2024-02-12,3.62233
고추,2024-02-13,3.77443
고추,2024-02-14,3.64486
고추,2024-02-15,3.9378
고추,2024-02-16,3.67866
고추,2024-02-17,3.31248
고추,2024-02-18,3.85893
고추,2024-02-19,3.54346
고추,2024-02-20,3.85893
고추,2024-02-21,3.91527
고추,2024-02-22,3.39135
고추,2024-02-23,3.48149
고추,2024-02-24,3.70119
고추,2024-02-25,3.58853
고추,2024-02-26,3.56036
고추,2024-02-27,3.77443
고추,2024-02-28,3.71246
고추,2024-02-29,3.44769
고추,2024-03-01,3.31812
고추,2024-03-02,3.66739
고추,2024-03-03,3.8364
고추,2024-03-04,3.35192
고추,2024-03-05,3.52656
고추,2024-03-06,3.50402
고추,2024-03-07,3.59979
고추,2024-03-08,3.51529
고추,2024-03-09,4.06737
고추,2024-03-10,4.23638
고추,2024-03-11,3.44769
고추,2024-03-12,3.68993
고추,2024-03-13,3.70683
고추,2024-03-14,3.69556
고추,2024-03-15,3.8702
고추,2024-03-16,4.31524
고추,2024-03-17,4.27018
고추,2024-03-18,4.34905
고추,2024-03-19,3.75753
고추,2024-03-20,3.79696
고추,2024-03-21,3.19418
고추,2024-03-22,3.68429
고추,2024-03-23,3.7688
고추,2024-03-24,4.22511
고추,2024-03-25,4.23074
고추,2024-03-26,3.88147
고추,2024-03-27,4.12371
고추,2024-03-28,3.72373
고추,2024-03-29,3.67866
고추,2024-03-30,3.69556
고추,2024-03-31,4.34905
고추,2024-04-01,3.94907
고추,2024-04-02,3.91527
고추,2024-04-03,3.7688
고추,2024-04-04,3.83077
고추,2024-04-05,4.19694
고추,2024-04-06,3.92653
고추,2024-04-07,16.25823
고추,2024-04-08,4.79409
고추,2024-04-09,4.11244
고추,2024-04-10,7.25592
고추,2024-04-11,6.2757
고추,2024-04-12,6.14049
고추,2024-04-13,7.25029
고추,2024-04-14,100
고추,2024-04-15,26.06613
고추,2024-04-16,19.89183
고추,2024-04-17,14.27525
고추,2024-04-18,9.27835
고추,2024-04-19,12.21339
고추,2024-04-20,10.21914
고추,2024-04-21,7.41366
고추,2024-04-22,6.37147
고추,2024-04-23,5.71235
고추,2024-04-24,6.23063
고추,2024-04-25,5.78558
고추,2024-04-26,5.43631
고추,2024-04-27,8.05025
고추,2024-04-28,6.57427
고추,2024-04-29,5.39687
고추,2024-04-30,5.62785
고추,2024-05-01,5.50391
고추,2024-05-02,5.2673
고추,2024-05-03,5.40251
고추,2024-05-04,5.70108
고추,2024-05-05,5.2673
고추,2024-05-06,5.94332
고추,2024-05-07,5.16027
고추,2024-05-08,5.27294
고추,2024-05-09,5.72362
고추,2024-05-10,5.76868
고추,2024-05-11,5.50391
고추,2024-05-12,6.4278
고추,2024-05-13,6.01656
고추,2024-05-14,5.93206
고추,2024-05-15,5.70108
고추,2024-05-16,5.37997
고추,2024-05-17,5.66165
고추,2024-05-18,5.58841
고추,2024-05-19,6.05599
고추,2024-05-20,6.70948
고추,2024-05-21,6.03346
고추,2024-05-22,6.08979
고추,2024-05-23,6.08416
고추,2024-05-24,5.74615
고추,2024-05-25,6.57991
고추,2024-05-26,6.26443
고추,2024-05-27,6.09543
고추,2024-05-28,6.225
고추,2024-05-29,5.32364
고추,2024-05-30,6.54611
고추,2024-05-31,5.97712
고추,2024-06-01,5.98276
고추,2024-06-02,7.16579
고추,2024-06-03,5.87009
고추,2024-06-04,6.08416
고추,2024-06-05,6.16866
고추,2024-06-06,6.65877
고추,2024-06-07,6.33203
고추,2024-06-08,11.374
고추,2024-06-09,6.4447
고추,2024-06-10,6.07853
고추,2024-06-11,5.49264
고추,2024-06-12,5.88699
고추,2024-06-13,5.47011
고추,2024-06-14,5.20534
고추,2024-06-15,6.04472
고추,2024-06-16,5.96586
고추,2024-06-17,6.16303
고추,2024-06-18,5.47011
고추,2024-06-19,5.1997
고추,2024-06-20,5.22224
고추,2024-06-21,5.01943
고추,2024-06-22,5.12647
고추,2024-06-23,6.14049
고추,2024-06-24,5.79122
고추,2024-06-25,5.61095
고추,2024-06-26,8.97414
고추,2024-06-27,6.12359
고추,2024-06-28,5.17717
고추,2024-06-29,5.30674
고추,2024-06-30,6.2081
고추,2024-07-01,5.38561
고추,2024-07-02,5.07577
고추,2024-07-03,5.85319
고추,2024-07-04,5.2673
고추,2024-07-05,5.84755
고추,2024-07-06,6.33203
고추,2024-07-07,6.3602
고추,2024-07-08,5.12083
고추,2024-07-09,5.25604
고추,2024-07-10,5.52644
고추,2024-07-11,6.1912
고추,2024-07-12,6.19683
고추,2024-07-13,6.33767
고추,2024-07-14,5.90952
고추,2024-07-15,5.43631
고추,2024-07-16,5.41941
고추,2024-07-17,6.06163
고추,2024-07-18,5.50954
고추,2024-07-19,5.67291
고추,2024-07-20,5.86445
고추,2024-07-21,5.81375
고추,2024-07-22,5.54898
고추,2024-07-23,5.75742
고추,2024-07-24,5.18844
고추,2024-07-25,5.48701
고추,2024-07-26,5.23914
고추,2024-07-27,5.60531
고추,2024-07-28,5.59968
고추,2024-07-29,5.79122
고추,2024-07-30,5.58278
고추,2024-07-31,5.80812
고추,2024-08-01,5.24477
고추,2024-08-02,5.62221
고추,2024-08-03,5.59405
고추,2024-08-04,6.11233
고추,2024-08-05,10.88389
고추,2024-08-06,6.10669
고추,2024-08-07,6.29823
고추,2024-08-08,6.02782
고추,2024-08-09,5.76868
고추,2024-08-10,6.06726
고추,2024-08-11,6.42217
고추,2024-08-12,6.23626
고추,2024-08-13,6.50667
고추,2024-08-14,6.3771
고추,2024-08-15,11.86412
고추,2024-08-16,6.35457
고추,2024-08-17,6.11233
고추,2024-08-18,6.62497
고추,2024-08-19,6.75454
고추,2024-08-20,6.2588
고추,2024-08-21,6.48414
고추,2024-08-22,11.26133
고추,2024-08-23,11.36837
고추,2024-08-24,12.64154
고추,2024-08-25,7.21086
고추,2024-08-26,8.52909
고추,2024-08-27,7.76857
고추,2024-08-28,6.53484
고추,2024-08-29,6.83341
고추,2024-08-30,5.94896
고추,2024-08-31,6.4447
고추,2024-09-01,6.3602
고추,2024-09-02,6.07853
고추,2024-09-03,6.394
고추,2024-09-04,5.88699
고추,2024-09-05,5.70672
고추,2024-09-06,5.43631
고추,2024-09-07,5.68418
고추,2024-09-08,5.88699
고추,2024-09-09,5.37997
고추,2024-09-10,4.97436
고추,2024-09-11,4.50115
고추,2024-09-12,4.56875
고추,2024-09-13,4.38848
고추,2024-09-14,4.65889
고추,2024-09-15,5.2166
고추,2024-09-16,5.69545
고추,2024-09-17,6.74891
고추,2024-09-18,8.50656
고추,2024-09-19,5.35744
고추,2024-09-20,4.98563
고추,2024-09-21,5.58841
고추,2024-09-22,6.3264
고추,2024-09-23,5.45884
고추,2024-09-24,5.70672
고추,2024-09-25,5.48138
고추,2024-09-26,5.83065
고추,2024-09-27,5.68982
고추,2024-09-28,5.53208
고추,2024-09-29,5.99402
고추,2024-09-30,5.0307
고추,2024-10-01,5.97149
고추,2024-10-02,4.75466
고추,2024-10-03,7.12635
고추,2024-10-04,5.03633
고추,2024-10-05,5.66165
고추,2024-10-06,6.02782
고추,2024-10-07,5.19407
고추,2024-10-08,5.37434
고추,2024-10-09,5.77432
고추,2024-10-10,5.37997
고추,2024-10-11,5.18844
고추,2024-10-12,5.46448
고추,2024-10-13,6.10106
고추,2024-10-14,4.86169
고추,2024-10-15,4.51805
고추,2024-10-16,5.20534
고추,2024-10-17,5.2166
고추,2024-10-18,4.54058
고추,2024-10-19,5.02506
고추,2024-10-20,5.67855
고추,2024-10-21,4.89549
고추,2024-10-22,4.58565
고추,2024-10-23,4.50115
고추,2024-10-24,4.92929
고추,2024-10-25,4.08427
고추,2024-10-26,4.72086
고추,2024-10-27,5.18844
고추,2024-10-28,4.52368
고추,2024-10-29,4.28144
고추,2024-10-30,4.72086
고추,2024-10-31,4.41665
고추,2024-11-01,4.05047
고추,2024-11-02,4.23074
고추,2024-11-03,4.67579
고추,2024-11-04,4.21948
고추,2024-11-05,3.97724
고추,2024-11-06,3.8871
고추,2024-11-07,3.87583
고추,2024-11-08,4.0054
고추,2024-11-09,3.92653
고추,2024-11-10,4.22511
고추,2024-11-11,3.9716
고추,2024-11-12,3.70683
고추,2024-11-13,3.58853
고추,2024-11-14,3.72373
고추,2024-11-15,3.7857
고추,2024-11-16,3.87583
고추,2024-11-17,3.88147
고추,2024-11-18,3.28995
고추,2024-11-19,3.7181
고추,2024-11-20,4.06737
고추,2024-11-21,3.89837
고추,2024-11-22,3.70683
고추,2024-11-23,3.20545
고추,2024-11-24,3.64486
고추,2024-11-25,3.54909
고추,2024-11-26,3.18291
고추,2024-11-27,2.79984
고추,2024-11-28,3.12095
고추,2024-11-29,3.03081
고추,2024-11-30,3.22798
고추,2024-12-01,4.04484
고추,2024-12-02,3.47586
고추,2024-12-03,3.16038
고추,2024-12-04,2.85617
고추,2024-12-05,3.20545
고추,2024-12-06,2.97448
고추,2024-12-07,2.99138
고추,2024-12-08,2.92941
고추,2024-12-09,3.03081
고추,2024-12-10,2.91251
고추,2024-12-11,2.89561
고추,2024-12-12,2.91814
고추,2024-12-13,2.80547
고추,2024-12-14,3.30685
고추,2024-12-15,2.98574
고추,2024-12-16,3.04208
고추,2024-12-17,2.8111
고추,2024-12-18,3.01954
고추,2024-12-19,2.61957
고추,2024-12-20,2.84491
고추,2024-12-21,3.08715
고추,2024-12-22,2.91251
고추,2024-12-23,2.68153
고추,2024-12-24,2.36043
고추,2024-12-25,2.51253
고추,2024-12-26,2.5914
고추,2024-12-27,2.41676
고추,2024-12-28,2.73224
고추,2024-12-29,2.59703
고추,2024-12-30,2.19705
고추,2024-12-31,2.58576
고추,2025-01-01,2.97448
고추,2025-01-02,2.63083
고추,2025-01-03,2.659
고추,2025-01-04,3.14911
고추,2025-01-05,2.7773
고추,2025-01-06,2.46183
고추,2025-01-07,2.91814
고추,2025-01-08,3.03081
고추,2025-01-09,3.19418
고추,2025-01-10,2.91814
고추,2025-01-11,2.80547
고추,2025-01-12,2.99701
고추,2025-01-13,3.00264
고추,2025-01-14,2.92377
고추,2025-01-15,2.91251
고추,2025-01-16,3.08151
고추,2025-01-17,2.83927
고추,2025-01-18,2.93504
고추,2025-01-19,2.98574
고추,2025-01-20,3.03081
고추,2025-01-21,2.61957
고추,2025-01-22,2.86181
고추,2025-01-23,2.87307
고추,2025-01-24,2.75477
고추,2025-01-25,2.7773
고추,2025-01-26,2.64773
고추,2025-01-27,2.99701
고추,2025-01-28,3.14911
고추,2025-01-29,8.21925
고추,2025-01-30,2.79984
고추,2025-01-31,2.94631
고추,2025-02-01,3.10405
고추,2025-02-02,2.90124
고추,2025-02-03,3.22798
고추,2025-02-04,2.91814
고추,2025-02-05,2.7435
고추,2025-02-06,2.78857
고추,2025-02-07,2.56323
고추,2025-02-08,2.84491
고추,2025-02-09,3.16038
고추,2025-02-10,2.97448
고추,2025-02-11,2.86181
고추,2025-02-12,2.78857
고추,2025-02-13,2.86744
고추,2025-02-14,3.00264
고추,2025-02-15,2.80547
고추,2025-02-16,2.7435
고추,2025-02-17,2.89561
고추,2025-02-18,2.92941
고추,2025-02-19,2.94067
고추,2025-02-20,2.99701
고추,2025-02-21,3.03081
고추,2025-02-22,3.07588
고추,2025-02-23,3.30685
고추,2025-02-24,2.90687
고추,2025-02-25,2.81674
고추,2025-02-26,2.68717
고추,2025-02-27,2.84491
고추,2025-02-28,2.82237
고추,2025-03-01,2.96884
고추,2025-03-02,3.52092
고추,2025-03-03,3.61106
고추,2025-03-04,2.85054
고추,2025-03-05,2.88997
고추,2025-03-06,2.56886
고추,2025-03-07,5.73488
고추,2025-03-08,4.01104
고추,2025-03-09,3.63923
고추,2025-03-10,2.94067
고추,2025-03-11,3.04771
고추,2025-03-12,2.828
고추,2025-03-13,3.08151
고추,2025-03-14,2.659
고추,2025-03-15,2.92941
고추,2025-03-16,3.40262
고추,2025-03-17,3.21672
고추,2025-03-18,3.12095
고추,2025-03-19,2.71533
고추,2025-03-20,2.78857
고추,2025-03-21,2.79984
고추,2025-03-22,3.29558
고추,2025-03-23,3.31248
고추,2025-03-24,3.07588
고추,2025-03-25,3.07024
고추,2025-03-26,3.11531
고추,2025-03-27,4.67579
고추,2025-03-28,2.80547
고추,2025-03-29,3.23362
고추,2025-03-30,3.26178
고추,2025-03-31,3.16601
고추,2025-04-01,3.25052
고추,2025-04-02,3.16038
고추,2025-04-03,3.31812
고추,2025-04-04,3.38009
고추,2025-04-05,3.35755
고추,2025-04-06,3.49839
고추,2025-04-07,3.34629
고추,2025-04-08,3.35755
고추,2025-04-09,3.45896
고추,2025-04-10,3.22235
고추,2025-04-11,3.31812
고추,2025-04-12,3.87583
고추,2025-04-13,3.56599
고추,2025-04-14,4.41665
고추,2025-04-15,4.80536
고추,2025-04-16,5.47574
고추,2025-04-17,4.27018
고추,2025-04-18,3.55472
고추,2025-04-19,4.28708
고추,2025-04-20,4.35468
고추,2025-04-21,4.45045
고추,2025-04-22,3.83077
고추,2025-04-23,4.30961
고추,2025-04-24,3.98287
고추,2025-04-25,3.84767
고추,2025-04-26,4.13497
고추,2025-04-27,4.44482
고추,2025-04-28,3.9547
고추,2025-04-29,4.16314
고추,2025-04-30,4.06174
고추,2025-05-01,4.12934
고추,2025-05-02,4.0054
고추,2025-05-03,3.89273
고추,2025-05-04,4.79409
고추,2025-05-05,4.58565
고추,2025-05-06,6.96862
고추,2025-05-07,5.12083
고추,2025-05-08,6.03346
고추,2025-05-09,4.13497
고추,2025-05-10,5.58841
고추,2025-05-11,7.26156
고추,2025-05-12,5.86445
고추,2025-05-13,5.2673
고추,2025-05-14,4.83353
고추,2025-05-15,5.07013
고추,2025-05-16,4.73212
고추,2025-05-17,5.26167
고추,2025-05-18,5.33491
고추,2025-05-19,4.95746
고추,2025-05-20,5.03633
고추,2025-05-21,4.91239
고추,2025-05-22,5.26167
고추,2025-05-23,4.9969
고추,2025-05-24,4.96873
고추,2025-05-25,5.17153
고추,2025-05-26,4.83353
고추,2025-05-27,4.97436
고추,2025-05-28,4.92366
고추,2025-05-29,4.73776
고추,2025-05-30,4.74902
고추,2025-05-31,5.3011
고추,2025-06-01,5.08703
고추,2025-06-02,5.30674
고추,2025-06-03,4.80536
고추,2025-06-04,4.33215
고추,2025-06-05,4.48988
고추,2025-06-06,5.23914
고추,2025-06-07,5.64475
고추,2025-06-08,4.99126
고추,2025-06-09,4.65325
고추,2025-06-10,5.02506
고추,2025-06-11,4.79972
고추,2025-06-12,4.82226
고추,2025-06-13,4.91803
고추,2025-06-14,4.79409
고추,2025-06-15,5.17153
고추,2025-06-16,4.72649
고추,2025-06-17,5.1321
고추,2025-06-18,4.85606
고추,2025-06-19,5.34617
고추,2025-06-20,4.55185
고추,2025-06-21,5.84755
고추,2025-06-22,6.2588
고추,2025-06-23,4.76592
고추,2025-06-24,5.34054
고추,2025-06-25,5.29547
고추,2025-06-26,5.38561
고추,2025-06-27,5.22787
고추,2025-06-28,5.14337
고추,2025-06-29,5.00816
고추,2025-06-30,4.56312
고추,2025-07-01,4.30961
고추,2025-07-02,4.48425
고추,2025-07-03,4.073
고추,2025-07-04,4.74339
고추,2025-07-05,5.2842
고추,2025-07-06,5.33491
고추,2025-07-07,4.64762
고추,2025-07-08,4.61945
고추,2025-07-09,6.02782
고추,2025-07-10,6.88975
고추,2025-07-11,4.86733
고추,2025-07-12,4.85606
고추,2025-07-13,5.42504
고추,2025-07-14,5.2842
고추,2025-07-15,5.92642
고추,2025-07-16,4.81099
고추,2025-07-17,4.56312
고추,2025-07-18,4.69269
고추,2025-07-19,5.05323
고추,2025-07-20,5.80249
고추,2025-07-21,5.01943
고추,2025-07-22,4.88423
고추,2025-07-23,5.1659
고추,2025-07-24,5.1321
고추,2025-07-25,4.43355
고추,2025-07-26,4.43918
고추,2025-07-27,4.90113
고추,2025-07-28,4.80536
고추,2025-07-29,5.05886
고추,2025-07-30,5.19407
고추,2025-07-31,4.91239
고추,2025-08-01,5.47574
고추,2025-08-02,5.63348
고추,2025-08-03,5.98839
고추,2025-08-04,5.45321
고추,2025-08-05,5.86445
고추,2025-08-06,5.24477
고추,2025-08-07,5.44758
고추,2025-08-08,5.42504
고추,2025-08-09,6.40527
고추,2025-08-10,6.23626
고추,2025-08-11,5.89825
고추,2025-08-12,5.82502
고추,2025-08-13,4.93493
고추,2025-08-14,4.94056
고추,2025-08-15,5.28984
고추,2025-08-16,6.15176
고추,2025-08-17,5.88135
고추,2025-08-18,5.0138
고추,2025-08-19,5.17717
고추,2025-08-20,6.96862
고추,2025-08-21,5.40814
고추,2025-08-22,5.17153
고추,2025-08-23,6.37147
고추,2025-08-24,6.90665
고추,2025-08-25,5.59968
고추,2025-08-26,14.00484
고추,2025-08-27,5.97712
고추,2025-08-28,5.84192
고추,2025-08-29,5.31801
고추,2025-08-30,5.54898
고추,2025-08-31,5.97712
고추,2025-09-01,4.86169
고추,2025-09-02,5.58841
고추,2025-09-03,4.96873
고추,2025-09-04,6.05036
고추,2025-09-05,5.63911
고추,2025-09-06,7.12635
고추,2025-09-07,13.13728
고추,2025-09-08,9.27835
고추,2025-09-09,7.34606
고추,2025-09-10,7.05312
고추,2025-09-11,7.13199
고추,2025-09-12,6.14613
고추,2025-09-13,7.40803
고추,2025-09-14,7.91504
고추,2025-09-15,6.3095
고추,2025-09-16,5.56588
고추,2025-09-17,5.25604
고추,2025-09-18,5.56025
고추,2025-09-19,5.40251
고추,2025-09-20,6.60244
고추,2025-09-21,6.4616
고추,2025-09-22,6.59681
고추,2025-09-23,5.37434
고추,2025-09-24,5.19407
고추,2025-09-25,5.53208
고추,2025-09-26,4.9462
고추,2025-09-27,5.57151
고추,2025-09-28,5.68418
고추,2025-09-29,4.80536
고추,2025-09-30,4.24764
고추,2025-10-01,4.46172
고추,2025-10-02,4.32088
고추,2025-10-03,4.81663
고추,2025-10-04,5.08703
고추,2025-10-05,5.48138
고추,2025-10-06,5.78558
고추,2025-10-07,5.35744
고추,2025-10-08,5.83629
고추,2025-10-09,5.98839
고추,2025-10-10,4.58565
고추,2025-10-11,5.26167
고추,2025-10-12,5.35744
고추,2025-10-13,4.04484
고추,2025-10-14,4.76592
고추,2025-10-15,5.0307
고추,2025-10-16,4.69269
고추,2025-10-17,4.69269
고추,2025-10-18,4.86169
고추,2025-10-19,5.72925
고추,2025-10-20,4.37158
고추,2025-10-21,4.48425
고추,2025-10-22,4.50115
고추,2025-10-23,4.0054
고추,2025-10-24,3.89837
고추,2025-10-25,4.66452
고추,2025-10-26,4.73776
고추,2025-10-27,3.9378
고추,2025-10-28,3.87583
고추,2025-10-29,3.904
고추,2025-10-30,3.70683
고추,2025-10-31,3.61106
고추,2025-11-01,4.40538
고추,2025-11-02,4.073
고추,2025-11-03,3.56599
고추,2025-11-04,3.67866
고추,2025-11-05,3.70119
고추,2025-11-06,3.45896
고추,2025-11-07,3.59979
고추,2025-11-08,4.09554
고추,2025-11-09,3.63359
고추,2025-11-10,3.27868
고추,2025-11-11,3.49839
고추,2025-11-12,3.32938
고추,2025-11-13,3.34629
고추,2025-11-14,3.28995
고추,2025-11-15,3.38009
고추,2025-11-16,3.49276
고추,2025-11-17,3.09841
고추,2025-11-18,2.63083
고추,2025-11-19,2.53506
고추,2025-11-20,2.88434
고추,2025-11-21,2.8111
고추,2025-11-22,3.08151
고추,2025-11-23,2.91251
고추,2025-11-24,2.8111
고추,2025-11-25,3.05334
고추,2025-11-26,2.75477
고추,2025-11-27,2.7942
고추,2025-11-28,2.63083
고추,2025-11-29,2.96321
고추,2025-11-30,3.13221
고추,2025-12-01,2.77167
고추,2025-12-02,2.49563
고추,2025-12-03,2.32099
고추,2025-12-04,2.22522
고추,2025-12-05,2.66463
고추,2025-12-06,2.39423
고추,2025-12-07,2.54633
고추,2025-12-08,2.45619
고추,2025-12-09,2.30409
고추,2025-12-10,2.34352
고추,2025-12-11,2.15199
고추,2025-12-12,2.28719
고추,2025-12-13,2.64773
고추,2025-12-14,2.73787
고추,2025-12-15,2.51253
고추,2025-12-16,2.36606
고추,2025-12-17,2.15762
고추,2025-12-18,2.14072
고추,2025-12-19,2.21395
고추,2025-12-20,2.36043
고추,2025-12-21,2.49
고추,2025-12-22,2.32099
고추,2025-12-23,2.07312
고추,2025-12-24,2.28156
고추,2025-12-25,2.33226
고추,2025-12-26,2.46746
고추,2025-12-27,2.19142
고추,2025-12-28,2.45056
고추,2025-12-29,2.08438
고추,2025-12-30,2.10129
고추,2025-12-31,2.32099
고추,2026-01-01,2.14072
고추,2026-01-02,2.18015
고추,2026-01-03,2.26466
고추,2026-01-04,2.22522
고추,2026-01-05,2.23649
고추,2026-01-06,2.46746
고추,2026-01-07,2.50126
고추,2026-01-08,2.5238
고추,2026-01-09,2.20832
고추,2026-01-10,2.11819
고추,2026-01-11,2.14072
고추,2026-01-12,2.36606
고추,2026-01-13,2.09002
고추,2026-01-14,2.49563
고추,2026-01-15,2.34916
고추,2026-01-16,2.40549
고추,2026-01-17,2.44493
고추,2026-01-18,2.6083
고추,2026-01-19,2.53506
고추,2026-01-20,2.5069
고추,2026-01-21,2.5407
고추,2026-01-22,2.33226
고추,2026-01-23,2.11819
고추,2026-01-24,1.96045
고추,2026-01-25,2.82237
고추,2026-01-26,2.49563
고추,2026-01-27,2.33226
고추,2026-01-28,2.22522
고추,2026-01-29,2.14635
고추,2026-01-30,2.33226
고추,2026-01-31,1.99988
고추,2026-02-01,2.38296
고추,2026-02-02,2.43929
고추,2026-02-03,1.97171
고추,2026-02-04,2.45056
고추,2026-02-05,2.15762
고추,2026-02-06,2.11255
고추,2026-02-07,2.21395
고추,2026-02-08,2.37733
고추,2026-02-09,2.38296
고추,2026-02-10,2.20832
고추,2026-02-11,2.01678
고추,2026-02-12,2.20269
고추,2026-02-13,1.97735
고추,2026-02-14,2.02805
고추,2026-02-15,2.10129
고추,2026-02-16,2.16889
고추,2026-02-17,2.19705
고추,2026-02-18,2.05058
고추,2026-02-19,2.12382
고추,2026-02-20,2.08438
고추,2026-02-21,2.27029
고추,2026-02-22,2.22522
고추,2026-02-23,2.5238
고추,2026-02-24,2.19705
고추,2026-02-25,2.24776
고추,2026-02-26,2.09002
고추,2026-02-27,2.11819
고추,2026-02-28,2.00552
고추,2026-03-01,2.5914
고추,2026-03-02,2.43929
고추,2026-03-03,1.98862
고추,2026-03-04,2.07875
고추,2026-03-05,1.98862
고추,2026-03-06,2.58013
고추,2026-03-07,2.42803
고추,2026-03-08,2.36606
고추,2026-03-09,2.01115
고추,2026-03-10,2.18579
고추,2026-03-11,2.41676
고추,2026-03-12,2.20832
고추,2026-03-13,2.03932
고추,2026-03-14,2.46183
고추,2026-03-15,2.53506
고추,2026-03-16,2.28156
고추,2026-03-17,2.11255
고추,2026-03-18,2.36043
고추,2026-03-19,2.33789
고추,2026-03-20,2.36606
고추,2026-03-21,2.5576
고추,2026-03-22,2.42803
고추,2026-03-23,2.28719
고추,2026-03-24,2.6759
고추,2026-03-25,2.34916
고추,2026-03-26,2.45619
고추,2026-03-27,2.11819
고추,2026-03-28,2.42803
고추,2026-03-29,2.5407
고추,2026-03-30,2.32099
고추,2026-03-31,2.50126
고추,2026-04-01,2.46746
고추,2026-04-02,2.59703
고추,2026-04-03,2.54633
고추,2026-04-04,2.73787
고추,2026-04-05,2.89561
고추,2026-04-06,2.67027
고추,2026-04-07,2.6759
고추,2026-04-08,2.77167
고추,2026-04-09,2.7266
고추,2026-04-10,2.7773
고추,2026-04-11,3.24488
고추,2026-04-12,3.24488
고추,2026-04-13,2.828
고추,2026-04-14,3.27305
고추,2026-04-15,3.62796
고추,2026-04-16,2.96884
고추,2026-04-17,3.17165
고추,2026-04-18,3.56036
고추,2026-04-19,3.52656
고추,2026-04-20,2.96884
고추,2026-04-21,3.01954
고추,2026-04-22,2.90687
고추,2026-04-23,2.67027
고추,2026-04-24,2.11255
고추,2026-04-25,2.07875
고추,2026-04-26,2.10129
고추,2026-04-27,2.51253
고추,2026-04-28,2.09565
고추,2026-04-29,1.85341
고추,2026-04-30,2.10129
고추,2026-05-01,2.12382
고추,2026-05-02,1.71257
고추,2026-05-03,2.11819
고추,2026-05-04,2.28156
고추,2026-05-05,1.93228
고추,2026-05-06,2.26466
고추,2026-05-07,2.23649
고추,2026-05-08,2.01115
고추,2026-05-09,2.73787
고추,2026-05-10,2.38859
고추,2026-05-11,3.01954
고추,2026-05-12,3.87583
고추,2026-05-13,3.88147
고추,2026-05-14,3.57726
고추,2026-05-15,3.56599
고추,2026-05-16,3.735
고추,2026-05-17,4.13497
고추,2026-05-18,3.96597
고추,2026-05-19,4.55185
고추,2026-05-20,2.92941
고추,2026-05-21,4.17441
고추,2026-05-22,3.72936
고추,2026-05-23,4.35468
고추,2026-05-24,4.43355
고추,2026-05-25,4.46172
고추,2026-05-26,3.97724
고추,2026-05-27,4.59129
고추,2026-05-28,4.28708
고추,2026-05-29,4.39411
고추,2026-05-30,4.02794
고추,2026-05-31,3.7688
고추,2026-06-01,4.08991
고추,2026-06-02,3.84767
고추,2026-06-03,4.44482
고추,2026-06-04,3.81386
고추,2026-06-05,3.98287
고추,2026-06-06,4.36595
고추,2026-06-07,5.13773
고추,2026-06-08,4.34905
고추,2026-06-09,4.27581
고추,2026-06-10,4.48425
고추,2026-06-11,3.89837
고추,2026-06-12,3.52656
고추,2026-06-13,4.08427
고추,2026-06-14,4.24764
고추,2026-06-15,3.7519
고추,2026-06-16,3.9209
고추,2026-06-17,3.75753
고추,2026-06-18,4.04484
고추,2026-06-19,3.8026
고추,2026-06-20,3.94343
고추,2026-06-21,4.90676
고추,2026-06-22,4.83353
고추,2026-06-23,3.99977
고추,2026-06-24,4.79409
고추,2026-06-25,4.54622
고추,2026-06-26,4.27581
고추,2026-06-27,4.37721
고추,2026-06-28,4.59129
고추,2026-06-29,4.28708
고추,2026-06-30,4.36595
고추,2026-07-01,4.05047
고추,2026-07-02,4.72649
고추,2026-07-03,4.24201
고추,2026-07-04,4.59692
고추,2026-07-05,4.48988
고추,2026-07-06,4.0054
고추,2026-07-07,3.48149
고추,2026-07-08,3.84203
고추,2026-07-09,3.49276
고추,2026-07-10,3.87583
고추,2026-07-11,3.45896
고추,2026-07-12,3.61669
고추,2026-07-13,3.44769
고추,2026-07-14,4.06174
고추,2026-07-15,3.8364
고추,2026-07-16,3.9547
고추,2026-07-17,4.32651
고추,2026-07-18,3.81386
고추,2026-07-19,4.28144
고추,2026-07-20,3.74626
고추,2026-07-21,3.9378
고추,2026-07-22,3.49276
고추,2026-07-23,3.50966
고추,2026-07-24,3.37445
고추,2026-07-25,4.15751
고추,2026-07-26,3.78006
고추,2026-07-27,3.72373
고추,2026-07-28,4.02794
고추,2026-07-29,3.98287
고추,2026-07-30,3.57162
고추,2026-07-31,3.7519
고추,2026-08-01,3.60543
고추,2026-08-02,3.67866
고추,2026-08-03,3.66739
고추,2026-08-04,3.53219
고추,2026-08-05,3.77443
고추,2026-08-06,3.75753
고추,2026-08-07,3.48712
고추,2026-08-08,3.84203
고추,2026-08-09,3.98287
고추,2026-08-10,4.23638
고추,2026-08-11,3.9885
고추,2026-08-12,3.94907
고추,2026-08-13,3.90963
고추,2026-08-14,3.63359
고추,2026-08-15,4.0561
고추,2026-08-16,3.79696
고추,2026-08-17,3.90963
고추,2026-08-18,3.50966
고추,2026-08-19,3.40262
고추,2026-08-20,3.56599
고추,2026-08-21,3.41952
고추,2026-08-22,3.43642
고추,2026-08-23,3.56036
고추,2026-08-24,3.39699
고추,2026-08-25,3.37445
고추,2026-08-26,3.22798
고추,2026-08-27,3.38572
고추,2026-08-28,3.17728
고추,2026-08-29,3.43079
고추,2026-08-30,3.60543
고추,2026-08-31,2.7266
고추,2026-09-01,2.77167
고추,2026-09-02,3.07588
고추,2026-09-03,3.02518
고추,2026-09-04,3.23925
고추,2026-09-05,3.47022
고추,2026-09-06,3.904
고추,2026-09-07,3.25052
고추,2026-09-08,3.19418
고추,2026-09-09,3.18291
고추,2026-09-10,3.09278
고추,2026-09-11,2.83927
고추,2026-09-12,3.55472
고추,2026-09-13,3.74626
고추,2026-09-14,3.42515
고추,2026-09-15,3.17165
고추,2026-09-16,2.96884
고추,2026-09-17,3.03081
고추,2026-09-18,2.5745
고추,2026-09-19,3.03081
고추,2026-09-20,3.21672
고추,2026-09-21,2.72097
고춧가루,2016-01-01,1.70694
고춧가루,2016-01-02,2.39986
고춧가루,2016-01-03,2.43929
고춧가루,2016-01-04,3.34065
고춧가루,2016-01-05,4.01667
고춧가루,2016-01-06,4.24201
고춧가루,2016-01-07,3.46459
고춧가루,2016-01-08,3.16038
고춧가루,2016-01-09,2.25902
고춧가루,2016-01-10,2.6928
고춧가루,2016-01-11,3.59416
고춧가루,2016-01-12,3.37445
고춧가루,2016-01-13,3.44205
고춧가루,2016-01-14,3.36882
고춧가루,2016-01-15,3.11531
고춧가루,2016-01-16,2.12945
고춧가루,2016-01-17,2.59703
고춧가루,2016-01-18,3.79133
고춧가루,2016-01-19,2.94067
고춧가루,2016-01-20,3.28432
고춧가루,2016-01-21,3.34065
고춧가루,2016-01-22,2.5745
고춧가루,2016-01-23,2.25902
고춧가루,2016-01-24,2.59703
고춧가루,2016-01-25,3.18291
고춧가루,2016-01-26,3.36319
고춧가루,2016-01-27,3.30685
고춧가루,2016-01-28,3.07588
고춧가루,2016-01-29,2.88997
고춧가루,2016-01-30,2.5576
고춧가루,2016-01-31,2.41676
고춧가루,2016-02-01,3.25615
고춧가루,2016-02-02,2.75477
고춧가루,2016-02-03,2.73224
고춧가루,2016-02-04,2.45056
고춧가루,2016-02-05,2.37169
고춧가루,2016-02-06,1.97171
고춧가루,2016-02-07,1.4309
고춧가루,2016-02-08,1.58864
고춧가루,2016-02-09,1.94918
고춧가루,2016-02-10,2.58576
고춧가루,2016-02-11,3.37445
고춧가루,2016-02-12,2.96321
고춧가루,2016-02-13,2.34352
고춧가루,2016-02-14,2.44493
고춧가루,2016-02-15,3.54909
고춧가루,2016-02-16,3.46459
고춧가루,2016-02-17,3.31812
고춧가루,2016-02-18,3.09841
고춧가루,2016-02-19,2.94067
고춧가루,2016-02-20,2.06185
고춧가루,2016-02-21,2.56323
고춧가루,2016-02-22,3.11531
고춧가루,2016-02-23,3.14348
고춧가루,2016-02-24,3.13785
고춧가루,2016-02-25,3.07024
고춧가루,2016-02-26,3.00828
고춧가루,2016-02-27,2.51816
고춧가루,2016-02-28,2.48436
고춧가루,2016-02-29,3.30685
고춧가루,2016-03-01,3.05898
고춧가루,2016-03-02,3.32938
고춧가루,2016-03-03,3.34629
고춧가루,2016-03-04,3.07024
고춧가루,2016-03-05,2.68153
고춧가루,2016-03-06,2.63647
고춧가루,2016-03-07,3.36319
고춧가루,2016-03-08,3.45332
고춧가루,2016-03-09,3.49276
고춧가루,2016-03-10,2.97448
고춧가루,2016-03-11,3.05898
고춧가루,2016-03-12,2.48436
고춧가루,2016-03-13,2.7604
고춧가루,2016-03-14,3.68429
고춧가루,2016-03-15,2.96884
고춧가루,2016-03-16,3.52656
고춧가루,2016-03-17,2.91814
고춧가루,2016-03-18,3.18291
고춧가루,2016-03-19,2.43366
고춧가루,2016-03-20,2.64773
고춧가루,2016-03-21,3.56599
고춧가루,2016-03-22,3.68993
고춧가루,2016-03-23,3.28995
고춧가루,2016-03-24,3.17728
고춧가루,2016-03-25,3.07588
고춧가루,2016-03-26,2.61393
고춧가루,2016-03-27,2.86744
고춧가루,2016-03-28,3.52656
고춧가루,2016-03-29,3.45332
고춧가루,2016-03-30,3.20545
고춧가루,2016-03-31,3.26742
고춧가루,2016-04-01,3.27868
고춧가루,2016-04-02,2.30409
고춧가루,2016-04-03,3.23362
고춧가루,2016-04-04,3.69556
고춧가루,2016-04-05,3.64486
고춧가루,2016-04-06,3.38572
고춧가루,2016-04-07,3.72373
고춧가루,2016-04-08,3.34629
고춧가루,2016-04-09,2.23086
고춧가루,2016-04-10,2.6421
고춧가루,2016-04-11,3.66739
고춧가루,2016-04-12,3.47586
고춧가루,2016-04-13,2.77167
고춧가루,2016-04-14,3.57726
고춧가루,2016-04-15,3.16601
고춧가루,2016-04-16,2.73787
고춧가루,2016-04-17,3.10405
고춧가루,2016-04-18,4.01104
고춧가루,2016-04-19,3.56599
고춧가루,2016-04-20,3.58853
고춧가루,2016-04-21,3.70119
고춧가루,2016-04-22,3.31248
고춧가루,2016-04-23,2.65337
고춧가루,2016-04-24,3.14348
고춧가루,2016-04-25,3.79696
고춧가루,2016-04-26,3.68993
고춧가루,2016-04-27,3.70119
고춧가루,2016-04-28,3.48712
고춧가루,2016-04-29,3.38009
고춧가루,2016-04-30,2.24212
고춧가루,2016-05-01,2.5238
고춧가루,2016-05-02,3.61669
고춧가루,2016-05-03,3.72936
고춧가루,2016-05-04,2.7773
고춧가루,2016-05-05,2.37733
고춧가루,2016-05-06,2.7604
고춧가루,2016-05-07,2.36043
고춧가루,2016-05-08,2.59703
고춧가루,2016-05-09,3.47586
고춧가루,2016-05-10,3.58853
고춧가루,2016-05-11,4.01104
고춧가루,2016-05-12,3.59416
고춧가루,2016-05-13,3.45332
고춧가루,2016-05-14,3.43079
고춧가루,2016-05-15,4.48988
고춧가루,2016-05-16,4.52368
고춧가루,2016-05-17,4.10117
고춧가루,2016-05-18,3.94907
고춧가루,2016-05-19,4.61382
고춧가루,2016-05-20,4.0054
고춧가루,2016-05-21,2.95757
고춧가루,2016-05-22,3.68429
고춧가루,2016-05-23,4.66452
고춧가루,2016-05-24,4.53495
고춧가루,2016-05-25,4.21948
고춧가루,2016-05-26,3.84203
고춧가루,2016-05-27,3.62233
고춧가루,2016-05-28,3.39135
고춧가루,2016-05-29,3.50402
고춧가루,2016-05-30,4.0223
고춧가루,2016-05-31,3.8026
고춧가루,2016-06-01,3.63923
고춧가루,2016-06-02,4.16877
고춧가루,2016-06-03,3.28995
고춧가루,2016-06-04,3.01391
고춧가루,2016-06-05,2.5576
고춧가루,2016-06-06,4.24764
고춧가루,2016-06-07,4.17441
고춧가루,2016-06-08,4.55185
고춧가루,2016-06-09,4.073
고춧가루,2016-06-10,3.63923
고춧가루,2016-06-11,2.7773
고춧가루,2016-06-12,3.40825
고춧가루,2016-06-13,4.24201
고춧가루,2016-06-14,4.48988
고춧가루,2016-06-15,4.15187
고춧가루,2016-06-16,4.0054
고춧가루,2016-06-17,3.68429
고춧가루,2016-06-18,2.7604
고춧가루,2016-06-19,3.52092
고춧가루,2016-06-20,4.06737
고춧가루,2016-06-21,4.28144
고춧가루,2016-06-22,3.92653
고춧가루,2016-06-23,4.09554
고춧가루,2016-06-24,3.62233
고춧가루,2016-06-25,3.05898
고춧가루,2016-06-26,3.40262
고춧가루,2016-06-27,4.38285
고춧가루,2016-06-28,4.27581
고춧가루,2016-06-29,4.0392
고춧가루,2016-06-30,3.72373
고춧가루,2016-07-01,3.78006
고춧가루,2016-07-02,3.22798
고춧가루,2016-07-03,3.65049
고춧가루,2016-07-04,4.04484
고춧가루,2016-07-05,4.43355
고춧가루,2016-07-06,3.89837
고춧가루,2016-07-07,3.47586
고춧가루,2016-07-08,3.45896
고춧가루,2016-07-09,3.12658
고춧가루,2016-07-10,3.12095
고춧가루,2016-07-11,4.24201
고춧가루,2016-07-12,3.9885
고춧가루,2016-07-13,4.0392
고춧가루,2016-07-14,3.8871
고춧가루,2016-07-15,3.63359
고춧가루,2016-07-16,3.34065
고춧가루,2016-07-17,3.23925
고춧가루,2016-07-18,4.39411
고춧가루,2016-07-19,4.20821
고춧가루,2016-07-20,4.12371
고춧가루,2016-07-21,4.25328
고춧가루,2016-07-22,3.62796
고춧가루,2016-07-23,3.07588
고춧가루,2016-07-24,3.47022
고춧가루,2016-07-25,3.98287
고춧가루,2016-07-26,3.79133
고춧가루,2016-07-27,3.60543
고춧가루,2016-07-28,3.9885
고춧가루,2016-07-29,4.13497
고춧가루,2016-07-30,5.04196
고춧가루,2016-07-31,4.27018
고춧가루,2016-08-01,5.32364
고춧가루,2016-08-02,5.53208
고춧가루,2016-08-03,5.14337
고춧가루,2016-08-04,4.15751
고춧가루,2016-08-05,4.61945
고춧가루,2016-08-06,3.65049
고춧가루,2016-08-07,3.7857
고춧가루,2016-08-08,5.32364
고춧가루,2016-08-09,7.04749
고춧가루,2016-08-10,6.12923
고춧가루,2016-08-11,5.12083
고춧가루,2016-08-12,6.83341
고춧가루,2016-08-13,7.13199
고춧가루,2016-08-14,8.24742
고춧가루,2016-08-15,8.69246
고춧가루,2016-08-16,10.14027
고춧가루,2016-08-17,7.69534
고춧가루,2016-08-18,7.22776
고춧가루,2016-08-19,6.84468
고춧가루,2016-08-20,5.70108
고춧가루,2016-08-21,5.46448
고춧가루,2016-08-22,8.30375
고춧가루,2016-08-23,8.27559
고춧가루,2016-08-24,7.81927
고춧가루,2016-08-25,8.9516
고춧가루,2016-08-26,7.61647
고춧가루,2016-08-27,6.41653
고춧가루,2016-08-28,6.4447
고춧가루,2016-08-29,8.7657
고춧가루,2016-08-30,8.20235
고춧가루,2016-08-31,9.09807
고춧가루,2016-09-01,9.31215
고춧가루,2016-09-02,9.18821
고춧가루,2016-09-03,9.79099
고춧가루,2016-09-04,9.50932
고춧가루,2016-09-05,11.04726
고춧가루,2016-09-06,10.45574
고춧가루,2016-09-07,8.7319
고춧가루,2016-09-08,6.89538
고춧가루,2016-09-09,5.74615
고춧가루,2016-09-10,4.83353
고춧가루,2016-09-11,5.21097
고춧가루,2016-09-12,5.76305
고춧가루,2016-09-13,4.79972
고춧가루,2016-09-14,3.32938
고춧가루,2016-09-15,3.77443
고춧가루,2016-09-16,4.36031
고춧가루,2016-09-17,4.9631
고춧가루,2016-09-18,5.61658
고춧가루,2016-09-19,7.72914
고춧가루,2016-09-20,7.4531
고춧가루,2016-09-21,7.23902
고춧가루,2016-09-22,7.11509
고춧가루,2016-09-23,6.41653
고춧가루,2016-09-24,4.45608
고춧가루,2016-09-25,5.95459
고춧가루,2016-09-26,8.03335
고춧가루,2016-09-27,6.86721
고춧가루,2016-09-28,6.72074
고춧가루,2016-09-29,6.45597
고춧가루,2016-09-30,5.79685
고춧가루,2016-10-01,4.23638
고춧가루,2016-10-02,4.74339
고춧가루,2016-10-03,5.35181
고춧가루,2016-10-04,7.54887
고춧가루,2016-10-05,6.99678
고춧가루,2016-10-06,7.93758
고춧가루,2016-10-07,6.93482
고춧가루,2016-10-08,4.9969
고춧가루,2016-10-09,6.08416
고춧가루,2016-10-10,7.37423
고춧가루,2016-10-11,7.66154
고춧가루,2016-10-12,7.46436
고춧가루,2016-10-13,6.4954
고춧가루,2016-10-14,6.40527
고춧가루,2016-10-15,4.84479
고춧가루,2016-10-16,6.08979
고춧가루,2016-10-17,7.32916
고춧가루,2016-10-18,6.95172
고춧가루,2016-10-19,6.45034
고춧가루,2016-10-20,6.00529
고춧가루,2016-10-21,5.71235
고춧가루,2016-10-22,4.70959
고춧가루,2016-10-23,6.11233
고춧가루,2016-10-24,6.91228
고춧가루,2016-10-25,8.11785
고춧가루,2016-10-26,6.08979
고춧가루,2016-10-27,5.72925
고춧가루,2016-10-28,5.58841
고춧가루,2016-10-29,4.22511
고춧가루,2016-10-30,5.05323
고춧가루,2016-10-31,6.76018
고춧가루,2016-11-01,7.26156
고춧가루,2016-11-02,7.18269
고춧가루,2016-11-03,6.85595
고춧가루,2016-11-04,6.3095
고춧가루,2016-11-05,5.34054
고춧가루,2016-11-06,6.08416
고춧가루,2016-11-07,8.52909
고춧가루,2016-11-08,8.39952
고춧가루,2016-11-09,8.13475
고춧가루,2016-11-10,7.639
고춧가루,2016-11-11,6.39963
고춧가루,2016-11-12,4.63072
고춧가루,2016-11-13,5.86445
고춧가루,2016-11-14,8.55163
고춧가루,2016-11-15,7.6221
고춧가루,2016-11-16,7.27282
고춧가루,2016-11-17,7.48126
고춧가루,2016-11-18,6.57991
고춧가루,2016-11-19,4.77719
고춧가루,2016-11-20,4.87859
고춧가루,2016-11-21,7.17142
고춧가루,2016-11-22,7.40239
고춧가루,2016-11-23,6.89538
고춧가루,2016-11-24,6.10669
고춧가루,2016-11-25,5.98276
고춧가루,2016-11-26,4.42228
고춧가루,2016-11-27,5.83065
고춧가루,2016-11-28,6.92918
고춧가루,2016-11-29,6.15176
고춧가루,2016-11-30,5.95459
고춧가루,2016-12-01,5.87009
고춧가루,2016-12-02,4.93493
고춧가루,2016-12-03,4.21948
고춧가루,2016-12-04,5.07013
고춧가루,2016-12-05,6.55174
고춧가루,2016-12-06,5.46448
고춧가루,2016-12-07,5.54898
고춧가루,2016-12-08,5.93206
고춧가루,2016-12-09,4.88986
고춧가루,2016-12-10,3.78006
고춧가루,2016-12-11,4.48988
고춧가루,2016-12-12,5.69545
고춧가루,2016-12-13,5.35181
고춧가루,2016-12-14,4.98563
고춧가루,2016-12-15,4.72649
고춧가루,2016-12-16,3.8195
고춧가루,2016-12-17,2.92377
고춧가루,2016-12-18,3.12095
고춧가루,2016-12-19,4.25891
고춧가루,2016-12-20,3.93217
고춧가루,2016-12-21,3.7688
고춧가루,2016-12-22,3.61669
고춧가루,2016-12-23,3.24488
고춧가루,2016-12-24,2.45056
고춧가루,2016-12-25,2.29846
고춧가루,2016-12-26,3.92653
고춧가루,2016-12-27,3.8533
고춧가루,2016-12-28,3.62233
고춧가루,2016-12-29,3.35192
고춧가루,2016-12-30,2.95757
고춧가루,2016-12-31,2.39986
고춧가루,2017-01-01,2.5069
고춧가루,2017-01-02,4.10681
고춧가루,2017-01-03,4.19131
고춧가루,2017-01-04,4.0561
고춧가루,2017-01-05,4.23638
고춧가루,2017-01-06,3.93217
고춧가루,2017-01-07,3.15475
고춧가루,2017-01-08,3.27868
고춧가루,2017-01-09,4.02794
고춧가루,2017-01-10,3.88147
고춧가루,2017-01-11,4.34341
고춧가루,2017-01-12,3.90963
고춧가루,2017-01-13,4.18567
고춧가루,2017-01-14,3.38572
고춧가루,2017-01-15,3.67866
고춧가루,2017-01-16,4.19131
고춧가루,2017-01-17,4.66452
고춧가루,2017-01-18,3.9209
고춧가루,2017-01-19,4.20821
고춧가루,2017-01-20,3.904
고춧가루,2017-01-21,2.83364
고춧가루,2017-01-22,3.05898
고춧가루,2017-01-23,3.71246
고춧가루,2017-01-24,3.25052
고춧가루,2017-01-25,3.29558
고춧가루,2017-01-26,2.51253
고춧가루,2017-01-27,2.20269
고춧가루,2017-01-28,1.88721
고춧가루,2017-01-29,2.25902
고춧가루,2017-01-30,2.96321
고춧가루,2017-01-31,4.29834
고춧가루,2017-02-01,3.89837
고춧가루,2017-02-02,4.11244
고춧가루,2017-02-03,3.93217
고춧가루,2017-02-04,3.24488
고춧가루,2017-02-05,3.03081
고춧가루,2017-02-06,3.9885
고춧가루,2017-02-07,3.8702
고춧가루,2017-02-08,4.09554
고춧가루,2017-02-09,4.0392
고춧가루,2017-02-10,3.68429
고춧가루,2017-02-11,3.30685
고춧가루,2017-02-12,3.37445
고춧가루,2017-02-13,4.74339
고춧가루,2017-02-14,4.45045
고춧가루,2017-02-15,3.96597
고춧가루,2017-02-16,4.38285
고춧가루,2017-02-17,3.8533
고춧가루,2017-02-18,3.13221
고춧가루,2017-02-19,3.9378
고춧가루,2017-02-20,4.36595
고춧가루,2017-02-21,4.49552
고춧가루,2017-02-22,3.88147
고춧가루,2017-02-23,4.60255
고춧가루,2017-02-24,4.18567
고춧가루,2017-02-25,3.21672
고춧가루,2017-02-26,3.43079
고춧가루,2017-02-27,3.82513
고춧가루,2017-02-28,3.9547
고춧가루,2017-03-01,3.98287
고춧가루,2017-03-02,3.904
고춧가루,2017-03-03,3.7857
고춧가루,2017-03-04,3.61669
고춧가루,2017-03-05,3.8026
고춧가루,2017-03-06,4.23638
고춧가루,2017-03-07,4.32651
고춧가루,2017-03-08,4.25891
고춧가루,2017-03-09,4.27018
고춧가루,2017-03-10,3.67303
고춧가루,2017-03-11,2.84491
고춧가루,2017-03-12,3.72936
고춧가루,2017-03-13,4.25328
고춧가루,2017-03-14,4.43355
고춧가루,2017-03-15,3.84767
고춧가루,2017-03-16,4.19694
고춧가루,2017-03-17,3.89273
고춧가루,2017-03-18,2.88434
고춧가루,2017-03-19,3.18291
고춧가루,2017-03-20,4.36031
고춧가루,2017-03-21,4.28144
고춧가루,2017-03-22,4.28708
고춧가루,2017-03-23,3.59979
고춧가루,2017-03-24,3.9716
고춧가루,2017-03-25,2.92941
고춧가루,2017-03-26,3.75753
고춧가루,2017-03-27,3.99977
고춧가루,2017-03-28,4.01667
고춧가루,2017-03-29,3.99414
고춧가루,2017-03-30,4.08427
고춧가루,2017-03-31,3.79133
고춧가루,2017-04-01,2.83364
고춧가루,2017-04-02,3.02518
고춧가루,2017-04-03,4.24201
고춧가루,2017-04-04,4.20821
고춧가루,2017-04-05,4.72086
고춧가루,2017-04-06,5.16027
고춧가루,2017-04-07,3.41389
고춧가루,2017-04-08,3.25052
고춧가루,2017-04-09,3.26742
고춧가루,2017-04-10,4.22511
고춧가루,2017-04-11,4.61945
고춧가루,2017-04-12,4.32088
고춧가루,2017-04-13,4.22511
고춧가루,2017-04-14,4.073
고춧가루,2017-04-15,2.92377
고춧가루,2017-04-16,3.27868
고춧가루,2017-04-17,4.51805
고춧가루,2017-04-18,4.37158
고춧가루,2017-04-19,4.82226
고춧가루,2017-04-20,6.32077
고춧가루,2017-04-21,4.64762
고춧가루,2017-04-22,3.11531
고춧가루,2017-04-23,3.43079
고춧가루,2017-04-24,4.58565
고춧가루,2017-04-25,4.80536
고춧가루,2017-04-26,3.70683
고춧가루,2017-04-27,3.8195
고춧가루,2017-04-28,3.30122
고춧가루,2017-04-29,2.48436
고춧가루,2017-04-30,3.00828
고춧가루,2017-05-01,3.65049
고춧가루,2017-05-02,3.86457
고춧가루,2017-05-03,2.87871
고춧가루,2017-05-04,3.47022
고춧가루,2017-05-05,2.86744
고춧가루,2017-05-06,3.40262
고춧가루,2017-05-07,3.61669
고춧가루,2017-05-08,3.9716
고춧가루,2017-05-09,3.38572
고춧가루,2017-05-10,3.904
고춧가루,2017-05-11,4.12934
고춧가루,2017-05-12,4.34341
고춧가루,2017-05-13,3.25052
고춧가루,2017-05-14,3.38572
고춧가루,2017-05-15,4.36595
고춧가루,2017-05-16,4.71522
고춧가루,2017-05-17,4.51242
고춧가루,2017-05-18,4.38285
고춧가루,2017-05-19,4.03357
고춧가루,2017-05-20,3.53782
고춧가루,2017-05-21,3.74063
고춧가루,2017-05-22,4.72086
고춧가루,2017-05-23,4.18004
고춧가루,2017-05-24,4.16877
고춧가루,2017-05-25,3.8533
고춧가루,2017-05-26,3.9885
고춧가루,2017-05-27,2.55196
고춧가루,2017-05-28,3.41952
고춧가루,2017-05-29,4.54058
고춧가루,2017-05-30,4.39411
고춧가루,2017-05-31,4.27018
고춧가루,2017-06-01,4.63635
고춧가루,2017-06-02,3.85893
고춧가루,2017-06-03,3.15475
고춧가루,2017-06-04,3.49839
고춧가루,2017-06-05,4.22511
고춧가루,2017-06-06,4.19694
고춧가루,2017-06-07,4.81663
고춧가루,2017-06-08,4.88986
고춧가루,2017-06-09,4.10117
고춧가루,2017-06-10,3.07024
고춧가루,2017-06-11,3.63359
고춧가루,2017-06-12,4.76592
고춧가루,2017-06-13,4.54622
고춧가루,2017-06-14,4.51805
고춧가루,2017-06-15,4.19694
고춧가루,2017-06-16,3.93217
고춧가루,2017-06-17,2.87871
고춧가루,2017-06-18,3.41389
고춧가루,2017-06-19,5.12083
고춧가루,2017-06-20,4.46735
고춧가루,2017-06-21,4.21948
고춧가루,2017-06-22,4.16314
고춧가루,2017-06-23,3.74626
고춧가루,2017-06-24,2.659
고춧가루,2017-06-25,3.11531
고춧가루,2017-06-26,4.32651
고춧가루,2017-06-27,3.9716
고춧가루,2017-06-28,4.34341
고춧가루,2017-06-29,3.70119
고춧가루,2017-06-30,3.57162
고춧가루,2017-07-01,3.07024
고춧가루,2017-07-02,3.74063
고춧가루,2017-07-03,4.34341
고춧가루,2017-07-04,3.96034
고춧가루,2017-07-05,3.9209
고춧가루,2017-07-06,3.94907
고춧가루,2017-07-07,3.48149
고춧가루,2017-07-08,2.91251
고춧가루,2017-07-09,3.38572
고춧가루,2017-07-10,4.79409
고춧가루,2017-07-11,4.58002
고춧가루,2017-07-12,4.20258
고춧가루,2017-07-13,3.7519
고춧가루,2017-07-14,3.71246
고춧가루,2017-07-15,3.9547
고춧가루,2017-07-16,3.59416
고춧가루,2017-07-17,4.74339
고춧가루,2017-07-18,3.96034
고춧가루,2017-07-19,4.30398
고춧가루,2017-07-20,3.96597
고춧가루,2017-07-21,3.98287
고춧가루,2017-07-22,3.24488
고춧가루,2017-07-23,4.12934
고춧가루,2017-07-24,4.46172
고춧가루,2017-07-25,4.41665
고춧가루,2017-07-26,4.35468
고춧가루,2017-07-27,4.45608
고춧가루,2017-07-28,3.96034
고춧가루,2017-07-29,3.37445
고춧가루,2017-07-30,3.13221
고춧가루,2017-07-31,3.94343
고춧가루,2017-08-01,4.15751
고춧가루,2017-08-02,4.44482
고춧가루,2017-08-03,3.79696
고춧가루,2017-08-04,4.01667
고춧가루,2017-08-05,3.31248
고춧가루,2017-08-06,3.50402
고춧가루,2017-08-07,5.13773
고춧가루,2017-08-08,5.0814
고춧가루,2017-08-09,5.10393
고춧가루,2017-08-10,5.12083
고춧가루,2017-08-11,5.0476
고춧가루,2017-08-12,3.41952
고춧가루,2017-08-13,5.14337
고춧가루,2017-08-14,5.1828
고춧가루,2017-08-15,5.59968
고춧가루,2017-08-16,5.82502
고춧가루,2017-08-17,6.11796
고춧가루,2017-08-18,5.53208
고춧가루,2017-08-19,5.03633
고춧가루,2017-08-20,5.31801
고춧가루,2017-08-21,7.07002
고춧가루,2017-08-22,7.37986
고춧가루,2017-08-23,6.85595
고춧가루,2017-08-24,7.23902
고춧가루,2017-08-25,6.12923
고춧가루,2017-08-26,5.1659
고춧가루,2017-08-27,5.83065
고춧가루,2017-08-28,8.05588
고춧가루,2017-08-29,9.30088
고춧가루,2017-08-30,8.7826
고춧가루,2017-08-31,8.57416
고춧가루,2017-09-01,9.05301
고춧가루,2017-09-02,7.10945
고춧가루,2017-09-03,7.49816
고춧가루,2017-09-04,10.1121
고춧가루,2017-09-05,9.88676
고춧가루,2017-09-06,10.94022
고춧가루,2017-09-07,11.2895
고춧가루,2017-09-08,11.87538
고춧가루,2017-09-09,8.94597
고춧가루,2017-09-10,10.60221
고춧가루,2017-09-11,13.52599
고춧가루,2017-09-12,13.05278
고춧가루,2017-09-13,14.38792
고춧가루,2017-09-14,14.78789
고춧가루,2017-09-15,12.5683
고춧가루,2017-09-16,10.44448
고춧가루,2017-09-17,10.74869
고춧가루,2017-09-18,14.16821
고춧가루,2017-09-19,13.75133
고춧가루,2017-09-20,15.36814
고춧가루,2017-09-21,11.89792
고춧가루,2017-09-22,10.69235
고춧가루,2017-09-23,8.73753
고춧가루,2017-09-24,9.46425
고춧가루,2017-09-25,11.205
고춧가루,2017-09-26,10.57968
고춧가루,2017-09-27,10.24167
고춧가루,2017-09-28,8.97414
고춧가루,2017-09-29,6.90665
고춧가루,2017-09-30,5.19407
고춧가루,2017-10-01,6.41653
고춧가루,2017-10-02,5.47574
고춧가루,2017-10-03,4.57439
고춧가루,2017-10-04,5.53208
고춧가루,2017-10-05,6.2757
고춧가루,2017-10-06,10.16844
고춧가루,2017-10-07,9.07554
고춧가루,2017-10-08,9.52059
고춧가루,2017-10-09,10.75995
고춧가루,2017-10-10,12.77111
고춧가루,2017-10-11,13.11475
고춧가루,2017-10-12,14.99633
고춧가루,2017-10-13,10.92332
고춧가루,2017-10-14,9.25581
고춧가루,2017-10-15,10.15154
고춧가루,2017-10-16,11.95425
고춧가루,2017-10-17,12.6359
고춧가루,2017-10-18,13.80767
고춧가루,2017-10-19,11.59934
고춧가루,2017-10-20,10.72052
고춧가루,2017-10-21,9.55439
고춧가루,2017-10-22,10.58531
고춧가루,2017-10-23,13.52036
고춧가루,2017-10-24,13.04151
고춧가루,2017-10-25,11.82468
고춧가루,2017-10-26,13.18235
고춧가루,2017-10-27,10.99656
고춧가루,2017-10-28,7.34606
고춧가루,2017-10-29,9.10934
고춧가루,2017-10-30,13.17108
고춧가루,2017-10-31,11.40217
고춧가루,2017-11-01,12.27536
고춧가루,2017-11-02,11.69511
고춧가루,2017-11-03,11.52047
고춧가루,2017-11-04,9.77973
고춧가루,2017-11-05,10.88952
고춧가루,2017-11-06,14.81043
고춧가루,2017-11-07,14.84986
고춧가루,2017-11-08,14.81043
고춧가루,2017-11-09,14.84423
고춧가루,2017-11-10,12.18522
고춧가루,2017-11-11,11.36274
고춧가루,2017-11-12,11.68384
고춧가루,2017-11-13,14.25271
고춧가루,2017-11-14,13.9147
고춧가루,2017-11-15,14.07244
고춧가루,2017-11-16,13.9147
고춧가루,2017-11-17,11.22753
고춧가루,2017-11-18,10.1121
고춧가루,2017-11-19,11.65004
고춧가루,2017-11-20,13.92597
고춧가루,2017-11-21,13.41332
고춧가루,2017-11-22,11.90355
고춧가루,2017-11-23,11.36837
고춧가루,2017-11-24,10.50081
고춧가루,2017-11-25,8.07841
고춧가루,2017-11-26,9.0023
고춧가루,2017-11-27,11.63314
고춧가루,2017-11-28,10.67545
고춧가루,2017-11-29,11.08669
고춧가루,2017-11-30,10.1628
고춧가루,2017-12-01,8.58543
고춧가루,2017-12-02,7.00242
고춧가루,2017-12-03,7.6052
고춧가루,2017-12-04,9.56565
고춧가루,2017-12-05,9.58255
고춧가루,2017-12-06,7.44183
고춧가루,2017-12-07,8.31502
고춧가루,2017-12-08,6.84468
고춧가루,2017-12-09,4.98563
고춧가루,2017-12-10,6.28133
고춧가루,2017-12-11,7.86434
고춧가루,2017-12-12,7.14325
고춧가루,2017-12-13,6.86721
고춧가루,2017-12-14,6.53484
고춧가루,2017-12-15,6.2081
고춧가루,2017-12-16,4.64762
고춧가루,2017-12-17,4.51242
고춧가루,2017-12-18,5.53208
고춧가루,2017-12-19,6.65314
고춧가루,2017-12-20,6.50104
고춧가루,2017-12-21,5.93769
고춧가루,2017-12-22,5.52644
고춧가루,2017-12-23,4.34341
고춧가루,2017-12-24,4.59129
고춧가루,2017-12-25,4.66452
고춧가루,2017-12-26,5.59968
고춧가루,2017-12-27,5.34617
고춧가루,2017-12-28,4.99126
고춧가루,2017-12-29,4.72086
고춧가루,2017-12-30,3.63359
고춧가루,2017-12-31,3.49839
고춧가루,2018-01-01,3.98287
고춧가루,2018-01-02,5.05886
고춧가루,2018-01-03,5.44194
고춧가루,2018-01-04,5.00253
고춧가루,2018-01-05,4.47298
고춧가루,2018-01-06,4.0392
고춧가루,2018-01-07,4.59692
고춧가루,2018-01-08,5.72362
고춧가루,2018-01-09,5.0307
고춧가루,2018-01-10,5.07577
고춧가루,2018-01-11,4.76592
고춧가루,2018-01-12,4.87296
고춧가루,2018-01-13,3.66739
고춧가루,2018-01-14,4.30398
고춧가루,2018-01-15,5.12647
고춧가루,2018-01-16,5.20534
고춧가루,2018-01-17,5.0645
고춧가루,2018-01-18,4.91803
고춧가루,2018-01-19,4.12934
고춧가루,2018-01-20,3.89273
고춧가루,2018-01-21,4.57439
고춧가루,2018-01-22,5.17153
고춧가루,2018-01-23,5.01943
고춧가루,2018-01-24,4.86169
고춧가루,2018-01-25,4.79972
고춧가루,2018-01-26,4.77719
고춧가루,2018-01-27,4.06737
고춧가루,2018-01-28,4.55748
고춧가루,2018-01-29,5.51518
고춧가루,2018-01-30,5.56025
고춧가루,2018-01-31,5.2504
고춧가루,2018-02-01,4.91239
고춧가루,2018-02-02,5.10957
고춧가루,2018-02-03,3.59416
고춧가루,2018-02-04,4.38285
고춧가루,2018-02-05,5.1997
고춧가루,2018-02-06,5.07013
고춧가루,2018-02-07,4.64762
고춧가루,2018-02-08,4.15751
고춧가루,2018-02-09,3.735
고춧가루,2018-02-10,3.04771
고춧가루,2018-02-11,3.7181
고춧가루,2018-02-12,4.48988
고춧가루,2018-02-13,3.99977
고춧가루,2018-02-14,3.52092
고춧가루,2018-02-15,2.52943
고춧가루,2018-02-16,1.98862
고춧가루,2018-02-17,2.87871
고춧가루,2018-02-18,3.7857
고춧가루,2018-02-19,4.98563
고춧가루,2018-02-20,4.36031
고춧가루,2018-02-21,5.10393
고춧가루,2018-02-22,5.10957
고춧가루,2018-02-23,4.61382
고춧가루,2018-02-24,4.37158
고춧가루,2018-02-25,4.46172
고춧가루,2018-02-26,5.20534
고춧가루,2018-02-27,5.44194
고춧가루,2018-02-28,4.9969
고춧가루,2018-03-01,4.87296
고춧가루,2018-03-02,5.05886
고춧가루,2018-03-03,4.57439
고춧가루,2018-03-04,5.48138
고춧가루,2018-03-05,5.49264
고춧가루,2018-03-06,5.89825
고춧가루,2018-03-07,5.74615
고춧가루,2018-03-08,5.35744
고춧가루,2018-03-09,4.0054
고춧가루,2018-03-10,3.59416
고춧가루,2018-03-11,4.72649
고춧가루,2018-03-12,5.87009
고춧가루,2018-03-13,5.72362
고춧가루,2018-03-14,5.17153
고춧가루,2018-03-15,5.25604
고춧가루,2018-03-16,4.60819
고춧가루,2018-03-17,4.09554
고춧가루,2018-03-18,4.63635
고춧가루,2018-03-19,5.88135
고춧가루,2018-03-20,5.20534
고춧가루,2018-03-21,4.77156
고춧가루,2018-03-22,4.81663
고춧가루,2018-03-23,4.10681
고춧가루,2018-03-24,4.28708
고춧가루,2018-03-25,4.50115
고춧가루,2018-03-26,6.01092
고춧가루,2018-03-27,5.32927
고춧가루,2018-03-28,5.68418
고춧가루,2018-03-29,5.23914
고춧가루,2018-03-30,4.55185
고춧가루,2018-03-31,3.735
고춧가루,2018-04-01,4.99126
고춧가루,2018-04-02,5.3011
고춧가루,2018-04-03,4.72086
고춧가루,2018-04-04,5.2504
고춧가루,2018-04-05,5.14337
고춧가루,2018-04-06,4.51805
고춧가루,2018-04-07,4.19694
고춧가루,2018-04-08,4.54058
고춧가루,2018-04-09,5.80812
고춧가루,2018-04-10,5.58278
고춧가루,2018-04-11,5.71798
고춧가루,2018-04-12,5.61095
고춧가루,2018-04-13,4.9462
고춧가루,2018-04-14,4.79972
고춧가루,2018-04-15,5.49828
고춧가루,2018-04-16,6.65877
고춧가루,2018-04-17,5.96022
고춧가루,2018-04-18,5.85882
고춧가루,2018-04-19,5.37434
고춧가루,2018-04-20,4.64762
고춧가루,2018-04-21,4.23638
고춧가루,2018-04-22,5.0645
고춧가루,2018-04-23,6.38273
고춧가루,2018-04-24,5.05323
고춧가루,2018-04-25,4.82226
고춧가루,2018-04-26,4.87296
고춧가루,2018-04-27,4.07864
고춧가루,2018-04-28,4.66452
고춧가루,2018-04-29,4.66452
고춧가루,2018-04-30,5.2842
고춧가루,2018-05-01,4.87859
고춧가루,2018-05-02,5.31801
고춧가루,2018-05-03,4.94056
고춧가루,2018-05-04,5.23914
고춧가루,2018-05-05,3.75753
고춧가루,2018-05-06,4.33215
고춧가루,2018-05-07,4.71522
고춧가루,2018-05-08,5.65038
고춧가루,2018-05-09,5.34617
고춧가루,2018-05-10,5.68418
고춧가루,2018-05-11,4.55748
고춧가루,2018-05-12,4.34341
고춧가루,2018-05-13,4.86733
고춧가루,2018-05-14,5.80812
고춧가루,2018-05-15,5.45321
고춧가루,2018-05-16,5.1152
고춧가루,2018-05-17,4.70396
고춧가루,2018-05-18,4.39975
고춧가루,2018-05-19,3.90963
고춧가루,2018-05-20,4.39411
고춧가루,2018-05-21,5.09267
고춧가루,2018-05-22,4.40538
고춧가루,2018-05-23,5.10957
고춧가루,2018-05-24,5.56588
고춧가루,2018-05-25,5.16027
고춧가루,2018-05-26,4.52368
고춧가루,2018-05-27,4.99126
고춧가루,2018-05-28,5.31801
고춧가루,2018-05-29,4.74339
고춧가루,2018-05-30,4.63072
고춧가루,2018-05-31,4.97436
고춧가루,2018-06-01,4.41101
고춧가루,2018-06-02,3.44769
고춧가루,2018-06-03,3.89273
고춧가루,2018-06-04,4.76029
고춧가루,2018-06-05,4.72086
고춧가루,2018-06-06,4.80536
고춧가루,2018-06-07,5.35744
고춧가루,2018-06-08,4.69269
고춧가루,2018-06-09,3.98287
고춧가루,2018-06-10,4.50115
고춧가루,2018-06-11,5.23914
고춧가루,2018-06-12,4.83353
고춧가루,2018-06-13,4.15751
고춧가루,2018-06-14,5.0138
고춧가루,2018-06-15,5.05886
고춧가루,2018-06-16,3.89273
고춧가루,2018-06-17,4.79972
고춧가루,2018-06-18,5.92642
고춧가루,2018-06-19,5.30674
고춧가루,2018-06-20,5.35744
고춧가루,2018-06-21,5.33491
고춧가루,2018-06-22,4.26454
고춧가루,2018-06-23,3.58289
고춧가루,2018-06-24,4.37721
고춧가루,2018-06-25,5.40251
고춧가루,2018-06-26,5.76305
고춧가루,2018-06-27,6.27006
고춧가루,2018-06-28,14.21328
고춧가루,2018-06-29,5.149
고춧가루,2018-06-30,4.25328
고춧가루,2018-07-01,5.07013
고춧가루,2018-07-02,5.61658
고춧가루,2018-07-03,5.50391
고춧가루,2018-07-04,5.1321
고춧가루,2018-07-05,5.49828
고춧가루,2018-07-06,4.76592
고춧가루,2018-07-07,4.19694
고춧가루,2018-07-08,4.12934
고춧가루,2018-07-09,6.12359
고춧가루,2018-07-10,5.17717
고춧가루,2018-07-11,5.61095
고춧가루,2018-07-12,4.82789
고춧가루,2018-07-13,4.87296
고춧가루,2018-07-14,3.78006
고춧가루,2018-07-15,4.37721
고춧가루,2018-07-16,4.91803
고춧가루,2018-07-17,4.69269
고춧가루,2018-07-18,4.55185
고춧가루,2018-07-19,5.44758
고춧가루,2018-07-20,4.77156
고춧가루,2018-07-21,3.68429
고춧가루,2018-07-22,3.8533
고춧가루,2018-07-23,4.93493
고춧가루,2018-07-24,5.16027
고춧가루,2018-07-25,5.31801
고춧가루,2018-07-26,4.97436
고춧가루,2018-07-27,4.88423
고춧가루,2018-07-28,4.12371
고춧가루,2018-07-29,4.67015
고춧가루,2018-07-30,5.98276
고춧가루,2018-07-31,6.15176
고춧가루,2018-08-01,5.86445
고춧가루,2018-08-02,6.47287
고춧가루,2018-08-03,6.06163
고춧가루,2018-08-04,6.02782
고춧가루,2018-08-05,6.13486
고춧가루,2018-08-06,8.9516
고춧가루,2018-08-07,9.80226
고춧가루,2018-08-08,10.96839
고춧가루,2018-08-09,10.37688
고춧가루,2018-08-10,10.0107
고춧가루,2018-08-11,9.56565
고춧가루,2018-08-12,10.1121
고춧가루,2018-08-13,13.65556
고춧가루,2018-08-14,12.81617
고춧가루,2018-08-15,14.02174
고춧가루,2018-08-16,15.27237
고춧가루,2018-08-17,13.77387
고춧가루,2018-08-18,11.98805
고춧가루,2018-08-19,13.38516
고춧가루,2018-08-20,16.87228
고춧가루,2018-08-21,14.91183
고춧가루,2018-08-22,13.8302
고춧가루,2018-08-23,13.48656
고춧가루,2018-08-24,13.15418
고춧가루,2018-08-25,11.90918
고춧가루,2018-08-26,10.83319
고춧가루,2018-08-27,13.7457
고춧가루,2018-08-28,12.73167
고춧가루,2018-08-29,12.52323
고춧가루,2018-08-30,12.33169
고춧가루,2018-08-31,11.32893
고춧가루,2018-09-01,9.93746
고춧가루,2018-09-02,11.66131
고춧가루,2018-09-03,13.88654
고춧가루,2018-09-04,14.96817
고춧가루,2018-09-05,13.47529
고춧가루,2018-09-06,13.34009
고춧가루,2018-09-07,11.37964
고춧가루,2018-09-08,10.39941
고춧가루,2018-09-09,10.79375
고춧가루,2018-09-10,14.51185
고춧가루,2018-09-11,12.72041
고춧가루,2018-09-12,13.48656
고춧가루,2018-09-13,12.05002
고춧가루,2018-09-14,10.40504
고춧가루,2018-09-15,8.99104
고춧가루,2018-09-16,9.61072
고춧가루,2018-09-17,11.10359
고춧가루,2018-09-18,9.98816
고춧가루,2018-09-19,9.66142
고춧가루,2018-09-20,9.40228
고춧가루,2018-09-21,6.74891
고춧가루,2018-09-22,5.43631
고춧가루,2018-09-23,4.83916
고춧가루,2018-09-24,5.80812
고춧가루,2018-09-25,7.08692
고춧가루,2018-09-26,8.59669
고춧가루,2018-09-27,10.99656
고춧가루,2018-09-28,9.94873
고춧가루,2018-09-29,8.03335
고춧가루,2018-09-30,8.14038
고춧가루,2018-10-01,10.37124
고춧가루,2018-10-02,10.26984
고춧가루,2018-10-03,9.76846
고춧가루,2018-10-04,10.61912
고춧가루,2018-10-05,9.26145
고춧가루,2018-10-06,7.66717
고춧가루,2018-10-07,9.09244
고춧가루,2018-10-08,10.54025
고춧가루,2018-10-09,9.31215
고춧가루,2018-10-10,12.04439
고춧가루,2018-10-11,12.47817
고춧가루,2018-10-12,9.31778
고춧가루,2018-10-13,7.46436
고춧가루,2018-10-14,8.57979
고춧가루,2018-10-15,11.61061
고춧가루,2018-10-16,10.70925
고춧가루,2018-10-17,10.96839
고춧가루,2018-10-18,9.84169
고춧가루,2018-10-19,9.10934
고춧가루,2018-10-20,7.31789
고춧가루,2018-10-21,8.29812
고춧가루,2018-10-22,10.88952
고춧가루,2018-10-23,10.32054
고춧가루,2018-10-24,9.71776
고춧가루,2018-10-25,10.00507
고춧가루,2018-10-26,8.24742
고춧가루,2018-10-27,6.95735
고춧가루,2018-10-28,9.63889
고춧가루,2018-10-29,10.80502
고춧가루,2018-10-30,9.88113
고춧가루,2018-10-31,8.94034
고춧가루,2018-11-01,9.14878
고춧가루,2018-11-02,8.13475
고춧가루,2018-11-03,7.59957
고춧가루,2018-11-04,9.79663
고춧가루,2018-11-05,11.03036
고춧가루,2018-11-06,11.86412
고춧가루,2018-11-07,11.36837
고춧가루,2018-11-08,11.51484
고춧가루,2018-11-09,9.10934
고춧가루,2018-11-10,7.59393
고춧가루,2018-11-11,9.85859
고춧가루,2018-11-12,11.82468
고춧가루,2018-11-13,12.26973
고춧가루,2018-11-14,10.61348
고춧가루,2018-11-15,10.38251
고춧가루,2018-11-16,9.52622
고춧가루,2018-11-17,8.61923
고춧가루,2018-11-18,8.94597
고춧가루,2018-11-19,13.64993
고춧가루,2018-11-20,12.59647
고춧가루,2018-11-21,10.94022
고춧가루,2018-11-22,9.03611
고춧가루,2018-11-23,8.6812
고춧가루,2018-11-24,7.00242
고춧가루,2018-11-25,8.61359
고춧가루,2018-11-26,10.52335
고춧가루,2018-11-27,9.9769
고춧가루,2018-11-28,8.34882
고춧가루,2018-11-29,7.61647
고춧가루,2018-11-30,7.29536
고춧가루,2018-12-01,6.47287
고춧가루,2018-12-02,6.87848
고춧가루,2018-12-03,8.05025
고춧가루,2018-12-04,7.52633
고춧가루,2018-12-05,7.25592
고춧가루,2018-12-06,6.52357
고춧가루,2018-12-07,5.64475
고춧가루,2018-12-08,4.81663
고춧가루,2018-12-09,5.29547
고춧가루,2018-12-10,5.77995
고춧가루,2018-12-11,5.58278
고춧가루,2018-12-12,5.59968
고춧가루,2018-12-13,5.2335
고춧가루,2018-12-14,5.28984
고춧가루,2018-12-15,4.42228
고춧가루,2018-12-16,4.76592
고춧가루,2018-12-17,5.36871
고춧가루,2018-12-18,5.2166
고춧가루,2018-12-19,4.81099
고춧가루,2018-12-20,4.68142
고춧가루,2018-12-21,4.22511
고춧가루,2018-12-22,3.58853
고춧가루,2018-12-23,3.98287
고춧가루,2018-12-24,3.98287
고춧가루,2018-12-25,3.53219
고춧가루,2018-12-26,4.77156
고춧가루,2018-12-27,4.63635
고춧가루,2018-12-28,4.37721
고춧가루,2018-12-29,4.073
고춧가루,2018-12-30,3.80823
고춧가루,2018-12-31,3.63923
고춧가루,2019-01-01,3.60543
고춧가루,2019-01-02,5.08703
고춧가루,2019-01-03,4.96873
고춧가루,2019-01-04,4.76592
고춧가루,2019-01-05,4.44482
고춧가루,2019-01-06,4.91803
고춧가루,2019-01-07,6.10669
고춧가루,2019-01-08,5.71798
고춧가루,2019-01-09,5.79122
고춧가루,2019-01-10,5.2504
고춧가루,2019-01-11,4.52932
고춧가루,2019-01-12,4.14624
고춧가루,2019-01-13,4.28708
고춧가루,2019-01-14,4.96873
고춧가루,2019-01-15,5.62221
고춧가루,2019-01-16,5.0476
고춧가루,2019-01-17,4.9462
고춧가루,2019-01-18,4.64762
고춧가루,2019-01-19,4.14061
고춧가루,2019-01-20,4.38285
고춧가루,2019-01-21,5.58841
고춧가루,2019-01-22,4.99126
고춧가루,2019-01-23,5.00816
고춧가루,2019-01-24,4.87296
고춧가루,2019-01-25,4.68142
고춧가루,2019-01-26,3.83077
고춧가루,2019-01-27,4.59129
고춧가루,2019-01-28,5.12083
고춧가루,2019-01-29,4.83916
고춧가루,2019-01-30,4.64762
고춧가루,2019-01-31,4.34905
고춧가루,2019-02-01,3.35192
고춧가루,2019-02-02,2.84491
고춧가루,2019-02-03,2.6759
고춧가루,2019-02-04,2.74914
고춧가루,2019-02-05,2.56886
고춧가루,2019-02-06,3.35755
고춧가루,2019-02-07,5.17717
고춧가루,2019-02-08,4.30961
고춧가루,2019-02-09,4.08991
고춧가루,2019-02-10,4.64762
고춧가루,2019-02-11,5.50391
고춧가루,2019-02-12,5.0645
고춧가루,2019-02-13,4.89549
고춧가루,2019-02-14,4.86733
고춧가루,2019-02-15,4.61382
고춧가루,2019-02-16,4.24201
고춧가루,2019-02-17,4.41101
고춧가루,2019-02-18,5.54898
고춧가루,2019-02-19,5.41377
고춧가루,2019-02-20,5.61095
고춧가루,2019-02-21,5.66728
고춧가루,2019-02-22,4.69832
고춧가루,2019-02-23,4.24201
고춧가루,2019-02-24,4.90113
고춧가루,2019-02-25,5.90389
고춧가루,2019-02-26,5.39687
고춧가루,2019-02-27,5.24477
고춧가루,2019-02-28,4.75466
고춧가루,2019-03-01,4.27581
고춧가루,2019-03-02,4.61382
고춧가루,2019-03-03,5.79122
고춧가루,2019-03-04,5.81375
고춧가루,2019-03-05,5.34617
고춧가루,2019-03-06,5.27857
고춧가루,2019-03-07,5.26167
고춧가루,2019-03-08,4.50115
고춧가루,2019-03-09,4.49552
고춧가루,2019-03-10,5.21097
고춧가루,2019-03-11,6.08979
고춧가루,2019-03-12,5.31237
고춧가루,2019-03-13,5.2335
고춧가루,2019-03-14,5.0983
고춧가루,2019-03-15,5.0307
고춧가루,2019-03-16,4.73212
고춧가루,2019-03-17,5.46448
고춧가루,2019-03-18,6.08416
고춧가루,2019-03-19,6.33767
고춧가루,2019-03-20,5.96586
고춧가루,2019-03-21,6.14613
고춧가루,2019-03-22,5.0476
고춧가루,2019-03-23,4.75466
고춧가루,2019-03-24,5.0307
고춧가루,2019-03-25,6.47287
고춧가루,2019-03-26,5.01943
고춧가루,2019-03-27,6.28696
고춧가루,2019-03-28,5.50954
고춧가루,2019-03-29,4.98
고춧가루,2019-03-30,4.83353
고춧가루,2019-03-31,5.30674
고춧가루,2019-04-01,5.99966
고춧가루,2019-04-02,6.07853
고춧가루,2019-04-03,5.53771
고춧가루,2019-04-04,5.29547
고춧가루,2019-04-05,4.66452
고춧가루,2019-04-06,3.99977
고춧가루,2019-04-07,4.48988
고춧가루,2019-04-08,5.94896
고춧가루,2019-04-09,5.33491
고춧가루,2019-04-10,5.53771
고춧가루,2019-04-11,5.57715
고춧가루,2019-04-12,4.87859
고춧가루,2019-04-13,4.16314
고춧가루,2019-04-14,4.91239
고춧가루,2019-04-15,5.31237
고춧가루,2019-04-16,5.55461
고춧가루,2019-04-17,5.0814
고춧가루,2019-04-18,5.22224
고춧가루,2019-04-19,4.38285
고춧가루,2019-04-20,3.9378
고춧가루,2019-04-21,4.55748
고춧가루,2019-04-22,5.43067
고춧가루,2019-04-23,5.0983
고춧가루,2019-04-24,4.82226
고춧가루,2019-04-25,4.87296
고춧가루,2019-04-26,4.40538
고춧가루,2019-04-27,3.36319
고춧가루,2019-04-28,4.30961
고춧가루,2019-04-29,5.33491
고춧가루,2019-04-30,4.85043
고춧가루,2019-05-01,4.67579
고춧가루,2019-05-02,5.33491
고춧가루,2019-05-03,3.9209
고춧가루,2019-05-04,3.36882
고춧가루,2019-05-05,3.59979
고춧가루,2019-05-06,4.73776
고춧가루,2019-05-07,4.87859
고춧가루,2019-05-08,4.53495
고춧가루,2019-05-09,5.02506
고춧가루,2019-05-10,4.51805
고춧가루,2019-05-11,4.01104
고춧가루,2019-05-12,4.32088
고춧가루,2019-05-13,5.2335
고춧가루,2019-05-14,4.92929
고춧가루,2019-05-15,4.81099
고춧가루,2019-05-16,4.37721
고춧가루,2019-05-17,4.32651
고춧가루,2019-05-18,3.61106
고춧가루,2019-05-19,4.52368
고춧가루,2019-05-20,5.50954
고춧가루,2019-05-21,5.59968
고춧가루,2019-05-22,4.95183
고춧가루,2019-05-23,5.27857
고춧가루,2019-05-24,4.14061
고춧가루,2019-05-25,3.80823
고춧가루,2019-05-26,4.21948
고춧가루,2019-05-27,6.10106
고춧가루,2019-05-28,5.08703
고춧가루,2019-05-29,4.93493
고춧가루,2019-05-30,4.96873
고춧가루,2019-05-31,4.08991
고춧가루,2019-06-01,4.30398
고춧가루,2019-06-02,4.68142
고춧가루,2019-06-03,5.64475
고춧가루,2019-06-04,4.74902
고춧가루,2019-06-05,4.58565
고춧가루,2019-06-06,4.54058
고춧가루,2019-06-07,4.45608
고춧가루,2019-06-08,4.01104
고춧가루,2019-06-09,4.59692
고춧가루,2019-06-10,5.79685
고춧가루,2019-06-11,5.38561
고춧가루,2019-06-12,5.20534
고춧가루,2019-06-13,5.0983
고춧가루,2019-06-14,5.02506
고춧가루,2019-06-15,4.27581
고춧가루,2019-06-16,4.81099
고춧가루,2019-06-17,5.68418
고춧가루,2019-06-18,5.40251
고춧가루,2019-06-19,5.2842
고춧가루,2019-06-20,4.90676
고춧가루,2019-06-21,4.56875
고춧가루,2019-06-22,3.94907
고춧가루,2019-06-23,3.86457
고춧가루,2019-06-24,5.75178
고춧가루,2019-06-25,5.57151
고춧가루,2019-06-26,5.20534
고춧가루,2019-06-27,4.80536
고춧가루,2019-06-28,4.18567
고춧가루,2019-06-29,3.904
고춧가루,2019-06-30,4.90113
고춧가루,2019-07-01,5.65601
고춧가루,2019-07-02,5.2842
고춧가루,2019-07-03,5.2335
고춧가루,2019-07-04,5.36307
고춧가루,2019-07-05,4.46735
고춧가루,2019-07-06,4.073
고춧가루,2019-07-07,4.52932
고춧가루,2019-07-08,5.94332
고춧가루,2019-07-09,5.62221
고춧가루,2019-07-10,5.36307
고춧가루,2019-07-11,5.3011
고춧가루,2019-07-12,4.24201
고춧가루,2019-07-13,3.8871
고춧가루,2019-07-14,4.54058
고춧가루,2019-07-15,5.64475
고춧가루,2019-07-16,5.99402
고춧가루,2019-07-17,5.27294
고춧가루,2019-07-18,4.83353
고춧가루,2019-07-19,4.69269
고춧가루,2019-07-20,4.30398
고춧가루,2019-07-21,4.97436
고춧가루,2019-07-22,5.80249
고춧가루,2019-07-23,5.71235
고춧가루,2019-07-24,5.82502
고춧가루,2019-07-25,5.22224
고춧가루,2019-07-26,4.76029
고춧가루,2019-07-27,3.94343
고춧가루,2019-07-28,4.87859
고춧가루,2019-07-29,5.78558
고춧가루,2019-07-30,5.97712
고춧가루,2019-07-31,5.47574
고춧가루,2019-08-01,5.56588
고춧가루,2019-08-02,4.94056
고춧가루,2019-08-03,4.78846
고춧가루,2019-08-04,5.57151
고춧가루,2019-08-05,7.4869
고춧가루,2019-08-06,6.72638
고춧가루,2019-08-07,6.33767
고춧가루,2019-08-08,6.83341
고춧가루,2019-08-09,6.91228
고춧가루,2019-08-10,6.21936
고춧가루,2019-08-11,5.84755
고춧가루,2019-08-12,8.54599
고춧가루,2019-08-13,8.29249
고춧가루,2019-08-14,9.42482
고춧가루,2019-08-15,7.5545
고춧가루,2019-08-16,8.16855
고춧가루,2019-08-17,8.04461
고춧가루,2019-08-18,9.0023
고춧가루,2019-08-19,11.1543
고춧가루,2019-08-20,12.78801
고춧가루,2019-08-21,11.82468
고춧가루,2019-08-22,11.02473
고춧가루,2019-08-23,12.25283
고춧가루,2019-08-24,9.77409
고춧가루,2019-08-25,11.09233
고춧가루,2019-08-26,13.12602
고춧가루,2019-08-27,14.21328
고춧가루,2019-08-28,12.91194
고춧가루,2019-08-29,11.97679
고춧가루,2019-08-30,11.28387
고춧가루,2019-08-31,9.50368
고춧가루,2019-09-01,10.59095
고춧가루,2019-09-02,12.78801
고춧가루,2019-09-03,11.86412
고춧가루,2019-09-04,11.30077
고춧가루,2019-09-05,10.68108
고춧가루,2019-09-06,8.73753
고춧가루,2019-09-07,7.69534
고춧가루,2019-09-08,7.97701
고춧가루,2019-09-09,9.41918
고춧가루,2019-09-10,7.64463
고춧가루,2019-09-11,6.33767
고춧가루,2019-09-12,4.81099
고춧가루,2019-09-13,5.2166
고춧가루,2019-09-14,6.47287
고춧가루,2019-09-15,8.62486
고춧가루,2019-09-16,12.48943
고춧가루,2019-09-17,11.95425
고춧가루,2019-09-18,10.82755
고춧가루,2019-09-19,9.78536
고춧가루,2019-09-20,9.14878
고춧가루,2019-09-21,7.25029
고춧가루,2019-09-22,8.54599
고춧가루,2019-09-23,9.85296
고춧가루,2019-09-24,11.14303
고춧가루,2019-09-25,9.27835
고춧가루,2019-09-26,9.77973
고춧가루,2019-09-27,8.11221
고춧가루,2019-09-28,7.25029
고춧가루,2019-09-29,7.50943
고춧가루,2019-09-30,10.19097
고춧가루,2019-10-01,9.34031
고춧가루,2019-10-02,8.61359
고춧가루,2019-10-03,7.70097
고춧가루,2019-10-04,7.97138
고춧가루,2019-10-05,6.34893
고춧가루,2019-10-06,7.01932
고춧가루,2019-10-07,9.18258
고춧가루,2019-10-08,8.88964
고춧가루,2019-10-09,8.15165
고춧가루,2019-10-10,9.33468
고춧가루,2019-10-11,7.44183
고춧가루,2019-10-12,6.4954
고춧가루,2019-10-13,7.64463
고춧가루,2019-10-14,9.45298
고춧가루,2019-10-15,9.14878
고춧가루,2019-10-16,8.9347
고춧가루,2019-10-17,8.92344
고춧가루,2019-10-18,7.97701
고춧가루,2019-10-19,7.01368
고춧가루,2019-10-20,8.21362
고춧가루,2019-10-21,10.61912
고춧가루,2019-10-22,10.1966
고춧가루,2019-10-23,9.71212
고춧가루,2019-10-24,8.82203
고춧가루,2019-10-25,8.33755
고춧가루,2019-10-26,6.39963
고춧가루,2019-10-27,8.03335
고춧가루,2019-10-28,10.74305
고춧가루,2019-10-29,10.44448
고춧가루,2019-10-30,8.9685
고춧가루,2019-10-31,8.64176
고춧가루,2019-11-01,9.33468
고춧가루,2019-11-02,7.81364
고춧가루,2019-11-03,9.16004
고춧가루,2019-11-04,11.77398
고춧가루,2019-11-05,10.60785
고춧가루,2019-11-06,11.24443
고춧가루,2019-11-07,10.05577
고춧가루,2019-11-08,9.25018
고춧가루,2019-11-09,7.94321
고춧가루,2019-11-10,9.25581
고춧가루,2019-11-11,12.01622
고춧가루,2019-11-12,10.64728
고춧가루,2019-11-13,10.57405
고춧가루,2019-11-14,9.88113
고춧가루,2019-11-15,9.30651
고춧가루,2019-11-16,8.75443
고춧가루,2019-11-17,10.26984
고춧가루,2019-11-18,11.73455
고춧가루,2019-11-19,10.56841
고춧가루,2019-11-20,10.1459
고춧가루,2019-11-21,8.75443
고춧가루,2019-11-22,8.39389
고춧가루,2019-11-23,7.56013
고춧가루,2019-11-24,9.01357
고춧가루,2019-11-25,9.73466
고춧가루,2019-11-26,8.59106
고춧가루,2019-11-27,7.97701
고춧가루,2019-11-28,8.19108
고춧가루,2019-11-29,7.39676
고춧가루,2019-11-30,6.21373
고춧가루,2019-12-01,8.02771
고춧가루,2019-12-02,8.28685
고춧가루,2019-12-03,7.82491
고춧가루,2019-12-04,7.87561
고춧가루,2019-12-05,7.31789
고춧가루,2019-12-06,6.19683
고춧가루,2019-12-07,4.91239
고춧가루,2019-12-08,6.33203
고춧가루,2019-12-09,7.73477
고춧가루,2019-12-10,7.03058
고춧가루,2019-12-11,6.66441
고춧가루,2019-12-12,5.96022
고춧가루,2019-12-13,5.16027
고춧가루,2019-12-14,4.36595
고춧가루,2019-12-15,5.34054
고춧가루,2019-12-16,6.2926
고춧가루,2019-12-17,5.86445
고춧가루,2019-12-18,6.03346
고춧가루,2019-12-19,5.0476
고춧가루,2019-12-20,4.43918
고춧가루,2019-12-21,3.7519
고춧가루,2019-12-22,4.56875
고춧가루,2019-12-23,5.23914
고춧가루,2019-12-24,4.32651
고춧가루,2019-12-25,4.05047
고춧가루,2019-12-26,5.0645
고춧가루,2019-12-27,4.73212
고춧가루,2019-12-28,4.0392
고춧가루,2019-12-29,4.37158
고춧가루,2019-12-30,5.31237
고춧가루,2019-12-31,4.14624
고춧가루,2020-01-01,4.06737
고춧가루,2020-01-02,5.0645
고춧가루,2020-01-03,4.69269
고춧가루,2020-01-04,4.41665
고춧가루,2020-01-05,4.96873
고춧가루,2020-01-06,6.08979
고춧가루,2020-01-07,5.56025
고춧가루,2020-01-08,5.31237
고춧가루,2020-01-09,5.00253
고춧가루,2020-01-10,5.0814
고춧가루,2020-01-11,4.26454
고춧가루,2020-01-12,4.32651
고춧가루,2020-01-13,5.32927
고춧가루,2020-01-14,5.59405
고춧가루,2020-01-15,4.99126
고춧가루,2020-01-16,4.99126
고춧가루,2020-01-17,4.32088
고춧가루,2020-01-18,3.9378
고춧가루,2020-01-19,4.37721
고춧가루,2020-01-20,4.62509
고춧가루,2020-01-21,4.19694
고춧가루,2020-01-22,3.75753
고춧가루,2020-01-23,3.23362
고춧가루,2020-01-24,2.5069
고춧가루,2020-01-25,2.58013
고춧가루,2020-01-26,2.89561
고춧가루,2020-01-27,4.46172
고춧가루,2020-01-28,4.67579
고춧가루,2020-01-29,5.10957
고춧가루,2020-01-30,4.98
고춧가루,2020-01-31,4.38848
고춧가루,2020-02-01,4.10681
고춧가루,2020-02-02,5.02506
고춧가루,2020-02-03,5.94896
고춧가루,2020-02-04,5.3011
고춧가루,2020-02-05,5.35744
고춧가루,2020-02-06,5.53771
고춧가루,2020-02-07,5.18844
고춧가루,2020-02-08,4.51805
고춧가루,2020-02-09,5.0983
고춧가루,2020-02-10,6.10106
고춧가루,2020-02-11,6.12923
고춧가루,2020-02-12,6.24753
고춧가루,2020-02-13,5.41377
고춧가루,2020-02-14,4.73212
고춧가루,2020-02-15,4.63635
고춧가루,2020-02-16,5.22224
고춧가루,2020-02-17,5.89825
고춧가루,2020-02-18,5.59968
고춧가루,2020-02-19,5.67855
고춧가루,2020-02-20,5.1321
고춧가루,2020-02-21,5.149
고춧가루,2020-02-22,5.39124
고춧가루,2020-02-23,5.70672
고춧가루,2020-02-24,6.92918
고춧가루,2020-02-25,6.94608
고춧가루,2020-02-26,6.52357
고춧가루,2020-02-27,6.81651
고춧가루,2020-02-28,6.58554
고춧가루,2020-02-29,6.5292
고춧가루,2020-03-01,8.12911
고춧가루,2020-03-02,8.29812
고춧가루,2020-03-03,7.97138
고춧가루,2020-03-04,8.15728
고춧가루,2020-03-05,7.24466
고춧가루,2020-03-06,6.71511
고춧가루,2020-03-07,6.90101
고춧가루,2020-03-08,7.79111
고춧가루,2020-03-09,8.36572
고춧가루,2020-03-10,8.55163
고춧가루,2020-03-11,8.42769
고춧가루,2020-03-12,7.83054
고춧가루,2020-03-13,7.26156
고춧가루,2020-03-14,6.66441
고춧가루,2020-03-15,8.32065
고춧가루,2020-03-16,8.59106
고춧가루,2020-03-17,9.26708
고춧가루,2020-03-18,8.9009
고춧가루,2020-03-19,8.61923
고춧가루,2020-03-20,7.54887
고춧가루,2020-03-21,6.91228
고춧가루,2020-03-22,8.36009
고춧가루,2020-03-23,8.62486
고춧가루,2020-03-24,8.92907
고춧가루,2020-03-25,8.12911
고춧가루,2020-03-26,8.70936
고춧가루,2020-03-27,7.54323
고춧가루,2020-03-28,7.49816
고춧가루,2020-03-29,7.79674
고춧가루,2020-03-30,8.30375
고춧가루,2020-03-31,8.65303
고춧가루,2020-04-01,8.97977
고춧가루,2020-04-02,8.7826
고춧가루,2020-04-03,7.32353
고춧가루,2020-04-04,7.4193
고춧가루,2020-04-05,9.25018
고춧가루,2020-04-06,8.89527
고춧가루,2020-04-07,9.07554
고춧가루,2020-04-08,9.13187
고춧가루,2020-04-09,8.86147
고춧가루,2020-04-10,7.28409
고춧가루,2020-04-11,7.6559
고춧가루,2020-04-12,8.884
고춧가루,2020-04-13,9.38538
고춧가루,2020-04-14,8.54599
고춧가루,2020-04-15,7.91504
고춧가루,2020-04-16,7.93194
고춧가루,2020-04-17,7.90378
고춧가루,2020-04-18,6.4278
고춧가루,2020-04-19,9.01921
고춧가루,2020-04-20,8.56289
고춧가루,2020-04-21,8.69246
고춧가루,2020-04-22,8.43896
고춧가루,2020-04-23,8.84457
고춧가루,2020-04-24,9.08117
고춧가루,2020-04-25,6.70948
고춧가루,2020-04-26,7.65027
고춧가루,2020-04-27,8.47276
고춧가루,2020-04-28,8.03898
고춧가루,2020-04-29,7.43056
고춧가루,2020-04-30,6.68131
고춧가루,2020-05-01,6.5292
고춧가루,2020-05-02,6.77144
고춧가루,2020-05-03,6.82215
고춧가루,2020-05-04,7.08129
고춧가루,2020-05-05,6.68131
고춧가루,2020-05-06,7.19396
고춧가루,2020-05-07,6.92918
고춧가루,2020-05-08,6.4278
고춧가루,2020-05-09,5.99966
고춧가루,2020-05-10,6.41653
고춧가루,2020-05-11,7.44183
고춧가루,2020-05-12,7.61647
고춧가루,2020-05-13,7.64463
고춧가루,2020-05-14,6.83341
고춧가루,2020-05-15,6.3433
고춧가루,2020-05-16,6.92918
고춧가루,2020-05-17,6.66441
고춧가루,2020-05-18,7.7404
고춧가루,2020-05-19,7.36859
고춧가루,2020-05-20,6.83905
고춧가루,2020-05-21,6.54611
고춧가루,2020-05-22,6.12359
고춧가루,2020-05-23,5.89262
고춧가루,2020-05-24,7.28409
고춧가루,2020-05-25,7.639
고춧가루,2020-05-26,6.96862
고춧가루,2020-05-27,6.56864
고춧가루,2020-05-28,6.87285
고춧가루,2020-05-29,5.34054
고춧가루,2020-05-30,4.73776
고춧가루,2020-05-31,5.74052
고춧가루,2020-06-01,6.87848
고춧가루,2020-06-02,6.92355
고춧가루,2020-06-03,6.50104
고춧가루,2020-06-04,6.38837
고춧가루,2020-06-05,5.72925
고춧가루,2020-06-06,5.72362
고춧가루,2020-06-07,5.53771
고춧가루,2020-06-08,6.68131
고춧가루,2020-06-09,6.1743
고춧가루,2020-06-10,6.2926
고춧가루,2020-06-11,6.02219
고춧가루,2020-06-12,5.75178
고춧가루,2020-06-13,4.88986
고춧가루,2020-06-14,5.89825
고춧가루,2020-06-15,6.78271
고춧가루,2020-06-16,6.28696
고춧가루,2020-06-17,6.39963
고춧가루,2020-06-18,6.58554
고춧가루,2020-06-19,5.61658
고춧가루,2020-06-20,5.2504
고춧가루,2020-06-21,5.98839
고춧가루,2020-06-22,7.03058
고춧가루,2020-06-23,7.32353
고춧가루,2020-06-24,6.87285
고춧가루,2020-06-25,6.225
고춧가루,2020-06-26,6.59681
고춧가루,2020-06-27,4.96873
고춧가루,2020-06-28,6.2757
고춧가루,2020-06-29,6.99678
고춧가루,2020-06-30,7.12635
고춧가루,2020-07-01,8.8333
고춧가루,2020-07-02,7.27846
고춧가루,2020-07-03,6.83905
고춧가루,2020-07-04,5.92079
고춧가루,2020-07-05,7.08129
고춧가루,2020-07-06,7.71787
고춧가루,2020-07-07,8.08968
고춧가루,2020-07-08,8.10658
고춧가루,2020-07-09,7.10945
고춧가루,2020-07-10,6.80525
고춧가루,2020-07-11,5.50954
고춧가루,2020-07-12,6.97425
고춧가루,2020-07-13,7.4193
고춧가루,2020-07-14,7.81927
고춧가루,2020-07-15,7.47563
고춧가루,2020-07-16,7.04185
고춧가루,2020-07-17,6.61934
고춧가루,2020-07-18,5.75178
고춧가루,2020-07-19,6.68131
고춧가루,2020-07-20,7.17706
고춧가루,2020-07-21,7.04749
고춧가루,2020-07-22,6.79961
고춧가루,2020-07-23,7.79674
고춧가루,2020-07-24,6.17993
고춧가루,2020-07-25,6.29823
고춧가루,2020-07-26,6.17993
고춧가루,2020-07-27,8.36009
고춧가루,2020-07-28,7.68407
고춧가루,2020-07-29,8.92344
고춧가루,2020-07-30,6.92918
고춧가루,2020-07-31,6.74891
고춧가루,2020-08-01,6.25316
고춧가루,2020-08-02,7.27846
고춧가루,2020-08-03,9.09807
고춧가루,2020-08-04,9.77973
고춧가루,2020-08-05,9.74592
고춧가루,2020-08-06,11.50357
고춧가루,2020-08-07,10.35997
고춧가루,2020-08-08,15.10337
고춧가루,2020-08-09,16.3202
고춧가루,2020-08-10,18.10602
고춧가루,2020-08-11,17.84688
고춧가루,2020-08-12,18.03842
고춧가루,2020-08-13,18.21305
고춧가루,2020-08-14,15.19914
고춧가루,2020-08-15,12.81617
고춧가루,2020-08-16,13.65556
고춧가루,2020-08-17,15.98219
고춧가루,2020-08-18,16.58498
고춧가루,2020-08-19,18.46656
고춧가루,2020-08-20,18.66937
고춧가루,2020-08-21,19.13695
고춧가루,2020-08-22,17.92011
고춧가루,2020-08-23,20.19041
고춧가루,2020-08-24,23.24376
고춧가루,2020-08-25,23.75077
고춧가루,2020-08-26,22.04946
고춧가루,2020-08-27,23.6212
고춧가루,2020-08-28,21.93115
고춧가루,2020-08-29,21.77342
고춧가루,2020-08-30,21.98749
고춧가루,2020-08-31,25.39575
고춧가루,2020-09-01,24.66339
고춧가루,2020-09-02,28.21249
고춧가루,2020-09-03,27.18156
고춧가루,2020-09-04,22.85505
고춧가루,2020-09-05,24.26905
고춧가루,2020-09-06,22.71421
고춧가루,2020-09-07,25.89713
고춧가루,2020-09-08,24.17328
고춧가루,2020-09-09,23.31136
고춧가루,2020-09-10,24.56762
고춧가루,2020-09-11,20.57912
고춧가루,2020-09-12,18.76513
고춧가루,2020-09-13,20.31998
고춧가루,2020-09-14,27.64351
고춧가루,2020-09-15,22.92828
고춧가루,2020-09-16,22.78744
고춧가루,2020-09-17,19.51439
고춧가루,2020-09-18,16.01599
고춧가루,2020-09-19,14.84423
고춧가루,2020-09-20,16.64694
고춧가루,2020-09-21,16.84975
고춧가루,2020-09-22,15.48645
고춧가루,2020-09-23,15.45265
고춧가루,2020-09-24,13.55416
고춧가루,2020-09-25,11.38527
고춧가루,2020-09-26,10.51208
고춧가루,2020-09-27,10.78249
고춧가루,2020-09-28,10.26421
고춧가루,2020-09-29,8.32629
고춧가루,2020-09-30,6.90101
고춧가루,2020-10-01,8.45586
고춧가루,2020-10-02,9.63889
고춧가루,2020-10-03,10.91206
고춧가루,2020-10-04,13.6612
고춧가루,2020-10-05,16.81595
고춧가루,2020-10-06,17.43563
고춧가루,2020-10-07,15.99909
고춧가루,2020-10-08,14.89493
고춧가루,2020-10-09,14.44989
고춧가루,2020-10-10,13.75133
고춧가루,2020-10-11,14.77663
고춧가루,2020-10-12,17.43563
고춧가루,2020-10-13,17.91448
고춧가루,2020-10-14,16.03853
고춧가루,2020-10-15,15.19351
고춧가루,2020-10-16,14.09498
고춧가루,2020-10-17,12.03312
고춧가루,2020-10-18,13.55979
고춧가루,2020-10-19,15.93713
고춧가루,2020-10-20,16.75398
고춧가루,2020-10-21,16.69765
고춧가루,2020-10-22,15.45265
고춧가루,2020-10-23,14.48369
고춧가루,2020-10-24,11.66131
고춧가루,2020-10-25,14.14004
고춧가루,2020-10-26,17.04692
고춧가루,2020-10-27,17.05819
고춧가루,2020-10-28,15.64418
고춧가루,2020-10-29,14.65832
고춧가루,2020-10-30,14.01611
고춧가루,2020-10-31,12.22466
고춧가루,2020-11-01,14.8217
고춧가루,2020-11-02,18.07222
고춧가루,2020-11-03,17.17086
고춧가루,2020-11-04,16.82158
고춧가루,2020-11-05,16.24133
고춧가루,2020-11-06,14.19074
고춧가루,2020-11-07,13.55979
고춧가루,2020-11-08,16.80468
고춧가루,2020-11-09,18.7933
고춧가루,2020-11-10,17.78491
고춧가루,2020-11-11,16.88918
고춧가루,2020-11-12,15.22167
고춧가루,2020-11-13,13.06968
고춧가루,2020-11-14,14.42735
고춧가루,2020-11-15,16.64694
고춧가루,2020-11-16,17.96518
고춧가루,2020-11-17,17.00185
고춧가루,2020-11-18,17.00749
고춧가루,2020-11-19,18.29756
고춧가루,2020-11-20,14.97943
고춧가루,2020-11-21,13.99357
고춧가루,2020-11-22,16.2357
고춧가루,2020-11-23,17.11452
고춧가루,2020-11-24,15.13154
고춧가루,2020-11-25,14.42735
고춧가루,2020-11-26,13.58796
고춧가루,2020-11-27,12.63027
고춧가루,2020-11-28,11.40217
고춧가루,2020-11-29,13.70063
고춧가루,2020-11-30,14.9738
고춧가루,2020-12-01,12.76547
고춧가루,2020-12-02,12.45563
고춧가루,2020-12-03,11.84158
고춧가루,2020-12-04,10.34307
고춧가루,2020-12-05,9.17694
고춧가루,2020-12-06,10.40504
고춧가루,2020-12-07,11.97679
고춧가루,2020-12-08,11.17683
고춧가루,2020-12-09,10.64165
고춧가루,2020-12-10,9.65579
고춧가루,2020-12-11,8.7826
고춧가루,2020-12-12,8.29812
고춧가루,2020-12-13,9.25018
고춧가루,2020-12-14,10.31491
고춧가루,2020-12-15,9.84733
고춧가루,2020-12-16,9.67269
고춧가루,2020-12-17,9.31778
고춧가루,2020-12-18,7.80801
고춧가루,2020-12-19,7.91504
고춧가루,2020-12-20,9.43045
고춧가루,2020-12-21,9.43045
고춧가루,2020-12-22,8.41079
고춧가루,2020-12-23,7.94884
고춧가루,2020-12-24,7.03622
고춧가루,2020-12-25,7.22212
고춧가루,2020-12-26,7.7066
고춧가루,2020-12-27,9.02484
고춧가루,2020-12-28,9.49242
고춧가루,2020-12-29,8.59106
고춧가루,2020-12-30,8.32629
고춧가루,2020-12-31,6.16866
고춧가루,2021-01-01,6.33767
고춧가루,2021-01-02,7.09255
고춧가루,2021-01-03,8.25868
고춧가루,2021-01-04,8.65303
고춧가루,2021-01-05,8.88964
고춧가루,2021-01-06,8.65866
고춧가루,2021-01-07,8.08968
고춧가루,2021-01-08,7.76294
고춧가루,2021-01-09,7.89251
고춧가루,2021-01-10,8.91217
고춧가루,2021-01-11,8.78823
고춧가루,2021-01-12,8.55726
고춧가루,2021-01-13,8.67556
고춧가루,2021-01-14,8.57416
고춧가루,2021-01-15,7.86434
고춧가루,2021-01-16,6.94045
고춧가루,2021-01-17,8.54036
고춧가루,2021-01-18,8.77133
고춧가루,2021-01-19,8.46149
고춧가루,2021-01-20,9.05301
고춧가루,2021-01-21,8.27559
고춧가루,2021-01-22,7.46436
고춧가루,2021-01-23,7.21649
고춧가루,2021-01-24,8.11785
고춧가루,2021-01-25,8.17982
고춧가루,2021-01-26,8.99667
고춧가루,2021-01-27,8.10095
고춧가루,2021-01-28,8.05588
고춧가루,2021-01-29,7.6559
고춧가루,2021-01-30,6.68694
고춧가루,2021-01-31,8.15728
고춧가루,2021-02-01,9.02484
고춧가루,2021-02-02,8.57416
고춧가루,2021-02-03,7.83617
고춧가루,2021-02-04,7.66717
고춧가루,2021-02-05,6.55737
고춧가루,2021-02-06,5.85319
고춧가루,2021-02-07,7.31226
고춧가루,2021-02-08,6.32077
고춧가루,2021-02-09,6.06163
고춧가루,2021-02-10,4.82226
고춧가루,2021-02-11,4.60819
고춧가루,2021-02-12,4.17441
고춧가루,2021-02-13,5.59968
고춧가루,2021-02-14,7.12072
고춧가루,2021-02-15,7.92631
고춧가루,2021-02-16,8.07278
고춧가루,2021-02-17,7.639
고춧가루,2021-02-18,7.44746
고춧가루,2021-02-19,6.82215
고춧가루,2021-02-20,6.38837
고춧가루,2021-02-21,8.10095
고춧가루,2021-02-22,8.26432
고춧가루,2021-02-23,7.96574
고춧가루,2021-02-24,7.71787
고춧가루,2021-02-25,7.35169
고춧가루,2021-02-26,6.68694
고춧가루,2021-02-27,5.90389
고춧가루,2021-02-28,6.225
고춧가루,2021-03-01,8.45022
고춧가루,2021-03-02,7.53197
고춧가루,2021-03-03,8.24178
고춧가루,2021-03-04,7.96011
고춧가루,2021-03-05,7.03058
고춧가루,2021-03-06,6.90665
고춧가루,2021-03-07,8.35445
고춧가루,2021-03-08,8.715
고춧가루,2021-03-09,8.36009
고춧가루,2021-03-10,7.63337
고춧가루,2021-03-11,8.67556
고춧가루,2021-03-12,7.19396
고춧가루,2021-03-13,6.56864
고춧가루,2021-03-14,7.13199
고춧가루,2021-03-15,9.17694
고춧가루,2021-03-16,8.36572
고춧가루,2021-03-17,8.85583
고춧가루,2021-03-18,8.16855
고춧가루,2021-03-19,7.16015
고춧가루,2021-03-20,6.85031
고춧가루,2021-03-21,8.00518
고춧가루,2021-03-22,9.03047
고춧가루,2021-03-23,8.30939
고춧가루,2021-03-24,8.44459
고춧가루,2021-03-25,7.58267
고춧가루,2021-03-26,6.37147
고춧가루,2021-03-27,6.04472
고춧가루,2021-03-28,7.41366
고춧가루,2021-03-29,8.08405
고춧가루,2021-03-30,8.40516
고춧가루,2021-03-31,7.70097
고춧가루,2021-04-01,7.17706
고춧가루,2021-04-02,6.47287
고춧가루,2021-04-03,7.41366
고춧가루,2021-04-04,7.42493
고춧가루,2021-04-05,8.6643
고춧가루,2021-04-06,8.19108
고춧가루,2021-04-07,8.15728
고춧가루,2021-04-08,7.47563
고춧가루,2021-04-09,6.84468
고춧가루,2021-04-10,6.63624
고춧가루,2021-04-11,6.98552
고춧가루,2021-04-12,8.8333
고춧가루,2021-04-13,8.22488
고춧가루,2021-04-14,8.46712
고춧가루,2021-04-15,7.77984
고춧가루,2021-04-16,7.07565
고춧가루,2021-04-17,6.23626
고춧가루,2021-04-18,6.80525
고춧가루,2021-04-19,8.39952
고춧가루,2021-04-20,8.48966
고춧가루,2021-04-21,9.17694
고춧가루,2021-04-22,7.4362
고춧가루,2021-04-23,6.75454
고춧가루,2021-04-24,5.65038
고춧가루,2021-04-25,6.88975
고춧가루,2021-04-26,8.25868
고춧가루,2021-04-27,7.45873
고춧가루,2021-04-28,7.50943
고춧가루,2021-04-29,7.06439
고춧가루,2021-04-30,6.36583
고춧가루,2021-05-01,6.86158
고춧가루,2021-05-02,8.91217
고춧가루,2021-05-03,7.98264
고춧가루,2021-05-04,7.10382
고춧가루,2021-05-05,6.57991
고춧가루,2021-05-06,7.36296
고춧가루,2021-05-07,7.39676
고춧가루,2021-05-08,6.33767
고춧가루,2021-05-09,7.13199
고춧가루,2021-05-10,8.10658
고춧가루,2021-05-11,7.94884
고춧가루,2021-05-12,7.37423
고춧가루,2021-05-13,6.65877
고춧가루,2021-05-14,6.2926
고춧가루,2021-05-15,6.34893
고춧가루,2021-05-16,7.79111
고춧가루,2021-05-17,7.53197
고춧가루,2021-05-18,7.17142
고춧가루,2021-05-19,7.02495
고춧가루,2021-05-20,7.4531
고춧가루,2021-05-21,6.4785
고춧가루,2021-05-22,6.29823
고춧가루,2021-05-23,6.59681
고춧가루,2021-05-24,8.03898
고춧가루,2021-05-25,8.28685
고춧가루,2021-05-26,7.21649
고춧가루,2021-05-27,7.32916
고춧가루,2021-05-28,6.43344
고춧가루,2021-05-29,6.38273
고춧가루,2021-05-30,7.23902
고춧가루,2021-05-31,7.77984
고춧가루,2021-06-01,8.30939
고춧가루,2021-06-02,7.85307
고춧가루,2021-06-03,7.73477
고춧가루,2021-06-04,6.33203
고춧가루,2021-06-05,6.11796
고춧가루,2021-06-06,7.81364
고춧가루,2021-06-07,8.06715
고춧가루,2021-06-08,8.52346
고춧가루,2021-06-09,7.99391
고춧가루,2021-06-10,8.08405
고춧가루,2021-06-11,7.56577
고춧가루,2021-06-12,6.05036
고춧가루,2021-06-13,6.98552
고춧가루,2021-06-14,7.85307
고춧가루,2021-06-15,7.80801
고춧가루,2021-06-16,7.28409
고춧가루,2021-06-17,7.35733
고춧가루,2021-06-18,6.87285
고춧가루,2021-06-19,5.99966
고춧가루,2021-06-20,6.50667
고춧가루,2021-06-21,7.85871
고춧가루,2021-06-22,7.87561
고춧가루,2021-06-23,7.48126
고춧가루,2021-06-24,7.69534
고춧가루,2021-06-25,6.36583
고춧가루,2021-06-26,6.57991
고춧가루,2021-06-27,7.03622
고춧가루,2021-06-28,8.16292
고춧가루,2021-06-29,8.03335
고춧가루,2021-06-30,11.49231
고춧가루,2021-07-01,8.29249
고춧가루,2021-07-02,6.88411
고춧가루,2021-07-03,6.43344
고춧가루,2021-07-04,7.49253
고춧가루,2021-07-05,8.31502
고춧가루,2021-07-06,7.79111
고춧가루,2021-07-07,9.01357
고춧가루,2021-07-08,7.19959
고춧가루,2021-07-09,6.94608
고춧가루,2021-07-10,6.54611
고춧가루,2021-07-11,7.21086
고춧가루,2021-07-12,8.14038
고춧가루,2021-07-13,8.17982
고춧가루,2021-07-14,8.32629
고춧가루,2021-07-15,7.49816
고춧가루,2021-07-16,7.27846
고춧가루,2021-07-17,6.07853
고춧가루,2021-07-18,7.89814
고춧가루,2021-07-19,8.6812
고춧가루,2021-07-20,8.73753
고춧가루,2021-07-21,7.96011
고춧가루,2021-07-22,7.79674
고춧가루,2021-07-23,7.5883
고춧가루,2021-07-24,6.90665
고춧가루,2021-07-25,8.12348
고춧가루,2021-07-26,9.54875
고춧가루,2021-07-27,8.6474
고춧가루,2021-07-28,10.28111
고춧가루,2021-07-29,10.35997
고춧가루,2021-07-30,8.45586
고춧가루,2021-07-31,8.14038
고춧가루,2021-08-01,9.45298
고춧가루,2021-08-02,9.57692
고춧가루,2021-08-03,12.50633
고춧가루,2021-08-04,11.44724
고춧가루,2021-08-05,10.93459
고춧가루,2021-08-06,13.09222
고춧가루,2021-08-07,11.36274
고춧가루,2021-08-08,11.71764
고춧가루,2021-08-09,14.96817
고춧가루,2021-08-10,16.17937
고춧가루,2021-08-11,19.28342
고춧가루,2021-08-12,15.81319
고춧가루,2021-08-13,17.3793
고춧가루,2021-08-14,15.18224
고춧가루,2021-08-15,18.15672
고춧가루,2021-08-16,20.996
고춧가루,2021-08-17,22.50014
고춧가루,2021-08-18,21.66638
고춧가루,2021-08-19,24.77606
고춧가루,2021-08-20,22.03256
고춧가루,2021-08-21,20.13407
고춧가루,2021-08-22,19.54256
고춧가루,2021-08-23,24.8493
고춧가루,2021-08-24,23.82964
고춧가루,2021-08-25,22.3762
고춧가루,2021-08-26,22.07762
고춧가루,2021-08-27,18.92851
고춧가루,2021-08-28,18.28066
고춧가루,2021-08-29,20.44391
고춧가루,2021-08-30,20.74249
고춧가루,2021-08-31,20.65799
고춧가루,2021-09-01,19.26088
고춧가루,2021-09-02,20.089
고춧가루,2021-09-03,18.17925
고춧가루,2021-09-04,16.86665
고춧가루,2021-09-05,17.77928
고춧가루,2021-09-06,20.50588
고춧가루,2021-09-07,17.95955
고춧가루,2021-09-08,16.92299
고춧가루,2021-09-09,16.76525
고춧가루,2021-09-10,14.59636
고춧가루,2021-09-11,13.34572
고춧가루,2021-09-12,15.14844
고춧가루,2021-09-13,16.03289
고춧가루,2021-09-14,15.22731
고춧가루,2021-09-15,13.53726
고춧가루,2021-09-16,11.41907
고춧가루,2021-09-17,9.10934
고춧가루,2021-09-18,8.17982
고춧가루,2021-09-19,8.06151
고춧가루,2021-09-20,7.04185
고춧가루,2021-09-21,8.70936
고춧가루,2021-09-22,10.75995
고춧가루,2021-09-23,14.39355
고춧가루,2021-09-24,13.34572
고춧가루,2021-09-25,13.9316
고춧가루,2021-09-26,14.22455
고춧가루,2021-09-27,15.36814
고춧가루,2021-09-28,13.92034
고춧가루,2021-09-29,13.04715
고춧가루,2021-09-30,13.04715
고춧가루,2021-10-01,12.46126
고춧가루,2021-10-02,11.63878
고춧가루,2021-10-03,11.60498
고춧가루,2021-10-04,14.12878
고춧가루,2021-10-05,13.864
고춧가루,2021-10-06,13.75133
고춧가루,2021-10-07,13.75133
고춧가루,2021-10-08,11.71201
고춧가루,2021-10-09,10.56278
고춧가루,2021-10-10,10.83882
고춧가루,2021-10-11,13.44712
고춧가루,2021-10-12,14.12314
고춧가루,2021-10-13,13.90344
고춧가루,2021-10-14,13.88654
고춧가루,2021-10-15,12.12889
고춧가루,2021-10-16,11.25007
고춧가루,2021-10-17,12.45563
고춧가루,2021-10-18,13.99921
고춧가루,2021-10-19,13.63303
고춧가루,2021-10-20,12.63027
고춧가루,2021-10-21,12.10072
고춧가루,2021-10-22,12.48943
고춧가루,2021-10-23,9.84733
고춧가루,2021-10-24,10.79939
고춧가루,2021-10-25,14.83296
고춧가루,2021-10-26,13.68936
고춧가루,2021-10-27,12.72041
고춧가루,2021-10-28,11.86975
고춧가루,2021-10-29,11.88102
고춧가루,2021-10-30,10.23604
고춧가루,2021-10-31,11.70074
고춧가루,2021-11-01,14.42172
고춧가루,2021-11-02,15.32871
고춧가루,2021-11-03,14.57382
고춧가루,2021-11-04,14.11188
고춧가루,2021-11-05,11.46414
고춧가루,2021-11-06,10.74869
고춧가루,2021-11-07,11.55991
고춧가루,2021-11-08,14.32031
고춧가루,2021-11-09,13.34572
고춧가루,2021-11-10,12.4331
고춧가루,2021-11-11,12.09509
고춧가루,2021-11-12,11.23316
고춧가루,2021-11-13,10.69235
고춧가루,2021-11-14,11.06979
고춧가루,2021-11-15,14.25271
고춧가루,2021-11-16,13.21052
고춧가루,2021-11-17,12.54013
고춧가루,2021-11-18,12.32043
고춧가루,2021-11-19,10.76559
고춧가루,2021-11-20,9.71212
고춧가루,2021-11-21,11.11486
고춧가루,2021-11-22,13.33446
고춧가루,2021-11-23,11.04726
고춧가루,2021-11-24,10.48954
고춧가루,2021-11-25,10.2304
고춧가루,2021-11-26,8.48402
고춧가루,2021-11-27,8.02771
고춧가루,2021-11-28,9.53185
고춧가루,2021-11-29,11.49794
고춧가루,2021-11-30,11.3909
고춧가루,2021-12-01,9.45298
고춧가루,2021-12-02,8.6643
고춧가루,2021-12-03,7.71787
고춧가루,2021-12-04,7.30663
고춧가루,2021-12-05,7.6559
고춧가루,2021-12-06,9.66142
고춧가루,2021-12-07,9.02484
고춧가루,2021-12-08,7.81927
고춧가루,2021-12-09,7.44183
고춧가루,2021-12-10,6.86721
고춧가루,2021-12-11,6.06726
고춧가루,2021-12-12,6.53484
고춧가루,2021-12-13,7.88687
고춧가루,2021-12-14,7.4362
고춧가루,2021-12-15,7.29536
고춧가루,2021-12-16,6.99115
고춧가루,2021-12-17,6.15176
고춧가루,2021-12-18,6.07289
고춧가루,2021-12-19,5.90389
고춧가루,2021-12-20,7.04749
고춧가루,2021-12-21,6.60807
고춧가루,2021-12-22,6.46724
고춧가루,2021-12-23,5.76305
고춧가루,2021-12-24,4.92929
고춧가루,2021-12-25,4.45608
고춧가루,2021-12-26,6.21936
고춧가루,2021-12-27,6.3433
고춧가루,2021-12-28,6.82778
고춧가루,2021-12-29,6.81088
고춧가루,2021-12-30,6.225
고춧가루,2021-12-31,4.63635
고춧가루,2022-01-01,4.22511
고춧가루,2022-01-02,5.52644
고춧가루,2022-01-03,6.74328
고춧가루,2022-01-04,6.83341
고춧가루,2022-01-05,6.77708
고춧가루,2022-01-06,6.3771
고춧가루,2022-01-07,6.28133
고춧가루,2022-01-08,5.56588
고춧가루,2022-01-09,5.99966
고춧가루,2022-01-10,6.70384
고춧가루,2022-01-11,6.76581
고춧가루,2022-01-12,7.00805
고춧가루,2022-01-13,6.69258
고춧가루,2022-01-14,6.35457
고춧가루,2022-01-15,6.21936
고춧가루,2022-01-16,6.15176
고춧가루,2022-01-17,7.31226
고춧가루,2022-01-18,6.83905
고춧가루,2022-01-19,6.50104
고춧가루,2022-01-20,6.50104
고춧가루,2022-01-21,5.41941
고춧가루,2022-01-22,5.43631
고춧가루,2022-01-23,5.17153
고춧가루,2022-01-24,6.59117
고춧가루,2022-01-25,6.23063
고춧가루,2022-01-26,5.88135
고춧가루,2022-01-27,5.29547
고춧가루,2022-01-28,4.70959
고춧가루,2022-01-29,4.24764
고춧가루,2022-01-30,4.21948
고춧가루,2022-01-31,4.27581
고춧가루,2022-02-01,3.96034
고춧가루,2022-02-02,5.67291
고춧가루,2022-02-03,6.62497
고춧가루,2022-02-04,6.75454
고춧가루,2022-02-05,6.08979
고춧가루,2022-02-06,7.18832
고춧가루,2022-02-07,7.62773
고춧가루,2022-02-08,7.17706
고춧가루,2022-02-09,7.07565
고춧가루,2022-02-10,7.17706
고춧가루,2022-02-11,6.45597
고춧가루,2022-02-12,5.88699
고춧가루,2022-02-13,6.55737
고춧가루,2022-02-14,7.27282
고춧가루,2022-02-15,7.21649
고춧가루,2022-02-16,7.11509
고춧가루,2022-02-17,7.97138
고춧가루,2022-02-18,6.97425
고춧가루,2022-02-19,6.16866
고춧가루,2022-02-20,7.15452
고춧가루,2022-02-21,8.46712
고춧가루,2022-02-22,8.56289
고춧가루,2022-02-23,9.01921
고춧가루,2022-02-24,7.90378
고춧가루,2022-02-25,7.07002
고춧가루,2022-02-26,7.14325
고춧가루,2022-02-27,7.14889
고춧가루,2022-02-28,7.97138
고춧가루,2022-03-01,8.50656
고춧가루,2022-03-02,7.90378
고춧가루,2022-03-03,7.09819
고춧가루,2022-03-04,6.2926
고춧가루,2022-03-05,6.17993
고춧가루,2022-03-06,6.67004
고춧가루,2022-03-07,6.87285
고춧가루,2022-03-08,6.11233
고춧가루,2022-03-09,5.66728
고춧가루,2022-03-10,6.27006
고춧가루,2022-03-11,6.47287
고춧가루,2022-03-12,6.16866
고춧가루,2022-03-13,7.6897
고춧가루,2022-03-14,8.59106
고춧가루,2022-03-15,8.32065
고춧가루,2022-03-16,8.715
고춧가루,2022-03-17,7.84744
고춧가루,2022-03-18,7.59957
고춧가루,2022-03-19,6.48414
고춧가루,2022-03-20,8.03335
고춧가루,2022-03-21,9.66142
고춧가루,2022-03-22,8.05588
고춧가루,2022-03-23,7.97701
고춧가루,2022-03-24,8.26432
고춧가루,2022-03-25,6.46724
고춧가루,2022-03-26,6.4278
고춧가루,2022-03-27,7.22776
고춧가루,2022-03-28,7.21649
고춧가루,2022-03-29,7.35169
고춧가루,2022-03-30,7.4193
고춧가루,2022-03-31,8.10095
고춧가루,2022-04-01,6.2588
고춧가루,2022-04-02,5.55461
고춧가루,2022-04-03,6.36583
고춧가루,2022-04-04,8.21925
고춧가루,2022-04-05,7.99391
고춧가루,2022-04-06,7.97701
고춧가루,2022-04-07,7.24466
고춧가루,2022-04-08,6.55737
고춧가루,2022-04-09,5.99966
고춧가루,2022-04-10,6.40527
고춧가루,2022-04-11,7.24466
고춧가루,2022-04-12,7.00242
고춧가루,2022-04-13,7.6728
고춧가루,2022-04-14,6.97988
고춧가루,2022-04-15,6.65877
고춧가루,2022-04-16,5.40251
고춧가루,2022-04-17,5.96022
고춧가루,2022-04-18,7.68407
고춧가루,2022-04-19,7.71787
고춧가루,2022-04-20,7.75167
고춧가루,2022-04-21,7.70097
고춧가루,2022-04-22,6.4447
고춧가루,2022-04-23,5.74615
고춧가루,2022-04-24,6.1912
고춧가루,2022-04-25,7.82491
고춧가루,2022-04-26,6.77708
고춧가루,2022-04-27,6.96862
고춧가루,2022-04-28,7.02495
고춧가루,2022-04-29,6.81651
고춧가루,2022-04-30,4.67579
고춧가루,2022-05-01,6.14613
고춧가루,2022-05-02,6.98552
고춧가루,2022-05-03,6.50667
고춧가루,2022-05-04,6.20246
고춧가루,2022-05-05,5.36871
고춧가루,2022-05-06,5.47574
고춧가루,2022-05-07,6.42217
고춧가루,2022-05-08,6.23063
고춧가루,2022-05-09,7.13199
고춧가루,2022-05-10,7.85307
고춧가루,2022-05-11,7.22212
고춧가루,2022-05-12,7.48126
고춧가루,2022-05-13,6.97425
고춧가루,2022-05-14,6.06726
고춧가루,2022-05-15,6.89538
고춧가루,2022-05-16,6.94045
고춧가루,2022-05-17,6.91228
고춧가루,2022-05-18,7.02495
고춧가루,2022-05-19,7.07002
고춧가루,2022-05-20,5.37434
고춧가루,2022-05-21,4.55185
고춧가루,2022-05-22,7.05312
고춧가루,2022-05-23,10.59095
고춧가루,2022-05-24,9.75719
고춧가루,2022-05-25,11.62751
고춧가루,2022-05-26,10.77685
고춧가루,2022-05-27,6.2588
고춧가루,2022-05-28,5.0983
고춧가루,2022-05-29,7.5545
고춧가루,2022-05-30,7.71787
고춧가루,2022-05-31,6.2926
고춧가루,2022-06-01,6.5123
고춧가루,2022-06-02,7.08692
고춧가루,2022-06-03,6.13486
고춧가루,2022-06-04,6.45034
고춧가루,2022-06-05,7.5038
고춧가루,2022-06-06,8.29249
고춧가루,2022-06-07,8.35445
고춧가루,2022-06-08,7.4362
고춧가루,2022-06-09,6.92355
고춧가루,2022-06-10,5.91515
고춧가루,2022-06-11,6.34893
고춧가루,2022-06-12,8.65303
고춧가루,2022-06-13,9.45862
고춧가루,2022-06-14,10.19097
고춧가루,2022-06-15,8.22488
고춧가루,2022-06-16,6.76581
고춧가루,2022-06-17,6.40527
고춧가루,2022-06-18,5.36871
고춧가루,2022-06-19,5.99966
고춧가루,2022-06-20,7.27846
고춧가루,2022-06-21,6.91792
고춧가루,2022-06-22,6.80525
고춧가루,2022-06-23,6.82215
고춧가루,2022-06-24,5.89262
고춧가루,2022-06-25,4.86733
고춧가루,2022-06-26,6.08416
고춧가루,2022-06-27,7.70097
고춧가루,2022-06-28,7.05875
고춧가루,2022-06-29,7.17706
고춧가루,2022-06-30,6.68131
고춧가루,2022-07-01,6.01656
고춧가루,2022-07-02,5.12647
고춧가루,2022-07-03,5.83629
고춧가루,2022-07-04,7.95448
고춧가루,2022-07-05,7.37423
고춧가루,2022-07-06,8.02208
고춧가루,2022-07-07,7.29536
고춧가루,2022-07-08,7.32916
고춧가루,2022-07-09,6.13486
고춧가루,2022-07-10,7.19396
고춧가루,2022-07-11,8.18545
고춧가루,2022-07-12,7.98264
고춧가루,2022-07-13,7.92068
고춧가루,2022-07-14,8.6643
고춧가루,2022-07-15,7.32353
고춧가루,2022-07-16,6.61934
고춧가루,2022-07-17,7.72914
고춧가루,2022-07-18,8.9347
고춧가루,2022-07-19,8.50092
고춧가루,2022-07-20,7.89251
고춧가루,2022-07-21,8.85583
고춧가루,2022-07-22,7.59957
고춧가루,2022-07-23,7.05312
고춧가루,2022-07-24,8.05588
고춧가루,2022-07-25,9.28398
고춧가루,2022-07-26,9.74592
고춧가루,2022-07-27,9.49805
고춧가루,2022-07-28,8.62486
고춧가루,2022-07-29,9.17131
고춧가루,2022-07-30,7.17706
고춧가루,2022-07-31,8.24742
고춧가루,2022-08-01,10.07267
고춧가루,2022-08-02,10.66982
고춧가루,2022-08-03,10.11773
고춧가루,2022-08-04,10.68108
고춧가루,2022-08-05,10.41068
고춧가루,2022-08-06,8.61923
고춧가루,2022-08-07,10.53461
고춧가루,2022-08-08,12.22466
고춧가루,2022-08-09,14.81606
고춧가루,2022-08-10,13.79077
고춧가루,2022-08-11,13.19362
고춧가루,2022-08-12,12.57393
고춧가루,2022-08-13,11.83595
고춧가루,2022-08-14,11.88665
고춧가루,2022-08-15,13.72317
고춧가루,2022-08-16,16.01599
고춧가루,2022-08-17,18.78767
고춧가루,2022-08-18,16.88918
고춧가루,2022-08-19,14.72029
고춧가루,2022-08-20,13.44149
고춧가루,2022-08-21,13.97667
고춧가루,2022-08-22,16.12303
고춧가루,2022-08-23,16.1512
고춧가루,2022-08-24,16.1174
고춧가루,2022-08-25,16.96805
고춧가루,2022-08-26,15.94839
고춧가루,2022-08-27,14.73156
고춧가루,2022-08-28,15.17097
고춧가루,2022-08-29,17.64407
고춧가루,2022-08-30,16.66948
고춧가루,2022-08-31,16.70891
고춧가루,2022-09-01,15.55968
고춧가루,2022-09-02,14.07808
고춧가루,2022-09-03,12.79927
고춧가루,2022-09-04,16.13993
고춧가루,2022-09-05,15.28364
고춧가루,2022-09-06,13.6781
고춧가루,2022-09-07,12.35986
고춧가루,2022-09-08,10.61348
고춧가루,2022-09-09,8.25868
고춧가루,2022-09-10,8.62486
고춧가루,2022-09-11,11.88102
고춧가루,2022-09-12,14.65832
고춧가루,2022-09-13,17.71167
고춧가루,2022-09-14,17.86941
고춧가루,2022-09-15,16.42161
고춧가루,2022-09-16,17.09199
고춧가루,2022-09-17,13.7964
고춧가루,2022-09-18,14.84423
고춧가루,2022-09-19,15.94276
고춧가루,2022-09-20,16.24697
고춧가루,2022-09-21,15.41321
고춧가루,2022-09-22,15.35688
고춧가루,2022-09-23,13.21052
고춧가루,2022-09-24,11.07543
고춧가루,2022-09-25,13.30629
고춧가루,2022-09-26,15.99909
고춧가루,2022-09-27,15.62165
고춧가루,2022-09-28,16.0836
고춧가루,2022-09-29,14.33158
고춧가루,2022-09-30,13.62176
고춧가루,2022-10-01,12.54013
고춧가루,2022-10-02,13.48656
고춧가루,2022-10-03,15.85826
고춧가루,2022-10-04,18.38206
고춧가루,2022-10-05,16.47794
고춧가루,2022-10-06,15.41321
고춧가루,2022-10-07,13.59923
고춧가루,2022-10-08,12.33169
고춧가루,2022-10-09,15.67235
고춧가루,2022-10-10,16.21317
고춧가루,2022-10-11,17.61027
고춧가루,2022-10-12,17.21029
고춧가루,2022-10-13,15.84136
고춧가루,2022-10-14,16.08923
고춧가루,2022-10-15,14.21328
고춧가루,2022-10-16,15.21041
고춧가루,2022-10-17,18.24122
고춧가루,2022-10-18,17.30043
고춧가루,2022-10-19,17.03002
고춧가루,2022-10-20,16.11176
고춧가루,2022-10-21,14.32031
고춧가루,2022-10-22,12.82744
고춧가루,2022-10-23,16.77088
고춧가루,2022-10-24,20.61292
고춧가루,2022-10-25,19.22145
고춧가루,2022-10-26,17.82998
고춧가루,2022-10-27,19.07498
고춧가루,2022-10-28,16.80468
고춧가루,2022-10-29,15.17097
고춧가루,2022-10-30,15.28927
고춧가루,2022-10-31,18.68627
고춧가루,2022-11-01,20.65799
고춧가루,2022-11-02,19.38482
고춧가루,2022-11-03,20.54532
고춧가루,2022-11-04,19.61579
고춧가루,2022-11-05,17.40747
고춧가루,2022-11-06,18.76513
고춧가루,2022-11-07,23.33953
고춧가루,2022-11-08,21.49174
고춧가루,2022-11-09,21.46921
고춧가루,2022-11-10,19.72283
고춧가루,2022-11-11,16.72018
고춧가루,2022-11-12,15.95966
고춧가루,2022-11-13,18.15672
고춧가루,2022-11-14,23.30009
고춧가루,2022-11-15,20.54532
고춧가루,2022-11-16,18.10602
고춧가루,2022-11-17,17.76801
고춧가루,2022-11-18,15.72869
고춧가루,2022-11-19,13.57669
고춧가루,2022-11-20,17.15396
고춧가루,2022-11-21,19.99323
고춧가루,2022-11-22,17.80744
고춧가루,2022-11-23,15.85262
고춧가루,2022-11-24,13.01335
고춧가루,2022-11-25,12.14579
고춧가루,2022-11-26,10.57968
고춧가루,2022-11-27,13.80767
고춧가루,2022-11-28,16.37654
고춧가루,2022-11-29,14.55129
고춧가루,2022-11-30,13.41896
고춧가루,2022-12-01,11.90918
고춧가루,2022-12-02,11.1543
고춧가루,2022-12-03,8.05588
고춧가루,2022-12-04,11.95425
고춧가루,2022-12-05,11.19373
고춧가루,2022-12-06,9.71212
고춧가루,2022-12-07,9.88113
고춧가루,2022-12-08,9.92056
고춧가루,2022-12-09,8.9009
고춧가루,2022-12-10,8.17982
고춧가루,2022-12-11,8.27559
고춧가루,2022-12-12,9.9769
고춧가루,2022-12-13,9.27271
고춧가루,2022-12-14,8.29249
고춧가루,2022-12-15,7.21086
고춧가루,2022-12-16,6.85595
고춧가루,2022-12-17,5.22787
고춧가루,2022-12-18,6.89538
고춧가루,2022-12-19,8.22488
고춧가루,2022-12-20,7.74604
고춧가루,2022-12-21,6.76581
고춧가루,2022-12-22,6.81651
고춧가루,2022-12-23,5.96022
고춧가루,2022-12-24,4.74339
고춧가루,2022-12-25,5.75742
고춧가루,2022-12-26,7.54323
고춧가루,2022-12-27,7.24466
고춧가루,2022-12-28,8.55163
고춧가루,2022-12-29,10.15717
고춧가루,2022-12-30,6.27006
고춧가루,2022-12-31,5.45321
고춧가루,2023-01-01,6.16303
고춧가루,2023-01-02,7.92631
고춧가루,2023-01-03,7.93758
고춧가루,2023-01-04,7.7573
고춧가루,2023-01-05,7.79674
고춧가루,2023-01-06,6.71511
고춧가루,2023-01-07,6.42217
고춧가루,2023-01-08,7.4531
고춧가루,2023-01-09,7.99391
고춧가루,2023-01-10,6.95172
고춧가루,2023-01-11,7.38549
고춧가루,2023-01-12,6.18556
고춧가루,2023-01-13,6.54047
고춧가루,2023-01-14,5.86445
고춧가루,2023-01-15,6.91228
고춧가루,2023-01-16,8.31502
고춧가루,2023-01-17,7.56577
고춧가루,2023-01-18,6.51794
고춧가루,2023-01-19,5.39687
고춧가루,2023-01-20,5.149
고춧가루,2023-01-21,4.54622
고춧가루,2023-01-22,4.0392
고춧가루,2023-01-23,5.01943
고춧가루,2023-01-24,6.43907
고춧가루,2023-01-25,6.69258
고춧가루,2023-01-26,6.76018
고춧가루,2023-01-27,6.51794
고춧가루,2023-01-28,5.98276
고춧가루,2023-01-29,6.74328
고춧가루,2023-01-30,7.02495
고춧가루,2023-01-31,7.39676
고춧가루,2023-02-01,7.53197
고춧가루,2023-02-02,7.36859
고춧가루,2023-02-03,7.02495
고춧가루,2023-02-04,6.03909
고춧가루,2023-02-05,7.40803
고춧가루,2023-02-06,7.78547
고춧가루,2023-02-07,7.19396
고춧가루,2023-02-08,8.37699
고춧가루,2023-02-09,8.18545
고춧가루,2023-02-10,6.79961
고춧가루,2023-02-11,7.00805
고춧가루,2023-02-12,7.5545
고춧가루,2023-02-13,8.63613
고춧가루,2023-02-14,8.46149
고춧가루,2023-02-15,8.8671
고춧가루,2023-02-16,7.95448
고춧가루,2023-02-17,7.23339
고춧가루,2023-02-18,6.19683
고춧가루,2023-02-19,7.6052
고춧가루,2023-02-20,9.21638
고춧가루,2023-02-21,8.81077
고춧가루,2023-02-22,8.9009
고춧가루,2023-02-23,7.88124
고춧가루,2023-02-24,7.44746
고춧가루,2023-02-25,7.08129
고춧가루,2023-02-26,8.34882
고춧가루,2023-02-27,8.69246
고춧가루,2023-02-28,8.12348
고춧가루,2023-03-01,9.52622
고춧가루,2023-03-02,8.78823
고춧가루,2023-03-03,7.72914
고춧가루,2023-03-04,9.29525
고춧가루,2023-03-05,10.129
고춧가루,2023-03-06,11.65568
고춧가루,2023-03-07,10.03887
고춧가루,2023-03-08,9.21638
고춧가루,2023-03-09,8.60233
고춧가루,2023-03-10,7.12072
고춧가루,2023-03-11,6.51794
고춧가루,2023-03-12,9.89803
고춧가루,2023-03-13,9.94873
고춧가루,2023-03-14,11.19936
고춧가루,2023-03-15,10.28111
고춧가루,2023-03-16,11.2895
고춧가루,2023-03-17,7.99954
고춧가루,2023-03-18,6.77708
고춧가루,2023-03-19,8.26432
고춧가루,2023-03-20,9.35158
고춧가루,2023-03-21,8.60233
고춧가루,2023-03-22,10.64165
고춧가루,2023-03-23,8.48402
고춧가루,2023-03-24,7.61083
고춧가루,2023-03-25,6.91792
고춧가루,2023-03-26,8.14038
고춧가루,2023-03-27,9.44735
고춧가루,2023-03-28,9.22764
고춧가루,2023-03-29,10.33181
고춧가루,2023-03-30,9.90366
고춧가루,2023-03-31,12.88941
고춧가루,2023-04-01,13.34572
고춧가루,2023-04-02,12.22466
고춧가루,2023-04-03,12.16832
고춧가루,2023-04-04,11.49231
고춧가루,2023-04-05,9.85296
고춧가루,2023-04-06,10.72052
고춧가루,2023-04-07,14.49495
고춧가루,2023-04-08,8.25868
고춧가루,2023-04-09,7.86997
고춧가루,2023-04-10,9.53185
고춧가루,2023-04-11,8.9347
고춧가루,2023-04-12,9.12061
고춧가루,2023-04-13,8.23615
고춧가루,2023-04-14,8.22488
고춧가루,2023-04-15,7.5038
고춧가루,2023-04-16,8.43896
고춧가루,2023-04-17,8.76006
고춧가루,2023-04-18,9.01357
고춧가루,2023-04-19,8.27559
고춧가루,2023-04-20,7.4531
고춧가루,2023-04-21,6.77708
고춧가루,2023-04-22,6.15176
고춧가루,2023-04-23,7.18832
고춧가루,2023-04-24,7.80801
고춧가루,2023-04-25,8.28122
고춧가루,2023-04-26,8.21925
고춧가루,2023-04-27,7.16015
고춧가루,2023-04-28,6.54047
고춧가루,2023-04-29,6.65877
고춧가루,2023-04-30,6.98552
고춧가루,2023-05-01,8.25305
고춧가루,2023-05-02,8.14038
고춧가루,2023-05-03,7.97138
고춧가루,2023-05-04,6.70948
고춧가루,2023-05-05,6.61934
고춧가루,2023-05-06,6.99678
고춧가루,2023-05-07,7.07565
고춧가루,2023-05-08,8.54036
고춧가루,2023-05-09,9.10934
고춧가루,2023-05-10,8.715
고춧가루,2023-05-11,8.55163
고춧가루,2023-05-12,7.43056
고춧가루,2023-05-13,5.89262
고춧가루,2023-05-14,6.61371
고춧가루,2023-05-15,8.91217
고춧가루,2023-05-16,7.85307
고춧가루,2023-05-17,8.03335
고춧가루,2023-05-18,8.07841
고춧가루,2023-05-19,6.24753
고춧가루,2023-05-20,6.11233
고춧가루,2023-05-21,7.61083
고춧가루,2023-05-22,8.39952
고춧가루,2023-05-23,8.36009
고춧가루,2023-05-24,8.43896
고춧가루,2023-05-25,8.11785
고춧가루,2023-05-26,7.09819
고춧가루,2023-05-27,5.98839
고춧가루,2023-05-28,7.34043
고춧가루,2023-05-29,8.38262
고춧가루,2023-05-30,8.99667
고춧가루,2023-05-31,7.99954
고춧가루,2023-06-01,9.11497
고춧가루,2023-06-02,8.30939
고춧가루,2023-06-03,6.4785
고춧가루,2023-06-04,7.5207
고춧가루,2023-06-05,7.44183
고춧가루,2023-06-06,8.37699
고춧가루,2023-06-07,8.67556
고춧가루,2023-06-08,8.35445
고춧가루,2023-06-09,7.33479
고춧가루,2023-06-10,6.79961
고춧가루,2023-06-11,7.47563
고춧가루,2023-06-12,8.14038
고춧가루,2023-06-13,8.12911
고춧가루,2023-06-14,8.55726
고춧가루,2023-06-15,8.29249
고춧가루,2023-06-16,7.58267
고춧가루,2023-06-17,6.57427
고춧가루,2023-06-18,6.61371
고춧가루,2023-06-19,8.00518
고춧가루,2023-06-20,7.73477
고춧가루,2023-06-21,7.96011
고춧가루,2023-06-22,7.81364
고춧가루,2023-06-23,6.84468
고춧가루,2023-06-24,6.394
고춧가루,2023-06-25,7.5883
고춧가루,2023-06-26,8.62486
고춧가루,2023-06-27,7.83617
고춧가루,2023-06-28,7.56013
고춧가루,2023-06-29,7.6559
고춧가루,2023-06-30,6.76581
고춧가루,2023-07-01,6.45597
고춧가루,2023-07-02,8.31502
고춧가루,2023-07-03,8.46712
고춧가루,2023-07-04,8.30375
고춧가루,2023-07-05,7.71224
고춧가루,2023-07-06,7.39676
고춧가루,2023-07-07,6.38273
고춧가루,2023-07-08,6.02219
고춧가루,2023-07-09,7.18269
고춧가루,2023-07-10,8.34882
고춧가루,2023-07-11,7.22776
고춧가루,2023-07-12,7.99954
고춧가루,2023-07-13,7.64463
고춧가루,2023-07-14,7.05875
고춧가루,2023-07-15,8.01081
고춧가루,2023-07-16,9.51495
고춧가루,2023-07-17,10.42194
고춧가루,2023-07-18,10.83882
고춧가루,2023-07-19,9.23891
고춧가루,2023-07-20,8.58543
고춧가루,2023-07-21,9.03047
고춧가루,2023-07-22,6.97988
고춧가루,2023-07-23,8.63613
고춧가루,2023-07-24,11.3571
고춧가루,2023-07-25,10.38814
고춧가루,2023-07-26,10.01633
고춧가루,2023-07-27,10.41068
고춧가루,2023-07-28,8.95724
고춧가루,2023-07-29,8.25305
고춧가루,2023-07-30,8.26995
고춧가루,2023-07-31,11.03599
고춧가루,2023-08-01,12.57393
고춧가루,2023-08-02,11.56554
고춧가루,2023-08-03,14.12878
고춧가루,2023-08-04,12.76547
고춧가루,2023-08-05,10.91206
고춧가루,2023-08-06,12.39366
고춧가루,2023-08-07,14.64706
고춧가루,2023-08-08,16.34837
고춧가루,2023-08-09,14.86676
고춧가루,2023-08-10,17.42437
고춧가루,2023-08-11,14.70903
고춧가루,2023-08-12,16.01036
고춧가루,2023-08-13,15.95403
고춧가루,2023-08-14,18.47219
고춧가루,2023-08-15,19.73973
고춧가루,2023-08-16,18.7933
고춧가루,2023-08-17,19.77353
고춧가루,2023-08-18,19.84676
고춧가루,2023-08-19,17.27789
고춧가루,2023-08-20,18.08348
고춧가루,2023-08-21,22.08889
고춧가루,2023-08-22,19.8355
고춧가루,2023-08-23,21.63821
고춧가루,2023-08-24,19.61016
고춧가루,2023-08-25,19.10314
고춧가루,2023-08-26,17.03002
고춧가루,2023-08-27,19.20455
고춧가루,2023-08-28,22.3255
고춧가루,2023-08-29,22.4945
고춧가루,2023-08-30,21.3509
고춧가루,2023-08-31,20.16787
고춧가루,2023-09-01,19.9369
고춧가루,2023-09-02,18.88907
고춧가루,2023-09-03,18.6074
고춧가루,2023-09-04,20.64672
고춧가루,2023-09-05,21.15937
고춧가루,2023-09-06,18.98484
고춧가루,2023-09-07,19.79606
고춧가루,2023-09-08,18.35389
고춧가루,2023-09-09,16.12303
고춧가루,2023-09-10,18.30882
고춧가루,2023-09-11,19.27215
고춧가루,2023-09-12,19.42989
고춧가루,2023-09-13,17.36803
고춧가루,2023-09-14,16.98495
고춧가루,2023-09-15,15.61602
고춧가루,2023-09-16,14.57382
고춧가루,2023-09-17,16.75398
고춧가루,2023-09-18,18.29756
고춧가루,2023-09-19,15.84699
고춧가루,2023-09-20,15.41884
고춧가루,2023-09-21,14.23018
고춧가루,2023-09-22,12.52887
고춧가루,2023-09-23,11.08669
고춧가루,2023-09-24,11.92608
고춧가루,2023-09-25,12.17959
고춧가루,2023-09-26,10.48391
고춧가루,2023-09-27,8.44459
고춧가루,2023-09-28,7.96011
고춧가루,2023-09-29,9.19948
고춧가루,2023-09-30,10.44448
고춧가루,2023-10-01,11.46977
고춧가루,2023-10-02,12.61337
고춧가루,2023-10-03,15.33998
고춧가루,2023-10-04,16.1343
고춧가루,2023-10-05,15.40758
고춧가루,2023-10-06,15.43011
고춧가루,2023-10-07,13.35136
고춧가루,2023-10-08,14.01047
고춧가루,2023-10-09,16.59624
고춧가루,2023-10-10,16.80468
고춧가루,2023-10-11,16.43851
고춧가루,2023-10-12,15.43011
고춧가루,2023-10-13,15.86952
고춧가루,2023-10-14,13.23869
고춧가루,2023-10-15,13.5936
고춧가루,2023-10-16,16.77088
고춧가루,2023-10-17,16.39907
고춧가루,2023-10-18,15.92022
고춧가루,2023-10-19,15.48645
고춧가루,2023-10-20,14.37102
고춧가루,2023-10-21,12.30353
고춧가루,2023-10-22,13.8809
고춧가루,2023-10-23,16.92299
고춧가루,2023-10-24,16.72018
고춧가루,2023-10-25,15.93149
고춧가루,2023-10-26,13.94287
고춧가루,2023-10-27,13.32882
고춧가루,2023-10-28,12.64717
고춧가루,2023-10-29,13.15418
고춧가루,2023-10-30,15.84136
고춧가루,2023-10-31,15.54278
고춧가루,2023-11-01,16.86102
고춧가루,2023-11-02,16.68075
고춧가루,2023-11-03,15.22167
고춧가루,2023-11-04,13.99357
고춧가루,2023-11-05,15.97656
고춧가루,2023-11-06,17.86941
고춧가루,2023-11-07,18.75387
고춧가루,2023-11-08,17.43
고춧가루,2023-11-09,17.4469
고춧가루,2023-11-10,15.1766
고춧가루,2023-11-11,14.41045
고춧가루,2023-11-12,17.3286
고춧가루,2023-11-13,20.23547
고춧가루,2023-11-14,18.07222
고춧가루,2023-11-15,17.5652
고춧가루,2023-11-16,16.56808
고춧가루,2023-11-17,13.36262
고춧가루,2023-11-18,12.73167
고춧가루,2023-11-19,15.11464
고춧가루,2023-11-20,17.17086
고춧가루,2023-11-21,14.94563
고춧가루,2023-11-22,14.96253
고춧가루,2023-11-23,14.79916
고춧가루,2023-11-24,12.3993
고춧가루,2023-11-25,11.44724
고춧가루,2023-11-26,13.38516
고춧가루,2023-11-27,15.49771
고춧가루,2023-11-28,13.6612
고춧가루,2023-11-29,12.3993
고춧가루,2023-11-30,11.2388
고춧가루,2023-12-01,10.19097
고춧가루,2023-12-02,9.66706
고춧가루,2023-12-03,11.13176
고춧가루,2023-12-04,11.53174
고춧가루,2023-12-05,10.59658
고춧가루,2023-12-06,10.67545
고춧가루,2023-12-07,9.37975
고춧가루,2023-12-08,8.16855
고춧가루,2023-12-09,8.92344
고춧가루,2023-12-10,8.82203
고춧가루,2023-12-11,9.35158
고춧가루,2023-12-12,9.31215
고춧가루,2023-12-13,8.56289
고춧가루,2023-12-14,7.85307
고춧가루,2023-12-15,7.01932
고춧가루,2023-12-16,6.38273
고춧가루,2023-12-17,6.90665
고춧가루,2023-12-18,8.15165
고춧가루,2023-12-19,7.74604
고춧가루,2023-12-20,7.6221
고춧가루,2023-12-21,6.394
고춧가루,2023-12-22,5.59968
고춧가루,2023-12-23,5.14337
고춧가루,2023-12-24,4.88423
고춧가루,2023-12-25,5.76868
고춧가루,2023-12-26,7.53197
고춧가루,2023-12-27,6.78834
고춧가루,2023-12-28,6.40527
고춧가루,2023-12-29,5.73488
고춧가루,2023-12-30,4.87296
고춧가루,2023-12-31,5.56588
고춧가루,2024-01-01,5.90389
고춧가루,2024-01-02,6.94608
고춧가루,2024-01-03,7.56577
고춧가루,2024-01-04,7.18269
고춧가루,2024-01-05,6.28133
고춧가루,2024-01-06,5.88135
고춧가루,2024-01-07,7.15452
고춧가루,2024-01-08,7.49816
고춧가루,2024-01-09,7.84181
고춧가루,2024-01-10,7.51506
고춧가루,2024-01-11,7.25592
고춧가루,2024-01-12,6.50104
고춧가루,2024-01-13,5.76868
고춧가루,2024-01-14,7.79674
고춧가루,2024-01-15,8.36572
고춧가루,2024-01-16,8.03898
고춧가루,2024-01-17,8.28685
고춧가루,2024-01-18,7.61083
고춧가루,2024-01-19,7.5207
고춧가루,2024-01-20,6.61371
고춧가루,2024-01-21,7.13199
고춧가루,2024-01-22,8.64176
고춧가루,2024-01-23,8.46149
고춧가루,2024-01-24,8.75443
고춧가루,2024-01-25,7.5376
고춧가루,2024-01-26,6.98552
고춧가루,2024-01-27,6.76018
고춧가루,2024-01-28,8.28122
고춧가루,2024-01-29,8.45022
고춧가루,2024-01-30,8.11785
고춧가루,2024-01-31,7.37423
고춧가루,2024-02-01,7.53197
고춧가루,2024-02-02,6.74891
고춧가루,2024-02-03,5.96586
고춧가루,2024-02-04,6.68694
고춧가루,2024-02-05,6.85595
고춧가루,2024-02-06,5.66165
고춧가루,2024-02-07,5.2673
고춧가루,2024-02-08,4.83353
고춧가루,2024-02-09,4.0561
고춧가루,2024-02-10,3.59416
고춧가루,2024-02-11,4.90676
고춧가루,2024-02-12,6.3264
고춧가루,2024-02-13,7.84181
고춧가루,2024-02-14,7.85871
고춧가루,2024-02-15,8.19108
고춧가루,2024-02-16,7.4869
고춧가루,2024-02-17,6.85595
고춧가루,2024-02-18,8.24742
고춧가루,2024-02-19,8.80513
고춧가루,2024-02-20,8.47839
고춧가루,2024-02-21,8.33192
고춧가루,2024-02-22,7.30663
고춧가루,2024-02-23,6.92355
고춧가루,2024-02-24,6.99115
고춧가루,2024-02-25,7.86997
고춧가루,2024-02-26,8.19108
고춧가루,2024-02-27,8.96287
고춧가루,2024-02-28,7.7742
고춧가루,2024-02-29,7.37986
고춧가루,2024-03-01,7.61647
고춧가루,2024-03-02,7.94884
고춧가루,2024-03-03,8.7657
고춧가루,2024-03-04,9.15441
고춧가루,2024-03-05,9.19948
고춧가루,2024-03-06,10.01633
고춧가루,2024-03-07,9.50368
고춧가루,2024-03-08,8.8671
고춧가루,2024-03-09,8.30375
고춧가루,2024-03-10,8.56289
고춧가루,2024-03-11,10.53461
고춧가루,2024-03-12,10.03887
고춧가루,2024-03-13,9.53749
고춧가루,2024-03-14,9.00794
고춧가루,2024-03-15,7.47563
고춧가루,2024-03-16,7.50943
고춧가루,2024-03-17,9.12624
고춧가루,2024-03-18,9.65016
고춧가루,2024-03-19,10.74305
고춧가루,2024-03-20,9.38538
고춧가루,2024-03-21,8.74316
고춧가루,2024-03-22,7.93194
고춧가루,2024-03-23,7.28973
고춧가루,2024-03-24,8.32065
고춧가루,2024-03-25,9.94873
고춧가루,2024-03-26,9.05301
고춧가루,2024-03-27,8.31502
고춧가루,2024-03-28,7.6897
고춧가루,2024-03-29,6.35457
고춧가루,2024-03-30,5.99402
고춧가루,2024-03-31,7.19396
고춧가루,2024-04-01,7.74604
고춧가루,2024-04-02,7.59393
고춧가루,2024-04-03,7.88687
고춧가루,2024-04-04,7.12635
고춧가루,2024-04-05,6.4109
고춧가루,2024-04-06,6.08979
고춧가루,2024-04-07,7.19396
고춧가루,2024-04-08,8.37135
고춧가루,2024-04-09,7.5883
고춧가루,2024-04-10,8.03898
고춧가루,2024-04-11,8.8502
고춧가루,2024-04-12,8.06715
고춧가루,2024-04-13,7.32353
고춧가루,2024-04-14,11.50921
고춧가루,2024-04-15,12.49507
고춧가루,2024-04-16,14.41045
고춧가루,2024-04-17,9.21638
고춧가루,2024-04-18,9.39665
고춧가루,2024-04-19,6.84468
고춧가루,2024-04-20,6.59117
고춧가루,2024-04-21,6.75454
고춧가루,2024-04-22,7.91504
고춧가루,2024-04-23,7.69534
고춧가루,2024-04-24,8.09531
고춧가루,2024-04-25,7.27846
고춧가루,2024-04-26,6.55174
고춧가루,2024-04-27,5.94332
고춧가루,2024-04-28,6.99115
고춧가루,2024-04-29,7.639
고춧가루,2024-04-30,7.14889
고춧가루,2024-05-01,7.75167
고춧가루,2024-05-02,7.76857
고춧가루,2024-05-03,6.57427
고춧가루,2024-05-04,5.83065
고춧가루,2024-05-05,6.2926
고춧가루,2024-05-06,7.4362
고춧가루,2024-05-07,8.15165
고춧가루,2024-05-08,7.98264
고춧가루,2024-05-09,8.16292
고춧가루,2024-05-10,7.59393
고춧가루,2024-05-11,6.71511
고춧가루,2024-05-12,7.4531
고춧가루,2024-05-13,8.87273
고춧가루,2024-05-14,8.33755
고춧가루,2024-05-15,8.07841
고춧가루,2024-05-16,8.75443
고춧가루,2024-05-17,7.42493
고춧가루,2024-05-18,6.56301
고춧가루,2024-05-19,8.32629
고춧가루,2024-05-20,8.66993
고춧가루,2024-05-21,8.30939
고춧가루,2024-05-22,8.77697
고춧가루,2024-05-23,7.6728
고춧가루,2024-05-24,7.5376
고춧가루,2024-05-25,6.59117
고춧가루,2024-05-26,7.89814
고춧가루,2024-05-27,8.60796
고춧가루,2024-05-28,9.36285
고춧가루,2024-05-29,9.9938
고춧가루,2024-05-30,9.80226
고춧가루,2024-05-31,8.29249
고춧가루,2024-06-01,7.7404
고춧가루,2024-06-02,9.02484
고춧가루,2024-06-03,10.03887
고춧가루,2024-06-04,9.62762
고춧가루,2024-06-05,8.70936
고춧가루,2024-06-06,8.31502
고춧가루,2024-06-07,8.69246
고춧가루,2024-06-08,8.11785
고춧가루,2024-06-09,9.07554
고춧가루,2024-06-10,10.22477
고춧가루,2024-06-11,9.90366
고춧가루,2024-06-12,9.84169
고춧가루,2024-06-13,9.71212
고춧가루,2024-06-14,9.00794
고춧가루,2024-06-15,7.85871
고춧가루,2024-06-16,8.06151
고춧가루,2024-06-17,9.61072
고춧가루,2024-06-18,9.72339
고춧가루,2024-06-19,8.63613
고춧가루,2024-06-20,8.32065
고춧가루,2024-06-21,8.43896
고춧가루,2024-06-22,8.25305
고춧가루,2024-06-23,9.09807
고춧가루,2024-06-24,9.70086
고춧가루,2024-06-25,9.70649
고춧가루,2024-06-26,9.60509
고춧가루,2024-06-27,10.08393
고춧가루,2024-06-28,8.9854
고춧가루,2024-06-29,8.25868
고춧가루,2024-06-30,9.80226
고춧가루,2024-07-01,10.78812
고춧가루,2024-07-02,12.54013
고춧가루,2024-07-03,12.17959
고춧가루,2024-07-04,10.69235
고춧가루,2024-07-05,10.1797
고춧가루,2024-07-06,10.39941
고춧가루,2024-07-07,12.79364
고춧가루,2024-07-08,13.29502
고춧가루,2024-07-09,10.35997
고춧가루,2024-07-10,11.04163
고춧가루,2024-07-11,9.70086
고춧가루,2024-07-12,10.23604
고춧가루,2024-07-13,9.01357
고춧가루,2024-07-14,10.2135
고춧가루,2024-07-15,11.3909
고춧가루,2024-07-16,12.99081
고춧가루,2024-07-17,10.92332
고춧가루,2024-07-18,10.69798
고춧가루,2024-07-19,10.1459
고춧가루,2024-07-20,9.77409
고춧가루,2024-07-21,11.55991
고춧가루,2024-07-22,13.23305
고춧가루,2024-07-23,12.81054
고춧가루,2024-07-24,11.52611
고춧가루,2024-07-25,16.91172
고춧가루,2024-07-26,15.03013
고춧가루,2024-07-27,12.06129
고춧가루,2024-07-28,14.19638
고춧가루,2024-07-29,14.32595
고춧가루,2024-07-30,14.06117
고춧가루,2024-07-31,13.01335
고춧가루,2024-08-01,13.7795
고춧가루,2024-08-02,12.35986
고춧가루,2024-08-03,12.39366
고춧가루,2024-08-04,14.60762
고춧가루,2024-08-05,14.58509
고춧가루,2024-08-06,15.84136
고춧가루,2024-08-07,17.38493
고춧가루,2024-08-08,17.19339
고춧가루,2024-08-09,17.36803
고춧가루,2024-08-10,14.43298
고춧가루,2024-08-11,17.46943
고춧가루,2024-08-12,16.91735
고춧가루,2024-08-13,17.32296
고춧가루,2024-08-14,17.77928
고춧가루,2024-08-15,18.6412
고춧가루,2024-08-16,20.26928
고춧가루,2024-08-17,18.59613
고춧가루,2024-08-18,19.9876
고춧가루,2024-08-19,22.93955
고춧가루,2024-08-20,22.38747
고춧가루,2024-08-21,21.3171
고춧가루,2024-08-22,20.91149
고춧가루,2024-08-23,19.44679
고춧가루,2024-08-24,19.22708
고춧가루,2024-08-25,20.86079
고춧가루,2024-08-26,22.79308
고춧가루,2024-08-27,21.71708
고춧가루,2024-08-28,23.5536
고춧가루,2024-08-29,23.40713
고춧가루,2024-08-30,21.13683
고춧가루,2024-08-31,18.94541
고춧가루,2024-09-01,19.72283
고춧가루,2024-09-02,22.72548
고춧가루,2024-09-03,22.94518
고춧가루,2024-09-04,21.86919
고춧가루,2024-09-05,19.44679
고춧가루,2024-09-06,17.89758
고춧가루,2024-09-07,17.72294
고춧가루,2024-09-08,18.29192
고춧가루,2024-09-09,19.92
고춧가루,2024-09-10,18.81584
고춧가루,2024-09-11,17.05819
고춧가루,2024-09-12,16.33147
고춧가루,2024-09-13,14.14568
고춧가루,2024-09-14,14.15694
고춧가루,2024-09-15,12.86688
고춧가루,2024-09-16,11.62751
고춧가루,2024-09-17,14.28088
고춧가루,2024-09-18,17.13142
고춧가루,2024-09-19,20.15097
고춧가루,2024-09-20,19.9031
고춧가루,2024-09-21,17.71731
고춧가루,2024-09-22,19.41862
고춧가루,2024-09-23,19.04681
고춧가루,2024-09-24,18.99611
고춧가루,2024-09-25,18.17362
고춧가루,2024-09-26,17.98208
고춧가루,2024-09-27,17.06382
고춧가루,2024-09-28,14.30341
고춧가루,2024-09-29,15.36251
고춧가루,2024-09-30,15.41884
고춧가루,2024-10-01,15.74559
고춧가루,2024-10-02,15.61038
고춧가루,2024-10-03,15.43011
고춧가루,2024-10-04,15.08647
고춧가루,2024-10-05,14.52312
고춧가루,2024-10-06,16.44977
고춧가루,2024-10-07,16.93425
고춧가루,2024-10-08,16.33147
고춧가루,2024-10-09,16.15683
고춧가루,2024-10-10,15.41321
고춧가루,2024-10-11,14.48369
고춧가루,2024-10-12,13.29502
고춧가루,2024-10-13,14.69213
고춧가루,2024-10-14,15.80192
고춧가루,2024-10-15,16.2695
고춧가루,2024-10-16,15.65545
고춧가루,2024-10-17,15.61038
고춧가루,2024-10-18,14.11751
고춧가루,2024-10-19,13.78513
고춧가루,2024-10-20,15.10337
고춧가루,2024-10-21,16.31457
고춧가루,2024-10-22,15.76249
고춧가루,2024-10-23,15.90896
고춧가루,2024-10-24,15.0076
고춧가루,2024-10-25,13.9316
고춧가루,2024-10-26,13.35699
고춧가루,2024-10-27,14.87803
고춧가루,2024-10-28,17.43
고춧가루,2024-10-29,16.3878
고춧가루,2024-10-30,17.22719
고춧가루,2024-10-31,16.1005
고춧가루,2024-11-01,15.77375
고춧가루,2024-11-02,14.05554
고춧가루,2024-11-03,16.0667
고춧가루,2024-11-04,18.24685
고춧가루,2024-11-05,17.88631
고춧가루,2024-11-06,16.88355
고춧가루,2024-11-07,16.3878
고춧가루,2024-11-08,16.03853
고춧가루,2024-11-09,14.59072
고춧가루,2024-11-10,16.99059
고춧가루,2024-11-11,19.06371
고춧가루,2024-11-12,17.57084
고춧가루,2024-11-13,17.35676
고춧가루,2024-11-14,15.95966
고춧가루,2024-11-15,13.99921
고춧가루,2024-11-16,15.44138
고춧가루,2024-11-17,17.82998
고춧가루,2024-11-18,19.79606
고춧가루,2024-11-19,18.5567
고춧가루,2024-11-20,17.73421
고춧가루,2024-11-21,16.90608
고춧가루,2024-11-22,15.28364
고춧가루,2024-11-23,14.8386
고춧가루,2024-11-24,16.09486
고춧가루,2024-11-25,17.63844
고춧가루,2024-11-26,16.06106
고춧가루,2024-11-27,13.95977
고춧가루,2024-11-28,12.32043
고춧가루,2024-11-29,12.35986
고춧가루,2024-11-30,12.31479
고춧가루,2024-12-01,13.53726
고춧가루,2024-12-02,14.34285
고춧가루,2024-12-03,12.83307
고춧가루,2024-12-04,10.28674
고춧가루,2024-12-05,9.85296
고춧가루,2024-12-06,9.52059
고춧가루,2024-12-07,8.13475
고춧가루,2024-12-08,9.88113
고춧가루,2024-12-09,10.60221
고춧가루,2024-12-10,10.17407
고춧가루,2024-12-11,9.13751
고춧가루,2024-12-12,8.8502
고춧가루,2024-12-13,7.86997
고춧가루,2024-12-14,7.32353
고춧가루,2024-12-15,8.04461
고춧가루,2024-12-16,9.36848
고춧가루,2024-12-17,9.14314
고춧가루,2024-12-18,8.31502
고춧가루,2024-12-19,7.03058
고춧가루,2024-12-20,6.61934
고춧가루,2024-12-21,5.83629
고춧가루,2024-12-22,7.49816
고춧가루,2024-12-23,7.81364
고춧가루,2024-12-24,6.45597
고춧가루,2024-12-25,6.97425
고춧가루,2024-12-26,7.04749
고춧가루,2024-12-27,6.33203
고춧가루,2024-12-28,5.63911
고춧가루,2024-12-29,5.76868
고춧가루,2024-12-30,5.83629
고춧가루,2024-12-31,5.34054
고춧가루,2025-01-01,6.88411
고춧가루,2025-01-02,7.41366
고춧가루,2025-01-03,7.23902
고춧가루,2025-01-04,6.88411
고춧가루,2025-01-05,7.72914
고춧가루,2025-01-06,8.12911
고춧가루,2025-01-07,7.65027
고춧가루,2025-01-08,7.85307
고춧가루,2025-01-09,7.37986
고춧가루,2025-01-10,6.88975
고춧가루,2025-01-11,6.77144
고춧가루,2025-01-12,7.75167
고춧가루,2025-01-13,8.15165
고춧가루,2025-01-14,8.47276
고춧가루,2025-01-15,8.08968
고춧가루,2025-01-16,8.47839
고춧가루,2025-01-17,7.80801
고춧가루,2025-01-18,7.25592
고춧가루,2025-01-19,7.06439
고춧가루,2025-01-20,7.16579
고춧가루,2025-01-21,7.6897
고춧가루,2025-01-22,7.77984
고춧가루,2025-01-23,6.42217
고춧가루,2025-01-24,5.2335
고춧가루,2025-01-25,4.81099
고춧가루,2025-01-26,5.39124
고춧가루,2025-01-27,5.24477
고춧가루,2025-01-28,4.63072
고춧가루,2025-01-29,4.68142
고춧가루,2025-01-30,5.62221
고춧가루,2025-01-31,6.4447
고춧가루,2025-02-01,6.26443
고춧가루,2025-02-02,6.53484
고춧가루,2025-02-03,7.40803
고춧가루,2025-02-04,9.03611
고춧가루,2025-02-05,9.26145
고춧가루,2025-02-06,7.90378
고춧가루,2025-02-07,7.61083
고춧가루,2025-02-08,6.56301
고춧가루,2025-02-09,7.21086
고춧가루,2025-02-10,7.6559
고춧가루,2025-02-11,7.52633
고춧가루,2025-02-12,7.49816
고춧가루,2025-02-13,7.37986
고춧가루,2025-02-14,5.80812
고춧가루,2025-02-15,5.53208
고춧가루,2025-02-16,6.11796
고춧가루,2025-02-17,7.00805
고춧가루,2025-02-18,7.44746
고춧가루,2025-02-19,13.57106
고춧가루,2025-02-20,13.60486
고춧가루,2025-02-21,12.75984
고춧가루,2025-02-22,11.70638
고춧가루,2025-02-23,12.52323
고춧가루,2025-02-24,7.63337
고춧가루,2025-02-25,7.16015
고춧가루,2025-02-26,7.13762
고춧가루,2025-02-27,7.22776
고춧가루,2025-02-28,6.56864
고춧가루,2025-03-01,6.21936
고춧가루,2025-03-02,7.15452
고춧가루,2025-03-03,8.07278
고춧가루,2025-03-04,8.41642
고춧가루,2025-03-05,11.54864
고춧가루,2025-03-06,10.84445
고춧가루,2025-03-07,10.19097
고춧가루,2025-03-08,5.98276
고춧가루,2025-03-09,7.35169
고춧가루,2025-03-10,7.37986
고춧가루,2025-03-11,7.00805
고춧가루,2025-03-12,6.75454
고춧가루,2025-03-13,6.79398
고춧가루,2025-03-14,5.49264
고춧가루,2025-03-15,5.67855
고춧가루,2025-03-16,6.40527
고춧가루,2025-03-17,11.24443
고춧가루,2025-03-18,10.79939
고춧가루,2025-03-19,13.07531
고춧가루,2025-03-20,10.21914
고춧가루,2025-03-21,8.20235
고춧가루,2025-03-22,5.92642
고춧가루,2025-03-23,6.60807
고춧가루,2025-03-24,8.14038
고춧가루,2025-03-25,7.34606
고춧가루,2025-03-26,6.85031
고춧가루,2025-03-27,6.79961
고춧가루,2025-03-28,7.16579
고춧가루,2025-03-29,5.35181
고춧가루,2025-03-30,6.81088
고춧가루,2025-03-31,7.47563
고춧가루,2025-04-01,7.4531
고춧가루,2025-04-02,7.71224
고춧가루,2025-04-03,7.24466
고춧가루,2025-04-04,6.2588
고춧가루,2025-04-05,5.98276
고춧가루,2025-04-06,7.23339
고춧가루,2025-04-07,7.27282
고춧가루,2025-04-08,7.20522
고춧가루,2025-04-09,7.71787
고춧가루,2025-04-10,6.83341
고춧가루,2025-04-11,6.28696
고춧가루,2025-04-12,5.65038
고춧가루,2025-04-13,6.55737
고춧가루,2025-04-14,8.31502
고춧가루,2025-04-15,7.19396
고춧가루,2025-04-16,7.19959
고춧가루,2025-04-17,6.85031
고춧가루,2025-04-18,5.54898
고춧가루,2025-04-19,5.62785
고춧가루,2025-04-20,6.32077
고춧가루,2025-04-21,6.90101
고춧가루,2025-04-22,7.17142
고춧가루,2025-04-23,6.13486
고춧가루,2025-04-24,6.24753
고춧가루,2025-04-25,6.18556
고춧가루,2025-04-26,5.17717
고춧가루,2025-04-27,5.88135
고춧가루,2025-04-28,6.69821
고춧가루,2025-04-29,6.09543
고춧가루,2025-04-30,5.65038
고춧가루,2025-05-01,5.88135
고춧가루,2025-05-02,5.2335
고춧가루,2025-05-03,5.13773
고춧가루,2025-05-04,4.55185
고춧가루,2025-05-05,5.58841
고춧가루,2025-05-06,6.2419
고춧가루,2025-05-07,6.63061
고춧가루,2025-05-08,6.96298
고춧가루,2025-05-09,7.16015
고춧가루,2025-05-10,6.64187
고춧가루,2025-05-11,6.99115
고춧가루,2025-05-12,8.30375
고춧가루,2025-05-13,9.01357
고춧가루,2025-05-14,9.18821
고춧가루,2025-05-15,7.81927
고춧가루,2025-05-16,6.73764
고춧가루,2025-05-17,5.84755
고춧가루,2025-05-18,7.28409
고춧가루,2025-05-19,8.23052
고춧가루,2025-05-20,8.56853
고춧가루,2025-05-21,7.7235
고춧가루,2025-05-22,8.02208
고춧가루,2025-05-23,6.72074
고춧가루,2025-05-24,6.74328
고춧가루,2025-05-25,6.82215
고춧가루,2025-05-26,7.71787
고춧가루,2025-05-27,7.82491
고춧가루,2025-05-28,7.12635
고춧가루,2025-05-29,6.69258
고춧가루,2025-05-30,8.65866
고춧가루,2025-05-31,8.31502
고춧가루,2025-06-01,7.83617
고춧가루,2025-06-02,8.884
고춧가루,2025-06-03,7.21086
고춧가루,2025-06-04,6.81088
고춧가루,2025-06-05,7.09255
고춧가루,2025-06-06,6.26443
고춧가루,2025-06-07,6.56864
고춧가루,2025-06-08,7.30099
고춧가루,2025-06-09,7.81364
고춧가루,2025-06-10,7.65027
고춧가루,2025-06-11,8.23052
고춧가루,2025-06-12,6.77708
고춧가루,2025-06-13,7.29536
고춧가루,2025-06-14,6.95172
고춧가루,2025-06-15,7.71224
고춧가루,2025-06-16,8.41079
고춧가루,2025-06-17,8.44459
고춧가루,2025-06-18,7.6728
고춧가루,2025-06-19,7.37423
고춧가루,2025-06-20,6.05599
고춧가루,2025-06-21,5.71235
고춧가루,2025-06-22,6.82778
고춧가루,2025-06-23,7.6052
고춧가루,2025-06-24,7.68407
고춧가루,2025-06-25,7.5545
고춧가루,2025-06-26,7.62773
고춧가루,2025-06-27,6.02782
고춧가루,2025-06-28,6.10106
고춧가루,2025-06-29,7.26156
고춧가루,2025-06-30,7.26719
고춧가루,2025-07-01,7.16579
고춧가루,2025-07-02,7.63337
고춧가루,2025-07-03,7.5545
고춧가루,2025-07-04,6.2081
고춧가루,2025-07-05,5.95459
고춧가루,2025-07-06,7.40239
고춧가루,2025-07-07,7.54323
고춧가루,2025-07-08,7.10382
고춧가루,2025-07-09,6.99115
고춧가루,2025-07-10,7.18832
고춧가루,2025-07-11,5.89825
고춧가루,2025-07-12,5.83065
고춧가루,2025-07-13,7.25029
고춧가루,2025-07-14,7.66717
고춧가루,2025-07-15,7.72914
고춧가루,2025-07-16,8.20798
고춧가루,2025-07-17,8.12348
고춧가루,2025-07-18,6.57427
고춧가루,2025-07-19,6.70948
고춧가루,2025-07-20,8.06151
고춧가루,2025-07-21,8.9854
고춧가루,2025-07-22,8.59669
고춧가루,2025-07-23,9.80226
고춧가루,2025-07-24,8.72063
고춧가루,2025-07-25,8.26432
고춧가루,2025-07-26,6.95735
고춧가루,2025-07-27,7.27282
고춧가루,2025-07-28,8.14601
고춧가루,2025-07-29,9.06991
고춧가루,2025-07-30,8.97414
고춧가루,2025-07-31,8.87837
고춧가루,2025-08-01,8.715
고춧가루,2025-08-02,8.25305
고춧가루,2025-08-03,10.80502
고춧가루,2025-08-04,11.24443
고춧가루,2025-08-05,11.68948
고춧가루,2025-08-06,11.23316
고춧가루,2025-08-07,11.61061
고춧가루,2025-08-08,10.74305
고춧가루,2025-08-09,11.18246
고춧가루,2025-08-10,11.48667
고춧가루,2025-08-11,13.03588
고춧가루,2025-08-12,12.12326
고춧가루,2025-08-13,12.08382
고춧가루,2025-08-14,11.67821
고춧가루,2025-08-15,11.71201
고춧가루,2025-08-16,11.19936
고춧가루,2025-08-17,13.39079
고춧가루,2025-08-18,15.03013
고춧가루,2025-08-19,14.39355
고춧가루,2025-08-20,14.64706
고춧가루,2025-08-21,14.23018
고춧가루,2025-08-22,13.22742
고춧가루,2025-08-23,12.22466
고춧가루,2025-08-24,12.88941
고춧가루,2025-08-25,14.32595
고춧가루,2025-08-26,14.56819
고춧가루,2025-08-27,14.81606
고춧가루,2025-08-28,14.44989
고춧가루,2025-08-29,13.53163
고춧가루,2025-08-30,12.5683
고춧가루,2025-08-31,13.14292
고춧가루,2025-09-01,14.45552
고춧가루,2025-09-02,14.38228
고춧가루,2025-09-03,14.17384
고춧가루,2025-09-04,13.8302
고춧가루,2025-09-05,12.72041
고춧가루,2025-09-06,11.66131
고춧가루,2025-09-07,13.35136
고춧가루,2025-09-08,14.78226
고춧가루,2025-09-09,14.82733
고춧가루,2025-09-10,14.24708
고춧가루,2025-09-11,13.00771
고춧가루,2025-09-12,11.84721
고춧가루,2025-09-13,11.65004
고춧가루,2025-09-14,14.56819
고춧가루,2025-09-15,14.72029
고춧가루,2025-09-16,13.67246
고춧가루,2025-09-17,13.41332
고춧가루,2025-09-18,12.14016
고춧가루,2025-09-19,11.2895
고춧가루,2025-09-20,10.23604
고춧가루,2025-09-21,12.23029
고춧가루,2025-09-22,12.84434
고춧가루,2025-09-23,11.76835
고춧가루,2025-09-24,12.04439
고춧가루,2025-09-25,12.14579
고춧가루,2025-09-26,10.24167
고춧가루,2025-09-27,8.89527
고춧가루,2025-09-28,10.42758
고춧가루,2025-09-29,11.24443
고춧가루,2025-09-30,10.1628
고춧가루,2025-10-01,9.25018
고춧가루,2025-10-02,7.639
고춧가루,2025-10-03,6.91792
고춧가루,2025-10-04,6.225
고춧가루,2025-10-05,7.73477
고춧가루,2025-10-06,8.51219
고춧가루,2025-10-07,9.41918
고춧가루,2025-10-08,9.98253
고춧가루,2025-10-09,11.2388
고춧가루,2025-10-10,11.43597
고춧가루,2025-10-11,10.47264
고춧가루,2025-10-12,11.45287
고춧가루,2025-10-13,12.7035
고춧가루,2025-10-14,11.89792
고춧가루,2025-10-15,12.08945
고춧가루,2025-10-16,11.4247
고춧가루,2025-10-17,10.54588
고춧가루,2025-10-18,9.67832
고춧가루,2025-10-19,10.79375
고춧가루,2025-10-20,11.74581
고춧가루,2025-10-21,11.76271
고춧가루,2025-10-22,12.32043
고춧가루,2025-10-23,12.04439
고춧가루,2025-10-24,10.90079
고춧가루,2025-10-25,10.40504
고춧가루,2025-10-26,11.64441
고춧가루,2025-10-27,13.10912
고춧가루,2025-10-28,12.79364
고춧가루,2025-10-29,12.25283
고춧가루,2025-10-30,11.73455
고춧가루,2025-10-31,11.08106
고춧가루,2025-11-01,10.62475
고춧가루,2025-11-02,12.33733
고춧가루,2025-11-03,14.75409
고춧가루,2025-11-04,14.41045
고춧가루,2025-11-05,14.31468
고춧가루,2025-11-06,13.09222
고춧가루,2025-11-07,11.68384
고춧가루,2025-11-08,11.12613
고춧가루,2025-11-09,13.58796
고춧가루,2025-11-10,14.75973
고춧가루,2025-11-11,13.95414
고춧가루,2025-11-12,13.39642
고춧가루,2025-11-13,11.85848
고춧가루,2025-11-14,11.79088
고춧가루,2025-11-15,11.04163
고춧가루,2025-11-16,12.32606
고춧가루,2025-11-17,14.88366
고춧가루,2025-11-18,13.67246
고춧가루,2025-11-19,12.54013
고춧가루,2025-11-20,12.41056
고춧가루,2025-11-21,11.04163
고춧가루,2025-11-22,11.26697
고춧가루,2025-11-23,11.68948
고춧가루,2025-11-24,13.36262
고춧가루,2025-11-25,12.31479
고춧가루,2025-11-26,11.76835
고춧가루,2025-11-27,11.4585
고춧가루,2025-11-28,10.59095
고춧가루,2025-11-29,9.66706
고춧가루,2025-11-30,10.90079
고춧가루,2025-12-01,11.66131
고춧가루,2025-12-02,10.70362
고춧가루,2025-12-03,10.60221
고춧가루,2025-12-04,10.32054
고춧가루,2025-12-05,8.45586
고춧가루,2025-12-06,8.55163
고춧가루,2025-12-07,9.16568
고춧가루,2025-12-08,9.34031
고춧가루,2025-12-09,8.33192
고춧가루,2025-12-10,8.09531
고춧가루,2025-12-11,8.14038
고춧가루,2025-12-12,7.01368
고춧가루,2025-12-13,6.42217
고춧가루,2025-12-14,6.63624
고춧가루,2025-12-15,6.80525
고춧가루,2025-12-16,6.97988
고춧가루,2025-12-17,6.35457
고춧가루,2025-12-18,5.31237
고춧가루,2025-12-19,5.2166
고춧가루,2025-12-20,5.32927
고춧가루,2025-12-21,6.19683
고춧가루,2025-12-22,6.23063
고춧가루,2025-12-23,5.80812
고춧가루,2025-12-24,4.82226
고춧가루,2025-12-25,5.2504
고춧가루,2025-12-26,5.29547
고춧가루,2025-12-27,4.54622
고춧가루,2025-12-28,5.57715
고춧가루,2025-12-29,6.14049
고춧가루,2025-12-30,5.54334
고춧가루,2025-12-31,4.76029
고춧가루,2026-01-01,5.61658
고춧가루,2026-01-02,5.51518
고춧가루,2026-01-03,5.38561
고춧가루,2026-01-04,6.57427
고춧가루,2026-01-05,6.13486
고춧가루,2026-01-06,6.01656
고춧가루,2026-01-07,6.225
고춧가루,2026-01-08,5.28984
고춧가루,2026-01-09,5.2504
고춧가루,2026-01-10,5.21097
고춧가루,2026-01-11,6.38273
고춧가루,2026-01-12,6.57991
고춧가루,2026-01-13,6.05599
고춧가루,2026-01-14,6.68131
고춧가루,2026-01-15,6.16866
고춧가루,2026-01-16,5.51518
고춧가루,2026-01-17,4.9631
고춧가루,2026-01-18,5.42504
고춧가루,2026-01-19,5.74052
고춧가루,2026-01-20,6.08416
고춧가루,2026-01-21,5.29547
고춧가루,2026-01-22,5.57715
고춧가루,2026-01-23,5.25604
고춧가루,2026-01-24,4.36595
고춧가루,2026-01-25,6.01092
고춧가루,2026-01-26,6.13486
고춧가루,2026-01-27,5.88135
고춧가루,2026-01-28,5.53208
고춧가루,2026-01-29,5.34617
고춧가루,2026-01-30,4.95746
고춧가루,2026-01-31,4.71522
고춧가루,2026-02-01,5.63911
고춧가루,2026-02-02,6.21373
고춧가루,2026-02-03,5.39687
고춧가루,2026-02-04,5.42504
고춧가루,2026-02-05,5.32927
고춧가루,2026-02-06,4.87859
고춧가루,2026-02-07,4.83916
고춧가루,2026-02-08,5.72362
고춧가루,2026-02-09,5.39687
고춧가루,2026-02-10,5.49828
고춧가루,2026-02-11,4.74902
고춧가루,2026-02-12,4.44482
고춧가루,2026-02-13,3.8195
고춧가루,2026-02-14,3.19981
고춧가루,2026-02-15,3.28995
고춧가루,2026-02-16,3.15475
고춧가루,2026-02-17,3.23925
고춧가루,2026-02-18,4.10117
고춧가루,2026-02-19,5.2335
고춧가루,2026-02-20,4.84479
고춧가루,2026-02-21,4.61382
고춧가루,2026-02-22,5.0307
고춧가루,2026-02-23,5.56588
고춧가루,2026-02-24,5.49264
고춧가루,2026-02-25,5.49828
고춧가루,2026-02-26,5.16027
고춧가루,2026-02-27,4.58002
고춧가루,2026-02-28,5.0476
고춧가루,2026-03-01,5.55461
고춧가루,2026-03-02,6.70948
고춧가루,2026-03-03,5.77995
고춧가루,2026-03-04,6.03909
고춧가루,2026-03-05,6.14049
고춧가루,2026-03-06,5.83629
고춧가루,2026-03-07,5.49828
고춧가루,2026-03-08,6.26443
고춧가루,2026-03-09,6.65314
고춧가루,2026-03-10,6.41653
고춧가루,2026-03-11,6.4109
고춧가루,2026-03-12,6.48977
고춧가루,2026-03-13,5.76868
고춧가루,2026-03-14,5.35181
고춧가루,2026-03-15,6.58554
고춧가루,2026-03-16,6.4954
고춧가루,2026-03-17,6.33203
고춧가루,2026-03-18,5.99966
고춧가루,2026-03-19,5.84755
고춧가루,2026-03-20,5.22787
고춧가루,2026-03-21,4.74902
고춧가루,2026-03-22,5.61658
고춧가루,2026-03-23,5.99966
고춧가루,2026-03-24,6.33203
고춧가루,2026-03-25,6.06726
고춧가루,2026-03-26,5.50391
고춧가루,2026-03-27,4.66452
고춧가루,2026-03-28,4.87296
고춧가루,2026-03-29,6.16866
고춧가루,2026-03-30,5.68982
고춧가루,2026-03-31,5.66728
고춧가루,2026-04-01,5.59405
고춧가루,2026-04-02,5.03633
고춧가루,2026-04-03,5.0476
고춧가루,2026-04-04,4.40538
고춧가루,2026-04-05,5.16027
고춧가루,2026-04-06,6.03346
고춧가루,2026-04-07,6.2419
고춧가루,2026-04-08,5.95459
고춧가루,2026-04-09,5.83065
고춧가루,2026-04-10,4.52368
고춧가루,2026-04-11,4.59692
고춧가루,2026-04-12,5.66728
고춧가루,2026-04-13,6.78271
고춧가루,2026-04-14,6.90665
고춧가루,2026-04-15,5.52081
고춧가루,2026-04-16,5.54898
고춧가루,2026-04-17,5.88135
고춧가루,2026-04-18,5.17153
고춧가루,2026-04-19,5.77432
고춧가루,2026-04-20,6.20246
고춧가루,2026-04-21,5.85882
고춧가루,2026-04-22,5.03633
고춧가루,2026-04-23,5.33491
고춧가루,2026-04-24,4.28144
고춧가루,2026-04-25,3.89837
고춧가루,2026-04-26,5.51518
고춧가루,2026-04-27,5.38561
고춧가루,2026-04-28,5.40814
고춧가루,2026-04-29,4.83916
고춧가루,2026-04-30,4.14624
고춧가루,2026-05-01,4.0054
고춧가루,2026-05-02,4.38285
고춧가루,2026-05-03,5.10957
고춧가루,2026-05-04,4.88423
고춧가루,2026-05-05,5.15463
고춧가루,2026-05-06,5.45321
고춧가루,2026-05-07,4.95746
고춧가루,2026-05-08,4.69269
고춧가루,2026-05-09,3.9209
고춧가루,2026-05-10,4.68142
고춧가루,2026-05-11,5.41941
고춧가루,2026-05-12,5.1659
고춧가루,2026-05-13,5.12647
고춧가루,2026-05-14,5.10957
고춧가루,2026-05-15,5.22787
고춧가루,2026-05-16,4.25891
고춧가루,2026-05-17,4.87296
고춧가루,2026-05-18,4.98
고춧가루,2026-05-19,4.97436
고춧가루,2026-05-20,4.99126
고춧가루,2026-05-21,4.85043
고춧가루,2026-05-22,4.41665
고춧가루,2026-05-23,4.01104
고춧가루,2026-05-24,4.12371
고춧가루,2026-05-25,5.14337
고춧가루,2026-05-26,4.86733
고춧가루,2026-05-27,4.69269
고춧가루,2026-05-28,5.07013
고춧가루,2026-05-29,4.12934
고춧가루,2026-05-30,3.55472
고춧가루,2026-05-31,4.53495
고춧가루,2026-06-01,5.31237
고춧가루,2026-06-02,4.09554
고춧가루,2026-06-03,4.30398
고춧가루,2026-06-04,4.40538
고춧가루,2026-06-05,4.25328
고춧가루,2026-06-06,3.9885
고춧가루,2026-06-07,4.91803
고춧가루,2026-06-08,4.9969
고춧가루,2026-06-09,5.13773
고춧가루,2026-06-10,4.90676
고춧가루,2026-06-11,4.88423
고춧가루,2026-06-12,4.24201
고춧가루,2026-06-13,3.63923
고춧가루,2026-06-14,4.85043
고춧가루,2026-06-15,5.31237
고춧가루,2026-06-16,4.96873
고춧가루,2026-06-17,4.69269
고춧가루,2026-06-18,4.58565
고춧가루,2026-06-19,4.10117
고춧가루,2026-06-20,3.99977
고춧가루,2026-06-21,4.83916
고춧가루,2026-06-22,5.16027
고춧가루,2026-06-23,4.99126
고춧가루,2026-06-24,4.60819
고춧가루,2026-06-25,4.92366
고춧가루,2026-06-26,4.41665
고춧가루,2026-06-27,3.94907
고춧가루,2026-06-28,5.17717
고춧가루,2026-06-29,5.21097
고춧가루,2026-06-30,5.1321
고춧가루,2026-07-01,5.32364
고춧가루,2026-07-02,4.78282
고춧가루,2026-07-03,4.34341
고춧가루,2026-07-04,3.72373
고춧가루,2026-07-05,5.09267
고춧가루,2026-07-06,5.48138
고춧가루,2026-07-07,5.0814
고춧가루,2026-07-08,5.48138
고춧가루,2026-07-09,5.48701
고춧가루,2026-07-10,4.40538
고춧가루,2026-07-11,4.04484
고춧가루,2026-07-12,5.05886
고춧가루,2026-07-13,5.30674
고춧가루,2026-07-14,5.33491
고춧가루,2026-07-15,5.36307
고춧가루,2026-07-16,4.37721
고춧가루,2026-07-17,4.70959
고춧가루,2026-07-18,4.45045
고춧가루,2026-07-19,5.78558
고춧가루,2026-07-20,6.38837
고춧가루,2026-07-21,6.1912
고춧가루,2026-07-22,5.62785
고춧가루,2026-07-23,5.41377
고춧가루,2026-07-24,5.44194
고춧가루,2026-07-25,4.81663
고춧가루,2026-07-26,5.94332
고춧가루,2026-07-27,6.34893
고춧가루,2026-07-28,6.29823
고춧가루,2026-07-29,6.4785
고춧가루,2026-07-30,7.09255
고춧가루,2026-07-31,7.07565
고춧가루,2026-08-01,6.21936
고춧가루,2026-08-02,7.57703
고춧가루,2026-08-03,8.7995
고춧가루,2026-08-04,9.04737
고춧가루,2026-08-05,8.46712
고춧가루,2026-08-06,9.59945
고춧가루,2026-08-07,9.54875
고춧가루,2026-08-08,8.16855
고춧가루,2026-08-09,9.97126
고춧가루,2026-08-10,10.2135
고춧가루,2026-08-11,10.99656
고춧가루,2026-08-12,10.91769
고춧가루,2026-08-13,10.10647
고춧가루,2026-08-14,9.36848
고춧가루,2026-08-15,9.34595
고춧가루,2026-08-16,9.47552
고춧가루,2026-08-17,10.0614
고춧가루,2026-08-18,12.63027
고춧가루,2026-08-19,11.99369
고춧가루,2026-08-20,11.79088
고춧가루,2026-08-21,10.46701
고춧가루,2026-08-22,9.93746
고춧가루,2026-08-23,10.56841
고춧가루,2026-08-24,12.82744
고춧가루,2026-08-25,12.34296
고춧가루,2026-08-26,11.55427
고춧가루,2026-08-27,12.12326
고춧가루,2026-08-28,9.93746
고춧가루,2026-08-29,9.79663
고춧가루,2026-08-30,10.2304
고춧가루,2026-08-31,11.88102
고춧가루,2026-09-01,11.89228
고춧가루,2026-09-02,11.1712
고춧가루,2026-09-03,11.14303
고춧가루,2026-09-04,9.57692
고춧가루,2026-09-05,9.51495
고춧가루,2026-09-06,10.0276
고춧가루,2026-09-07,11.63314
고춧가루,2026-09-08,11.60498
고춧가루,2026-09-09,10.92332
고춧가루,2026-09-10,10.70925
고춧가루,2026-09-11,9.19384
고춧가루,2026-09-12,8.25305
고춧가루,2026-09-13,10.01633
고춧가루,2026-09-14,10.25294
고춧가루,2026-09-15,10.41631
고춧가루,2026-09-16,9.92056
고춧가루,2026-09-17,10.90642
고춧가루,2026-09-18,9.25581
고춧가루,2026-09-19,7.71224
고춧가루,2026-09-20,8.34319
고춧가루,2026-09-21,8.46149
김장,2016-01-01,1.83651
김장,2016-01-02,1.583
김장,2016-01-03,1.20556
김장,2016-01-04,1.27316
김장,2016-01-05,1.60554
김장,2016-01-06,1.61117
김장,2016-01-07,1.4478
김장,2016-01-08,1.54357
김장,2016-01-09,1.30133
김장,2016-01-10,0.99149
김장,2016-01-11,1.3295
김장,2016-01-12,1.57174
김장,2016-01-13,1.3802
김장,2016-01-14,1.5154
김장,2016-01-15,1.3802
김장,2016-01-16,1.245
김장,2016-01-17,0.92389
김장,2016-01-18,1.92101
김장,2016-01-19,1.43653
김장,2016-01-20,1.42527
김장,2016-01-21,1.3802
김장,2016-01-22,1.57737
김장,2016-01-23,1.42527
김장,2016-01-24,0.59151
김장,2016-01-25,0.82812
김장,2016-01-26,0.61404
김장,2016-01-27,0.73798
김장,2016-01-28,0.69291
김장,2016-01-29,0.78305
김장,2016-01-30,0.56898
김장,2016-01-31,0.67601
김장,2016-02-01,0.69291
김장,2016-02-02,0.67601
김장,2016-02-03,0.62531
김장,2016-02-04,0.91262
김장,2016-02-05,1.53794
김장,2016-02-06,0.64785
김장,2016-02-07,0.52391
김장,2016-02-08,0.51264
김장,2016-02-09,0.61404
김장,2016-02-10,0.43941
김장,2016-02-11,0.64221
김장,2016-02-12,0.47884
김장,2016-02-13,0.52391
김장,2016-02-14,0.63658
김장,2016-02-15,0.58024
김장,2016-02-16,0.54644
김장,2016-02-17,0.50138
김장,2016-02-18,0.55771
김장,2016-02-19,0.41124
김장,2016-02-20,0.53518
김장,2016-02-21,0.51264
김장,2016-02-22,0.64221
김장,2016-02-23,0.73235
김장,2016-02-24,0.54644
김장,2016-02-25,0.47884
김장,2016-02-26,0.61404
김장,2016-02-27,0.62531
김장,2016-02-28,0.59151
김장,2016-02-29,0.64785
김장,2016-03-01,0.51264
김장,2016-03-02,0.3549
김장,2016-03-03,0.42814
김장,2016-03-04,0.38871
김장,2016-03-05,0.40561
김장,2016-03-06,0.48447
김장,2016-03-07,0.52954
김장,2016-03-08,0.48447
김장,2016-03-09,0.57461
김장,2016-03-10,0.44504
김장,2016-03-11,0.57461
김장,2016-03-12,0.59151
김장,2016-03-13,0.50138
김장,2016-03-14,0.41687
김장,2016-03-15,0.47321
김장,2016-03-16,0.61968
김장,2016-03-17,0.45067
김장,2016-03-18,0.55208
김장,2016-03-19,0.89009
김장,2016-03-20,0.82812
김장,2016-03-21,1.04219
김장,2016-03-22,0.70981
김장,2016-03-23,0.73235
김장,2016-03-24,0.79432
김장,2016-03-25,0.86192
김장,2016-03-26,0.58024
김장,2016-03-27,0.49574
김장,2016-03-28,0.58024
김장,2016-03-29,0.40561
김장,2016-03-30,0.36054
김장,2016-03-31,0.41124
김장,2016-04-01,0.45067
김장,2016-04-02,0.47884
김장,2016-04-03,0.92389
김장,2016-04-04,0.73235
김장,2016-04-05,0.41687
김장,2016-04-06,0.39997
김장,2016-04-07,0.51828
김장,2016-04-08,0.40561
김장,2016-04-09,0.45067
김장,2016-04-10,0.42814
김장,2016-04-11,0.51828
김장,2016-04-12,0.57461
김장,2016-04-13,0.51828
김장,2016-04-14,0.40561
김장,2016-04-15,0.49574
김장,2016-04-16,0.44504
김장,2016-04-17,0.46194
김장,2016-04-18,0.52391
김장,2016-04-19,0.55208
김장,2016-04-20,0.59714
김장,2016-04-21,0.51264
김장,2016-04-22,0.46757
김장,2016-04-23,0.60278
김장,2016-04-24,0.54644
김장,2016-04-25,0.47321
김장,2016-04-26,0.44504
김장,2016-04-27,0.49574
김장,2016-04-28,0.54081
김장,2016-04-29,0.65911
김장,2016-04-30,0.58588
김장,2016-05-01,0.61968
김장,2016-05-02,0.40561
김장,2016-05-03,1.2788
김장,2016-05-04,0.81685
김장,2016-05-05,1.04219
김장,2016-05-06,0.86755
김장,2016-05-07,0.90699
김장,2016-05-08,0.70981
김장,2016-05-09,1.06472
김장,2016-05-10,0.81685
김장,2016-05-11,0.50701
김장,2016-05-12,0.49574
김장,2016-05-13,0.48447
김장,2016-05-14,0.52954
김장,2016-05-15,0.68728
김장,2016-05-16,0.54081
김장,2016-05-17,0.59151
김장,2016-05-18,0.82248
김장,2016-05-19,0.54644
김장,2016-05-20,0.45631
김장,2016-05-21,0.54644
김장,2016-05-22,0.70981
김장,2016-05-23,0.59714
김장,2016-05-24,0.57461
김장,2016-05-25,0.70981
김장,2016-05-26,0.59151
김장,2016-05-27,0.52391
김장,2016-05-28,0.60841
김장,2016-05-29,0.65348
김장,2016-05-30,0.79995
김장,2016-05-31,0.75488
김장,2016-06-01,0.64785
김장,2016-06-02,0.56334
김장,2016-06-03,0.49011
김장,2016-06-04,0.56898
김장,2016-06-05,0.59714
김장,2016-06-06,0.67601
김장,2016-06-07,0.50701
김장,2016-06-08,0.58024
김장,2016-06-09,0.53518
김장,2016-06-10,0.42251
김장,2016-06-11,0.60278
김장,2016-06-12,0.68165
김장,2016-06-13,0.43941
김장,2016-06-14,0.50138
김장,2016-06-15,0.53518
김장,2016-06-16,0.67038
김장,2016-06-17,0.46757
김장,2016-06-18,0.45631
김장,2016-06-19,0.52391
김장,2016-06-20,0.49011
김장,2016-06-21,0.57461
김장,2016-06-22,0.53518
김장,2016-06-23,0.60278
김장,2016-06-24,0.58024
김장,2016-06-25,0.39434
김장,2016-06-26,0.46194
김장,2016-06-27,0.42251
김장,2016-06-28,0.60278
김장,2016-06-29,0.46757
김장,2016-06-30,0.46194
김장,2016-07-01,0.41124
김장,2016-07-02,0.42814
김장,2016-07-03,0.52954
김장,2016-07-04,0.52954
김장,2016-07-05,0.48447
김장,2016-07-06,0.50701
김장,2016-07-07,0.45631
김장,2016-07-08,0.62531
김장,2016-07-09,0.41124
김장,2016-07-10,0.36617
김장,2016-07-11,0.57461
김장,2016-07-12,0.56334
김장,2016-07-13,0.53518
김장,2016-07-14,0.47884
김장,2016-07-15,0.47884
김장,2016-07-16,0.50701
김장,2016-07-17,0.55771
김장,2016-07-18,0.58588
김장,2016-07-19,0.60278
김장,2016-07-20,0.52391
김장,2016-07-21,0.76052
김장,2016-07-22,0.64785
김장,2016-07-23,0.65911
김장,2016-07-24,0.65911
김장,2016-07-25,0.65911
김장,2016-07-26,0.64785
김장,2016-07-27,0.58024
김장,2016-07-28,0.55771
김장,2016-07-29,0.92952
김장,2016-07-30,0.84502
김장,2016-07-31,0.61968
김장,2016-08-01,0.70981
김장,2016-08-02,0.70981
김장,2016-08-03,0.76615
김장,2016-08-04,0.58588
김장,2016-08-05,0.66475
김장,2016-08-06,0.63658
김장,2016-08-07,0.74925
김장,2016-08-08,0.76615
김장,2016-08-09,0.89572
김장,2016-08-10,1.09289
김장,2016-08-11,0.74362
김장,2016-08-12,0.67038
김장,2016-08-13,0.62531
김장,2016-08-14,0.59714
김장,2016-08-15,0.67601
김장,2016-08-16,0.83938
김장,2016-08-17,1.00276
김장,2016-08-18,0.69855
김장,2016-08-19,0.81122
김장,2016-08-20,0.58024
김장,2016-08-21,0.68728
김장,2016-08-22,0.87319
김장,2016-08-23,0.87882
김장,2016-08-24,0.87319
김장,2016-08-25,0.77178
김장,2016-08-26,0.88445
김장,2016-08-27,0.63658
김장,2016-08-28,0.72671
김장,2016-08-29,1.06472
김장,2016-08-30,0.96895
김장,2016-08-31,0.80558
김장,2016-09-01,0.83938
김장,2016-09-02,0.80558
김장,2016-09-03,0.83375
김장,2016-09-04,0.94642
김장,2016-09-05,0.89572
김장,2016-09-06,0.83375
김장,2016-09-07,1.25063
김장,2016-09-08,1.13233
김장,2016-09-09,1.02529
김장,2016-09-10,0.63095
김장,2016-09-11,0.76615
김장,2016-09-12,1.01402
김장,2016-09-13,0.67038
김장,2016-09-14,0.49574
김장,2016-09-15,0.50138
김장,2016-09-16,0.57461
김장,2016-09-17,1.00276
김장,2016-09-18,1.14923
김장,2016-09-19,1.16613
김장,2016-09-20,1.10979
김장,2016-09-21,1.32386
김장,2016-09-22,1.18303
김장,2016-09-23,1.18303
김장,2016-09-24,1.09852
김장,2016-09-25,1.09289
김장,2016-09-26,1.31823
김장,2016-09-27,1.29006
김장,2016-09-28,1.20556
김장,2016-09-29,1.19429
김장,2016-09-30,1.21683
김장,2016-10-01,0.95205
김장,2016-10-02,1.10416
김장,2016-10-03,1.30696
김장,2016-10-04,1.45343
김장,2016-10-05,1.75201
김장,2016-10-06,1.50977
김장,2016-10-07,1.3971
김장,2016-10-08,1.414
김장,2016-10-09,1.74074
김장,2016-10-10,1.76891
김장,2016-10-11,1.92665
김장,2016-10-12,1.98298
김장,2016-10-13,2.13509
김장,2016-10-14,2.30409
김장,2016-10-15,1.65061
김장,2016-10-16,2.27029
김장,2016-10-17,2.69843
김장,2016-10-18,2.84491
김장,2016-10-19,2.79984
김장,2016-10-20,3.18291
김장,2016-10-21,3.63359
김장,2016-10-22,2.03932
김장,2016-10-23,4.34341
김장,2016-10-24,4.20258
김장,2016-10-25,4.75466
김장,2016-10-26,4.29834
김장,2016-10-27,4.57439
김장,2016-10-28,4.47862
김장,2016-10-29,4.55748
김장,2016-10-30,6.12923
김장,2016-10-31,7.62773
김장,2016-11-01,8.06715
김장,2016-11-02,8.19672
김장,2016-11-03,10.50081
김장,2016-11-04,9.54875
김장,2016-11-05,9.63889
김장,2016-11-06,11.2388
김장,2016-11-07,14.50622
김장,2016-11-08,13.09785
김장,2016-11-09,11.95425
김장,2016-11-10,12.92321
김장,2016-11-11,14.07244
김장,2016-11-12,15.30617
김장,2016-11-13,17.18213
김장,2016-11-14,18.92851
김장,2016-11-15,16.59624
김장,2016-11-16,15.23857
김장,2016-11-17,16.46667
김장,2016-11-18,18.50036
김장,2016-11-19,19.87493
김장,2016-11-20,18.5567
김장,2016-11-21,18.49473
김장,2016-11-22,18.6412
김장,2016-11-23,16.03853
김장,2016-11-24,18.6074
김장,2016-11-25,19.05244
김장,2016-11-26,19.07498
김장,2016-11-27,18.59613
김장,2016-11-28,16.3033
김장,2016-11-29,14.71466
김장,2016-11-30,13.37952
김장,2016-12-01,13.78513
김장,2016-12-02,15.06957
김장,2016-12-03,14.68086
김장,2016-12-04,13.22742
김장,2016-12-05,10.03323
김장,2016-12-06,9.82479
김장,2016-12-07,9.07554
김장,2016-12-08,8.54036
김장,2016-12-09,8.7826
김장,2016-12-10,8.80513
김장,2016-12-11,7.22776
김장,2016-12-12,6.3771
김장,2016-12-13,5.33491
김장,2016-12-14,5.47574
김장,2016-12-15,4.92929
김장,2016-12-16,4.68705
김장,2016-12-17,4.53495
김장,2016-12-18,3.75753
김장,2016-12-19,3.32938
김장,2016-12-20,2.96884
김장,2016-12-21,2.99701
김장,2016-12-22,2.29846
김장,2016-12-23,2.41676
김장,2016-12-24,2.11255
김장,2016-12-25,1.60554
김장,2016-12-26,2.01678
김장,2016-12-27,1.80271
김장,2016-12-28,1.78018
김장,2016-12-29,1.61117
김장,2016-12-30,1.69567
김장,2016-12-31,1.52667
김장,2017-01-01,1.08162
김장,2017-01-02,1.42527
김장,2017-01-03,1.4985
김장,2017-01-04,1.35203
김장,2017-01-05,1.18303
김장,2017-01-06,1.22809
김장,2017-01-07,1.20556
김장,2017-01-08,0.93515
김장,2017-01-09,1.13233
김장,2017-01-10,1.27316
김장,2017-01-11,1.3464
김장,2017-01-12,1.06472
김장,2017-01-13,1.03092
김장,2017-01-14,1.02529
김장,2017-01-15,0.91825
김장,2017-01-16,1.04782
김장,2017-01-17,1.16613
김장,2017-01-18,1.11543
김장,2017-01-19,1.01966
김장,2017-01-20,1.04782
김장,2017-01-21,0.85628
김장,2017-01-22,0.75488
김장,2017-01-23,1.09852
김장,2017-01-24,0.97459
김장,2017-01-25,0.87319
김장,2017-01-26,1.09852
김장,2017-01-27,0.82812
김장,2017-01-28,0.94642
김장,2017-01-29,0.87319
김장,2017-01-30,1.18303
김장,2017-01-31,1.12106
김장,2017-02-01,0.94079
김장,2017-02-02,1.22246
김장,2017-02-03,1.67877
김장,2017-02-04,1.10416
김장,2017-02-05,1.09852
김장,2017-02-06,1.26753
김장,2017-02-07,1.22809
김장,2017-02-08,1.34076
김장,2017-02-09,1.23936
김장,2017-02-10,1.11543
김장,2017-02-11,1.09852
김장,2017-02-12,0.92389
김장,2017-02-13,1.06472
김장,2017-02-14,1.26753
김장,2017-02-15,1.13796
김장,2017-02-16,1.29006
김장,2017-02-17,1.12106
김장,2017-02-18,0.95769
김장,2017-02-19,0.82248
김장,2017-02-20,1.01966
김장,2017-02-21,1.05346
김장,2017-02-22,1.10979
김장,2017-02-23,0.96332
김장,2017-02-24,1.04219
김장,2017-02-25,0.82812
김장,2017-02-26,0.82812
김장,2017-02-27,1.05346
김장,2017-02-28,0.85628
김장,2017-03-01,0.92952
김장,2017-03-02,0.85065
김장,2017-03-03,1.01402
김장,2017-03-04,1.00276
김장,2017-03-05,0.99712
김장,2017-03-06,0.97459
김장,2017-03-07,1.08726
김장,2017-03-08,1.07599
김장,2017-03-09,0.93515
김장,2017-03-10,0.78305
김장,2017-03-11,0.91262
김장,2017-03-12,0.84502
김장,2017-03-13,0.78305
김장,2017-03-14,0.63095
김장,2017-03-15,0.78868
김장,2017-03-16,0.77178
김장,2017-03-17,0.67601
김장,2017-03-18,0.65911
김장,2017-03-19,0.71545
김장,2017-03-20,0.70981
김장,2017-03-21,0.65911
김장,2017-03-22,0.71545
김장,2017-03-23,0.85065
김장,2017-03-24,0.71545
김장,2017-03-25,0.57461
김장,2017-03-26,0.79995
김장,2017-03-27,0.53518
김장,2017-03-28,0.71545
김장,2017-03-29,0.78305
김장,2017-03-30,0.59714
김장,2017-03-31,0.62531
김장,2017-04-01,0.55771
김장,2017-04-02,0.87319
김장,2017-04-03,0.69291
김장,2017-04-04,0.65911
김장,2017-04-05,0.82248
김장,2017-04-06,0.61968
김장,2017-04-07,0.72671
김장,2017-04-08,0.62531
김장,2017-04-09,0.69855
김장,2017-04-10,0.72108
김장,2017-04-11,0.72108
김장,2017-04-12,0.69291
김장,2017-04-13,0.81122
김장,2017-04-14,0.64785
김장,2017-04-15,0.65348
김장,2017-04-16,0.65348
김장,2017-04-17,0.58588
김장,2017-04-18,0.69291
김장,2017-04-19,0.60841
김장,2017-04-20,0.64221
김장,2017-04-21,0.80558
김장,2017-04-22,0.56898
김장,2017-04-23,0.71545
김장,2017-04-24,0.63095
김장,2017-04-25,0.76615
김장,2017-04-26,0.86755
김장,2017-04-27,0.75488
김장,2017-04-28,0.66475
김장,2017-04-29,0.53518
김장,2017-04-30,0.73235
김장,2017-05-01,0.68728
김장,2017-05-02,0.70418
김장,2017-05-03,0.58024
김장,2017-05-04,0.64221
김장,2017-05-05,0.58588
김장,2017-05-06,0.59151
김장,2017-05-07,0.79432
김장,2017-05-08,0.64221
김장,2017-05-09,0.79432
김장,2017-05-10,0.69291
김장,2017-05-11,0.74362
김장,2017-05-12,0.67601
김장,2017-05-13,0.73235
김장,2017-05-14,0.87319
김장,2017-05-15,0.77178
김장,2017-05-16,0.79432
김장,2017-05-17,0.70981
김장,2017-05-18,0.70418
김장,2017-05-19,0.65348
김장,2017-05-20,0.84502
김장,2017-05-21,1.3464
김장,2017-05-22,0.93515
김장,2017-05-23,0.87882
김장,2017-05-24,0.92952
김장,2017-05-25,0.82248
김장,2017-05-26,0.64785
김장,2017-05-27,0.68728
김장,2017-05-28,1.07599
김장,2017-05-29,0.94079
김장,2017-05-30,0.86192
김장,2017-05-31,0.85628
김장,2017-06-01,0.69291
김장,2017-06-02,0.72671
김장,2017-06-03,0.66475
김장,2017-06-04,0.93515
김장,2017-06-05,0.95769
김장,2017-06-06,0.83375
김장,2017-06-07,1.01402
김장,2017-06-08,1.00276
김장,2017-06-09,0.79432
김장,2017-06-10,0.72108
김장,2017-06-11,0.86755
김장,2017-06-12,0.90699
김장,2017-06-13,0.71545
김장,2017-06-14,0.83938
김장,2017-06-15,0.83375
김장,2017-06-16,0.84502
김장,2017-06-17,0.68728
김장,2017-06-18,0.68165
김장,2017-06-19,0.76615
김장,2017-06-20,0.67601
김장,2017-06-21,0.86192
김장,2017-06-22,0.71545
김장,2017-06-23,0.70981
김장,2017-06-24,0.70981
김장,2017-06-25,0.58024
김장,2017-06-26,0.70418
김장,2017-06-27,0.74925
김장,2017-06-28,0.72671
김장,2017-06-29,0.80558
김장,2017-06-30,0.63095
김장,2017-07-01,0.59714
김장,2017-07-02,0.72108
김장,2017-07-03,0.66475
김장,2017-07-04,0.68728
김장,2017-07-05,0.78868
김장,2017-07-06,0.77742
김장,2017-07-07,0.65348
김장,2017-07-08,0.61404
김장,2017-07-09,0.64785
김장,2017-07-10,0.69855
김장,2017-07-11,0.72108
김장,2017-07-12,0.81685
김장,2017-07-13,0.72671
김장,2017-07-14,0.73235
김장,2017-07-15,0.56898
김장,2017-07-16,0.65348
김장,2017-07-17,0.73235
김장,2017-07-18,0.78868
김장,2017-07-19,0.84502
김장,2017-07-20,0.63658
김장,2017-07-21,0.72671
김장,2017-07-22,0.56898
김장,2017-07-23,0.76052
김장,2017-07-24,0.80558
김장,2017-07-25,0.66475
김장,2017-07-26,0.73235
김장,2017-07-27,0.57461
김장,2017-07-28,0.72108
김장,2017-07-29,0.69291
김장,2017-07-30,0.66475
김장,2017-07-31,0.77742
김장,2017-08-01,0.73235
김장,2017-08-02,0.78305
김장,2017-08-03,0.83375
김장,2017-08-04,0.70418
김장,2017-08-05,0.60278
김장,2017-08-06,0.65348
김장,2017-08-07,1.35766
김장,2017-08-08,0.75488
김장,2017-08-09,0.78305
김장,2017-08-10,0.74362
김장,2017-08-11,0.71545
김장,2017-08-12,0.72108
김장,2017-08-13,0.83375
김장,2017-08-14,0.81122
김장,2017-08-15,0.90135
김장,2017-08-16,0.98022
김장,2017-08-17,0.89009
김장,2017-08-18,0.81122
김장,2017-08-19,0.81685
김장,2017-08-20,0.65911
김장,2017-08-21,0.87882
김장,2017-08-22,1.02529
김장,2017-08-23,1.01402
김장,2017-08-24,0.94079
김장,2017-08-25,0.89009
김장,2017-08-26,0.74925
김장,2017-08-27,0.83938
김장,2017-08-28,1.16613
김장,2017-08-29,1.17739
김장,2017-08-30,1.2957
김장,2017-08-31,0.94642
김장,2017-09-01,1.13233
김장,2017-09-02,1.05909
김장,2017-09-03,1.14923
김장,2017-09-04,1.31823
김장,2017-09-05,1.29006
김장,2017-09-06,1.3633
김장,2017-09-07,1.14923
김장,2017-09-08,1.34076
김장,2017-09-09,1.00839
김장,2017-09-10,1.13796
김장,2017-09-11,1.30696
김장,2017-09-12,1.42527
김장,2017-09-13,1.245
김장,2017-09-14,1.414
김장,2017-09-15,1.10979
김장,2017-09-16,0.92389
김장,2017-09-17,1.01966
김장,2017-09-18,1.2619
김장,2017-09-19,1.2788
김장,2017-09-20,1.23373
김장,2017-09-21,1.30133
김장,2017-09-22,1.17176
김장,2017-09-23,0.99149
김장,2017-09-24,1.15486
김장,2017-09-25,1.14359
김장,2017-09-26,1.22246
김장,2017-09-27,1.09852
김장,2017-09-28,1.17739
김장,2017-09-29,1.09852
김장,2017-09-30,1.00276
김장,2017-10-01,1.02529
김장,2017-10-02,1.00276
김장,2017-10-03,0.85628
김장,2017-10-04,1.53794
김장,2017-10-05,1.16613
김장,2017-10-06,1.40837
김장,2017-10-07,1.2788
김장,2017-10-08,1.33513
김장,2017-10-09,1.70694
김장,2017-10-10,1.97171
김장,2017-10-11,2.24776
김장,2017-10-12,2.36606
김장,2017-10-13,1.96608
김장,2017-10-14,1.55484
김장,2017-10-15,2.02242
김장,2017-10-16,2.46183
김장,2017-10-17,2.43929
김장,2017-10-18,2.89561
김장,2017-10-19,2.73787
김장,2017-10-20,2.38859
김장,2017-10-21,2.19705
김장,2017-10-22,2.6083
김장,2017-10-23,3.85893
김장,2017-10-24,3.41389
김장,2017-10-25,3.55472
김장,2017-10-26,3.7519
김장,2017-10-27,4.72649
김장,2017-10-28,2.99701
김장,2017-10-29,4.10681
김장,2017-10-30,6.15176
김장,2017-10-31,5.88135
김장,2017-11-01,6.90665
김장,2017-11-02,7.31226
김장,2017-11-03,8.42206
김장,2017-11-04,8.04461
김장,2017-11-05,7.88687
김장,2017-11-06,10.42194
김장,2017-11-07,11.58244
김장,2017-11-08,10.27547
김장,2017-11-09,11.08669
김장,2017-11-10,13.90907
김장,2017-11-11,12.87251
김장,2017-11-12,13.66683
김장,2017-11-13,17.06382
김장,2017-11-14,15.65545
김장,2017-11-15,15.64418
김장,2017-11-16,16.56244
김장,2017-11-17,19.82986
김장,2017-11-18,20.62982
김장,2017-11-19,19.90873
김장,2017-11-20,18.07222
김장,2017-11-21,17.07509
김장,2017-11-22,18.30882
김장,2017-11-23,15.81882
김장,2017-11-24,18.7088
김장,2017-11-25,18.68063
김장,2017-11-26,15.67235
김장,2017-11-27,15.50335
김장,2017-11-28,13.47529
김장,2017-11-29,12.26973
김장,2017-11-30,12.42746
김장,2017-12-01,12.10636
김장,2017-12-02,11.91482
김장,2017-12-03,10.21914
김장,2017-12-04,8.95724
김장,2017-12-05,8.53473
김장,2017-12-06,7.74604
김장,2017-12-07,7.6728
김장,2017-12-08,8.10658
김장,2017-12-09,7.56013
김장,2017-12-10,6.59681
김장,2017-12-11,5.81375
김장,2017-12-12,4.87859
김장,2017-12-13,4.71522
김장,2017-12-14,4.29834
김장,2017-12-15,4.33215
김장,2017-12-16,4.06174
김장,2017-12-17,3.77443
김장,2017-12-18,2.94067
김장,2017-12-19,2.68717
김장,2017-12-20,2.32662
김장,2017-12-21,2.12945
김장,2017-12-22,2.08438
김장,2017-12-23,2.16889
김장,2017-12-24,1.74074
김장,2017-12-25,1.66751
김장,2017-12-26,1.74638
김장,2017-12-27,1.47033
김장,2017-12-28,1.55484
김장,2017-12-29,1.13233
김장,2017-12-30,1.21119
김장,2017-12-31,1.09852
김장,2018-01-01,0.99712
김장,2018-01-02,1.13796
김장,2018-01-03,1.18303
김장,2018-01-04,1.03656
김장,2018-01-05,1.03656
김장,2018-01-06,1.09852
김장,2018-01-07,0.91262
김장,2018-01-08,0.98022
김장,2018-01-09,1.08162
김장,2018-01-10,0.92952
김장,2018-01-11,1.22246
김장,2018-01-12,0.85065
김장,2018-01-13,0.79432
김장,2018-01-14,0.79432
김장,2018-01-15,0.79995
김장,2018-01-16,0.72671
김장,2018-01-17,1.01966
김장,2018-01-18,0.86192
김장,2018-01-19,0.89009
김장,2018-01-20,0.78868
김장,2018-01-21,0.82812
김장,2018-01-22,0.83938
김장,2018-01-23,0.98022
김장,2018-01-24,1.11543
김장,2018-01-25,1.13233
김장,2018-01-26,1.39147
김장,2018-01-27,1.14359
김장,2018-01-28,1.10416
김장,2018-01-29,1.00839
김장,2018-01-30,1.12669
김장,2018-01-31,1.32386
김장,2018-02-01,1.20556
김장,2018-02-02,1.35766
김장,2018-02-03,1.00839
김장,2018-02-04,0.91262
김장,2018-02-05,1.12669
김장,2018-02-06,0.96332
김장,2018-02-07,0.98022
김장,2018-02-08,1.02529
김장,2018-02-09,0.92952
김장,2018-02-10,0.90699
김장,2018-02-11,0.90699
김장,2018-02-12,1.18303
김장,2018-02-13,1.88721
김장,2018-02-14,1.64497
김장,2018-02-15,1.64497
김장,2018-02-16,1.5999
김장,2018-02-17,1.69004
김장,2018-02-18,1.63371
김장,2018-02-19,1.97735
김장,2018-02-20,1.4647
김장,2018-02-21,0.92389
김장,2018-02-22,0.74925
김장,2018-02-23,0.91825
김장,2018-02-24,0.88445
김장,2018-02-25,0.87882
김장,2018-02-26,0.90135
김장,2018-02-27,1.31823
김장,2018-02-28,1.05346
김장,2018-03-01,1.19993
김장,2018-03-02,0.98585
김장,2018-03-03,1.15486
김장,2018-03-04,1.16049
김장,2018-03-05,0.96895
김장,2018-03-06,1.04782
김장,2018-03-07,1.16049
김장,2018-03-08,1.03656
김장,2018-03-09,0.94079
김장,2018-03-10,1.14359
김장,2018-03-11,1.10416
김장,2018-03-12,1.17176
김장,2018-03-13,1.14923
김장,2018-03-14,0.95205
김장,2018-03-15,0.89572
김장,2018-03-16,0.94079
김장,2018-03-17,1.12669
김장,2018-03-18,0.89009
김장,2018-03-19,0.96332
김장,2018-03-20,0.99712
김장,2018-03-21,1.13233
김장,2018-03-22,1.05346
김장,2018-03-23,0.90135
김장,2018-03-24,0.98022
김장,2018-03-25,0.89009
김장,2018-03-26,0.85065
김장,2018-03-27,0.83938
김장,2018-03-28,0.94079
김장,2018-03-29,0.98022
김장,2018-03-30,0.82248
김장,2018-03-31,0.79432
김장,2018-04-01,0.74925
김장,2018-04-02,0.82812
김장,2018-04-03,0.82812
김장,2018-04-04,1.07036
김장,2018-04-05,1.22809
김장,2018-04-06,1.28443
김장,2018-04-07,1.04782
김장,2018-04-08,1.49287
김장,2018-04-09,1.45907
김장,2018-04-10,1.77454
김장,2018-04-11,1.45343
김장,2018-04-12,1.55484
김장,2018-04-13,1.19429
김장,2018-04-14,1.21683
김장,2018-04-15,0.94642
김장,2018-04-16,1.09852
김장,2018-04-17,1.08726
김장,2018-04-18,1.09852
김장,2018-04-19,1.03656
김장,2018-04-20,1.07036
김장,2018-04-21,1.39147
김장,2018-04-22,1.26753
김장,2018-04-23,1.33513
김장,2018-04-24,1.19429
김장,2018-04-25,1.20556
김장,2018-04-26,1.23373
김장,2018-04-27,1.06472
김장,2018-04-28,1.09852
김장,2018-04-29,1.10979
김장,2018-04-30,1.01966
김장,2018-05-01,0.98585
김장,2018-05-02,1.245
김장,2018-05-03,1.33513
김장,2018-05-04,1.20556
김장,2018-05-05,1.06472
김장,2018-05-06,1.08162
김장,2018-05-07,1.22809
김장,2018-05-08,1.31823
김장,2018-05-09,1.13233
김장,2018-05-10,1.16613
김장,2018-05-11,1.03656
김장,2018-05-12,1.09852
김장,2018-05-13,0.97459
김장,2018-05-14,1.17739
김장,2018-05-15,1.23936
김장,2018-05-16,0.95205
김장,2018-05-17,1.18303
김장,2018-05-18,1.17739
김장,2018-05-19,0.85628
김장,2018-05-20,0.89009
김장,2018-05-21,0.96895
김장,2018-05-22,0.87882
김장,2018-05-23,1.14359
김장,2018-05-24,1.26753
김장,2018-05-25,1.16049
김장,2018-05-26,0.96895
김장,2018-05-27,1.04782
김장,2018-05-28,1.26753
김장,2018-05-29,1.16613
김장,2018-05-30,1.11543
김장,2018-05-31,1.04219
김장,2018-06-01,1.2788
김장,2018-06-02,0.91262
김장,2018-06-03,0.97459
김장,2018-06-04,1.23373
김장,2018-06-05,1.05346
김장,2018-06-06,1.03092
김장,2018-06-07,1.05909
김장,2018-06-08,1.12106
김장,2018-06-09,0.91262
김장,2018-06-10,1.18303
김장,2018-06-11,1.19993
김장,2018-06-12,1.18866
김장,2018-06-13,1.11543
김장,2018-06-14,1.4478
김장,2018-06-15,1.23373
김장,2018-06-16,1.19429
김장,2018-06-17,1.17739
김장,2018-06-18,1.2957
김장,2018-06-19,1.25626
김장,2018-06-20,1.01402
김장,2018-06-21,1.2619
김장,2018-06-22,1.04782
김장,2018-06-23,0.96332
김장,2018-06-24,0.81122
김장,2018-06-25,1.32386
김장,2018-06-26,1.18866
김장,2018-06-27,0.94642
김장,2018-06-28,1.19429
김장,2018-06-29,1.10979
김장,2018-06-30,1.09289
김장,2018-07-01,1.09289
김장,2018-07-02,1.20556
김장,2018-07-03,1.14923
김장,2018-07-04,1.06472
김장,2018-07-05,1.05909
김장,2018-07-06,1.07599
김장,2018-07-07,1.01966
김장,2018-07-08,0.82248
김장,2018-07-09,1.03656
김장,2018-07-10,1.12106
김장,2018-07-11,1.05909
김장,2018-07-12,1.245
김장,2018-07-13,1.07036
김장,2018-07-14,0.83375
김장,2018-07-15,0.84502
김장,2018-07-16,1.06472
김장,2018-07-17,1.08726
김장,2018-07-18,1.05909
김장,2018-07-19,1.2957
김장,2018-07-20,1.07599
김장,2018-07-21,0.79995
김장,2018-07-22,0.87319
김장,2018-07-23,1.08726
김장,2018-07-24,1.16049
김장,2018-07-25,0.94079
김장,2018-07-26,1.09289
김장,2018-07-27,1.01966
김장,2018-07-28,0.79432
김장,2018-07-29,0.63658
김장,2018-07-30,1.245
김장,2018-07-31,1.25063
김장,2018-08-01,1.19429
김장,2018-08-02,1.10979
김장,2018-08-03,1.13796
김장,2018-08-04,0.78305
김장,2018-08-05,0.81685
김장,2018-08-06,1.245
김장,2018-08-07,1.3126
김장,2018-08-08,1.57174
김장,2018-08-09,1.48724
김장,2018-08-10,1.22809
김장,2018-08-11,0.90135
김장,2018-08-12,0.92389
김장,2018-08-13,1.2619
김장,2018-08-14,1.19429
김장,2018-08-15,1.00839
김장,2018-08-16,1.26753
김장,2018-08-17,1.3295
김장,2018-08-18,0.80558
김장,2018-08-19,1.05346
김장,2018-08-20,1.4985
김장,2018-08-21,1.3802
김장,2018-08-22,1.4478
김장,2018-08-23,1.50977
김장,2018-08-24,1.414
김장,2018-08-25,1.13796
김장,2018-08-26,1.27316
김장,2018-08-27,1.64497
김장,2018-08-28,1.583
김장,2018-08-29,1.4478
김장,2018-08-30,1.4309
김장,2018-08-31,1.08162
김장,2018-09-01,0.91262
김장,2018-09-02,1.16049
김장,2018-09-03,1.63371
김장,2018-09-04,1.61117
김장,2018-09-05,1.48724
김장,2018-09-06,1.4816
김장,2018-09-07,1.40273
김장,2018-09-08,0.86192
김장,2018-09-09,1.12106
김장,2018-09-10,1.55484
김장,2018-09-11,1.66187
김장,2018-09-12,1.80834
김장,2018-09-13,2.00552
김장,2018-09-14,1.5661
김장,2018-09-15,1.2957
김장,2018-09-16,1.42527
김장,2018-09-17,1.54357
김장,2018-09-18,1.42527
김장,2018-09-19,1.47033
김장,2018-09-20,1.61681
김장,2018-09-21,1.13796
김장,2018-09-22,0.87882
김장,2018-09-23,0.56898
김장,2018-09-24,0.54644
김장,2018-09-25,0.91825
김장,2018-09-26,1.47033
김장,2018-09-27,1.81961
김장,2018-09-28,1.78581
김장,2018-09-29,1.08162
김장,2018-09-30,1.72384
김장,2018-10-01,1.88158
김장,2018-10-02,1.96608
김장,2018-10-03,1.32386
김장,2018-10-04,2.20269
김장,2018-10-05,2.02242
김장,2018-10-06,1.23936
김장,2018-10-07,1.75764
김장,2018-10-08,2.48436
김장,2018-10-09,2.03932
김장,2018-10-10,2.40549
김장,2018-10-11,2.90124
김장,2018-10-12,2.91814
김장,2018-10-13,1.73511
김장,2018-10-14,2.09565
김장,2018-10-15,3.07588
김장,2018-10-16,2.83927
김장,2018-10-17,2.94067
김장,2018-10-18,3.21108
김장,2018-10-19,3.07024
김장,2018-10-20,2.30409
김장,2018-10-21,2.76604
김장,2018-10-22,4.01667
김장,2018-10-23,4.34905
김장,2018-10-24,4.26454
김장,2018-10-25,4.50115
김장,2018-10-26,3.91527
김장,2018-10-27,3.52092
김장,2018-10-28,5.12647
김장,2018-10-29,6.63624
김장,2018-10-30,7.14889
김장,2018-10-31,7.7235
김장,2018-11-01,7.86997
김장,2018-11-02,7.96574
김장,2018-11-03,7.54887
김장,2018-11-04,9.90366
김장,2018-11-05,11.25007
김장,2018-11-06,11.86975
김장,2018-11-07,14.43298
김장,2018-11-08,14.46115
김장,2018-11-09,14.26961
김장,2018-11-10,14.69776
김장,2018-11-11,16.87792
김장,2018-11-12,17.19903
김장,2018-11-13,15.27237
김장,2018-11-14,16.185
김장,2018-11-15,16.3033
김장,2018-11-16,21.0636
김장,2018-11-17,21.39597
김장,2018-11-18,20.41011
김장,2018-11-19,20.66925
김장,2018-11-20,19.26652
김장,2018-11-21,18.844
김장,2018-11-22,18.84964
김장,2018-11-23,22.17903
김장,2018-11-24,21.77342
김장,2018-11-25,21.47484
김장,2018-11-26,17.81871
김장,2018-11-27,15.20477
김장,2018-11-28,14.82733
김장,2018-11-29,15.1259
김장,2018-11-30,16.3878
김장,2018-12-01,16.98495
김장,2018-12-02,14.63579
김장,2018-12-03,11.79651
김장,2018-12-04,11.08669
김장,2018-12-05,9.70086
김장,2018-12-06,9.81353
김장,2018-12-07,9.81353
김장,2018-12-08,9.13751
김장,2018-12-09,7.22212
김장,2018-12-10,6.37147
김장,2018-12-11,5.63911
김장,2018-12-12,5.56025
김장,2018-12-13,5.12647
김장,2018-12-14,5.44758
김장,2018-12-15,5.49264
김장,2018-12-16,5.31801
김장,2018-12-17,4.37158
김장,2018-12-18,4.48425
김장,2018-12-19,3.74626
김장,2018-12-20,3.57726
김장,2018-12-21,3.38572
김장,2018-12-22,3.34629
김장,2018-12-23,3.03081
김장,2018-12-24,2.34352
김장,2018-12-25,2.06185
김장,2018-12-26,2.32099
김장,2018-12-27,2.33226
김장,2018-12-28,2.51253
김장,2018-12-29,1.74074
김장,2018-12-30,1.66187
김장,2018-12-31,1.81961
김장,2019-01-01,1.30133
김장,2019-01-02,1.78581
김장,2019-01-03,1.81961
김장,2019-01-04,1.76891
김장,2019-01-05,1.5154
김장,2019-01-06,1.38583
김장,2019-01-07,1.61117
김장,2019-01-08,1.42527
김장,2019-01-09,1.40837
김장,2019-01-10,1.30696
김장,2019-01-11,1.2957
김장,2019-01-12,1.21119
김장,2019-01-13,1.18303
김장,2019-01-14,1.414
김장,2019-01-15,1.37457
김장,2019-01-16,1.10979
김장,2019-01-17,1.08162
김장,2019-01-18,1.05909
김장,2019-01-19,0.99712
김장,2019-01-20,0.92952
김장,2019-01-21,0.96895
김장,2019-01-22,1.05909
김장,2019-01-23,1.01966
김장,2019-01-24,1.09852
김장,2019-01-25,0.99149
김장,2019-01-26,0.92952
김장,2019-01-27,0.90699
김장,2019-01-28,0.94079
김장,2019-01-29,0.96895
김장,2019-01-30,1.12106
김장,2019-01-31,1.09289
김장,2019-02-01,1.00839
김장,2019-02-02,0.89009
김장,2019-02-03,0.91262
김장,2019-02-04,0.77742
김장,2019-02-05,0.74925
김장,2019-02-06,0.95205
김장,2019-02-07,0.93515
김장,2019-02-08,1.01966
김장,2019-02-09,0.89572
김장,2019-02-10,0.87319
김장,2019-02-11,0.94079
김장,2019-02-12,0.89572
김장,2019-02-13,0.83375
김장,2019-02-14,0.83375
김장,2019-02-15,0.84502
김장,2019-02-16,0.70981
김장,2019-02-17,0.87319
김장,2019-02-18,0.96332
김장,2019-02-19,0.99149
김장,2019-02-20,0.79995
김장,2019-02-21,1.22246
김장,2019-02-22,0.92389
김장,2019-02-23,0.87319
김장,2019-02-24,0.89572
김장,2019-02-25,0.85628
김장,2019-02-26,0.67038
김장,2019-02-27,0.94079
김장,2019-02-28,0.81685
김장,2019-03-01,0.73235
김장,2019-03-02,0.67038
김장,2019-03-03,0.70981
김장,2019-03-04,0.72671
김장,2019-03-05,0.68165
김장,2019-03-06,0.65911
김장,2019-03-07,0.69855
김장,2019-03-08,0.74362
김장,2019-03-09,0.63658
김장,2019-03-10,0.71545
김장,2019-03-11,0.57461
김장,2019-03-12,0.55208
김장,2019-03-13,0.72671
김장,2019-03-14,0.64221
김장,2019-03-15,0.49011
김장,2019-03-16,0.50138
김장,2019-03-17,0.55771
김장,2019-03-18,0.62531
김장,2019-03-19,0.56898
김장,2019-03-20,0.61968
김장,2019-03-21,0.54644
김장,2019-03-22,0.58024
김장,2019-03-23,0.50701
김장,2019-03-24,0.67601
김장,2019-03-25,0.74925
김장,2019-03-26,0.66475
김장,2019-03-27,0.65348
김장,2019-03-28,0.63658
김장,2019-03-29,0.58588
김장,2019-03-30,0.44504
김장,2019-03-31,0.54644
김장,2019-04-01,0.54644
김장,2019-04-02,0.59151
김장,2019-04-03,1.03656
김장,2019-04-04,0.79432
김장,2019-04-05,0.48447
김장,2019-04-06,0.46757
김장,2019-04-07,0.47884
김장,2019-04-08,0.58588
김장,2019-04-09,0.49574
김장,2019-04-10,0.55771
김장,2019-04-11,0.59151
김장,2019-04-12,0.48447
김장,2019-04-13,0.3549
김장,2019-04-14,0.46757
김장,2019-04-15,0.69291
김장,2019-04-16,0.49574
김장,2019-04-17,0.51264
김장,2019-04-18,0.60278
김장,2019-04-19,0.58024
김장,2019-04-20,0.338
김장,2019-04-21,0.58024
김장,2019-04-22,0.58024
김장,2019-04-23,0.49011
김장,2019-04-24,0.58024
김장,2019-04-25,0.52391
김장,2019-04-26,0.45631
김장,2019-04-27,0.39997
김장,2019-04-28,0.49011
김장,2019-04-29,0.46757
김장,2019-04-30,0.52954
김장,2019-05-01,0.52954
김장,2019-05-02,0.60278
김장,2019-05-03,0.43377
김장,2019-05-04,0.38307
김장,2019-05-05,0.50138
김장,2019-05-06,0.64221
김장,2019-05-07,0.57461
김장,2019-05-08,0.54081
김장,2019-05-09,0.63095
김장,2019-05-10,0.57461
김장,2019-05-11,0.49574
김장,2019-05-12,0.58024
김장,2019-05-13,0.54644
김장,2019-05-14,0.60841
김장,2019-05-15,0.68728
김장,2019-05-16,0.94642
김장,2019-05-17,0.91262
김장,2019-05-18,0.67601
김장,2019-05-19,0.77178
김장,2019-05-20,0.78868
김장,2019-05-21,0.89572
김장,2019-05-22,0.85628
김장,2019-05-23,0.77742
김장,2019-05-24,0.56898
김장,2019-05-25,0.45067
김장,2019-05-26,0.71545
김장,2019-05-27,0.72108
김장,2019-05-28,0.70418
김장,2019-05-29,0.58024
김장,2019-05-30,0.56898
김장,2019-05-31,0.53518
김장,2019-06-01,0.50701
김장,2019-06-02,0.62531
김장,2019-06-03,0.79432
김장,2019-06-04,1.14359
김장,2019-06-05,0.92952
김장,2019-06-06,0.78305
김장,2019-06-07,0.85065
김장,2019-06-08,0.79432
김장,2019-06-09,0.80558
김장,2019-06-10,0.67038
김장,2019-06-11,0.69291
김장,2019-06-12,0.78305
김장,2019-06-13,0.79432
김장,2019-06-14,0.90699
김장,2019-06-15,0.74925
김장,2019-06-16,0.64785
김장,2019-06-17,0.66475
김장,2019-06-18,0.67601
김장,2019-06-19,0.61968
김장,2019-06-20,0.55771
김장,2019-06-21,0.51828
김장,2019-06-22,0.50701
김장,2019-06-23,0.67601
김장,2019-06-24,0.66475
김장,2019-06-25,0.61968
김장,2019-06-26,0.47884
김장,2019-06-27,0.73798
김장,2019-06-28,0.50701
김장,2019-06-29,0.46194
김장,2019-06-30,0.56898
김장,2019-07-01,0.60278
김장,2019-07-02,0.55771
김장,2019-07-03,0.53518
김장,2019-07-04,0.65348
김장,2019-07-05,0.60278
김장,2019-07-06,0.55771
김장,2019-07-07,0.58588
김장,2019-07-08,0.64785
김장,2019-07-09,0.73235
김장,2019-07-10,0.61404
김장,2019-07-11,0.78305
김장,2019-07-12,0.58024
김장,2019-07-13,0.55208
김장,2019-07-14,0.61968
김장,2019-07-15,0.51828
김장,2019-07-16,0.65348
김장,2019-07-17,0.62531
김장,2019-07-18,0.59714
김장,2019-07-19,0.57461
김장,2019-07-20,0.54644
김장,2019-07-21,0.53518
김장,2019-07-22,0.52391
김장,2019-07-23,0.48447
김장,2019-07-24,0.59151
김장,2019-07-25,0.49011
김장,2019-07-26,0.42251
김장,2019-07-27,0.46757
김장,2019-07-28,0.42814
김장,2019-07-29,0.52954
김장,2019-07-30,0.41687
김장,2019-07-31,0.67038
김장,2019-08-01,0.56334
김장,2019-08-02,0.63095
김장,2019-08-03,0.36617
김장,2019-08-04,0.55208
김장,2019-08-05,0.42251
김장,2019-08-06,0.47884
김장,2019-08-07,0.56898
김장,2019-08-08,0.53518
김장,2019-08-09,0.47884
김장,2019-08-10,0.46194
김장,2019-08-11,0.47884
김장,2019-08-12,0.50701
김장,2019-08-13,0.51828
김장,2019-08-14,0.64221
김장,2019-08-15,0.56898
김장,2019-08-16,0.73798
김장,2019-08-17,0.39997
김장,2019-08-18,0.46757
김장,2019-08-19,0.68165
김장,2019-08-20,0.72671
김장,2019-08-21,0.69855
김장,2019-08-22,0.59714
김장,2019-08-23,0.69291
김장,2019-08-24,0.59151
김장,2019-08-25,0.98585
김장,2019-08-26,0.70981
김장,2019-08-27,0.72671
김장,2019-08-28,0.80558
김장,2019-08-29,0.78868
김장,2019-08-30,0.75488
김장,2019-08-31,0.64785
김장,2019-09-01,0.70981
김장,2019-09-02,0.91825
김장,2019-09-03,0.74362
김장,2019-09-04,0.63658
김장,2019-09-05,0.70981
김장,2019-09-06,0.63658
김장,2019-09-07,0.51828
김장,2019-09-08,0.66475
김장,2019-09-09,0.81685
김장,2019-09-10,0.69291
김장,2019-09-11,0.78305
김장,2019-09-12,0.42814
김장,2019-09-13,0.55771
김장,2019-09-14,0.66475
김장,2019-09-15,0.73798
김장,2019-09-16,1.21683
김장,2019-09-17,1.14359
김장,2019-09-18,1.03092
김장,2019-09-19,0.86755
김장,2019-09-20,0.85065
김장,2019-09-21,0.57461
김장,2019-09-22,0.79995
김장,2019-09-23,1.2788
김장,2019-09-24,0.95769
김장,2019-09-25,1.16049
김장,2019-09-26,0.97459
김장,2019-09-27,0.94079
김장,2019-09-28,0.81122
김장,2019-09-29,0.90135
김장,2019-09-30,1.30133
김장,2019-10-01,1.49287
김장,2019-10-02,1.5154
김장,2019-10-03,1.34076
김장,2019-10-04,1.31823
김장,2019-10-05,1.10979
김장,2019-10-06,1.12106
김장,2019-10-07,1.93228
김장,2019-10-08,1.75764
김장,2019-10-09,1.71821
김장,2019-10-10,2.12382
김장,2019-10-11,1.71821
김장,2019-10-12,1.33513
김장,2019-10-13,1.61681
김장,2019-10-14,2.35479
김장,2019-10-15,2.39986
김장,2019-10-16,2.56886
김장,2019-10-17,2.32662
김장,2019-10-18,2.22522
김장,2019-10-19,1.78018
김장,2019-10-20,2.36043
김장,2019-10-21,3.70683
김장,2019-10-22,3.08715
김장,2019-10-23,3.22798
김장,2019-10-24,3.53219
김장,2019-10-25,3.20545
김장,2019-10-26,2.6421
김장,2019-10-27,3.63359
김장,2019-10-28,5.57715
김장,2019-10-29,5.25604
김장,2019-10-30,4.88423
김장,2019-10-31,5.29547
김장,2019-11-01,5.62221
김장,2019-11-02,5.23914
김장,2019-11-03,6.93482
김장,2019-11-04,10.00507
김장,2019-11-05,8.6474
김장,2019-11-06,8.14038
김장,2019-11-07,9.65579
김장,2019-11-08,12.10636
김장,2019-11-09,10.73178
김장,2019-11-10,12.7035
김장,2019-11-11,13.6274
김장,2019-11-12,11.19936
김장,2019-11-13,12.79364
김장,2019-11-14,14.33722
김장,2019-11-15,16.47794
김장,2019-11-16,20.42138
김장,2019-11-17,19.30595
김장,2019-11-18,18.28629
김장,2019-11-19,15.1428
김장,2019-11-20,15.109
김장,2019-11-21,16.83848
김장,2019-11-22,23.04095
김장,2019-11-23,19.13695
김장,2019-11-24,17.2948
김장,2019-11-25,14.75409
김장,2019-11-26,12.73167
김장,2019-11-27,13.10912
김장,2019-11-28,13.50346
김장,2019-11-29,15.1428
김장,2019-11-30,14.94
김장,2019-12-01,14.40482
김장,2019-12-02,11.1205
김장,2019-12-03,8.99104
김장,2019-12-04,9.04737
김장,2019-12-05,8.77697
김장,2019-12-06,9.9769
김장,2019-12-07,9.9938
김장,2019-12-08,7.5207
김장,2019-12-09,6.24753
김장,2019-12-10,5.99402
김장,2019-12-11,5.52081
김장,2019-12-12,5.21097
김장,2019-12-13,5.45321
김장,2019-12-14,5.35181
김장,2019-12-15,4.13497
김장,2019-12-16,3.64486
김장,2019-12-17,2.80547
김장,2019-12-18,2.93504
김장,2019-12-19,2.64773
김장,2019-12-20,2.28156
김장,2019-12-21,2.12382
김장,2019-12-22,1.79708
김장,2019-12-23,1.63371
김장,2019-12-24,1.22246
김장,2019-12-25,1.83651
김장,2019-12-26,1.76891
김장,2019-12-27,1.3802
김장,2019-12-28,1.2619
김장,2019-12-29,1.2619
김장,2019-12-30,1.17739
김장,2019-12-31,0.91262
김장,2020-01-01,0.98585
김장,2020-01-02,0.98585
김장,2020-01-03,0.86192
김장,2020-01-04,0.91262
김장,2020-01-05,0.89572
김장,2020-01-06,0.85065
김장,2020-01-07,0.84502
김장,2020-01-08,0.95205
김장,2020-01-09,0.82248
김장,2020-01-10,0.78868
김장,2020-01-11,0.86192
김장,2020-01-12,0.78305
김장,2020-01-13,0.77178
김장,2020-01-14,0.72671
김장,2020-01-15,1.09289
김장,2020-01-16,0.89009
김장,2020-01-17,0.86755
김장,2020-01-18,0.68165
김장,2020-01-19,0.70418
김장,2020-01-20,0.85065
김장,2020-01-21,0.68728
김장,2020-01-22,0.72108
김장,2020-01-23,0.63658
김장,2020-01-24,0.47321
김장,2020-01-25,0.44504
김장,2020-01-26,0.50701
김장,2020-01-27,0.61404
김장,2020-01-28,0.69855
김장,2020-01-29,0.72671
김장,2020-01-30,0.73798
김장,2020-01-31,0.76052
김장,2020-02-01,0.78305
김장,2020-02-02,0.65348
김장,2020-02-03,0.59714
김장,2020-02-04,0.78868
김장,2020-02-05,0.85065
김장,2020-02-06,0.68728
김장,2020-02-07,0.56898
김장,2020-02-08,0.78305
김장,2020-02-09,0.62531
김장,2020-02-10,0.62531
김장,2020-02-11,0.70418
김장,2020-02-12,0.77178
김장,2020-02-13,0.61968
김장,2020-02-14,0.66475
김장,2020-02-15,0.66475
김장,2020-02-16,0.72671
김장,2020-02-17,0.68165
김장,2020-02-18,0.47884
김장,2020-02-19,0.46757
김장,2020-02-20,0.58024
김장,2020-02-21,0.46757
김장,2020-02-22,0.58588
김장,2020-02-23,0.66475
김장,2020-02-24,0.47884
김장,2020-02-25,0.64221
김장,2020-02-26,0.72108
김장,2020-02-27,0.60841
김장,2020-02-28,0.70981
김장,2020-02-29,0.72108
김장,2020-03-01,0.82812
김장,2020-03-02,0.72108
김장,2020-03-03,0.83938
김장,2020-03-04,0.80558
김장,2020-03-05,0.73235
김장,2020-03-06,0.72671
김장,2020-03-07,0.78868
김장,2020-03-08,0.77178
김장,2020-03-09,0.73235
김장,2020-03-10,0.74925
김장,2020-03-11,0.79995
김장,2020-03-12,0.81122
김장,2020-03-13,0.79432
김장,2020-03-14,0.63095
김장,2020-03-15,0.82812
김장,2020-03-16,0.82812
김장,2020-03-17,0.86755
김장,2020-03-18,0.87319
김장,2020-03-19,0.94079
김장,2020-03-20,0.79995
김장,2020-03-21,0.81685
김장,2020-03-22,0.76052
김장,2020-03-23,0.79432
김장,2020-03-24,0.68165
김장,2020-03-25,0.67038
김장,2020-03-26,0.87882
김장,2020-03-27,0.58024
김장,2020-03-28,0.57461
김장,2020-03-29,0.68728
김장,2020-03-30,0.65911
김장,2020-03-31,0.60278
김장,2020-04-01,0.71545
김장,2020-04-02,0.65911
김장,2020-04-03,0.74925
김장,2020-04-04,0.67601
김장,2020-04-05,0.73798
김장,2020-04-06,0.70418
김장,2020-04-07,0.54644
김장,2020-04-08,0.64785
김장,2020-04-09,0.58588
김장,2020-04-10,0.63658
김장,2020-04-11,0.51264
김장,2020-04-12,0.63658
김장,2020-04-13,0.64785
김장,2020-04-14,0.73798
김장,2020-04-15,0.73235
김장,2020-04-16,0.81122
김장,2020-04-17,0.85065
김장,2020-04-18,0.67601
김장,2020-04-19,0.78305
김장,2020-04-20,0.69291
김장,2020-04-21,0.87882
김장,2020-04-22,0.82812
김장,2020-04-23,0.79432
김장,2020-04-24,0.69291
김장,2020-04-25,0.73798
김장,2020-04-26,0.83938
김장,2020-04-27,0.89572
김장,2020-04-28,0.73798
김장,2020-04-29,0.65911
김장,2020-04-30,0.65348
김장,2020-05-01,0.78305
김장,2020-05-02,0.64785
김장,2020-05-03,0.72671
김장,2020-05-04,0.74362
김장,2020-05-05,0.64785
김장,2020-05-06,0.89009
김장,2020-05-07,0.64785
김장,2020-05-08,0.88445
김장,2020-05-09,0.58024
김장,2020-05-10,0.81122
김장,2020-05-11,0.69291
김장,2020-05-12,0.70418
김장,2020-05-13,0.76052
김장,2020-05-14,0.89572
김장,2020-05-15,0.73798
김장,2020-05-16,0.87882
김장,2020-05-17,0.85628
김장,2020-05-18,0.80558
김장,2020-05-19,0.69855
김장,2020-05-20,0.64221
김장,2020-05-21,0.60278
김장,2020-05-22,0.79995
김장,2020-05-23,0.86192
김장,2020-05-24,0.60841
김장,2020-05-25,0.69855
김장,2020-05-26,0.83375
김장,2020-05-27,0.64785
김장,2020-05-28,0.49574
김장,2020-05-29,0.67038
김장,2020-05-30,0.58024
김장,2020-05-31,0.47321
김장,2020-06-01,0.58588
김장,2020-06-02,0.52391
김장,2020-06-03,0.78868
김장,2020-06-04,0.70981
김장,2020-06-05,0.62531
김장,2020-06-06,0.64221
김장,2020-06-07,0.72671
김장,2020-06-08,0.76615
김장,2020-06-09,0.68165
김장,2020-06-10,0.83938
김장,2020-06-11,0.83938
김장,2020-06-12,0.66475
김장,2020-06-13,0.68165
김장,2020-06-14,0.68165
김장,2020-06-15,0.62531
김장,2020-06-16,0.56898
김장,2020-06-17,0.56898
김장,2020-06-18,0.70981
김장,2020-06-19,0.57461
김장,2020-06-20,0.55208
김장,2020-06-21,0.67601
김장,2020-06-22,0.72108
김장,2020-06-23,0.76052
김장,2020-06-24,0.76052
김장,2020-06-25,0.59151
김장,2020-06-26,0.53518
김장,2020-06-27,0.52954
김장,2020-06-28,0.64785
김장,2020-06-29,0.74362
김장,2020-06-30,0.69291
김장,2020-07-01,0.81685
김장,2020-07-02,0.77178
김장,2020-07-03,0.76052
김장,2020-07-04,0.69855
김장,2020-07-05,0.68728
김장,2020-07-06,0.77742
김장,2020-07-07,0.73798
김장,2020-07-08,0.78305
김장,2020-07-09,0.58588
김장,2020-07-10,0.61404
김장,2020-07-11,0.54644
김장,2020-07-12,0.61968
김장,2020-07-13,0.89572
김장,2020-07-14,0.66475
김장,2020-07-15,0.59151
김장,2020-07-16,0.63095
김장,2020-07-17,0.48447
김장,2020-07-18,0.49011
김장,2020-07-19,0.55771
김장,2020-07-20,0.70418
김장,2020-07-21,0.63658
김장,2020-07-22,0.56898
김장,2020-07-23,0.63095
김장,2020-07-24,0.70981
김장,2020-07-25,0.50138
김장,2020-07-26,0.58588
김장,2020-07-27,0.79995
김장,2020-07-28,0.72671
김장,2020-07-29,0.72108
김장,2020-07-30,0.61968
김장,2020-07-31,0.62531
김장,2020-08-01,0.56334
김장,2020-08-02,0.58024
김장,2020-08-03,0.67038
김장,2020-08-04,0.69291
김장,2020-08-05,0.67038
김장,2020-08-06,0.61968
김장,2020-08-07,0.55208
김장,2020-08-08,0.60278
김장,2020-08-09,0.59151
김장,2020-08-10,0.71545
김장,2020-08-11,0.82248
김장,2020-08-12,0.58588
김장,2020-08-13,0.63658
김장,2020-08-14,0.69291
김장,2020-08-15,0.61968
김장,2020-08-16,0.52391
김장,2020-08-17,0.62531
김장,2020-08-18,0.72108
김장,2020-08-19,0.76615
김장,2020-08-20,0.57461
김장,2020-08-21,0.66475
김장,2020-08-22,0.85065
김장,2020-08-23,0.79995
김장,2020-08-24,0.81122
김장,2020-08-25,0.69855
김장,2020-08-26,0.73798
김장,2020-08-27,0.95769
김장,2020-08-28,0.97459
김장,2020-08-29,0.99712
김장,2020-08-30,0.82812
김장,2020-08-31,0.89009
김장,2020-09-01,0.96895
김장,2020-09-02,0.97459
김장,2020-09-03,1.09852
김장,2020-09-04,0.89009
김장,2020-09-05,0.94079
김장,2020-09-06,1.01966
김장,2020-09-07,1.16049
김장,2020-09-08,1.23936
김장,2020-09-09,1.25626
김장,2020-09-10,1.21119
김장,2020-09-11,1.08162
김장,2020-09-12,0.95769
김장,2020-09-13,1.25626
김장,2020-09-14,1.3464
김장,2020-09-15,1.22809
김장,2020-09-16,1.02529
김장,2020-09-17,1.16049
김장,2020-09-18,0.99712
김장,2020-09-19,1.01966
김장,2020-09-20,1.08162
김장,2020-09-21,1.37457
김장,2020-09-22,1.21119
김장,2020-09-23,1.25626
김장,2020-09-24,1.33513
김장,2020-09-25,1.08162
김장,2020-09-26,0.99149
김장,2020-09-27,1.34076
김장,2020-09-28,1.12669
김장,2020-09-29,1.04782
김장,2020-09-30,0.86755
김장,2020-10-01,1.28443
김장,2020-10-02,1.2788
김장,2020-10-03,1.44217
김장,2020-10-04,1.63934
김장,2020-10-05,2.20832
김장,2020-10-06,2.45619
김장,2020-10-07,2.02242
김장,2020-10-08,1.90411
김장,2020-10-09,1.88158
김장,2020-10-10,1.98862
김장,2020-10-11,2.07875
김장,2020-10-12,2.7773
김장,2020-10-13,2.56323
김장,2020-10-14,2.73787
김장,2020-10-15,2.659
김장,2020-10-16,2.39423
김장,2020-10-17,2.04495
김장,2020-10-18,2.49
김장,2020-10-19,3.10405
김장,2020-10-20,3.74626
김장,2020-10-21,4.41101
김장,2020-10-22,3.84203
김장,2020-10-23,4.39975
김장,2020-10-24,3.28995
김장,2020-10-25,4.27018
김장,2020-10-26,5.40251
김장,2020-10-27,5.57151
김장,2020-10-28,5.33491
김장,2020-10-29,5.44758
김장,2020-10-30,5.35181
김장,2020-10-31,4.46172
김장,2020-11-01,5.84755
김장,2020-11-02,8.15728
김장,2020-11-03,8.20235
김장,2020-11-04,8.34319
김장,2020-11-05,8.94597
김장,2020-11-06,9.41918
김장,2020-11-07,10.84445
김장,2020-11-08,12.11199
김장,2020-11-09,13.28939
김장,2020-11-10,12.6697
김장,2020-11-11,12.70914
김장,2020-11-12,13.95414
김장,2020-11-13,17.81308
김장,2020-11-14,22.48324
김장,2020-11-15,20.44955
김장,2020-11-16,19.23835
김장,2020-11-17,17.01312
김장,2020-11-18,17.59337
김장,2020-11-19,18.86654
김장,2020-11-20,22.3931
김장,2020-11-21,26.84919
김장,2020-11-22,30.37575
김장,2020-11-23,20.04957
김장,2020-11-24,16.85538
김장,2020-11-25,17.08636
김장,2020-11-26,18.844
김장,2020-11-27,23.79584
김장,2020-11-28,24.53382
김장,2020-11-29,18.51163
김장,2020-11-30,14.63016
김장,2020-12-01,11.84721
김장,2020-12-02,10.33181
김장,2020-12-03,10.72052
김장,2020-12-04,12.79927
김장,2020-12-05,14.01611
김장,2020-12-06,10.26984
김장,2020-12-07,8.00518
김장,2020-12-08,6.79961
김장,2020-12-09,6.14049
김장,2020-12-10,6.10106
김장,2020-12-11,6.59117
김장,2020-12-12,6.51794
김장,2020-12-13,4.55748
김장,2020-12-14,3.96597
김장,2020-12-15,3.16038
김장,2020-12-16,2.95757
김장,2020-12-17,2.77167
김장,2020-12-18,2.85054
김장,2020-12-19,2.54633
김장,2020-12-20,2.68153
김장,2020-12-21,2.07875
김장,2020-12-22,1.78018
김장,2020-12-23,1.80834
김장,2020-12-24,1.75764
김장,2020-12-25,1.583
김장,2020-12-26,1.41963
김장,2020-12-27,1.25063
김장,2020-12-28,1.2957
김장,2020-12-29,1.4647
김장,2020-12-30,1.36893
김장,2020-12-31,1.23373
김장,2021-01-01,0.83938
김장,2021-01-02,0.90699
김장,2021-01-03,0.82812
김장,2021-01-04,1.03092
김장,2021-01-05,1.17176
김장,2021-01-06,1.21683
김장,2021-01-07,0.97459
김장,2021-01-08,0.86192
김장,2021-01-09,0.79995
김장,2021-01-10,0.99149
김장,2021-01-11,0.89572
김장,2021-01-12,0.81685
김장,2021-01-13,0.89572
김장,2021-01-14,0.78305
김장,2021-01-15,0.85065
김장,2021-01-16,0.84502
김장,2021-01-17,0.83375
김장,2021-01-18,0.78868
김장,2021-01-19,0.83375
김장,2021-01-20,0.77178
김장,2021-01-21,0.89009
김장,2021-01-22,0.75488
김장,2021-01-23,0.72108
김장,2021-01-24,0.72108
김장,2021-01-25,0.81122
김장,2021-01-26,0.87319
김장,2021-01-27,0.86192
김장,2021-01-28,0.80558
김장,2021-01-29,0.69291
김장,2021-01-30,0.55771
김장,2021-01-31,0.58588
김장,2021-02-01,0.83375
김장,2021-02-02,0.73235
김장,2021-02-03,0.63658
김장,2021-02-04,0.78305
김장,2021-02-05,0.79432
김장,2021-02-06,0.78868
김장,2021-02-07,0.58024
김장,2021-02-08,0.65348
김장,2021-02-09,0.63658
김장,2021-02-10,0.65348
김장,2021-02-11,0.58588
김장,2021-02-12,0.46757
김장,2021-02-13,0.52954
김장,2021-02-14,0.65911
김장,2021-02-15,0.67038
김장,2021-02-16,0.70981
김장,2021-02-17,0.54644
김장,2021-02-18,0.49574
김장,2021-02-19,0.70418
김장,2021-02-20,0.61404
김장,2021-02-21,0.63095
김장,2021-02-22,0.48447
김장,2021-02-23,0.64785
김장,2021-02-24,0.50138
김장,2021-02-25,0.55208
김장,2021-02-26,0.55208
김장,2021-02-27,0.50701
김장,2021-02-28,0.40561
김장,2021-03-01,0.54081
김장,2021-03-02,0.52954
김장,2021-03-03,0.40561
김장,2021-03-04,0.44504
김장,2021-03-05,0.45631
김장,2021-03-06,0.53518
김장,2021-03-07,0.46194
김장,2021-03-08,0.49011
김장,2021-03-09,0.51828
김장,2021-03-10,0.54644
김장,2021-03-11,0.74362
김장,2021-03-12,0.64221
김장,2021-03-13,0.57461
김장,2021-03-14,0.50701
김장,2021-03-15,0.55771
김장,2021-03-16,0.50701
김장,2021-03-17,0.60278
김장,2021-03-18,0.55208
김장,2021-03-19,0.56898
김장,2021-03-20,0.51828
김장,2021-03-21,0.59714
김장,2021-03-22,0.64785
김장,2021-03-23,0.46194
김장,2021-03-24,0.52391
김장,2021-03-25,0.51264
김장,2021-03-26,0.54644
김장,2021-03-27,0.49011
김장,2021-03-28,0.50701
김장,2021-03-29,0.79432
김장,2021-03-30,0.63658
김장,2021-03-31,0.56334
김장,2021-04-01,0.63095
김장,2021-04-02,0.65911
김장,2021-04-03,0.49574
김장,2021-04-04,0.58588
김장,2021-04-05,0.56898
김장,2021-04-06,0.51828
김장,2021-04-07,0.65348
김장,2021-04-08,0.62531
김장,2021-04-09,0.43377
김장,2021-04-10,0.52954
김장,2021-04-11,0.67601
김장,2021-04-12,0.72671
김장,2021-04-13,0.68165
김장,2021-04-14,0.67038
김장,2021-04-15,0.67038
김장,2021-04-16,0.65348
김장,2021-04-17,0.41687
김장,2021-04-18,0.56334
김장,2021-04-19,0.65348
김장,2021-04-20,0.68728
김장,2021-04-21,0.72108
김장,2021-04-22,0.51828
김장,2021-04-23,0.48447
김장,2021-04-24,0.47884
김장,2021-04-25,0.44504
김장,2021-04-26,0.55771
김장,2021-04-27,0.54081
김장,2021-04-28,0.65348
김장,2021-04-29,0.55208
김장,2021-04-30,0.56334
김장,2021-05-01,0.55208
김장,2021-05-02,0.51828
김장,2021-05-03,0.63658
김장,2021-05-04,0.52954
김장,2021-05-05,0.50138
김장,2021-05-06,0.63095
김장,2021-05-07,0.44504
김장,2021-05-08,0.46757
김장,2021-05-09,0.69855
김장,2021-05-10,0.72671
김장,2021-05-11,0.86192
김장,2021-05-12,0.76615
김장,2021-05-13,0.69291
김장,2021-05-14,0.47884
김장,2021-05-15,0.58024
김장,2021-05-16,0.79995
김장,2021-05-17,0.69291
김장,2021-05-18,0.65348
김장,2021-05-19,0.67601
김장,2021-05-20,0.71545
김장,2021-05-21,0.65911
김장,2021-05-22,0.52954
김장,2021-05-23,0.68728
김장,2021-05-24,0.75488
김장,2021-05-25,0.80558
김장,2021-05-26,0.55771
김장,2021-05-27,0.69855
김장,2021-05-28,0.65911
김장,2021-05-29,0.74362
김장,2021-05-30,0.69855
김장,2021-05-31,0.87319
김장,2021-06-01,0.74362
김장,2021-06-02,0.63658
김장,2021-06-03,0.75488
김장,2021-06-04,0.60841
김장,2021-06-05,0.58588
김장,2021-06-06,0.69291
김장,2021-06-07,0.83938
김장,2021-06-08,0.68165
김장,2021-06-09,0.65911
김장,2021-06-10,0.48447
김장,2021-06-11,0.64221
김장,2021-06-12,0.56334
김장,2021-06-13,0.64221
김장,2021-06-14,0.61968
김장,2021-06-15,0.64221
김장,2021-06-16,0.59151
김장,2021-06-17,0.66475
김장,2021-06-18,0.61968
김장,2021-06-19,0.47884
김장,2021-06-20,0.56334
김장,2021-06-21,0.57461
김장,2021-06-22,0.52954
김장,2021-06-23,0.58024
김장,2021-06-24,0.65911
김장,2021-06-25,0.52391
김장,2021-06-26,0.39997
김장,2021-06-27,0.53518
김장,2021-06-28,0.52391
김장,2021-06-29,0.58024
김장,2021-06-30,0.53518
김장,2021-07-01,0.55208
김장,2021-07-02,0.50138
김장,2021-07-03,0.43941
김장,2021-07-04,0.51828
김장,2021-07-05,0.56334
김장,2021-07-06,0.59151
김장,2021-07-07,0.64221
김장,2021-07-08,0.56898
김장,2021-07-09,0.44504
김장,2021-07-10,0.50138
김장,2021-07-11,0.55208
김장,2021-07-12,0.64221
김장,2021-07-13,0.59714
김장,2021-07-14,0.58588
김장,2021-07-15,0.66475
김장,2021-07-16,0.58588
김장,2021-07-17,0.47321
김장,2021-07-18,0.55771
김장,2021-07-19,0.64785
김장,2021-07-20,0.67601
김장,2021-07-21,0.60278
김장,2021-07-22,0.54644
김장,2021-07-23,0.58024
김장,2021-07-24,0.60841
김장,2021-07-25,0.41124
김장,2021-07-26,0.59151
김장,2021-07-27,0.54081
김장,2021-07-28,0.54081
김장,2021-07-29,0.69291
김장,2021-07-30,0.45631
김장,2021-07-31,0.47884
김장,2021-08-01,0.42814
김장,2021-08-02,0.59151
김장,2021-08-03,0.61968
김장,2021-08-04,0.61968
김장,2021-08-05,0.70981
김장,2021-08-06,0.66475
김장,2021-08-07,0.60278
김장,2021-08-08,0.72108
김장,2021-08-09,0.62531
김장,2021-08-10,0.60841
김장,2021-08-11,0.73235
김장,2021-08-12,0.68728
김장,2021-08-13,0.55208
김장,2021-08-14,0.68165
김장,2021-08-15,0.77742
김장,2021-08-16,0.87319
김장,2021-08-17,0.78868
김장,2021-08-18,0.95205
김장,2021-08-19,0.92389
김장,2021-08-20,0.76052
김장,2021-08-21,0.84502
김장,2021-08-22,0.87882
김장,2021-08-23,0.98022
김장,2021-08-24,0.92389
김장,2021-08-25,0.95205
김장,2021-08-26,0.86192
김장,2021-08-27,1.22246
김장,2021-08-28,0.89572
김장,2021-08-29,0.95769
김장,2021-08-30,1.00839
김장,2021-08-31,1.57174
김장,2021-09-01,1.58864
김장,2021-09-02,1.61681
김장,2021-09-03,1.49287
김장,2021-09-04,1.40273
김장,2021-09-05,1.50977
김장,2021-09-06,1.43653
김장,2021-09-07,1.15486
김장,2021-09-08,1.14359
김장,2021-09-09,0.87882
김장,2021-09-10,0.98585
김장,2021-09-11,1.01402
김장,2021-09-12,0.86755
김장,2021-09-13,1.08726
김장,2021-09-14,1.08726
김장,2021-09-15,0.91825
김장,2021-09-16,1.23373
김장,2021-09-17,0.87882
김장,2021-09-18,0.67038
김장,2021-09-19,1.08162
김장,2021-09-20,0.81122
김장,2021-09-21,0.90699
김장,2021-09-22,1.16613
김장,2021-09-23,1.45907
김장,2021-09-24,1.75201
김장,2021-09-25,1.23936
김장,2021-09-26,1.35203
김장,2021-09-27,1.74074
김장,2021-09-28,1.4478
김장,2021-09-29,1.49287
김장,2021-09-30,1.40837
김장,2021-10-01,1.23936
김장,2021-10-02,1.00276
김장,2021-10-03,1.18303
김장,2021-10-04,1.21119
김장,2021-10-05,1.86468
김장,2021-10-06,1.63371
김장,2021-10-07,1.5661
김장,2021-10-08,1.83088
김장,2021-10-09,1.3295
김장,2021-10-10,1.66751
김장,2021-10-11,1.79708
김장,2021-10-12,2.56323
김장,2021-10-13,2.7097
김장,2021-10-14,2.49
김장,2021-10-15,2.7097
김장,2021-10-16,2.73787
김장,2021-10-17,3.735
김장,2021-10-18,4.13497
김장,2021-10-19,4.42228
김장,2021-10-20,4.70959
김장,2021-10-21,5.35181
김장,2021-10-22,5.13773
김장,2021-10-23,5.46448
김장,2021-10-24,5.79122
김장,2021-10-25,7.7742
김장,2021-10-26,7.38549
김장,2021-10-27,6.4954
김장,2021-10-28,6.48414
김장,2021-10-29,6.63624
김장,2021-10-30,6.77708
김장,2021-10-31,7.82491
김장,2021-11-01,8.99104
김장,2021-11-02,10.01633
김장,2021-11-03,9.65016
김장,2021-11-04,11.374
김장,2021-11-05,10.48954
김장,2021-11-06,10.84445
김장,2021-11-07,12.46126
김장,2021-11-08,12.77111
김장,2021-11-09,12.24719
김장,2021-11-10,12.27536
김장,2021-11-11,13.18798
김장,2021-11-12,16.00473
김장,2021-11-13,16.93989
김장,2021-11-14,15.35124
김장,2021-11-15,15.13154
김장,2021-11-16,16.51737
김장,2021-11-17,14.12314
김장,2021-11-18,15.77375
김장,2021-11-19,18.22995
김장,2021-11-20,20.38195
김장,2021-11-21,17.45253
김장,2021-11-22,15.57095
김장,2021-11-23,13.8133
김장,2021-11-24,12.44436
김장,2021-11-25,13.6105
김장,2021-11-26,15.98219
김장,2021-11-27,16.85538
김장,2021-11-28,14.27525
김장,2021-11-29,11.27823
김장,2021-11-30,9.51495
김장,2021-12-01,9.25581
김장,2021-12-02,9.27271
김장,2021-12-03,11.69511
김장,2021-12-04,11.4754
김장,2021-12-05,8.55726
김장,2021-12-06,6.76581
김장,2021-12-07,6.52357
김장,2021-12-08,6.04472
김장,2021-12-09,5.75178
김장,2021-12-10,6.19683
김장,2021-12-11,5.90952
김장,2021-12-12,4.58565
김장,2021-12-13,3.74063
김장,2021-12-14,2.99701
김장,2021-12-15,3.17728
김장,2021-12-16,2.95757
김장,2021-12-17,2.98011
김장,2021-12-18,2.8111
김장,2021-12-19,2.41676
김장,2021-12-20,1.90975
김장,2021-12-21,2.19705
김장,2021-12-22,1.73511
김장,2021-12-23,1.64497
김장,2021-12-24,1.36893
김장,2021-12-25,1.61681
김장,2021-12-26,1.26753
김장,2021-12-27,1.25063
김장,2021-12-28,1.31823
김장,2021-12-29,1.18303
김장,2021-12-30,1.12669
김장,2021-12-31,0.97459
김장,2022-01-01,0.87319
김장,2022-01-02,1.01402
김장,2022-01-03,0.81685
김장,2022-01-04,1.02529
김장,2022-01-05,0.89009
김장,2022-01-06,0.80558
김장,2022-01-07,0.78305
김장,2022-01-08,0.77178
김장,2022-01-09,0.78868
김장,2022-01-10,0.72108
김장,2022-01-11,0.65911
김장,2022-01-12,0.70981
김장,2022-01-13,0.73235
김장,2022-01-14,0.71545
김장,2022-01-15,0.63095
김장,2022-01-16,0.60841
김장,2022-01-17,0.55208
김장,2022-01-18,0.54644
김장,2022-01-19,0.76615
김장,2022-01-20,0.69291
김장,2022-01-21,0.68165
김장,2022-01-22,0.62531
김장,2022-01-23,0.58024
김장,2022-01-24,0.66475
김장,2022-01-25,0.67601
김장,2022-01-26,0.64221
김장,2022-01-27,0.69855
김장,2022-01-28,0.62531
김장,2022-01-29,0.59714
김장,2022-01-30,0.53518
김장,2022-01-31,0.41687
김장,2022-02-01,0.54644
김장,2022-02-02,0.63658
김장,2022-02-03,0.52391
김장,2022-02-04,0.60278
김장,2022-02-05,0.68165
김장,2022-02-06,0.72108
김장,2022-02-07,0.68728
김장,2022-02-08,0.61404
김장,2022-02-09,0.63095
김장,2022-02-10,0.61968
김장,2022-02-11,0.62531
김장,2022-02-12,0.61968
김장,2022-02-13,0.68728
김장,2022-02-14,0.59714
김장,2022-02-15,0.58024
김장,2022-02-16,0.60278
김장,2022-02-17,0.64785
김장,2022-02-18,0.56898
김장,2022-02-19,0.61404
김장,2022-02-20,0.58024
김장,2022-02-21,0.63095
김장,2022-02-22,0.72108
김장,2022-02-23,0.67601
김장,2022-02-24,0.66475
김장,2022-02-25,0.66475
김장,2022-02-26,0.60278
김장,2022-02-27,0.66475
김장,2022-02-28,0.64785
김장,2022-03-01,0.70981
김장,2022-03-02,0.45631
김장,2022-03-03,0.56334
김장,2022-03-04,0.51828
김장,2022-03-05,0.51264
김장,2022-03-06,0.63095
김장,2022-03-07,0.62531
김장,2022-03-08,0.53518
김장,2022-03-09,0.50701
김장,2022-03-10,0.45631
김장,2022-03-11,0.52391
김장,2022-03-12,0.56334
김장,2022-03-13,0.77178
김장,2022-03-14,0.71545
김장,2022-03-15,0.68165
김장,2022-03-16,0.77178
김장,2022-03-17,0.71545
김장,2022-03-18,0.72108
김장,2022-03-19,0.73798
김장,2022-03-20,0.70981
김장,2022-03-21,0.77742
김장,2022-03-22,0.72108
김장,2022-03-23,0.85065
김장,2022-03-24,0.70418
김장,2022-03-25,0.81685
김장,2022-03-26,0.78868
김장,2022-03-27,0.67601
김장,2022-03-28,0.59151
김장,2022-03-29,0.66475
김장,2022-03-30,0.72108
김장,2022-03-31,0.57461
김장,2022-04-01,0.53518
김장,2022-04-02,0.60278
김장,2022-04-03,0.61968
김장,2022-04-04,0.68728
김장,2022-04-05,0.79995
김장,2022-04-06,0.76615
김장,2022-04-07,0.69855
김장,2022-04-08,0.73798
김장,2022-04-09,0.67601
김장,2022-04-10,0.66475
김장,2022-04-11,0.70418
김장,2022-04-12,0.80558
김장,2022-04-13,0.72671
김장,2022-04-14,0.54081
김장,2022-04-15,0.72108
김장,2022-04-16,0.73235
김장,2022-04-17,0.70418
김장,2022-04-18,0.70418
김장,2022-04-19,0.77178
김장,2022-04-20,0.69855
김장,2022-04-21,0.76052
김장,2022-04-22,0.69291
김장,2022-04-23,0.63658
김장,2022-04-24,0.65911
김장,2022-04-25,0.78305
김장,2022-04-26,0.83938
김장,2022-04-27,0.75488
김장,2022-04-28,0.73235
김장,2022-04-29,0.72671
김장,2022-04-30,0.57461
김장,2022-05-01,0.52954
김장,2022-05-02,0.72671
김장,2022-05-03,0.95769
김장,2022-05-04,0.70418
김장,2022-05-05,0.55208
김장,2022-05-06,0.74362
김장,2022-05-07,0.66475
김장,2022-05-08,0.77178
김장,2022-05-09,0.94642
김장,2022-05-10,1.00839
김장,2022-05-11,0.93515
김장,2022-05-12,0.83375
김장,2022-05-13,0.57461
김장,2022-05-14,0.94079
김장,2022-05-15,0.86755
김장,2022-05-16,0.94079
김장,2022-05-17,1.09289
김장,2022-05-18,1.04782
김장,2022-05-19,0.94642
김장,2022-05-20,0.81685
김장,2022-05-21,0.96332
김장,2022-05-22,0.85628
김장,2022-05-23,0.86192
김장,2022-05-24,0.95769
김장,2022-05-25,0.75488
김장,2022-05-26,0.96332
김장,2022-05-27,0.93515
김장,2022-05-28,1.04782
김장,2022-05-29,1.30696
김장,2022-05-30,0.85065
김장,2022-05-31,0.82812
김장,2022-06-01,0.86192
김장,2022-06-02,0.99712
김장,2022-06-03,0.87319
김장,2022-06-04,0.78305
김장,2022-06-05,0.80558
김장,2022-06-06,0.86755
김장,2022-06-07,1.05346
김장,2022-06-08,0.91262
김장,2022-06-09,0.97459
김장,2022-06-10,0.98022
김장,2022-06-11,0.85628
김장,2022-06-12,0.90135
김장,2022-06-13,1.20556
김장,2022-06-14,1.02529
김장,2022-06-15,0.98585
김장,2022-06-16,1.02529
김장,2022-06-17,0.99712
김장,2022-06-18,0.71545
김장,2022-06-19,0.83938
김장,2022-06-20,1.05346
김장,2022-06-21,0.99149
김장,2022-06-22,0.92952
김장,2022-06-23,0.93515
김장,2022-06-24,0.75488
김장,2022-06-25,0.72108
김장,2022-06-26,0.70418
김장,2022-06-27,0.72108
김장,2022-06-28,0.79995
김장,2022-06-29,0.86192
김장,2022-06-30,0.76615
김장,2022-07-01,0.74925
김장,2022-07-02,0.54644
김장,2022-07-03,0.58588
김장,2022-07-04,0.74362
김장,2022-07-05,0.82248
김장,2022-07-06,0.69855
김장,2022-07-07,0.86755
김장,2022-07-08,0.86192
김장,2022-07-09,0.67038
김장,2022-07-10,0.81122
김장,2022-07-11,0.90135
김장,2022-07-12,0.77742
김장,2022-07-13,0.83375
김장,2022-07-14,0.79995
김장,2022-07-15,0.72108
김장,2022-07-16,0.86192
김장,2022-07-17,0.68165
김장,2022-07-18,0.89572
김장,2022-07-19,0.94079
김장,2022-07-20,0.86755
김장,2022-07-21,0.92952
김장,2022-07-22,0.99149
김장,2022-07-23,0.94079
김장,2022-07-24,0.87319
김장,2022-07-25,0.89009
김장,2022-07-26,0.96332
김장,2022-07-27,0.85628
김장,2022-07-28,1.12669
김장,2022-07-29,0.77742
김장,2022-07-30,0.73235
김장,2022-07-31,1.03092
김장,2022-08-01,0.86192
김장,2022-08-02,0.83938
김장,2022-08-03,0.84502
김장,2022-08-04,0.93515
김장,2022-08-05,0.98585
김장,2022-08-06,0.69855
김장,2022-08-07,0.69291
김장,2022-08-08,0.92389
김장,2022-08-09,0.85065
김장,2022-08-10,0.87882
김장,2022-08-11,0.95769
김장,2022-08-12,0.94079
김장,2022-08-13,0.79432
김장,2022-08-14,0.83375
김장,2022-08-15,0.93515
김장,2022-08-16,1.07599
김장,2022-08-17,1.17176
김장,2022-08-18,1.08162
김장,2022-08-19,1.01966
김장,2022-08-20,0.95769
김장,2022-08-21,0.86755
김장,2022-08-22,1.25626
김장,2022-08-23,1.27316
김장,2022-08-24,0.94079
김장,2022-08-25,1.34076
김장,2022-08-26,0.90135
김장,2022-08-27,0.94642
김장,2022-08-28,0.98585
김장,2022-08-29,1.17176
김장,2022-08-30,1.25063
김장,2022-08-31,1.31823
김장,2022-09-01,1.04782
김장,2022-09-02,1.3126
김장,2022-09-03,1.03656
김장,2022-09-04,1.08162
김장,2022-09-05,1.01966
김장,2022-09-06,1.17739
김장,2022-09-07,1.3633
김장,2022-09-08,1.12106
김장,2022-09-09,0.75488
김장,2022-09-10,0.86192
김장,2022-09-11,0.93515
김장,2022-09-12,1.19993
김장,2022-09-13,1.61117
김장,2022-09-14,1.52667
김장,2022-09-15,1.35766
김장,2022-09-16,1.50414
김장,2022-09-17,1.3295
김장,2022-09-18,1.38583
김장,2022-09-19,1.83651
김장,2022-09-20,1.98862
김장,2022-09-21,1.95481
김장,2022-09-22,1.99425
김장,2022-09-23,1.57737
김장,2022-09-24,1.3802
김장,2022-09-25,1.61681
김장,2022-09-26,2.31536
김장,2022-09-27,2.19142
김장,2022-09-28,2.01678
김장,2022-09-29,1.84214
김장,2022-09-30,1.85341
김장,2022-10-01,1.25063
김장,2022-10-02,1.5999
김장,2022-10-03,2.27592
김장,2022-10-04,2.29282
김장,2022-10-05,2.48436
김장,2022-10-06,2.41113
김장,2022-10-07,2.10692
김장,2022-10-08,2.15762
김장,2022-10-09,2.27029
김장,2022-10-10,2.83364
김장,2022-10-11,3.30685
김장,2022-10-12,3.15475
김장,2022-10-13,3.05334
김장,2022-10-14,2.91251
김장,2022-10-15,2.33226
김장,2022-10-16,3.16038
김장,2022-10-17,4.71522
김장,2022-10-18,4.83916
김장,2022-10-19,4.03357
김장,2022-10-20,4.39975
김장,2022-10-21,4.56312
김장,2022-10-22,3.42515
김장,2022-10-23,4.62509
김장,2022-10-24,5.83629
김장,2022-10-25,6.02219
김장,2022-10-26,6.2588
김장,2022-10-27,5.82502
김장,2022-10-28,6.23063
김장,2022-10-29,5.2335
김장,2022-10-30,5.37434
김장,2022-10-31,7.06439
김장,2022-11-01,7.84744
김장,2022-11-02,8.7657
김장,2022-11-03,9.65579
김장,2022-11-04,9.89803
김장,2022-11-05,9.49242
김장,2022-11-06,10.47264
김장,2022-11-07,13.38516
김장,2022-11-08,11.2388
김장,2022-11-09,11.99369
김장,2022-11-10,13.40769
김장,2022-11-11,14.72029
김장,2022-11-12,17.45817
김장,2022-11-13,16.33147
김장,2022-11-14,17.03565
김장,2022-11-15,14.73719
김장,2022-11-16,14.12314
김장,2022-11-17,15.31181
김장,2022-11-18,18.36516
김장,2022-11-19,19.75663
김장,2022-11-20,17.59337
김장,2022-11-21,17.11452
김장,2022-11-22,20.71995
김장,2022-11-23,14.96817
김장,2022-11-24,14.8893
김장,2022-11-25,17.3286
김장,2022-11-26,19.68339
김장,2022-11-27,16.41597
김장,2022-11-28,13.68936
김장,2022-11-29,12.17959
김장,2022-11-30,11.02473
김장,2022-12-01,10.59095
김장,2022-12-02,12.07255
김장,2022-12-03,11.3064
김장,2022-12-04,10.78812
김장,2022-12-05,8.77697
김장,2022-12-06,7.37423
김장,2022-12-07,7.67844
김장,2022-12-08,7.52633
김장,2022-12-09,7.84181
김장,2022-12-10,7.84744
김장,2022-12-11,5.94896
김장,2022-12-12,4.64762
김장,2022-12-13,3.8026
김장,2022-12-14,3.66739
김장,2022-12-15,4.0561
김장,2022-12-16,3.37445
김장,2022-12-17,3.03081
김장,2022-12-18,3.08151
김장,2022-12-19,2.63647
김장,2022-12-20,2.40549
김장,2022-12-21,2.20832
김장,2022-12-22,1.93228
김장,2022-12-23,1.94918
김장,2022-12-24,1.4309
김장,2022-12-25,1.21683
김장,2022-12-26,1.5661
김장,2022-12-27,1.52104
김장,2022-12-28,1.61117
김장,2022-12-29,1.57737
김장,2022-12-30,1.21119
김장,2022-12-31,1.00276
김장,2023-01-01,0.92952
김장,2023-01-02,1.05909
김장,2023-01-03,1.12106
김장,2023-01-04,1.17176
김장,2023-01-05,1.13796
김장,2023-01-06,1.14359
김장,2023-01-07,1.19429
김장,2023-01-08,0.98022
김장,2023-01-09,1.01402
김장,2023-01-10,1.02529
김장,2023-01-11,0.99149
김장,2023-01-12,0.86192
김장,2023-01-13,0.91825
김장,2023-01-14,0.82812
김장,2023-01-15,0.88445
김장,2023-01-16,0.99149
김장,2023-01-17,1.10416
김장,2023-01-18,0.78305
김장,2023-01-19,0.69291
김장,2023-01-20,0.72671
김장,2023-01-21,0.57461
김장,2023-01-22,0.47884
김장,2023-01-23,0.56898
김장,2023-01-24,0.51264
김장,2023-01-25,0.87319
김장,2023-01-26,0.73235
김장,2023-01-27,0.78305
김장,2023-01-28,0.70418
김장,2023-01-29,0.65348
김장,2023-01-30,0.77178
김장,2023-01-31,2.84491
김장,2023-02-01,0.76052
김장,2023-02-02,0.71545
김장,2023-02-03,1.09852
김장,2023-02-04,0.79995
김장,2023-02-05,0.71545
김장,2023-02-06,0.69855
김장,2023-02-07,0.74925
김장,2023-02-08,0.87319
김장,2023-02-09,0.68165
김장,2023-02-10,0.76052
김장,2023-02-11,0.63658
김장,2023-02-12,0.73798
김장,2023-02-13,0.67601
김장,2023-02-14,0.62531
김장,2023-02-15,0.71545
김장,2023-02-16,0.69291
김장,2023-02-17,0.60278
김장,2023-02-18,0.62531
김장,2023-02-19,0.72671
김장,2023-02-20,0.68165
김장,2023-02-21,0.65348
김장,2023-02-22,1.14359
김장,2023-02-23,0.81685
김장,2023-02-24,0.78305
김장,2023-02-25,0.61404
김장,2023-02-26,0.59714
김장,2023-02-27,0.78305
김장,2023-02-28,0.55771
김장,2023-03-01,0.52954
김장,2023-03-02,0.59714
김장,2023-03-03,0.60278
김장,2023-03-04,0.46757
김장,2023-03-05,0.64221
김장,2023-03-06,0.69291
김장,2023-03-07,0.75488
김장,2023-03-08,0.59714
김장,2023-03-09,0.73235
김장,2023-03-10,0.72671
김장,2023-03-11,0.61404
김장,2023-03-12,0.61968
김장,2023-03-13,0.75488
김장,2023-03-14,0.79995
김장,2023-03-15,0.62531
김장,2023-03-16,0.72671
김장,2023-03-17,0.62531
김장,2023-03-18,0.66475
김장,2023-03-19,0.68728
김장,2023-03-20,0.69855
김장,2023-03-21,0.74925
김장,2023-03-22,0.74925
김장,2023-03-23,0.79432
김장,2023-03-24,0.63095
김장,2023-03-25,0.70418
김장,2023-03-26,0.70981
김장,2023-03-27,0.72108
김장,2023-03-28,0.60841
김장,2023-03-29,0.74925
김장,2023-03-30,0.87882
김장,2023-03-31,1.03092
김장,2023-04-01,0.87319
김장,2023-04-02,0.85065
김장,2023-04-03,1.09289
김장,2023-04-04,1.07036
김장,2023-04-05,1.08726
김장,2023-04-06,1.09289
김장,2023-04-07,1.04782
김장,2023-04-08,0.83375
김장,2023-04-09,0.90135
김장,2023-04-10,1.04219
김장,2023-04-11,1.04219
김장,2023-04-12,0.94642
김장,2023-04-13,0.85065
김장,2023-04-14,1.05346
김장,2023-04-15,0.67038
김장,2023-04-16,0.78868
김장,2023-04-17,0.92389
김장,2023-04-18,1.01402
김장,2023-04-19,0.97459
김장,2023-04-20,0.78868
김장,2023-04-21,0.82248
김장,2023-04-22,0.64785
김장,2023-04-23,0.74362
김장,2023-04-24,0.88445
김장,2023-04-25,0.85065
김장,2023-04-26,0.74925
김장,2023-04-27,0.76052
김장,2023-04-28,0.60841
김장,2023-04-29,0.64221
김장,2023-04-30,0.65348
김장,2023-05-01,0.49011
김장,2023-05-02,0.72671
김장,2023-05-03,0.64221
김장,2023-05-04,0.77742
김장,2023-05-05,0.69855
김장,2023-05-06,0.65348
김장,2023-05-07,0.75488
김장,2023-05-08,0.84502
김장,2023-05-09,0.98585
김장,2023-05-10,0.99149
김장,2023-05-11,0.93515
김장,2023-05-12,0.91262
김장,2023-05-13,0.60278
김장,2023-05-14,0.72108
김장,2023-05-15,0.98022
김장,2023-05-16,0.89009
김장,2023-05-17,0.92952
김장,2023-05-18,0.89009
김장,2023-05-19,0.64221
김장,2023-05-20,0.68728
김장,2023-05-21,0.63658
김장,2023-05-22,0.85065
김장,2023-05-23,1.01402
김장,2023-05-24,0.97459
김장,2023-05-25,0.75488
김장,2023-05-26,0.68728
김장,2023-05-27,0.64785
김장,2023-05-28,0.71545
김장,2023-05-29,0.70981
김장,2023-05-30,0.92389
김장,2023-05-31,0.99149
김장,2023-06-01,0.90135
김장,2023-06-02,0.92389
김장,2023-06-03,0.55208
김장,2023-06-04,0.68165
김장,2023-06-05,0.63095
김장,2023-06-06,1.29006
김장,2023-06-07,1.11543
김장,2023-06-08,1.00839
김장,2023-06-09,0.93515
김장,2023-06-10,0.65911
김장,2023-06-11,0.89009
김장,2023-06-12,0.93515
김장,2023-06-13,0.90135
김장,2023-06-14,0.86192
김장,2023-06-15,1.19993
김장,2023-06-16,0.75488
김장,2023-06-17,0.70418
김장,2023-06-18,0.77178
김장,2023-06-19,0.74925
김장,2023-06-20,0.95769
김장,2023-06-21,0.87882
김장,2023-06-22,0.82248
김장,2023-06-23,0.65348
김장,2023-06-24,0.59151
김장,2023-06-25,0.62531
김장,2023-06-26,0.77742
김장,2023-06-27,0.67601
김장,2023-06-28,0.66475
김장,2023-06-29,0.56334
김장,2023-06-30,0.58024
김장,2023-07-01,0.52954
김장,2023-07-02,0.55208
김장,2023-07-03,0.44504
김장,2023-07-04,0.75488
김장,2023-07-05,0.79432
김장,2023-07-06,0.75488
김장,2023-07-07,0.59714
김장,2023-07-08,0.43941
김장,2023-07-09,0.52954
김장,2023-07-10,0.55771
김장,2023-07-11,0.58588
김장,2023-07-12,0.52391
김장,2023-07-13,0.64221
김장,2023-07-14,0.49574
김장,2023-07-15,0.42251
김장,2023-07-16,0.44504
김장,2023-07-17,0.49011
김장,2023-07-18,0.45631
김장,2023-07-19,0.59151
김장,2023-07-20,0.50138
김장,2023-07-21,0.38871
김장,2023-07-22,0.43377
김장,2023-07-23,0.50138
김장,2023-07-24,0.51828
김장,2023-07-25,0.59151
김장,2023-07-26,0.62531
김장,2023-07-27,0.60841
김장,2023-07-28,0.41124
김장,2023-07-29,0.37744
김장,2023-07-30,0.38307
김장,2023-07-31,0.56334
김장,2023-08-01,0.69291
김장,2023-08-02,0.47884
김장,2023-08-03,0.63658
김장,2023-08-04,0.47321
김장,2023-08-05,0.45631
김장,2023-08-06,0.56334
김장,2023-08-07,0.68728
김장,2023-08-08,0.63658
김장,2023-08-09,0.73235
김장,2023-08-10,0.78868
김장,2023-08-11,0.60841
김장,2023-08-12,0.54644
김장,2023-08-13,0.65911
김장,2023-08-14,0.82812
김장,2023-08-15,0.63658
김장,2023-08-16,0.66475
김장,2023-08-17,0.65911
김장,2023-08-18,0.63095
김장,2023-08-19,0.68728
김장,2023-08-20,0.74362
김장,2023-08-21,0.76052
김장,2023-08-22,0.86755
김장,2023-08-23,0.91262
김장,2023-08-24,0.94079
김장,2023-08-25,0.69855
김장,2023-08-26,0.73798
김장,2023-08-27,0.69855
김장,2023-08-28,0.87319
김장,2023-08-29,0.83375
김장,2023-08-30,0.85628
김장,2023-08-31,0.85065
김장,2023-09-01,0.85065
김장,2023-09-02,0.73798
김장,2023-09-03,0.83375
김장,2023-09-04,1.06472
김장,2023-09-05,0.89009
김장,2023-09-06,0.90135
김장,2023-09-07,1.12106
김장,2023-09-08,0.90699
김장,2023-09-09,0.83375
김장,2023-09-10,0.90699
김장,2023-09-11,0.97459
김장,2023-09-12,1.17739
김장,2023-09-13,0.99149
김장,2023-09-14,1.19993
김장,2023-09-15,0.90699
김장,2023-09-16,0.81122
김장,2023-09-17,0.89009
김장,2023-09-18,1.01402
김장,2023-09-19,1.07036
김장,2023-09-20,1.08162
김장,2023-09-21,1.18303
김장,2023-09-22,0.98585
김장,2023-09-23,0.78305
김장,2023-09-24,0.94642
김장,2023-09-25,1.19429
김장,2023-09-26,1.05346
김장,2023-09-27,0.91825
김장,2023-09-28,0.77742
김장,2023-09-29,0.70981
김장,2023-09-30,0.85628
김장,2023-10-01,1.18866
김장,2023-10-02,1.07599
김장,2023-10-03,1.3126
김장,2023-10-04,1.89848
김장,2023-10-05,2.11819
김장,2023-10-06,1.74638
김장,2023-10-07,1.39147
김장,2023-10-08,1.69004
김장,2023-10-09,2.13509
김장,2023-10-10,2.78857
김장,2023-10-11,3.01391
김장,2023-10-12,3.12658
김장,2023-10-13,2.61393
김장,2023-10-14,2.32099
김장,2023-10-15,2.69843
김장,2023-10-16,3.80823
김장,2023-10-17,3.66739
김장,2023-10-18,3.81386
김장,2023-10-19,3.7181
김장,2023-10-20,3.47586
김장,2023-10-21,2.96321
김장,2023-10-22,3.45332
김장,2023-10-23,4.30961
김장,2023-10-24,4.62509
김장,2023-10-25,4.86169
김장,2023-10-26,4.33215
김장,2023-10-27,4.20258
김장,2023-10-28,3.44769
김장,2023-10-29,4.56875
김장,2023-10-30,6.17993
김장,2023-10-31,6.53484
김장,2023-11-01,6.26443
김장,2023-11-02,7.7573
김장,2023-11-03,6.80525
김장,2023-11-04,6.38273
김장,2023-11-05,7.22212
김장,2023-11-06,9.11497
김장,2023-11-07,9.06427
김장,2023-11-08,10.07267
김장,2023-11-09,10.36561
김장,2023-11-10,12.3993
김장,2023-11-11,12.91758
김장,2023-11-12,12.62464
김장,2023-11-13,15.18787
김장,2023-11-14,13.28375
김장,2023-11-15,13.37389
김장,2023-11-16,14.82733
김장,2023-11-17,17.30043
김장,2023-11-18,18.64683
김장,2023-11-19,15.84699
김장,2023-11-20,16.52864
김장,2023-11-21,15.86389
김장,2023-11-22,15.91459
김장,2023-11-23,15.49771
김장,2023-11-24,19.33975
김장,2023-11-25,18.75387
김장,2023-11-26,14.36538
김장,2023-11-27,15.52588
김장,2023-11-28,12.4838
김장,2023-11-29,10.38251
김장,2023-11-30,10.41068
김장,2023-12-01,12.32606
김장,2023-12-02,13.31755
김장,2023-12-03,10.2135
김장,2023-12-04,8.42206
김장,2023-12-05,7.54323
김장,2023-12-06,6.4616
김장,2023-12-07,7.06439
김장,2023-12-08,7.82491
김장,2023-12-09,7.5038
김장,2023-12-10,6.03346
김장,2023-12-11,4.60819
김장,2023-12-12,4.28708
김장,2023-12-13,3.56036
김장,2023-12-14,3.735
김장,2023-12-15,3.74063
김장,2023-12-16,3.27305
김장,2023-12-17,2.97448
김장,2023-12-18,2.39423
김장,2023-12-19,1.94918
김장,2023-12-20,1.93791
김장,2023-12-21,1.72948
김장,2023-12-22,1.63371
김장,2023-12-23,1.55484
김장,2023-12-24,1.3802
김장,2023-12-25,1.245
김장,2023-12-26,1.4478
김장,2023-12-27,1.20556
김장,2023-12-28,1.03092
김장,2023-12-29,1.04219
김장,2023-12-30,1.04219
김장,2023-12-31,0.96332
김장,2024-01-01,0.65911
김장,2024-01-02,1.08726
김장,2024-01-03,0.79432
김장,2024-01-04,0.72671
김장,2024-01-05,0.83375
김장,2024-01-06,0.77178
김장,2024-01-07,0.86755
김장,2024-01-08,0.81122
김장,2024-01-09,0.66475
김장,2024-01-10,0.63658
김장,2024-01-11,0.72108
김장,2024-01-12,0.83938
김장,2024-01-13,0.58588
김장,2024-01-14,0.64221
김장,2024-01-15,0.67038
김장,2024-01-16,0.79995
김장,2024-01-17,0.73235
김장,2024-01-18,0.68728
김장,2024-01-19,0.68165
김장,2024-01-20,0.55771
김장,2024-01-21,0.64785
김장,2024-01-22,0.70981
김장,2024-01-23,0.66475
김장,2024-01-24,0.68728
김장,2024-01-25,0.71545
김장,2024-01-26,0.69291
김장,2024-01-27,0.63095
김장,2024-01-28,0.50701
김장,2024-01-29,0.76615
김장,2024-01-30,0.64785
김장,2024-01-31,0.70981
김장,2024-02-01,0.59151
김장,2024-02-02,0.42251
김장,2024-02-03,0.56898
김장,2024-02-04,0.63095
김장,2024-02-05,0.64221
김장,2024-02-06,0.70418
김장,2024-02-07,0.55771
김장,2024-02-08,0.64221
김장,2024-02-09,0.55208
김장,2024-02-10,0.49011
김장,2024-02-11,0.55771
김장,2024-02-12,0.54644
김장,2024-02-13,0.65911
김장,2024-02-14,0.62531
김장,2024-02-15,0.58024
김장,2024-02-16,0.69855
김장,2024-02-17,0.61404
김장,2024-02-18,0.45067
김장,2024-02-19,0.65348
김장,2024-02-20,0.65348
김장,2024-02-21,0.88445
김장,2024-02-22,0.67038
김장,2024-02-23,0.62531
김장,2024-02-24,0.61968
김장,2024-02-25,0.54081
김장,2024-02-26,0.70981
김장,2024-02-27,0.67601
김장,2024-02-28,0.65348
김장,2024-02-29,0.64221
김장,2024-03-01,0.67601
김장,2024-03-02,0.52391
김장,2024-03-03,0.52954
김장,2024-03-04,0.53518
김장,2024-03-05,0.56334
김장,2024-03-06,0.54644
김장,2024-03-07,0.64785
김장,2024-03-08,0.55771
김장,2024-03-09,0.64785
김장,2024-03-10,0.56334
김장,2024-03-11,0.65911
김장,2024-03-12,0.67038
김장,2024-03-13,0.51828
김장,2024-03-14,0.63658
김장,2024-03-15,0.50701
김장,2024-03-16,0.53518
김장,2024-03-17,0.58024
김장,2024-03-18,0.70418
김장,2024-03-19,0.82248
김장,2024-03-20,0.64785
김장,2024-03-21,0.66475
김장,2024-03-22,0.63658
김장,2024-03-23,0.47321
김장,2024-03-24,0.59151
김장,2024-03-25,1.23936
김장,2024-03-26,1.05346
김장,2024-03-27,0.86755
김장,2024-03-28,0.70981
김장,2024-03-29,0.68165
김장,2024-03-30,0.83375
김장,2024-03-31,1.2788
김장,2024-04-01,0.86192
김장,2024-04-02,0.65348
김장,2024-04-03,0.72671
김장,2024-04-04,0.61968
김장,2024-04-05,0.60278
김장,2024-04-06,0.47884
김장,2024-04-07,0.69291
김장,2024-04-08,0.63658
김장,2024-04-09,0.68165
김장,2024-04-10,0.54081
김장,2024-04-11,0.74362
김장,2024-04-12,0.74925
김장,2024-04-13,0.77742
김장,2024-04-14,0.65911
김장,2024-04-15,0.55771
김장,2024-04-16,0.69855
김장,2024-04-17,0.67038
김장,2024-04-18,0.67601
김장,2024-04-19,0.65911
김장,2024-04-20,0.69855
김장,2024-04-21,0.74925
김장,2024-04-22,0.92389
김장,2024-04-23,0.78305
김장,2024-04-24,0.99712
김장,2024-04-25,0.85628
김장,2024-04-26,0.77178
김장,2024-04-27,0.65348
김장,2024-04-28,0.57461
김장,2024-04-29,0.92389
김장,2024-04-30,0.90699
김장,2024-05-01,0.78305
김장,2024-05-02,0.87319
김장,2024-05-03,0.73798
김장,2024-05-04,0.60278
김장,2024-05-05,0.68165
김장,2024-05-06,0.76615
김장,2024-05-07,1.05909
김장,2024-05-08,1.22809
김장,2024-05-09,1.17739
김장,2024-05-10,0.81685
김장,2024-05-11,0.74362
김장,2024-05-12,0.81685
김장,2024-05-13,0.93515
김장,2024-05-14,0.84502
김장,2024-05-15,0.93515
김장,2024-05-16,0.79432
김장,2024-05-17,0.65911
김장,2024-05-18,0.61968
김장,2024-05-19,0.79432
김장,2024-05-20,0.89009
김장,2024-05-21,0.96332
김장,2024-05-22,0.91825
김장,2024-05-23,0.86755
김장,2024-05-24,0.78868
김장,2024-05-25,0.81122
김장,2024-05-26,0.89572
김장,2024-05-27,0.80558
김장,2024-05-28,0.75488
김장,2024-05-29,0.62531
김장,2024-05-30,0.74925
김장,2024-05-31,0.55208
김장,2024-06-01,0.56334
김장,2024-06-02,0.64785
김장,2024-06-03,0.79995
김장,2024-06-04,0.69855
김장,2024-06-05,0.72671
김장,2024-06-06,0.70418
김장,2024-06-07,0.83938
김장,2024-06-08,0.70981
김장,2024-06-09,0.58588
김장,2024-06-10,0.70418
김장,2024-06-11,0.76052
김장,2024-06-12,0.68728
김장,2024-06-13,0.76052
김장,2024-06-14,0.57461
김장,2024-06-15,0.61404
김장,2024-06-16,0.62531
김장,2024-06-17,0.86192
김장,2024-06-18,0.75488
김장,2024-06-19,0.73798
김장,2024-06-20,0.79995
김장,2024-06-21,0.67601
김장,2024-06-22,0.68728
김장,2024-06-23,0.53518
김장,2024-06-24,0.67038
김장,2024-06-25,0.87882
김장,2024-06-26,0.73235
김장,2024-06-27,0.76615
김장,2024-06-28,0.67038
김장,2024-06-29,0.68728
김장,2024-06-30,0.56898
김장,2024-07-01,0.68728
김장,2024-07-02,0.74925
김장,2024-07-03,0.61404
김장,2024-07-04,0.67038
김장,2024-07-05,0.77178
김장,2024-07-06,0.67601
김장,2024-07-07,0.82248
김장,2024-07-08,0.96895
김장,2024-07-09,0.87319
김장,2024-07-10,0.96895
김장,2024-07-11,0.91262
김장,2024-07-12,0.87882
김장,2024-07-13,0.90699
김장,2024-07-14,0.91262
김장,2024-07-15,0.93515
김장,2024-07-16,0.95205
김장,2024-07-17,1.09852
김장,2024-07-18,0.93515
김장,2024-07-19,1.03656
김장,2024-07-20,0.92952
김장,2024-07-21,0.87882
김장,2024-07-22,1.04219
김장,2024-07-23,0.94642
김장,2024-07-24,0.97459
김장,2024-07-25,0.89009
김장,2024-07-26,0.87319
김장,2024-07-27,0.80558
김장,2024-07-28,0.73798
김장,2024-07-29,0.88445
김장,2024-07-30,0.85065
김장,2024-07-31,0.83375
김장,2024-08-01,0.92952
김장,2024-08-02,0.91825
김장,2024-08-03,0.76052
김장,2024-08-04,0.76052
김장,2024-08-05,0.99149
김장,2024-08-06,0.84502
김장,2024-08-07,0.84502
김장,2024-08-08,0.90135
김장,2024-08-09,0.76615
김장,2024-08-10,0.91825
김장,2024-08-11,0.79432
김장,2024-08-12,0.90699
김장,2024-08-13,1.04219
김장,2024-08-14,0.91825
김장,2024-08-15,0.68165
김장,2024-08-16,0.94079
김장,2024-08-17,0.87882
김장,2024-08-18,0.85065
김장,2024-08-19,1.3295
김장,2024-08-20,1.23373
김장,2024-08-21,0.99149
김장,2024-08-22,1.08162
김장,2024-08-23,1.18303
김장,2024-08-24,0.92389
김장,2024-08-25,0.95769
김장,2024-08-26,1.19429
김장,2024-08-27,1.09289
김장,2024-08-28,1.25063
김장,2024-08-29,1.36893
김장,2024-08-30,1.25063
김장,2024-08-31,0.97459
김장,2024-09-01,1.05909
김장,2024-09-02,1.29006
김장,2024-09-03,1.27316
김장,2024-09-04,1.17739
김장,2024-09-05,1.18866
김장,2024-09-06,1.31823
김장,2024-09-07,0.98585
김장,2024-09-08,1.02529
김장,2024-09-09,1.17739
김장,2024-09-10,1.10979
김장,2024-09-11,1.12106
김장,2024-09-12,1.245
김장,2024-09-13,1.07599
김장,2024-09-14,0.91825
김장,2024-09-15,0.97459
김장,2024-09-16,0.77742
김장,2024-09-17,0.91825
김장,2024-09-18,1.25626
김장,2024-09-19,1.50977
김장,2024-09-20,1.39147
김장,2024-09-21,1.14923
김장,2024-09-22,1.37457
김장,2024-09-23,1.60554
김장,2024-09-24,2.01115
김장,2024-09-25,1.84214
김장,2024-09-26,1.71257
김장,2024-09-27,1.49287
김장,2024-09-28,1.3126
김장,2024-09-29,1.40273
김장,2024-09-30,1.65624
김장,2024-10-01,1.58864
김장,2024-10-02,2.14072
김장,2024-10-03,2.06185
김장,2024-10-04,2.08438
김장,2024-10-05,1.4647
김장,2024-10-06,1.70694
김장,2024-10-07,2.21959
김장,2024-10-08,2.28719
김장,2024-10-09,2.22522
김장,2024-10-10,2.43929
김장,2024-10-11,2.32662
김장,2024-10-12,1.79144
김장,2024-10-13,2.11255
김장,2024-10-14,2.84491
김장,2024-10-15,2.93504
김장,2024-10-16,3.01954
김장,2024-10-17,2.95757
김장,2024-10-18,2.74914
김장,2024-10-19,2.34352
김장,2024-10-20,2.93504
김장,2024-10-21,4.01104
김장,2024-10-22,3.74626
김장,2024-10-23,4.65889
김장,2024-10-24,3.74063
김장,2024-10-25,3.67866
김장,2024-10-26,3.16601
김장,2024-10-27,3.63359
김장,2024-10-28,5.08703
김장,2024-10-29,5.0476
김장,2024-10-30,5.52081
김장,2024-10-31,5.32364
김장,2024-11-01,4.74339
김장,2024-11-02,4.29271
김장,2024-11-03,4.83353
김장,2024-11-04,7.22776
김장,2024-11-05,7.44183
김장,2024-11-06,7.37986
김장,2024-11-07,7.71224
김장,2024-11-08,7.76857
김장,2024-11-09,8.11785
김장,2024-11-10,8.33755
김장,2024-11-11,10.2304
김장,2024-11-12,9.43608
김장,2024-11-13,9.63889
김장,2024-11-14,10.10083
김장,2024-11-15,13.14855
김장,2024-11-16,12.88378
김장,2024-11-17,12.15706
김장,2024-11-18,13.6274
김장,2024-11-19,12.81617
김장,2024-11-20,12.28663
김장,2024-11-21,14.03301
김장,2024-11-22,16.29767
김장,2024-11-23,15.54278
김장,2024-11-24,17.66097
김장,2024-11-25,14.11188
김장,2024-11-26,12.12889
김장,2024-11-27,10.81065
김장,2024-11-28,11.02473
김장,2024-11-29,12.47253
김장,2024-11-30,14.06117
김장,2024-12-01,11.16556
김장,2024-12-02,9.05864
김장,2024-12-03,8.12911
김장,2024-12-04,6.91792
김장,2024-12-05,7.82491
김장,2024-12-06,9.04174
김장,2024-12-07,8.84457
김장,2024-12-08,6.74328
김장,2024-12-09,5.68418
김장,2024-12-10,4.59692
김장,2024-12-11,4.51805
김장,2024-12-12,4.08991
김장,2024-12-13,4.88423
김장,2024-12-14,4.76029
김장,2024-12-15,4.26454
김장,2024-12-16,3.13221
김장,2024-12-17,3.04208
김장,2024-12-18,2.63083
김장,2024-12-19,2.56886
김장,2024-12-20,2.4731
김장,2024-12-21,2.49
김장,2024-12-22,2.20269
김장,2024-12-23,1.92665
김장,2024-12-24,1.5661
김장,2024-12-25,1.3295
김장,2024-12-26,1.50977
김장,2024-12-27,1.22809
김장,2024-12-28,1.3464
김장,2024-12-29,1.00839
김장,2024-12-30,1.22246
김장,2024-12-31,1.00276
김장,2025-01-01,0.87319
김장,2025-01-02,0.95205
김장,2025-01-03,0.94079
김장,2025-01-04,0.90135
김장,2025-01-05,0.86755
김장,2025-01-06,0.87882
김장,2025-01-07,0.96895
김장,2025-01-08,0.85628
김장,2025-01-09,0.92389
김장,2025-01-10,0.71545
김장,2025-01-11,0.64221
김장,2025-01-12,0.68728
김장,2025-01-13,0.77178
김장,2025-01-14,0.82248
김장,2025-01-15,0.77178
김장,2025-01-16,0.67038
김장,2025-01-17,0.54081
김장,2025-01-18,0.63095
김장,2025-01-19,0.66475
김장,2025-01-20,0.77178
김장,2025-01-21,0.76615
김장,2025-01-22,0.54644
김장,2025-01-23,0.72671
김장,2025-01-24,0.67038
김장,2025-01-25,0.61404
김장,2025-01-26,0.65911
김장,2025-01-27,0.59151
김장,2025-01-28,0.68165
김장,2025-01-29,0.51828
김장,2025-01-30,0.55208
김장,2025-01-31,0.60841
김장,2025-02-01,0.56898
김장,2025-02-02,0.61404
김장,2025-02-03,0.58024
김장,2025-02-04,0.70981
김장,2025-02-05,0.58588
김장,2025-02-06,0.65348
김장,2025-02-07,0.60278
김장,2025-02-08,0.45631
김장,2025-02-09,3.01391
김장,2025-02-10,1.25626
김장,2025-02-11,0.86192
김장,2025-02-12,1.00839
김장,2025-02-13,0.68728
김장,2025-02-14,0.69291
김장,2025-02-15,0.57461
김장,2025-02-16,0.47884
김장,2025-02-17,0.55208
김장,2025-02-18,0.61968
김장,2025-02-19,0.60841
김장,2025-02-20,0.50701
김장,2025-02-21,0.61404
김장,2025-02-22,0.56334
김장,2025-02-23,0.43377
김장,2025-02-24,0.42814
김장,2025-02-25,0.45067
김장,2025-02-26,0.49574
김장,2025-02-27,0.56898
김장,2025-02-28,0.49574
김장,2025-03-01,0.38871
김장,2025-03-02,0.50138
김장,2025-03-03,0.51828
김장,2025-03-04,0.45067
김장,2025-03-05,0.44504
김장,2025-03-06,0.54644
김장,2025-03-07,0.49574
김장,2025-03-08,0.38871
김장,2025-03-09,0.46757
김장,2025-03-10,0.59151
김장,2025-03-11,0.60278
김장,2025-03-12,0.84502
김장,2025-03-13,0.51264
김장,2025-03-14,0.37744
김장,2025-03-15,0.55771
김장,2025-03-16,0.56898
김장,2025-03-17,0.59714
김장,2025-03-18,0.42251
김장,2025-03-19,0.63658
김장,2025-03-20,0.53518
김장,2025-03-21,0.47884
김장,2025-03-22,0.48447
김장,2025-03-23,0.41124
김장,2025-03-24,0.53518
김장,2025-03-25,0.55771
김장,2025-03-26,0.54644
김장,2025-03-27,0.67601
김장,2025-03-28,0.50138
김장,2025-03-29,0.45631
김장,2025-03-30,0.50701
김장,2025-03-31,0.59151
김장,2025-04-01,0.75488
김장,2025-04-02,0.60278
김장,2025-04-03,0.47321
김장,2025-04-04,0.47884
김장,2025-04-05,0.52954
김장,2025-04-06,0.56898
김장,2025-04-07,0.62531
김장,2025-04-08,0.59714
김장,2025-04-09,0.54644
김장,2025-04-10,0.81122
김장,2025-04-11,0.51828
김장,2025-04-12,0.61404
김장,2025-04-13,0.47321
김장,2025-04-14,0.70418
김장,2025-04-15,0.56898
김장,2025-04-16,0.70418
김장,2025-04-17,0.57461
김장,2025-04-18,0.51264
김장,2025-04-19,0.45067
김장,2025-04-20,0.39997
김장,2025-04-21,0.49574
김장,2025-04-22,0.52391
김장,2025-04-23,0.65911
김장,2025-04-24,0.54644
김장,2025-04-25,0.47884
김장,2025-04-26,0.36617
김장,2025-04-27,0.45631
김장,2025-04-28,0.55771
김장,2025-04-29,0.45631
김장,2025-04-30,0.57461
김장,2025-05-01,0.50701
김장,2025-05-02,0.48447
김장,2025-05-03,0.39997
김장,2025-05-04,0.39997
김장,2025-05-05,0.38871
김장,2025-05-06,0.45067
김장,2025-05-07,0.50701
김장,2025-05-08,0.66475
김장,2025-05-09,0.84502
김장,2025-05-10,0.66475
김장,2025-05-11,0.64221
김장,2025-05-12,0.89009
김장,2025-05-13,0.81122
김장,2025-05-14,0.67601
김장,2025-05-15,0.62531
김장,2025-05-16,0.65348
김장,2025-05-17,0.48447
김장,2025-05-18,0.58024
김장,2025-05-19,0.64221
김장,2025-05-20,0.85065
김장,2025-05-21,0.75488
김장,2025-05-22,0.76615
김장,2025-05-23,0.60841
김장,2025-05-24,0.47884
김장,2025-05-25,0.54081
김장,2025-05-26,0.60841
김장,2025-05-27,0.68728
김장,2025-05-28,0.57461
김장,2025-05-29,0.72671
김장,2025-05-30,0.59714
김장,2025-05-31,0.50701
김장,2025-06-01,0.56898
김장,2025-06-02,0.51264
김장,2025-06-03,0.53518
김장,2025-06-04,0.54644
김장,2025-06-05,0.54644
김장,2025-06-06,0.42251
김장,2025-06-07,0.59714
김장,2025-06-08,0.57461
김장,2025-06-09,0.63095
김장,2025-06-10,0.60278
김장,2025-06-11,0.63658
김장,2025-06-12,0.60278
김장,2025-06-13,0.41687
김장,2025-06-14,0.43377
김장,2025-06-15,0.47884
김장,2025-06-16,0.44504
김장,2025-06-17,0.52391
김장,2025-06-18,0.54644
김장,2025-06-19,0.48447
김장,2025-06-20,0.49011
김장,2025-06-21,0.41687
김장,2025-06-22,0.48447
김장,2025-06-23,0.54081
김장,2025-06-24,0.47884
김장,2025-06-25,0.51828
김장,2025-06-26,0.48447
김장,2025-06-27,0.52954
김장,2025-06-28,0.41687
김장,2025-06-29,0.44504
김장,2025-06-30,0.49574
김장,2025-07-01,0.49011
김장,2025-07-02,0.56898
김장,2025-07-03,0.51828
김장,2025-07-04,0.47884
김장,2025-07-05,0.39434
김장,2025-07-06,0.42251
김장,2025-07-07,0.43941
김장,2025-07-08,0.44504
김장,2025-07-09,0.65348
김장,2025-07-10,0.41687
김장,2025-07-11,0.45067
김장,2025-07-12,0.39997
김장,2025-07-13,0.50701
김장,2025-07-14,0.55771
김장,2025-07-15,0.51828
김장,2025-07-16,0.52391
김장,2025-07-17,0.42251
김장,2025-07-18,0.43941
김장,2025-07-19,0.45067
김장,2025-07-20,0.46757
김장,2025-07-21,0.51264
김장,2025-07-22,0.99712
김장,2025-07-23,1.04782
김장,2025-07-24,0.89572
김장,2025-07-25,0.82248
김장,2025-07-26,0.73235
김장,2025-07-27,0.56334
김장,2025-07-28,0.64221
김장,2025-07-29,0.79432
김장,2025-07-30,0.70418
김장,2025-07-31,0.65348
김장,2025-08-01,0.74925
김장,2025-08-02,0.87882
김장,2025-08-03,0.83375
김장,2025-08-04,0.70418
김장,2025-08-05,0.69291
김장,2025-08-06,0.85065
김장,2025-08-07,0.78868
김장,2025-08-08,0.75488
김장,2025-08-09,0.72671
김장,2025-08-10,0.87319
김장,2025-08-11,0.67601
김장,2025-08-12,0.79432
김장,2025-08-13,0.91825
김장,2025-08-14,1.02529
김장,2025-08-15,0.58024
김장,2025-08-16,0.60841
김장,2025-08-17,0.68165
김장,2025-08-18,0.74925
김장,2025-08-19,0.80558
김장,2025-08-20,0.87882
김장,2025-08-21,0.78305
김장,2025-08-22,0.69855
김장,2025-08-23,0.60841
김장,2025-08-24,0.72108
김장,2025-08-25,0.75488
김장,2025-08-26,0.74362
김장,2025-08-27,0.75488
김장,2025-08-28,0.92952
김장,2025-08-29,0.78305
김장,2025-08-30,0.57461
김장,2025-08-31,0.76052
김장,2025-09-01,0.79995
김장,2025-09-02,0.90135
김장,2025-09-03,0.82812
김장,2025-09-04,0.86755
김장,2025-09-05,0.71545
김장,2025-09-06,0.66475
김장,2025-09-07,0.74925
김장,2025-09-08,0.96332
김장,2025-09-09,0.78868
김장,2025-09-10,0.77178
김장,2025-09-11,0.89009
김장,2025-09-12,0.82812
김장,2025-09-13,0.64785
김장,2025-09-14,0.76615
김장,2025-09-15,0.90135
김장,2025-09-16,1.07036
김장,2025-09-17,0.93515
김장,2025-09-18,0.95205
김장,2025-09-19,0.71545
김장,2025-09-20,0.71545
김장,2025-09-21,0.84502
김장,2025-09-22,0.97459
김장,2025-09-23,0.99149
김장,2025-09-24,1.07036
김장,2025-09-25,0.81122
김장,2025-09-26,0.79432
김장,2025-09-27,0.64785
김장,2025-09-28,0.76615
김장,2025-09-29,0.90699
김장,2025-09-30,1.03092
김장,2025-10-01,0.93515
김장,2025-10-02,0.82248
김장,2025-10-03,0.78868
김장,2025-10-04,0.68165
김장,2025-10-05,0.73235
김장,2025-10-06,0.87319
김장,2025-10-07,0.89572
김장,2025-10-08,0.92389
김장,2025-10-09,1.08162
김장,2025-10-10,1.30133
김장,2025-10-11,1.03656
김장,2025-10-12,1.25626
김장,2025-10-13,1.87595
김장,2025-10-14,1.59427
김장,2025-10-15,1.63934
김장,2025-10-16,1.57174
김장,2025-10-17,1.52104
김장,2025-10-18,1.37457
김장,2025-10-19,1.66187
김장,2025-10-20,2.42239
김장,2025-10-21,2.34352
김장,2025-10-22,2.5238
김장,2025-10-23,2.41113
김장,2025-10-24,2.51253
김장,2025-10-25,2.06185
김장,2025-10-26,2.31536
김장,2025-10-27,3.04208
김장,2025-10-28,3.60543
김장,2025-10-29,3.47022
김장,2025-10-30,3.49839
김장,2025-10-31,3.70119
김장,2025-11-01,3.08151
김장,2025-11-02,3.8702
김장,2025-11-03,5.23914
김장,2025-11-04,5.57151
김장,2025-11-05,5.07577
김장,2025-11-06,4.91239
김장,2025-11-07,5.83629
김장,2025-11-08,5.31237
김장,2025-11-09,5.58278
김장,2025-11-10,6.5123
김장,2025-11-11,6.41653
김장,2025-11-12,6.54047
김장,2025-11-13,6.69821
김장,2025-11-14,8.34319
김장,2025-11-15,8.8164
김장,2025-11-16,8.47276
김장,2025-11-17,9.56565
김장,2025-11-18,7.97138
김장,2025-11-19,7.96011
김장,2025-11-20,8.42769
김장,2025-11-21,10.31491
김장,2025-11-22,11.2726
김장,2025-11-23,9.10934
김장,2025-11-24,9.25581
김장,2025-11-25,7.80801
김장,2025-11-26,7.6221
김장,2025-11-27,7.89814
김장,2025-11-28,8.57416
김장,2025-11-29,9.62762
김장,2025-11-30,7.89251
김장,2025-12-01,6.86721
김장,2025-12-02,5.3011
김장,2025-12-03,5.85319
김장,2025-12-04,5.27294
김장,2025-12-05,5.71235
김장,2025-12-06,6.76581
김장,2025-12-07,5.57715
김장,2025-12-08,4.24201
김장,2025-12-09,3.9885
김장,2025-12-10,3.62796
김장,2025-12-11,3.47586
김장,2025-12-12,4.08991
김장,2025-12-13,4.21948
김장,2025-12-14,3.03644
김장,2025-12-15,2.5914
김장,2025-12-16,2.25339
김장,2025-12-17,1.90411
김장,2025-12-18,1.65624
김장,2025-12-19,1.88721
김장,2025-12-20,1.92665
김장,2025-12-21,1.5999
김장,2025-12-22,1.41963
김장,2025-12-23,1.19993
김장,2025-12-24,1.07036
김장,2025-12-25,0.98585
김장,2025-12-26,1.08162
김장,2025-12-27,1.19993
김장,2025-12-28,0.95205
김장,2025-12-29,0.92952
김장,2025-12-30,0.83375
김장,2025-12-31,0.93515
김장,2026-01-01,0.79432
김장,2026-01-02,0.78305
김장,2026-01-03,0.63095
김장,2026-01-04,0.66475
김장,2026-01-05,0.74362
김장,2026-01-06,0.60278
김장,2026-01-07,0.58588
김장,2026-01-08,0.66475
김장,2026-01-09,0.63095
김장,2026-01-10,0.53518
김장,2026-01-11,0.55208
김장,2026-01-12,0.77178
김장,2026-01-13,0.64785
김장,2026-01-14,0.50138
김장,2026-01-15,0.58588
김장,2026-01-16,0.53518
김장,2026-01-17,0.52954
김장,2026-01-18,0.41124
김장,2026-01-19,0.62531
김장,2026-01-20,0.53518
김장,2026-01-21,0.53518
김장,2026-01-22,0.58024
김장,2026-01-23,0.52954
김장,2026-01-24,0.60278
김장,2026-01-25,0.48447
김장,2026-01-26,0.64785
김장,2026-01-27,0.44504
김장,2026-01-28,0.54644
김장,2026-01-29,0.58588
김장,2026-01-30,0.47884
김장,2026-01-31,0.50138
김장,2026-02-01,0.47884
김장,2026-02-02,0.43941
김장,2026-02-03,0.59714
김장,2026-02-04,0.46757
김장,2026-02-05,0.52954
김장,2026-02-06,0.55208
김장,2026-02-07,0.52391
김장,2026-02-08,0.49574
김장,2026-02-09,0.50138
김장,2026-02-10,0.39434
김장,2026-02-11,0.40561
김장,2026-02-12,0.38871
김장,2026-02-13,0.36617
김장,2026-02-14,0.40561
김장,2026-02-15,0.45631
김장,2026-02-16,0.36617
김장,2026-02-17,0.39434
김장,2026-02-18,0.36054
김장,2026-02-19,0.42251
김장,2026-02-20,0.42814
김장,2026-02-21,0.34927
김장,2026-02-22,0.47321
김장,2026-02-23,0.43377
김장,2026-02-24,0.38307
김장,2026-02-25,0.30984
김장,2026-02-26,0.3042
김장,2026-02-27,0.37181
김장,2026-02-28,0.338
김장,2026-03-01,0.25914
김장,2026-03-02,0.39434
김장,2026-03-03,0.37181
김장,2026-03-04,0.37744
김장,2026-03-05,0.30984
김장,2026-03-06,0.38871
김장,2026-03-07,0.42251
김장,2026-03-08,0.28167
김장,2026-03-09,0.31547
김장,2026-03-10,0.36617
김장,2026-03-11,0.37744
김장,2026-03-12,0.29294
김장,2026-03-13,0.52954
김장,2026-03-14,0.36617
김장,2026-03-15,0.42814
김장,2026-03-16,0.39997
김장,2026-03-17,0.44504
김장,2026-03-18,0.38871
김장,2026-03-19,0.52954
김장,2026-03-20,0.338
김장,2026-03-21,0.41124
김장,2026-03-22,0.3042
김장,2026-03-23,0.41124
김장,2026-03-24,0.43941
김장,2026-03-25,0.37744
김장,2026-03-26,0.38871
김장,2026-03-27,0.3042
김장,2026-03-28,0.49574
김장,2026-03-29,0.42251
김장,2026-03-30,0.39997
김장,2026-03-31,0.43941
김장,2026-04-01,0.38307
김장,2026-04-02,0.39434
김장,2026-04-03,0.43377
김장,2026-04-04,0.41687
김장,2026-04-05,0.41124
김장,2026-04-06,0.41687
김장,2026-04-07,0.34364
김장,2026-04-08,0.48447
김장,2026-04-09,0.43941
김장,2026-04-10,0.49574
김장,2026-04-11,0.34927
김장,2026-04-12,0.38307
김장,2026-04-13,0.44504
김장,2026-04-14,0.52954
김장,2026-04-15,0.46757
김장,2026-04-16,0.43377
김장,2026-04-17,0.39434
김장,2026-04-18,0.38307
김장,2026-04-19,0.42814
김장,2026-04-20,0.43941
김장,2026-04-21,0.46194
김장,2026-04-22,0.49011
김장,2026-04-23,0.51264
김장,2026-04-24,0.43377
김장,2026-04-25,0.24787
김장,2026-04-26,0.39434
김장,2026-04-27,0.43377
김장,2026-04-28,0.38307
김장,2026-04-29,0.50701
김장,2026-04-30,0.38307
김장,2026-05-01,0.33237
김장,2026-05-02,0.2873
김장,2026-05-03,0.31547
김장,2026-05-04,0.3549
김장,2026-05-05,0.2704
김장,2026-05-06,0.51264
김장,2026-05-07,0.61404
김장,2026-05-08,0.51264
김장,2026-05-09,0.37181
김장,2026-05-10,0.338
김장,2026-05-11,0.61404
김장,2026-05-12,0.58588
김장,2026-05-13,0.70981
김장,2026-05-14,0.61968
김장,2026-05-15,0.49574
김장,2026-05-16,0.40561
김장,2026-05-17,0.37181
김장,2026-05-18,0.55208
김장,2026-05-19,0.68728
김장,2026-05-20,0.83375
김장,2026-05-21,0.74925
김장,2026-05-22,0.74925
김장,2026-05-23,0.36054
김장,2026-05-24,0.38871
김장,2026-05-25,0.45631
김장,2026-05-26,0.91825
김장,2026-05-27,0.75488
김장,2026-05-28,0.83938
김장,2026-05-29,0.87882
김장,2026-05-30,0.25914
김장,2026-05-31,0.41124
김장,2026-06-01,0.86755
김장,2026-06-02,1.19993
김장,2026-06-03,0.3549
김장,2026-06-04,0.96332
김장,2026-06-05,0.82812
김장,2026-06-06,0.37181
김장,2026-06-07,0.3549
김장,2026-06-08,0.85628
김장,2026-06-09,0.84502
김장,2026-06-10,0.76052
김장,2026-06-11,0.74925
김장,2026-06-12,0.71545
김장,2026-06-13,0.28167
김장,2026-06-14,0.38307
김장,2026-06-15,0.91262
김장,2026-06-16,0.85065
김장,2026-06-17,0.81685
김장,2026-06-18,0.67601
김장,2026-06-19,0.51264
김장,2026-06-20,0.2535
김장,2026-06-21,0.38871
김장,2026-06-22,0.76615
김장,2026-06-23,0.53518
김장,2026-06-24,0.55208
김장,2026-06-25,0.38307
김장,2026-06-26,0.48447
김장,2026-06-27,0.338
김장,2026-06-28,0.36617
김장,2026-06-29,0.50138
김장,2026-06-30,0.54081
김장,2026-07-01,0.52954
김장,2026-07-02,0.38307
김장,2026-07-03,0.34364
김장,2026-07-04,0.338
김장,2026-07-05,0.42251
김장,2026-07-06,0.34927
김장,2026-07-07,0.3211
김장,2026-07-08,0.34927
김장,2026-07-09,0.30984
김장,2026-07-10,0.43377
김장,2026-07-11,0.36617
김장,2026-07-12,0.33237
김장,2026-07-13,0.33237
김장,2026-07-14,0.3549
김장,2026-07-15,0.30984
김장,2026-07-16,0.44504
김장,2026-07-17,0.32674
김장,2026-07-18,0.1859
김장,2026-07-19,0.30984
김장,2026-07-20,0.44504
김장,2026-07-21,0.36054
김장,2026-07-22,0.28167
김장,2026-07-23,0.33237
김장,2026-07-24,0.37744
김장,2026-07-25,0.29857
김장,2026-07-26,0.37744
김장,2026-07-27,0.28167
김장,2026-07-28,0.46757
김장,2026-07-29,0.40561
김장,2026-07-30,0.2535
김장,2026-07-31,0.38871
김장,2026-08-01,0.2704
김장,2026-08-02,0.37181
김장,2026-08-03,0.34364
김장,2026-08-04,0.38307
김장,2026-08-05,0.39434
김장,2026-08-06,0.47321
김장,2026-08-07,0.36617
김장,2026-08-08,0.44504
김장,2026-08-09,0.39997
김장,2026-08-10,0.42251
김장,2026-08-11,0.41687
김장,2026-08-12,0.41687
김장,2026-08-13,0.49574
김장,2026-08-14,0.37181
김장,2026-08-15,0.46757
김장,2026-08-16,0.30984
김장,2026-08-17,0.46757
김장,2026-08-18,0.44504
김장,2026-08-19,0.46194
김장,2026-08-20,0.3549
김장,2026-08-21,0.33237
김장,2026-08-22,0.55771
김장,2026-08-23,0.59151
김장,2026-08-24,0.57461
김장,2026-08-25,0.42814
김장,2026-08-26,0.36617
김장,2026-08-27,0.46757
김장,2026-08-28,0.43941
김장,2026-08-29,0.40561
김장,2026-08-30,0.47321
김장,2026-08-31,0.73798
김장,2026-09-01,0.92389
김장,2026-09-02,0.85065
김장,2026-09-03,0.66475
김장,2026-09-04,0.51828
김장,2026-09-05,0.338
김장,2026-09-06,0.37744
김장,2026-09-07,0.51264
김장,2026-09-08,0.61968
김장,2026-09-09,0.51264
김장,2026-09-10,0.63095
김장,2026-09-11,0.68728
김장,2026-09-12,0.56898
김장,2026-09-13,0.55771
김장,2026-09-14,0.55208
김장,2026-09-15,0.44504
김장,2026-09-16,0.46757
김장,2026-09-17,0.58588
김장,2026-09-18,0.58024
김장,2026-09-19,0.52954
김장,2026-09-20,0.62531
김장,2026-09-21,1.08162
