당근	2016-01-01	4.19887
당근	2016-01-02	4.26464
당근	2016-01-03	4.56613
당근	2016-01-04	5.68437
당근	2016-01-05	5.47059
당근	2016-01-06	5.66244
당근	2016-01-07	5.3171
당근	2016-01-08	5.53088
당근	2016-01-09	4.1002
당근	2016-01-10	4.71413
당근	2016-01-11	5.3774
당근	2016-01-12	5.57474
당근	2016-01-13	5.72274
당근	2016-01-14	5.24036
당근	2016-01-15	4.96628
당근	2016-01-16	3.80419
당근	2016-01-17	4.41813
당근	2016-01-18	5.06495
당근	2016-01-19	5.05399
당근	2016-01-20	4.89502
당근	2016-01-21	5.4651
당근	2016-01-22	4.97725
당근	2016-01-23	4.36331
당근	2016-01-24	4.4565
당근	2016-01-25	5.43222
당근	2016-01-26	5.59666
당근	2016-01-27	5.71726
당근	2016-01-28	5.646
당근	2016-01-29	4.88406
당근	2016-01-30	4.49487
당근	2016-01-31	4.28657
당근	2016-02-01	5.13073
당근	2016-02-02	5.19651
당근	2016-02-03	4.81828
당근	2016-02-04	4.6045
당근	2016-02-05	4.2482
당근	2016-02-06	3.65619
당근	2016-02-07	3.15737
당근	2016-02-08	2.90522
당근	2016-02-09	3.36019
당근	2016-02-10	4.17146
당근	2016-02-11	4.85117
당근	2016-02-12	5.30066
당근	2016-02-13	4.37428
당근	2016-02-14	7.32335
당근	2016-02-15	6.42438
당근	2016-02-16	6.13934
당근	2016-02-17	6.01874
당근	2016-02-18	5.97489
당근	2016-02-19	5.23488
당근	2016-02-20	4.7251
당근	2016-02-21	4.80732
당근	2016-02-22	5.05947
당근	2016-02-23	5.85978
당근	2016-02-24	5.53637
당근	2016-02-25	5.97489
당근	2016-02-26	5.09236
당근	2016-02-27	6.17223
당근	2016-02-28	6.55045
당근	2016-02-29	5.99682
당근	2016-03-01	5.82689
당근	2016-03-02	5.65148
당근	2016-03-03	5.32807
당근	2016-03-04	4.90599
당근	2016-03-05	5.32807
당근	2016-03-06	5.75015
당근	2016-03-07	5.50348
당근	2016-03-08	5.59666
당근	2016-03-09	5.48155
당근	2016-03-10	5.44866
당근	2016-03-11	5.47059
당근	2016-03-12	4.73606
당근	2016-03-13	6.06808
당근	2016-03-14	6.64364
당근	2016-03-15	6.10645
당근	2016-03-16	6.07356
당근	2016-03-17	6.44082
당근	2016-03-18	6.40793
당근	2016-03-19	6.06808
당근	2016-03-20	7.14246
당근	2016-03-21	7.37269
당근	2016-03-22	7.1315
당근	2016-03-23	7.18631
당근	2016-03-24	6.84098
당근	2016-03-25	5.93652
당근	2016-03-26	4.80184
당근	2016-03-27	5.24584
당근	2016-03-28	6.08452
당근	2016-03-29	6.86838
당근	2016-03-30	6.12837
당근	2016-03-31	6.04067
당근	2016-04-01	5.95844
당근	2016-04-02	4.98821
당근	2016-04-03	6.95609
당근	2016-04-04	6.89031
당근	2016-04-05	6.81357
당근	2016-04-06	6.83001
당근	2016-04-07	6.03519
당근	2016-04-08	5.7337
당근	2016-04-09	5.3774
당근	2016-04-10	5.71726
당근	2016-04-11	6.67653
당근	2016-04-12	5.99133
당근	2016-04-13	5.83237
당근	2016-04-14	5.76111
당근	2016-04-15	5.66792
당근	2016-04-16	5.54185
당근	2016-04-17	6.12289
당근	2016-04-18	6.33667
당근	2016-04-19	6.7752
당근	2016-04-20	6.4463
당근	2016-04-21	6.33119
당근	2016-04-22	5.64051
당근	2016-04-23	5.10332
당근	2016-04-24	5.50896
당근	2016-04-25	6.18319
당근	2016-04-26	6.35312
당근	2016-04-27	6.14482
당근	2016-04-28	6.1503
당근	2016-04-29	5.39384
당근	2016-04-30	4.94984
당근	2016-05-01	5.07043
당근	2016-05-02	5.92007
당근	2016-05-03	6.10645
당근	2016-05-04	5.61859
당근	2016-05-05	4.64835
당근	2016-05-06	5.04303
당근	2016-05-07	4.64835
당근	2016-05-08	5.23488
당근	2016-05-09	6.83001
당근	2016-05-10	6.83549
당근	2016-05-11	6.18319
당근	2016-05-12	6.45727
당근	2016-05-13	5.51444
당근	2016-05-14	4.97725
당근	2016-05-15	5.67889
당근	2016-05-16	7.18083
당근	2016-05-17	6.62171
당근	2016-05-18	6.4189
당근	2016-05-19	6.64364
당근	2016-05-20	5.63503
당근	2016-05-21	5.11977
당근	2016-05-22	5.89267
당근	2016-05-23	6.79712
당근	2016-05-24	6.73683
당근	2016-05-25	6.60527
당근	2016-05-26	6.63816
당근	2016-05-27	6.02422
당근	2016-05-28	5.26777
당근	2016-05-29	5.53637
당근	2016-05-30	6.51756
당근	2016-05-31	6.62171
당근	2016-06-01	6.59431
당근	2016-06-02	6.46823
당근	2016-06-03	5.56377
당근	2016-06-04	4.85665
당근	2016-06-05	5.2294
당근	2016-06-06	5.89267
당근	2016-06-07	6.61623
당근	2016-06-08	6.97253
당근	2016-06-09	6.30926
당근	2016-06-10	5.83785
당근	2016-06-11	4.84569
당근	2016-06-12	6.08452
당근	2016-06-13	6.27089
당근	2016-06-14	6.64912
당근	2016-06-15	6.79164
당근	2016-06-16	6.56142
당근	2016-06-17	5.30066
당근	2016-06-18	4.96628
당근	2016-06-19	5.82689
당근	2016-06-20	6.43534
당근	2016-06-21	5.99133
당근	2016-06-22	6.08452
당근	2016-06-23	5.95844
당근	2016-06-24	5.32258
당근	2016-06-25	4.98273
당근	2016-06-26	5.55829
당근	2016-06-27	5.49799
당근	2016-06-28	5.33355
당근	2016-06-29	5.47059
당근	2016-06-30	5.29518
당근	2016-07-01	5.82141
당근	2016-07-02	4.62095
당근	2016-07-03	5.11429
당근	2016-07-04	5.57474
당근	2016-07-05	5.4651
당근	2016-07-06	5.14169
당근	2016-07-07	5.29518
당근	2016-07-08	4.68672
당근	2016-07-09	4.1879
당근	2016-07-10	4.54969
당근	2016-07-11	4.96628
당근	2016-07-12	5.17458
당근	2016-07-13	5.1088
당근	2016-07-14	5.0814
당근	2016-07-15	5.16362
당근	2016-07-16	4.71413
당근	2016-07-17	4.53324
당근	2016-07-18	5.23488
당근	2016-07-19	5.12525
당근	2016-07-20	4.73606
당근	2016-07-21	4.98821
당근	2016-07-22	4.35235
당근	2016-07-23	3.415
당근	2016-07-24	3.9796
당근	2016-07-25	4.58806
당근	2016-07-26	4.35235
당근	2016-07-27	4.62643
당근	2016-07-28	4.77443
당근	2016-07-29	4.21531
당근	2016-07-30	3.95768
당근	2016-07-31	3.70553
당근	2016-08-01	4.30302
당근	2016-08-02	4.71961
당근	2016-08-03	4.99917
당근	2016-08-04	4.98273
당근	2016-08-05	4.16049
당근	2016-08-06	3.71101
당근	2016-08-07	3.61234
당근	2016-08-08	5.00465
당근	2016-08-09	5.00465
당근	2016-08-10	4.21531
당근	2016-08-11	4.25368
당근	2016-08-12	4.1879
당근	2016-08-13	3.46434
당근	2016-08-14	3.39856
당근	2016-08-15	4.14953
당근	2016-08-16	5.1088
당근	2016-08-17	5.03206
당근	2016-08-18	4.40168
당근	2016-08-19	4.64835
당근	2016-08-20	3.93575
당근	2016-08-21	4.25916
당근	2016-08-22	5.27873
당근	2016-08-23	5.38288
당근	2016-08-24	5.06495
당근	2016-08-25	5.14717
당근	2016-08-26	4.41813
당근	2016-08-27	3.90834
당근	2016-08-28	4.53872
당근	2016-08-29	4.9005
당근	2016-08-30	5.16362
당근	2016-08-31	4.69221
당근	2016-09-01	5.51992
당근	2016-09-02	4.54969
당근	2016-09-03	4.04538
당근	2016-09-04	4.30302
당근	2016-09-05	5.23488
당근	2016-09-06	4.96628
당근	2016-09-07	5.33903
당근	2016-09-08	5.02658
당근	2016-09-09	5.02658
당근	2016-09-10	3.79871
당근	2016-09-11	4.62643
당근	2016-09-12	4.65383
당근	2016-09-13	3.77679
당근	2016-09-14	3.22315
당근	2016-09-15	2.71336
당근	2016-09-16	3.26152
당근	2016-09-17	4.09472
당근	2016-09-18	4.58806
당근	2016-09-19	5.56377
당근	2016-09-20	5.57474
당근	2016-09-21	5.44866
당근	2016-09-22	5.13073
당근	2016-09-23	5.03754
당근	2016-09-24	3.88094
당근	2016-09-25	4.54969
당근	2016-09-26	5.42125
당근	2016-09-27	5.18555
당근	2016-09-28	5.56925
당근	2016-09-29	5.17458
당근	2016-09-30	4.71413
당근	2016-10-01	3.94123
당근	2016-10-02	4.01797
당근	2016-10-03	4.62643
당근	2016-10-04	6.4463
당근	2016-10-05	5.76111
당근	2016-10-06	5.76111
당근	2016-10-07	4.94436
당근	2016-10-08	3.9796
당근	2016-10-09	4.57709
당근	2016-10-10	5.37192
당근	2016-10-11	5.81044
당근	2016-10-12	5.98037
당근	2016-10-13	5.53088
당근	2016-10-14	4.74702
당근	2016-10-15	4.31398
당근	2016-10-16	4.84569
당근	2016-10-17	5.89815
당근	2016-10-18	5.89815
당근	2016-10-19	5.31162
당근	2016-10-20	5.42125
당근	2016-10-21	4.77991
당근	2016-10-22	4.07827
당근	2016-10-23	4.57161
당근	2016-10-24	5.44318
당근	2016-10-25	5.34999
당근	2016-10-26	5.38836
당근	2016-10-27	4.96628
당근	2016-10-28	4.5442
당근	2016-10-29	3.7439
당근	2016-10-30	4.49487
당근	2016-10-31	5.24036
당근	2016-11-01	4.83473
당근	2016-11-02	4.84569
당근	2016-11-03	5.04851
당근	2016-11-04	4.73606
당근	2016-11-05	3.93027
당근	2016-11-06	4.6045
당근	2016-11-07	5.41029
당근	2016-11-08	5.29518
당근	2016-11-09	5.55281
당근	2016-11-10	5.26777
당근	2016-11-11	4.7251
당근	2016-11-12	3.69456
당근	2016-11-13	4.31946
당근	2016-11-14	5.47607
당근	2016-11-15	5.7337
당근	2016-11-16	5.43222
당근	2016-11-17	5.41029
당근	2016-11-18	4.55517
당근	2016-11-19	4.23724
당근	2016-11-20	4.51131
당근	2016-11-21	6.49016
당근	2016-11-22	6.53401
당근	2016-11-23	5.87074
당근	2016-11-24	5.15814
당근	2016-11-25	4.8128
당근	2016-11-26	3.65071
당근	2016-11-27	4.79636
당근	2016-11-28	5.53637
당근	2016-11-29	5.44866
당근	2016-11-30	5.28421
당근	2016-12-01	4.95532
당근	2016-12-02	4.48391
당근	2016-12-03	3.68908
당근	2016-12-04	4.53324
당근	2016-12-05	5.54733
당근	2016-12-06	5.15814
당근	2016-12-07	5.37192
당근	2016-12-08	5.17458
당근	2016-12-09	4.81828
당근	2016-12-10	3.98509
당근	2016-12-11	4.20435
당근	2016-12-12	5.56377
당근	2016-12-13	6.01326
당근	2016-12-14	5.22392
당근	2016-12-15	5.07043
당근	2016-12-16	4.82924
당근	2016-12-17	4.0399
당근	2016-12-18	4.18242
당근	2016-12-19	5.12525
당근	2016-12-20	5.05947
당근	2016-12-21	5.30066
당근	2016-12-22	4.77991
당근	2016-12-23	3.85901
당근	2016-12-24	3.59589
당근	2016-12-25	4.23724
당근	2016-12-26	4.74154
당근	2016-12-27	4.88406
당근	2016-12-28	4.48391
당근	2016-12-29	4.60998
당근	2016-12-30	4.48391
당근	2016-12-31	3.7439
당근	2017-01-01	4.20435
당근	2017-01-02	5.25132
당근	2017-01-03	5.19651
당근	2017-01-04	5.27325
당근	2017-01-05	5.36096
당근	2017-01-06	4.88406
당근	2017-01-07	3.63975
당근	2017-01-08	4.94984
당근	2017-01-09	5.96941
당근	2017-01-10	5.82689
당근	2017-01-11	5.48155
당근	2017-01-12	5.33355
당근	2017-01-13	5.19103
당근	2017-01-14	4.17694
당근	2017-01-15	4.24272
당근	2017-01-16	5.18006
당근	2017-01-17	5.22392
당근	2017-01-18	5.42673
당근	2017-01-19	4.68124
당근	2017-01-20	4.62643
당근	2017-01-21	3.71649
당근	2017-01-22	3.82612
당근	2017-01-23	4.46746
당근	2017-01-24	4.53872
당근	2017-01-25	4.37976
당근	2017-01-26	3.75486
당근	2017-01-27	3.15737
당근	2017-01-28	2.92166
당근	2017-01-29	3.27796
당근	2017-01-30	4.38524
당근	2017-01-31	5.94748
당근	2017-02-01	5.17458
당근	2017-02-02	5.55281
당근	2017-02-03	4.86213
당근	2017-02-04	4.67576
당근	2017-02-05	4.78539
당근	2017-02-06	5.33355
당근	2017-02-07	4.92243
당근	2017-02-08	5.28421
당근	2017-02-09	5.1691
당근	2017-02-10	4.58257
당근	2017-02-11	4.0399
당근	2017-02-12	4.32494
당근	2017-02-13	5.42125
당근	2017-02-14	5.03206
당근	2017-02-15	4.89502
당근	2017-02-16	5.30614
당근	2017-02-17	5.0211
당근	2017-02-18	4.01797
당근	2017-02-19	4.19338
당근	2017-02-20	5.68437
당근	2017-02-21	5.55281
당근	2017-02-22	5.65696
당근	2017-02-23	5.14717
당근	2017-02-24	4.62095
당근	2017-02-25	4.74154
당근	2017-02-26	5.15266
당근	2017-02-27	5.51992
당근	2017-02-28	5.30066
당근	2017-03-01	5.04851
당근	2017-03-02	5.17458
당근	2017-03-03	4.56065
당근	2017-03-04	4.48939
당근	2017-03-05	4.96628
당근	2017-03-06	5.4651
당근	2017-03-07	5.5254
당근	2017-03-08	5.41577
당근	2017-03-09	5.75563
당근	2017-03-10	4.42909
당근	2017-03-11	4.06731
당근	2017-03-12	4.93339
당근	2017-03-13	5.794
당근	2017-03-14	5.42673
당근	2017-03-15	5.59666
당근	2017-03-16	5.54733
당근	2017-03-17	4.91695
당근	2017-03-18	4.85665
당근	2017-03-19	4.96628
당근	2017-03-20	5.70629
당근	2017-03-21	6.09
당근	2017-03-22	5.89267
당근	2017-03-23	5.34999
당근	2017-03-24	5.04851
당근	2017-03-25	4.64287
당근	2017-03-26	5.53088
당근	2017-03-27	5.76659
당근	2017-03-28	5.794
당근	2017-03-29	6.10097
당근	2017-03-30	5.79948
당근	2017-03-31	6.11741
당근	2017-04-01	6.39149
당근	2017-04-02	5.54185
당근	2017-04-03	6.238
당근	2017-04-04	6.12289
당근	2017-04-05	6.38052
당근	2017-04-06	6.11741
당근	2017-04-07	5.66792
당근	2017-04-08	4.56065
당근	2017-04-09	5.58022
당근	2017-04-10	6.05711
당근	2017-04-11	5.94748
당근	2017-04-12	5.85978
당근	2017-04-13	5.56377
당근	2017-04-14	5.24036
당근	2017-04-15	4.77991
당근	2017-04-16	4.97725
당근	2017-04-17	6.27089
당근	2017-04-18	5.98037
당근	2017-04-19	5.4651
당근	2017-04-20	5.55281
당근	2017-04-21	5.41029
당근	2017-04-22	4.42361
당근	2017-04-23	4.68124
당근	2017-04-24	5.71177
당근	2017-04-25	5.62407
당근	2017-04-26	6.17771
당근	2017-04-27	5.61311
당근	2017-04-28	5.09236
당근	2017-04-29	4.18242
당근	2017-04-30	4.19338
당근	2017-05-01	4.73058
당근	2017-05-02	5.04303
당근	2017-05-03	4.52228
당근	2017-05-04	4.42909
당근	2017-05-05	4.34139
당근	2017-05-06	4.33042
당근	2017-05-07	4.46198
당근	2017-05-08	5.35547
당근	2017-05-09	5.30066
당근	2017-05-10	5.66792
당근	2017-05-11	5.47607
당근	2017-05-12	5.09784
당근	2017-05-13	4.37976
당근	2017-05-14	5.41029
당근	2017-05-15	6.07904
당근	2017-05-16	5.95844
당근	2017-05-17	5.95296
당근	2017-05-18	5.942
당근	2017-05-19	5.01562
당근	2017-05-20	4.12761
당근	2017-05-21	4.79087
당근	2017-05-22	6.29282
당근	2017-05-23	5.95844
당근	2017-05-24	5.96941
당근	2017-05-25	5.6734
당근	2017-05-26	5.34451
당근	2017-05-27	4.33042
당근	2017-05-28	5.07043
당근	2017-05-29	6.25993
당근	2017-05-30	5.82689
당근	2017-05-31	5.67889
당근	2017-06-01	5.646
당근	2017-06-02	5.11429
당근	2017-06-03	4.1879
당근	2017-06-04	4.74702
당근	2017-06-05	5.27873
당근	2017-06-06	5.01562
당근	2017-06-07	5.76659
당근	2017-06-08	5.54733
당근	2017-06-09	5.25132
당근	2017-06-10	4.41265
당근	2017-06-11	4.99369
당근	2017-06-12	6.43534
당근	2017-06-13	6.45727
당근	2017-06-14	6.17771
당근	2017-06-15	6.04067
당근	2017-06-16	5.25132
당근	2017-06-17	4.17146
당근	2017-06-18	4.93339
당근	2017-06-19	5.70629
당근	2017-06-20	6.2983
당근	2017-06-21	5.09236
당근	2017-06-22	5.40481
당근	2017-06-23	4.33042
당근	2017-06-24	4.09472
당근	2017-06-25	4.3085
당근	2017-06-26	5.58022
당근	2017-06-27	5.72822
당근	2017-06-28	5.32258
당근	2017-06-29	4.9608
당근	2017-06-30	4.3359
당근	2017-07-01	3.81516
당근	2017-07-02	4.25368
당근	2017-07-03	4.98273
당근	2017-07-04	5.15266
당근	2017-07-05	5.71726
당근	2017-07-06	8.90752
당근	2017-07-07	5.76659
당근	2017-07-08	4.3962
당근	2017-07-09	4.50583
당근	2017-07-10	5.53637
당근	2017-07-11	5.34451
당근	2017-07-12	5.41029
당근	2017-07-13	5.1088
당근	2017-07-14	4.76895
당근	2017-07-15	4.00153
당근	2017-07-16	4.27561
당근	2017-07-17	4.71961
당근	2017-07-18	5.11977
당근	2017-07-19	4.94436
당근	2017-07-20	4.76347
당근	2017-07-21	4.06183
당근	2017-07-22	3.51367
당근	2017-07-23	3.82612
당근	2017-07-24	4.58257
당근	2017-07-25	4.5168
당근	2017-07-26	4.84021
당근	2017-07-27	4.53324
당근	2017-07-28	4.59354
당근	2017-07-29	3.74938
당근	2017-07-30	3.69456
당근	2017-07-31	4.56065
당근	2017-08-01	4.29753
당근	2017-08-02	4.3085
당근	2017-08-03	4.36879
당근	2017-08-04	4.1879
당근	2017-08-05	3.52463
당근	2017-08-06	3.59041
당근	2017-08-07	4.86762
당근	2017-08-08	4.8128
당근	2017-08-09	4.74154
당근	2017-08-10	5.05947
당근	2017-08-11	5.00465
당근	2017-08-12	4.22079
당근	2017-08-13	4.65932
당근	2017-08-14	5.5857
당근	2017-08-15	5.41029
당근	2017-08-16	5.83237
당근	2017-08-17	6.34764
당근	2017-08-18	5.69533
당근	2017-08-19	4.7251
당근	2017-08-20	6.61075
당근	2017-08-21	6.27089
당근	2017-08-22	6.54497
당근	2017-08-23	6.45178
당근	2017-08-24	6.23252
당근	2017-08-25	6.52853
당근	2017-08-26	5.01562
당근	2017-08-27	5.37192
당근	2017-08-28	6.38601
당근	2017-08-29	6.75875
당근	2017-08-30	6.07904
당근	2017-08-31	6.39697
당근	2017-09-01	5.58022
당근	2017-09-02	4.56613
당근	2017-09-03	5.21843
당근	2017-09-04	6.05711
당근	2017-09-05	6.58882
당근	2017-09-06	6.08452
당근	2017-09-07	6.10097
당근	2017-09-08	5.78304
당근	2017-09-09	4.80732
당근	2017-09-10	5.16362
당근	2017-09-11	6.55593
당근	2017-09-12	6.33119
당근	2017-09-13	6.58334
당근	2017-09-14	6.01326
당근	2017-09-15	5.19651
당근	2017-09-16	4.40716
당근	2017-09-17	5.3171
당근	2017-09-18	6.5669
당근	2017-09-19	5.85978
당근	2017-09-20	5.69533
당근	2017-09-21	5.65696
당근	2017-09-22	5.31162
당근	2017-09-23	4.59354
당근	2017-09-24	5.3171
당근	2017-09-25	6.13934
당근	2017-09-26	5.70081
당근	2017-09-27	5.646
당근	2017-09-28	5.28421
당근	2017-09-29	4.20983
당근	2017-09-30	3.73293
당근	2017-10-01	3.71101
당근	2017-10-02	3.76582
당근	2017-10-03	3.82064
당근	2017-10-04	3.29989
당근	2017-10-05	3.76034
당근	2017-10-06	4.14405
당근	2017-10-07	4.3962
당근	2017-10-08	4.52228
당근	2017-10-09	5.89815
당근	2017-10-10	6.69297
당근	2017-10-11	6.21608
당근	2017-10-12	6.24349
당근	2017-10-13	5.03754
당근	2017-10-14	4.3359
당근	2017-10-15	4.80732
당근	2017-10-16	5.81044
당근	2017-10-17	5.95296
당근	2017-10-18	6.29282
당근	2017-10-19	5.62407
당근	2017-10-20	5.41029
당근	2017-10-21	4.73606
당근	2017-10-22	5.92007
당근	2017-10-23	7.20824
당근	2017-10-24	7.37817
당근	2017-10-25	6.14482
당근	2017-10-26	5.77207
당근	2017-10-27	5.77207
당근	2017-10-28	5.01014
당근	2017-10-29	5.66792
당근	2017-10-30	6.16674
당근	2017-10-31	5.98585
당근	2017-11-01	6.69845
당근	2017-11-02	6.66557
당근	2017-11-03	5.794
당근	2017-11-04	4.73058
당근	2017-11-05	5.56925
당근	2017-11-06	6.49016
당근	2017-11-07	6.72038
당근	2017-11-08	7.12053
당근	2017-11-09	6.68201
당근	2017-11-10	5.8543
당근	2017-11-11	5.13621
당근	2017-11-12	5.78852
당근	2017-11-13	6.55593
당근	2017-11-14	6.32571
당근	2017-11-15	5.80496
당근	2017-11-16	6.11741
당근	2017-11-17	5.51992
당근	2017-11-18	4.92243
당근	2017-11-19	6.0023
당근	2017-11-20	6.39697
당근	2017-11-21	6.62171
당근	2017-11-22	6.36408
당근	2017-11-23	5.84333
당근	2017-11-24	5.47607
당근	2017-11-25	4.82924
당근	2017-11-26	5.45962
당근	2017-11-27	6.11193
당근	2017-11-28	6.15578
당근	2017-11-29	6.24349
당근	2017-11-30	5.91459
당근	2017-12-01	5.55281
당근	2017-12-02	4.55517
당근	2017-12-03	5.43222
당근	2017-12-04	6.06259
당근	2017-12-05	6.01874
당근	2017-12-06	6.63268
당근	2017-12-07	5.942
당근	2017-12-08	5.38836
당근	2017-12-09	5.10332
당근	2017-12-10	5.47607
당근	2017-12-11	6.42438
당근	2017-12-12	5.794
당근	2017-12-13	6.08452
당근	2017-12-14	5.51444
당근	2017-12-15	5.17458
당근	2017-12-16	4.48939
당근	2017-12-17	5.49799
당근	2017-12-18	5.68437
당근	2017-12-19	6.3586
당근	2017-12-20	5.83237
당근	2017-12-21	5.09784
당근	2017-12-22	4.76895
당근	2017-12-23	4.17146
당근	2017-12-24	4.12212
당근	2017-12-25	4.33042
당근	2017-12-26	5.30614
당근	2017-12-27	6.13934
당근	2017-12-28	5.66244
당근	2017-12-29	4.99369
당근	2017-12-30	4.78539
당근	2017-12-31	5.07591
당근	2018-01-01	5.49251
당근	2018-01-02	6.93964
당근	2018-01-03	6.53949
당근	2018-01-04	5.72822
당근	2018-01-05	5.96941
당근	2018-01-06	5.53088
당근	2018-01-07	5.942
당근	2018-01-08	6.45727
당근	2018-01-09	7.05476
당근	2018-01-10	6.73683
당근	2018-01-11	7.11505
당근	2018-01-12	5.82689
당근	2018-01-13	5.81044
당근	2018-01-14	6.67653
당근	2018-01-15	7.22468
당근	2018-01-16	7.37269
당근	2018-01-17	7.37817
당근	2018-01-18	7.30691
당근	2018-01-19	7.38913
당근	2018-01-20	5.75563
당근	2018-01-21	8.22781
당근	2018-01-22	9.29671
당근	2018-01-23	11.74697
당근	2018-01-24	6.62719
당근	2018-01-25	6.85742
당근	2018-01-26	5.99133
당근	2018-01-27	6.11193
당근	2018-01-28	6.57786
당근	2018-01-29	7.86054
당근	2018-01-30	7.46587
당근	2018-01-31	6.8026
당근	2018-02-01	7.06572
당근	2018-02-02	6.6546
당근	2018-02-03	6.07904
당근	2018-02-04	6.09548
당근	2018-02-05	7.13698
당근	2018-02-06	6.98898
당근	2018-02-07	6.16126
당근	2018-02-08	6.28734
당근	2018-02-09	5.794
당근	2018-02-10	5.3171
당근	2018-02-11	5.24036
당근	2018-02-12	5.81592
당근	2018-02-13	5.33355
당근	2018-02-14	4.76895
당근	2018-02-15	4.41813
당근	2018-02-16	3.90834
당근	2018-02-17	4.41265
당근	2018-02-18	5.32258
당근	2018-02-19	6.74231
당근	2018-02-20	6.06259
당근	2018-02-21	6.10097
당근	2018-02-22	6.25445
당근	2018-02-23	5.84881
당근	2018-02-24	5.07043
당근	2018-02-25	5.30614
당근	2018-02-26	6.64912
당근	2018-02-27	6.24349
당근	2018-02-28	6.25993
당근	2018-03-01	5.48155
당근	2018-03-02	5.2897
당근	2018-03-03	4.95532
당근	2018-03-04	5.88718
당근	2018-03-05	5.78852
당근	2018-03-06	5.87622
당근	2018-03-07	6.36408
당근	2018-03-08	6.52304
당근	2018-03-09	5.70081
당근	2018-03-10	5.47607
당근	2018-03-11	6.19963
당근	2018-03-12	6.93416
당근	2018-03-13	6.80809
당근	2018-03-14	6.57786
당근	2018-03-15	6.8629
당근	2018-03-16	6.1503
당근	2018-03-17	5.2294
당근	2018-03-18	6.2106
당근	2018-03-19	6.99994
당근	2018-03-20	7.41106
당근	2018-03-21	7.10409
당근	2018-03-22	6.85194
당근	2018-03-23	6.42986
당근	2018-03-24	5.87074
당근	2018-03-25	6.08452
당근	2018-03-26	7.31239
당근	2018-03-27	7.09313
당근	2018-03-28	7.06024
당근	2018-03-29	7.41106
당근	2018-03-30	6.4189
당근	2018-03-31	6.05711
당근	2018-04-01	7.19728
당근	2018-04-02	7.19728
당근	2018-04-03	7.12053
당근	2018-04-04	7.68513
당근	2018-04-05	7.09313
당근	2018-04-06	6.90675
당근	2018-04-07	5.4377
당근	2018-04-08	6.60527
당근	2018-04-09	7.25209
당근	2018-04-10	7.72351
당근	2018-04-11	7.83314
당근	2018-04-12	6.93964
당근	2018-04-13	6.67653
당근	2018-04-14	6.59431
당근	2018-04-15	6.58882
당근	2018-04-16	8.18944
당근	2018-04-17	8.37581
당근	2018-04-18	7.75091
당근	2018-04-19	8.07981
당근	2018-04-20	6.47371
당근	2018-04-21	5.70081
당근	2018-04-22	6.33667
당근	2018-04-23	7.58647
당근	2018-04-24	7.53165
당근	2018-04-25	7.21372
당근	2018-04-26	6.91224
당근	2018-04-27	6.49564
당근	2018-04-28	5.91459
당근	2018-04-29	5.98585
당근	2018-04-30	6.93416
당근	2018-05-01	7.02735
당근	2018-05-02	7.91536
당근	2018-05-03	7.2795
당근	2018-05-04	6.38601
당근	2018-05-05	5.18555
당근	2018-05-06	5.61311
당근	2018-05-07	6.23252
당근	2018-05-08	7.48232
당근	2018-05-09	7.47135
당근	2018-05-10	7.73995
당근	2018-05-11	6.74231
당근	2018-05-12	6.32023
당근	2018-05-13	6.76971
당근	2018-05-14	8.41418
당근	2018-05-15	7.2192
당근	2018-05-16	7.70158
당근	2018-05-17	7.23565
당근	2018-05-18	6.52853
당근	2018-05-19	5.2897
당근	2018-05-20	5.73918
당근	2018-05-21	6.47371
당근	2018-05-22	6.76423
당근	2018-05-23	7.4878
당근	2018-05-24	7.37817
당근	2018-05-25	6.36956
당근	2018-05-26	5.71177
당근	2018-05-27	6.75327
당근	2018-05-28	7.87699
당근	2018-05-29	7.66869
당근	2018-05-30	7.78928
당근	2018-05-31	7.39461
당근	2018-06-01	6.22156
당근	2018-06-02	5.30066
당근	2018-06-03	6.238
당근	2018-06-04	7.45491
당근	2018-06-05	7.28498
당근	2018-06-06	6.75327
당근	2018-06-07	7.57002
당근	2018-06-08	6.28186
당근	2018-06-09	5.79948
당근	2018-06-10	7.18631
당근	2018-06-11	7.81669
당근	2018-06-12	7.13698
당근	2018-06-13	6.34215
당근	2018-06-14	7.12602
당근	2018-06-15	6.68749
당근	2018-06-16	5.49799
당근	2018-06-17	6.4189
당근	2018-06-18	7.21372
당근	2018-06-19	7.6961
당근	2018-06-20	8.09077
당근	2018-06-21	7.32883
당근	2018-06-22	6.58882
당근	2018-06-23	6.48467
당근	2018-06-24	6.03519
당근	2018-06-25	7.50972
당근	2018-06-26	7.92632
당근	2018-06-27	6.82453
당근	2018-06-28	6.58334
당근	2018-06-29	6.09
당근	2018-06-30	5.49799
당근	2018-07-01	6.40245
당근	2018-07-02	6.89031
당근	2018-07-03	6.19415
당근	2018-07-04	6.60527
당근	2018-07-05	7.13698
당근	2018-07-06	6.238
당근	2018-07-07	5.71177
당근	2018-07-08	6.22704
당근	2018-07-09	7.39461
당근	2018-07-10	7.2795
당근	2018-07-11	6.73683
당근	2018-07-12	6.85194
당근	2018-07-13	6.12289
당근	2018-07-14	5.41577
당근	2018-07-15	5.86526
당근	2018-07-16	6.83001
당근	2018-07-17	6.5669
당근	2018-07-18	6.41341
당근	2018-07-19	6.27637
당근	2018-07-20	5.942
당근	2018-07-21	5.39933
당근	2018-07-22	5.50348
당근	2018-07-23	6.44082
당근	2018-07-24	6.28186
당근	2018-07-25	6.2983
당근	2018-07-26	6.2106
당근	2018-07-27	15.00301
당근	2018-07-28	5.55281
당근	2018-07-29	5.50896
당근	2018-07-30	5.53088
당근	2018-07-31	5.68985
당근	2018-08-01	5.66244
당근	2018-08-02	5.73918
당근	2018-08-03	5.29518
당근	2018-08-04	4.54969
당근	2018-08-05	4.97725
당근	2018-08-06	5.85978
당근	2018-08-07	6.19963
당근	2018-08-08	6.73134
당근	2018-08-09	6.54497
당근	2018-08-10	6.23252
당근	2018-08-11	5.13073
당근	2018-08-12	5.05399
당근	2018-08-13	6.18319
당근	2018-08-14	6.10097
당근	2018-08-15	5.40481
당근	2018-08-16	6.18319
당근	2018-08-17	5.71726
당근	2018-08-18	5.23488
당근	2018-08-19	5.82689
당근	2018-08-20	7.0712
당근	2018-08-21	6.89579
당근	2018-08-22	6.5669
당근	2018-08-23	6.57238
당근	2018-08-24	5.54733
당근	2018-08-25	5.03754
당근	2018-08-26	6.18867
당근	2018-08-27	7.04379
당근	2018-08-28	7.12053
당근	2018-08-29	7.29046
당근	2018-08-30	6.82453
당근	2018-08-31	6.6546
당근	2018-09-01	5.66792
당근	2018-09-02	5.77755
당근	2018-09-03	7.27402
당근	2018-09-04	7.66869
당근	2018-09-05	7.40558
당근	2018-09-06	7.58098
당근	2018-09-07	6.9232
당근	2018-09-08	5.39384
당근	2018-09-09	5.82689
당근	2018-09-10	7.47684
당근	2018-09-11	7.57002
당근	2018-09-12	7.12602
당근	2018-09-13	7.40009
당근	2018-09-14	6.33667
당근	2018-09-15	5.92007
당근	2018-09-16	6.02422
당근	2018-09-17	7.65773
당근	2018-09-18	7.37269
당근	2018-09-19	7.38913
당근	2018-09-20	6.61623
당근	2018-09-21	5.61859
당근	2018-09-22	4.37428
당근	2018-09-23	4.17694
당근	2018-09-24	4.05086
당근	2018-09-25	5.11429
당근	2018-09-26	5.96941
당근	2018-09-27	7.10409
당근	2018-09-28	6.87386
당근	2018-09-29	5.76111
당근	2018-09-30	51.40053
당근	2018-10-01	8.469
당근	2018-10-02	7.76736
당근	2018-10-03	6.73134
당근	2018-10-04	7.82217
당근	2018-10-05	6.67105
당근	2018-10-06	5.92556
당근	2018-10-07	6.11193
당근	2018-10-08	6.96157
당근	2018-10-09	7.52069
당근	2018-10-10	7.21372
당근	2018-10-11	7.18631
당근	2018-10-12	6.61623
당근	2018-10-13	5.17458
당근	2018-10-14	6.24897
당근	2018-10-15	7.26854
당근	2018-10-16	7.2192
당근	2018-10-17	7.09313
당근	2018-10-18	6.98898
당근	2018-10-19	6.28734
당근	2018-10-20	5.31162
당근	2018-10-21	6.22156
당근	2018-10-22	7.48232
당근	2018-10-23	7.32335
당근	2018-10-24	7.65773
당근	2018-10-25	6.50112
당근	2018-10-26	5.90911
당근	2018-10-27	5.16362
당근	2018-10-28	6.0023
당근	2018-10-29	7.2192
당근	2018-10-30	6.75875
당근	2018-10-31	6.44082
당근	2018-11-01	6.44082
당근	2018-11-02	6.00778
당근	2018-11-03	5.20747
당근	2018-11-04	5.89267
당근	2018-11-05	6.58334
당근	2018-11-06	7.03283
당근	2018-11-07	6.89031
당근	2018-11-08	6.61623
당근	2018-11-09	6.06259
당근	2018-11-10	5.39384
당근	2018-11-11	6.79712
당근	2018-11-12	7.44943
당근	2018-11-13	7.04379
당근	2018-11-14	7.69062
당근	2018-11-15	6.34215
당근	2018-11-16	6.08452
당근	2018-11-17	5.12525
당근	2018-11-18	5.59666
당근	2018-11-19	7.18631
당근	2018-11-20	6.9835
당근	2018-11-21	6.85742
당근	2018-11-22	9.07745
당근	2018-11-23	5.76111
당근	2018-11-24	5.25132
당근	2018-11-25	5.39933
당근	2018-11-26	6.50112
당근	2018-11-27	6.64364
당근	2018-11-28	6.74231
당근	2018-11-29	6.69297
당근	2018-11-30	5.91459
당근	2018-12-01	5.31162
당근	2018-12-02	5.11429
당근	2018-12-03	6.39149
당근	2018-12-04	7.40009
당근	2018-12-05	6.67105
당근	2018-12-06	6.47919
당근	2018-12-07	5.71726
당근	2018-12-08	5.04303
당근	2018-12-09	5.53088
당근	2018-12-10	6.25445
당근	2018-12-11	6.67653
당근	2018-12-12	5.92556
당근	2018-12-13	5.77755
당근	2018-12-14	5.8543
당근	2018-12-15	5.09236
당근	2018-12-16	5.36644
당근	2018-12-17	6.61075
당근	2018-12-18	6.13934
당근	2018-12-19	6.04615
당근	2018-12-20	5.86526
당근	2018-12-21	4.90599
당근	2018-12-22	4.77991
당근	2018-12-23	4.50035
당근	2018-12-24	4.94984
당근	2018-12-25	4.77991
당근	2018-12-26	5.42673
당근	2018-12-27	5.34999
당근	2018-12-28	4.85117
당근	2018-12-29	4.7525
당근	2018-12-30	4.74154
당근	2018-12-31	4.92791
당근	2019-01-01	5.36644
당근	2019-01-02	5.942
당근	2019-01-03	6.16126
당근	2019-01-04	6.05711
당근	2019-01-05	5.49251
당근	2019-01-06	5.74466
당근	2019-01-07	6.53949
당근	2019-01-08	6.79164
당근	2019-01-09	6.37504
당근	2019-01-10	6.60527
당근	2019-01-11	6.24349
당근	2019-01-12	5.55829
당근	2019-01-13	6.64364
당근	2019-01-14	7.26305
당근	2019-01-15	7.46039
당근	2019-01-16	7.58098
당근	2019-01-17	7.3672
당근	2019-01-18	6.37504
당근	2019-01-19	5.96393
당근	2019-01-20	5.93104
당근	2019-01-21	7.20276
당근	2019-01-22	7.94277
당근	2019-01-23	7.15891
당근	2019-01-24	7.02735
당근	2019-01-25	6.32571
당근	2019-01-26	5.55281
당근	2019-01-27	6.07356
당근	2019-01-28	7.02187
당근	2019-01-29	6.47371
당근	2019-01-30	6.0023
당근	2019-01-31	5.72822
당근	2019-02-01	5.17458
당근	2019-02-02	4.94984
당근	2019-02-03	4.9005
당근	2019-02-04	4.36879
당근	2019-02-05	4.32494
당근	2019-02-06	5.55829
당근	2019-02-07	6.98898
당근	2019-02-08	6.96705
당근	2019-02-09	6.11193
당근	2019-02-10	6.79712
당근	2019-02-11	7.61387
당근	2019-02-12	7.58098
당근	2019-02-13	7.19728
당근	2019-02-14	6.83549
당근	2019-02-15	6.33119
당근	2019-02-16	5.87622
당근	2019-02-17	6.4189
당근	2019-02-18	7.38365
당근	2019-02-19	7.08765
당근	2019-02-20	6.53949
당근	2019-02-21	6.94512
당근	2019-02-22	6.72586
당근	2019-02-23	6.02971
당근	2019-02-24	6.66008
당근	2019-02-25	7.26305
당근	2019-02-26	7.2192
당근	2019-02-27	7.46039
당근	2019-02-28	6.58882
당근	2019-03-01	6.70394
당근	2019-03-02	6.45178
당근	2019-03-03	6.57238
당근	2019-03-04	6.60527
당근	2019-03-05	6.75327
당근	2019-03-06	7.03283
당근	2019-03-07	7.25757
당근	2019-03-08	6.61623
당근	2019-03-09	6.06808
당근	2019-03-10	6.90675
당근	2019-03-11	7.85506
당근	2019-03-12	7.76736
당근	2019-03-13	7.05476
당근	2019-03-14	7.13698
당근	2019-03-15	6.73134
당근	2019-03-16	6.2106
당근	2019-03-17	6.82453
당근	2019-03-18	7.49328
당근	2019-03-19	7.71802
당근	2019-03-20	9.01715
당근	2019-03-21	7.59195
당근	2019-03-22	7.09861
당근	2019-03-23	6.01326
당근	2019-03-24	6.2106
당근	2019-03-25	8.29359
당근	2019-03-26	8.5567
당근	2019-03-27	8.84722
당근	2019-03-28	7.78928
당근	2019-03-29	6.74779
당근	2019-03-30	6.27089
당근	2019-03-31	7.20824
당근	2019-04-01	11.36874
당근	2019-04-02	8.21685
당근	2019-04-03	7.38365
당근	2019-04-04	7.32335
당근	2019-04-05	6.9835
당근	2019-04-06	5.91459
당근	2019-04-07	7.35624
당근	2019-04-08	7.97566
당근	2019-04-09	7.71254
당근	2019-04-10	7.6358
당근	2019-04-11	7.26854
당근	2019-04-12	6.45727
당근	2019-04-13	5.15814
당근	2019-04-14	6.21608
당근	2019-04-15	7.89343
당근	2019-04-16	7.84958
당근	2019-04-17	7.70158
당근	2019-04-18	7.1315
당근	2019-04-19	6.99446
당근	2019-04-20	4.9608
당근	2019-04-21	6.45178
당근	2019-04-22	7.47684
당근	2019-04-23	7.18631
당근	2019-04-24	6.72586
당근	2019-04-25	6.89031
당근	2019-04-26	6.09548
당근	2019-04-27	5.17458
당근	2019-04-28	5.67889
당근	2019-04-29	6.89031
당근	2019-04-30	6.43534
당근	2019-05-01	6.83549
당근	2019-05-02	6.7149
당근	2019-05-03	5.63503
당근	2019-05-04	4.97176
당근	2019-05-05	4.86213
당근	2019-05-06	5.79948
당근	2019-05-07	6.7752
당근	2019-05-08	6.61623
당근	2019-05-09	6.66557
당근	2019-05-10	6.21608
당근	2019-05-11	5.32258
당근	2019-05-12	5.75015
당근	2019-05-13	7.42202
당근	2019-05-14	7.14246
당근	2019-05-15	6.75327
당근	2019-05-16	7.03283
당근	2019-05-17	6.13934
당근	2019-05-18	5.65696
당근	2019-05-19	5.93652
당근	2019-05-20	7.05476
당근	2019-05-21	7.05476
당근	2019-05-22	7.19728
당근	2019-05-23	7.04379
당근	2019-05-24	6.06259
당근	2019-05-25	5.54185
당근	2019-05-26	5.88718
당근	2019-05-27	7.26305
당근	2019-05-28	7.50424
당근	2019-05-29	7.40009
당근	2019-05-30	6.82453
당근	2019-05-31	6.26541
당근	2019-06-01	5.08688
당근	2019-06-02	6.04615
당근	2019-06-03	6.93416
당근	2019-06-04	6.96705
당근	2019-06-05	6.02971
당근	2019-06-06	6.07356
당근	2019-06-07	5.89815
당근	2019-06-08	5.24036
당근	2019-06-09	6.25445
당근	2019-06-10	7.20276
당근	2019-06-11	7.4275
당근	2019-06-12	7.31239
당근	2019-06-13	6.8026
당근	2019-06-14	6.36408
당근	2019-06-15	5.47059
당근	2019-06-16	5.60214
당근	2019-06-17	7.12602
당근	2019-06-18	7.02187
당근	2019-06-19	6.75327
당근	2019-06-20	6.42986
당근	2019-06-21	6.55045
당근	2019-06-22	5.71177
당근	2019-06-23	5.57474
당근	2019-06-24	6.66008
당근	2019-06-25	7.15342
당근	2019-06-26	6.97253
당근	2019-06-27	6.75875
당근	2019-06-28	5.82141
당근	2019-06-29	5.16362
당근	2019-06-30	5.73918
당근	2019-07-01	6.09
당근	2019-07-02	6.3586
당근	2019-07-03	6.33667
당근	2019-07-04	6.27089
당근	2019-07-05	5.72822
당근	2019-07-06	4.92791
당근	2019-07-07	5.33355
당근	2019-07-08	6.11193
당근	2019-07-09	6.30378
당근	2019-07-10	7.2795
당근	2019-07-11	6.11741
당근	2019-07-12	5.81044
당근	2019-07-13	5.07043
당근	2019-07-14	5.35547
당근	2019-07-15	6.8629
당근	2019-07-16	6.39697
당근	2019-07-17	6.51756
당근	2019-07-18	6.15578
당근	2019-07-19	5.63503
당근	2019-07-20	4.69221
당근	2019-07-21	5.25132
당근	2019-07-22	5.81592
당근	2019-07-23	5.74466
당근	2019-07-24	6.04067
당근	2019-07-25	5.82689
당근	2019-07-26	5.44318
당근	2019-07-27	4.74154
당근	2019-07-28	4.50583
당근	2019-07-29	5.69533
당근	2019-07-30	5.92007
당근	2019-07-31	5.45414
당근	2019-08-01	5.35547
당근	2019-08-02	5.11429
당근	2019-08-03	4.3085
당근	2019-08-04	4.80184
당근	2019-08-05	5.49251
당근	2019-08-06	6.01874
당근	2019-08-07	5.87074
당근	2019-08-08	5.44866
당근	2019-08-09	5.62407
당근	2019-08-10	4.61546
당근	2019-08-11	5.27873
당근	2019-08-12	5.96393
당근	2019-08-13	5.89267
당근	2019-08-14	5.51992
당근	2019-08-15	5.17458
당근	2019-08-16	6.22156
당근	2019-08-17	5.07043
당근	2019-08-18	5.4377
당근	2019-08-19	6.81905
당근	2019-08-20	6.61623
당근	2019-08-21	6.47919
당근	2019-08-22	6.18867
당근	2019-08-23	5.95844
당근	2019-08-24	4.9005
당근	2019-08-25	5.45962
당근	2019-08-26	6.51756
당근	2019-08-27	6.4463
당근	2019-08-28	6.9232
당근	2019-08-29	6.53949
당근	2019-08-30	6.09
당근	2019-08-31	5.37192
당근	2019-09-01	5.72822
당근	2019-09-02	6.6546
당근	2019-09-03	6.62171
당근	2019-09-04	6.57786
당근	2019-09-05	6.32571
당근	2019-09-06	5.48703
당근	2019-09-07	5.26777
당근	2019-09-08	5.16362
당근	2019-09-09	5.82141
당근	2019-09-10	5.61859
당근	2019-09-11	5.34451
당근	2019-09-12	4.1002
당근	2019-09-13	3.99057
당근	2019-09-14	4.48939
당근	2019-09-15	5.59118
당근	2019-09-16	7.74543
당근	2019-09-17	7.80025
당근	2019-09-18	8.05788
당근	2019-09-19	7.23565
당근	2019-09-20	6.80809
당근	2019-09-21	5.59118
당근	2019-09-22	5.8817
당근	2019-09-23	7.19728
당근	2019-09-24	6.56142
당근	2019-09-25	6.53949
당근	2019-09-26	6.69845
당근	2019-09-27	6.09548
당근	2019-09-28	5.2897
당근	2019-09-29	6.19963
당근	2019-09-30	6.97801
당근	2019-10-01	6.87386
당근	2019-10-02	6.28186
당근	2019-10-03	6.27637
당근	2019-10-04	6.3586
당근	2019-10-05	5.67889
당근	2019-10-06	5.59666
당근	2019-10-07	6.95609
당근	2019-10-08	7.70706
당근	2019-10-09	5.70629
당근	2019-10-10	6.60527
당근	2019-10-11	6.66008
당근	2019-10-12	5.43222
당근	2019-10-13	6.04067
당근	2019-10-14	7.09313
당근	2019-10-15	6.75875
당근	2019-10-16	7.30143
당근	2019-10-17	7.0712
당근	2019-10-18	6.49016
당근	2019-10-19	5.92556
당근	2019-10-20	6.66008
당근	2019-10-21	7.51521
당근	2019-10-22	7.69062
당근	2019-10-23	7.57002
당근	2019-10-24	7.14246
당근	2019-10-25	6.19415
당근	2019-10-26	5.27325
당근	2019-10-27	6.5066
당근	2019-10-28	8.10721
당근	2019-10-29	7.49328
당근	2019-10-30	6.62171
당근	2019-10-31	6.59431
당근	2019-11-01	6.94512
당근	2019-11-02	6.22704
당근	2019-11-03	6.98898
당근	2019-11-04	8.00306
당근	2019-11-05	14.32878
당근	2019-11-06	16.08836
당근	2019-11-07	12.29512
당근	2019-11-08	9.56531
당근	2019-11-09	8.00306
당근	2019-11-10	8.90204
당근	2019-11-11	10.54651
당근	2019-11-12	9.31864
당근	2019-11-13	9.30219
당근	2019-11-14	8.69374
당근	2019-11-15	9.86131
당근	2019-11-16	7.18631
당근	2019-11-17	8.2607
당근	2019-11-18	9.80101
당근	2019-11-19	9.00619
당근	2019-11-20	8.78145
당근	2019-11-21	8.03595
당근	2019-11-22	8.07981
당근	2019-11-23	7.30691
당근	2019-11-24	8.31551
당근	2019-11-25	10.05865
당근	2019-11-26	9.55983
당근	2019-11-27	9.3296
당근	2019-11-28	8.73211
당근	2019-11-29	7.75639
당근	2019-11-30	7.01638
당근	2019-12-01	8.32099
당근	2019-12-02	8.69922
당근	2019-12-03	8.60055
당근	2019-12-04	8.39226
당근	2019-12-05	8.35388
당근	2019-12-06	7.61387
당근	2019-12-07	7.19728
당근	2019-12-08	7.88795
당근	2019-12-09	9.05552
당근	2019-12-10	8.47448
당근	2019-12-11	9.37345
당근	2019-12-12	7.71802
당근	2019-12-13	7.21372
당근	2019-12-14	6.78616
당근	2019-12-15	7.89892
당근	2019-12-16	8.98426
당근	2019-12-17	10.54651
당근	2019-12-18	8.36485
당근	2019-12-19	8.58959
당근	2019-12-20	7.29046
당근	2019-12-21	6.57786
당근	2019-12-22	7.21372
당근	2019-12-23	8.06336
당근	2019-12-24	6.62719
당근	2019-12-25	6.45178
당근	2019-12-26	7.63032
당근	2019-12-27	6.87386
당근	2019-12-28	7.0109
당근	2019-12-29	7.01638
당근	2019-12-30	7.80573
당근	2019-12-31	6.55593
당근	2020-01-01	6.46275
당근	2020-01-02	8.11818
당근	2020-01-03	7.50424
당근	2020-01-04	6.89031
당근	2020-01-05	7.70706
당근	2020-01-06	8.98426
당근	2020-01-07	9.19804
당근	2020-01-08	8.16203
당근	2020-01-09	8.37581
당근	2020-01-10	7.15891
당근	2020-01-11	7.23017
당근	2020-01-12	7.69062
당근	2020-01-13	9.49405
당근	2020-01-14	9.09389
당근	2020-01-15	8.56218
당근	2020-01-16	8.23877
당근	2020-01-17	7.61936
당근	2020-01-18	6.61623
당근	2020-01-19	7.64676
당근	2020-01-20	7.9044
당근	2020-01-21	8.43063
당근	2020-01-22	7.31787
당근	2020-01-23	6.20511
당근	2020-01-24	5.26229
당근	2020-01-25	4.81828
당근	2020-01-26	6.238
당근	2020-01-27	7.15342
당근	2020-01-28	8.48544
당근	2020-01-29	8.83626
당근	2020-01-30	8.617
당근	2020-01-31	8.469
당근	2020-02-01	8.18944
당근	2020-02-02	9.39538
당근	2020-02-03	9.60916
당근	2020-02-04	9.79005
당근	2020-02-05	9.43375
당근	2020-02-06	17.98498
당근	2020-02-07	13.80255
당근	2020-02-08	10.04768
당근	2020-02-09	14.80019
당근	2020-02-10	13.93411
당근	2020-02-11	12.62402
당근	2020-02-12	12.70624
당근	2020-02-13	12.75009
당근	2020-02-14	10.43687
당근	2020-02-15	9.42827
당근	2020-02-16	11.2317
당근	2020-02-17	11.144
당근	2020-02-18	10.41495
당근	2020-02-19	10.11894
당근	2020-02-20	11.25363
당근	2020-02-21	9.88872
당근	2020-02-22	10.09702
당근	2020-02-23	11.20429
당근	2020-02-24	12.40475
당근	2020-02-25	19.53077
당근	2020-02-26	15.1236
당근	2020-02-27	14.47678
당근	2020-02-28	13.79707
당근	2020-02-29	13.69292
당근	2020-03-01	14.58093
당근	2020-03-02	13.70936
당근	2020-03-03	14.47678
당근	2020-03-04	14.44389
당근	2020-03-05	13.74225
당근	2020-03-06	11.91141
당근	2020-03-07	12.59113
당근	2020-03-08	13.1941
당근	2020-03-09	13.90122
당근	2020-03-10	13.75322
당근	2020-03-11	13.52847
당근	2020-03-12	13.30921
당근	2020-03-13	12.19645
당근	2020-03-14	11.63734
당근	2020-03-15	13.16669
당근	2020-03-16	14.52063
당근	2020-03-17	19.50337
당근	2020-03-18	15.77591
당근	2020-03-19	15.67724
당근	2020-03-20	15.01945
당근	2020-03-21	14.54256
당근	2020-03-22	16.23088
당근	2020-03-23	16.68037
당근	2020-03-24	15.94584
당근	2020-03-25	16.05547
당근	2020-03-26	15.76495
당근	2020-03-27	16.03354
당근	2020-03-28	14.58093
당근	2020-03-29	15.63339
당근	2020-03-30	17.7986
당근	2020-03-31	16.53785
당근	2020-04-01	17.72734
당근	2020-04-02	16.79
당근	2020-04-03	13.65455
당근	2020-04-04	13.59425
당근	2020-04-05	15.24968
당근	2020-04-06	15.68272
당근	2020-04-07	15.22227
당근	2020-04-08	15.50731
당근	2020-04-09	22.53467
당근	2020-04-10	18.85654
당근	2020-04-11	15.85813
당근	2020-04-12	16.86674
당근	2020-04-13	22.3154
당근	2020-04-14	17.90823
당근	2020-04-15	15.90747
당근	2020-04-16	16.17606
당근	2020-04-17	14.80019
당근	2020-04-18	14.31782
당근	2020-04-19	19.06484
당근	2020-04-20	18.64824
당근	2020-04-21	22.16192
당근	2020-04-22	18.62632
당근	2020-04-23	17.50808
당근	2020-04-24	14.85501
당근	2020-04-25	13.97248
당근	2020-04-26	15.3922
당근	2020-04-27	15.70465
당근	2020-04-28	15.88006
당근	2020-04-29	15.38672
당근	2020-04-30	13.56136
당근	2020-05-01	12.22934
당근	2020-05-02	12.43764
당근	2020-05-03	13.69292
당근	2020-05-04	12.93098
당근	2020-05-05	13.21054
당근	2020-05-06	14.72893
당근	2020-05-07	13.85188
당근	2020-05-08	12.66787
당근	2020-05-09	11.28652
당근	2020-05-10	13.45173
당근	2020-05-11	14.15885
당근	2020-05-12	14.29041
당근	2020-05-13	13.38047
당근	2020-05-14	13.96151
당근	2020-05-15	12.27868
당근	2020-05-16	12.08682
당근	2020-05-17	12.82135
당근	2020-05-18	14.07663
당근	2020-05-19	14.46582
당근	2020-05-20	14.411
당근	2020-05-21	13.89025
당근	2020-05-22	13.5504
당근	2020-05-23	11.07822
당근	2020-05-24	12.43764
당근	2020-05-25	14.23011
당근	2020-05-26	13.59973
당근	2020-05-27	12.25127
당근	2020-05-28	12.29512
당근	2020-05-29	11.35778
당근	2020-05-30	10.54651
당근	2020-05-31	11.50578
당근	2020-06-01	12.60209
당근	2020-06-02	13.89025
당근	2020-06-03	13.46817
당근	2020-06-04	12.54179
당근	2020-06-05	11.33585
당근	2020-06-06	10.25598
당근	2020-06-07	11.65378
당근	2020-06-08	17.76571
당근	2020-06-09	21.61925
당근	2020-06-10	16.48851
당근	2020-06-11	14.64123
당근	2020-06-12	13.29825
당근	2020-06-13	12.44312
당근	2020-06-14	15.94584
당근	2020-06-15	15.37027
당근	2020-06-16	15.69369
당근	2020-06-17	13.9067
당근	2020-06-18	14.71249
당근	2020-06-19	12.51987
당근	2020-06-20	11.00148
당근	2020-06-21	12.59661
당근	2020-06-22	15.29353
당근	2020-06-23	13.87929
당근	2020-06-24	13.95603
당근	2020-06-25	13.75322
당근	2020-06-26	13.61618
당근	2020-06-27	11.96075
당근	2020-06-28	12.51987
당근	2020-06-29	13.98344
당근	2020-06-30	13.9067
당근	2020-07-01	13.67647
당근	2020-07-02	12.87617
당근	2020-07-03	11.92786
당근	2020-07-04	10.17376
당근	2020-07-05	11.71956
당근	2020-07-06	12.97483
당근	2020-07-07	13.33662
당근	2020-07-08	12.76105
당근	2020-07-09	12.33897
당근	2020-07-10	10.85347
당근	2020-07-11	10.67806
당근	2020-07-12	11.43452
당근	2020-07-13	11.55511
당근	2020-07-14	12.52535
당근	2020-07-15	12.32801
당근	2020-07-16	11.65378
당근	2020-07-17	10.29984
당근	2020-07-18	9.94353
당근	2020-07-19	10.86992
당근	2020-07-20	13.05706
당근	2020-07-21	12.2732
당근	2020-07-22	11.68119
당근	2020-07-23	12.12519
당근	2020-07-24	10.97955
당근	2020-07-25	9.83939
당근	2020-07-26	9.85035
당근	2020-07-27	11.62089
당근	2020-07-28	12.38831
당근	2020-07-29	10.91377
당근	2020-07-30	10.42591
당근	2020-07-31	9.5982
당근	2020-08-01	8.617
당근	2020-08-02	8.84174
당근	2020-08-03	10.55747
당근	2020-08-04	10.60132
당근	2020-08-05	10.61777
당근	2020-08-06	9.64753
당근	2020-08-07	9.55434
당근	2020-08-08	8.95686
당근	2020-08-09	9.51597
당근	2020-08-10	10.34917
당근	2020-08-11	10.65614
당근	2020-08-12	10.21213
당근	2020-08-13	9.85035
당근	2020-08-14	9.03908
당근	2020-08-15	8.42514
당근	2020-08-16	8.75952
당근	2020-08-17	10.27791
당근	2020-08-18	10.04768
당근	2020-08-19	10.50265
당근	2020-08-20	12.09779
당근	2020-08-21	10.43687
당근	2020-08-22	9.74072
당근	2020-08-23	10.0148
당근	2020-08-24	11.78534
당근	2020-08-25	11.1714
당근	2020-08-26	11.67571
당근	2020-08-27	12.12519
당근	2020-08-28	11.35778
당근	2020-08-29	10.22309
당근	2020-08-30	11.44
당근	2020-08-31	12.94195
당근	2020-09-01	13.46269
당근	2020-09-02	12.53631
당근	2020-09-03	12.46505
당근	2020-09-04	11.47289
당근	2020-09-05	10.6671
당근	2020-09-06	11.67022
당근	2020-09-07	14.19722
당근	2020-09-08	13.44077
당근	2020-09-09	13.89574
당근	2020-09-10	13.08995
당근	2020-09-11	12.08134
당근	2020-09-12	10.9357
당근	2020-09-13	10.91377
당근	2020-09-14	13.10639
당근	2020-09-15	13.58329
당근	2020-09-16	13.05706
당근	2020-09-17	13.59973
당근	2020-09-18	12.44861
당근	2020-09-19	9.98739
당근	2020-09-20	10.8754
당근	2020-09-21	13.02965
당근	2020-09-22	12.26771
당근	2020-09-23	12.31705
당근	2020-09-24	11.30844
당근	2020-09-25	9.55434
당근	2020-09-26	9.12678
당근	2020-09-27	9.56531
당근	2020-09-28	10.82607
당근	2020-09-29	9.73524
당근	2020-09-30	8.13462
당근	2020-10-01	8.44707
당근	2020-10-02	10.15732
당근	2020-10-03	10.76577
당근	2020-10-04	12.85424
당근	2020-10-05	15.44153
당근	2020-10-06	15.66628
당근	2020-10-07	13.90122
당근	2020-10-08	13.02417
당근	2020-10-09	11.46193
당근	2020-10-10	11.3797
당근	2020-10-11	11.60993
당근	2020-10-12	14.18626
당근	2020-10-13	13.81351
당근	2020-10-14	13.09543
당근	2020-10-15	12.43216
당근	2020-10-16	11.37422
당근	2020-10-17	11.7086
당근	2020-10-18	12.57468
당근	2020-10-19	13.01321
당근	2020-10-20	12.95839
당근	2020-10-21	12.35542
당근	2020-10-22	12.67335
당근	2020-10-23	10.56843
당근	2020-10-24	9.58723
당근	2020-10-25	10.50265
당근	2020-10-26	12.54179
당근	2020-10-27	12.84876
당근	2020-10-28	13.47914
당근	2020-10-29	11.66474
당근	2020-10-30	10.60132
당근	2020-10-31	9.58175
당근	2020-11-01	10.2505
당근	2020-11-02	11.69763
당근	2020-11-03	11.5003
당근	2020-11-04	12.0923
당근	2020-11-05	11.71956
당근	2020-11-06	10.43139
당근	2020-11-07	9.96546
당근	2020-11-08	10.55199
당근	2020-11-09	12.80491
당근	2020-11-10	12.03749
당근	2020-11-11	11.98267
당근	2020-11-12	11.63185
당근	2020-11-13	10.21213
당근	2020-11-14	8.98426
당근	2020-11-15	10.63969
당근	2020-11-16	11.83467
당근	2020-11-17	12.47601
당근	2020-11-18	12.03201
당근	2020-11-19	14.72893
당근	2020-11-20	11.9443
당근	2020-11-21	9.1816
당근	2020-11-22	10.14635
당근	2020-11-23	12.02104
당근	2020-11-24	11.74697
당근	2020-11-25	12.28964
당근	2020-11-26	12.15808
당근	2020-11-27	12.84876
당근	2020-11-28	10.20665
당근	2020-11-29	11.5277
당근	2020-11-30	13.13928
당근	2020-12-01	12.41572
당근	2020-12-02	12.49794
당근	2020-12-03	11.70311
당근	2020-12-04	11.37422
당근	2020-12-05	10.7274
당근	2020-12-06	11.91141
당근	2020-12-07	12.90906
당근	2020-12-08	13.24343
당근	2020-12-09	13.05706
당근	2020-12-10	12.11971
당근	2020-12-11	10.65066
당근	2020-12-12	10.91377
당근	2020-12-13	10.9631
당근	2020-12-14	14.35619
당근	2020-12-15	12.34446
당근	2020-12-16	13.28728
당근	2020-12-17	13.04061
당근	2020-12-18	11.02888
당근	2020-12-19	11.27555
당근	2020-12-20	10.84799
당근	2020-12-21	12.07038
당근	2020-12-22	12.33897
당근	2020-12-23	11.6483
당근	2020-12-24	10.91377
당근	2020-12-25	11.9443
당근	2020-12-26	12.67883
당근	2020-12-27	13.21054
당근	2020-12-28	13.24343
당근	2020-12-29	15.05783
당근	2020-12-30	14.64123
당근	2020-12-31	11.99912
당근	2021-01-01	11.18785
당근	2021-01-02	13.18313
당근	2021-01-03	13.30373
당근	2021-01-04	14.10952
당근	2021-01-05	13.09543
당근	2021-01-06	13.1941
당근	2021-01-07	15.34287
당근	2021-01-08	12.32253
당근	2021-01-09	12.32801
당근	2021-01-10	14.10403
당근	2021-01-11	15.4525
당근	2021-01-12	15.36479
당근	2021-01-13	14.57545
당근	2021-01-14	14.04922
당근	2021-01-15	13.66551
당근	2021-01-16	12.33897
당근	2021-01-17	13.82448
당근	2021-01-18	15.00301
당근	2021-01-19	15.26064
당근	2021-01-20	14.52063
당근	2021-01-21	15.12909
당근	2021-01-22	13.58329
당근	2021-01-23	13.10639
당근	2021-01-24	13.72033
당근	2021-01-25	14.9153
당근	2021-01-26	15.12909
당근	2021-01-27	14.56997
당근	2021-01-28	13.12284
당근	2021-01-29	12.37186
당근	2021-01-30	12.07586
당근	2021-01-31	13.27084
당근	2021-02-01	13.95055
당근	2021-02-02	13.57781
당근	2021-02-03	13.29276
당근	2021-02-04	14.04374
당근	2021-02-05	12.21838
당근	2021-02-06	12.02653
당근	2021-02-07	11.30844
당근	2021-02-08	12.25127
당근	2021-02-09	11.02888
당근	2021-02-10	10.0148
당근	2021-02-11	8.77596
당근	2021-02-12	12.28964
당근	2021-02-13	13.06802
당근	2021-02-14	16.24732
당근	2021-02-15	16.40081
당근	2021-02-16	16.57622
당근	2021-02-17	15.49635
당근	2021-02-18	15.94584
당근	2021-02-19	14.40552
당근	2021-02-20	13.01869
당근	2021-02-21	13.92863
당근	2021-02-22	14.90434
당근	2021-02-23	14.6796
당근	2021-02-24	14.84404
당근	2021-02-25	14.44389
당근	2021-02-26	12.13616
당근	2021-02-27	11.98815
당근	2021-02-28	12.25675
당근	2021-03-01	14.31782
당근	2021-03-02	13.81351
당근	2021-03-03	14.07115
당근	2021-03-04	13.72033
당근	2021-03-05	12.91454
당근	2021-03-06	12.03749
당근	2021-03-07	13.50106
당근	2021-03-08	14.8276
당근	2021-03-09	15.07427
당근	2021-03-10	15.23872
당근	2021-03-11	14.80567
당근	2021-03-12	14.21915
당근	2021-03-13	16.53236
당근	2021-03-14	18.32483
당근	2021-03-15	20.00767
당근	2021-03-16	18.13846
당근	2021-03-17	17.81505
당근	2021-03-18	16.66392
당근	2021-03-19	15.70465
당근	2021-03-20	16.00613
당근	2021-03-21	15.76495
당근	2021-03-22	17.9192
당근	2021-03-23	19.00454
당근	2021-03-24	17.22852
당근	2021-03-25	16.13221
당근	2021-03-26	15.4525
당근	2021-03-27	13.95603
당근	2021-03-28	15.56761
당근	2021-03-29	16.86126
당근	2021-03-30	17.086
당근	2021-03-31	16.24184
당근	2021-04-01	17.31623
당근	2021-04-02	16.03354
당근	2021-04-03	14.69604
당근	2021-04-04	15.66628
당근	2021-04-05	16.74066
당근	2021-04-06	16.88866
당근	2021-04-07	16.24732
당근	2021-04-08	16.29666
당근	2021-04-09	15.15101
당근	2021-04-10	13.80255
당근	2021-04-11	15.17842
당근	2021-04-12	17.10245
당근	2021-04-13	15.73206
당근	2021-04-14	16.43918
당근	2021-04-15	16.57073
당근	2021-04-16	15.8088
당근	2021-04-17	15.38672
당근	2021-04-18	15.76495
당근	2021-04-19	16.65844
당근	2021-04-20	16.40081
당근	2021-04-21	15.47442
당근	2021-04-22	16.53236
당근	2021-04-23	14.30685
당근	2021-04-24	15.61146
당근	2021-04-25	14.6796
당근	2021-04-26	16.65844
당근	2021-04-27	17.94112
당근	2021-04-28	15.96228
당근	2021-04-29	15.6608
당근	2021-04-30	15.01397
당근	2021-05-01	13.72033
당근	2021-05-02	14.81116
당근	2021-05-03	16.29118
당근	2021-05-04	14.26848
당근	2021-05-05	14.72345
당근	2021-05-06	16.04451
당근	2021-05-07	15.55665
당근	2021-05-08	13.66003
당근	2021-05-09	14.70701
당근	2021-05-10	17.69993
당근	2021-05-11	17.52452
당근	2021-05-12	18.13298
당근	2021-05-13	16.77903
당근	2021-05-14	16.07739
당근	2021-05-15	15.40864
당근	2021-05-16	15.22775
당근	2021-05-17	16.99281
당근	2021-05-18	15.95132
당근	2021-05-19	15.23324
당근	2021-05-20	17.19563
당근	2021-05-21	15.94036
당근	2021-05-22	14.74538
당근	2021-05-23	16.57073
당근	2021-05-24	17.61771
당근	2021-05-25	17.65608
당근	2021-05-26	17.40393
당근	2021-05-27	17.47519
당근	2021-05-28	16.24732
당근	2021-05-29	16.04451
당근	2021-05-30	17.27237
당근	2021-05-31	18.79076
당근	2021-06-01	18.29742
당근	2021-06-02	17.06956
당근	2021-06-03	15.92391
당근	2021-06-04	15.77591
당근	2021-06-05	16.17058
당근	2021-06-06	15.99517
당근	2021-06-07	18.18779
당근	2021-06-08	18.2152
당근	2021-06-09	19.21284
당근	2021-06-10	17.63964
당근	2021-06-11	16.79
당근	2021-06-12	13.6984
당근	2021-06-13	15.10716
당근	2021-06-14	17.06956
당근	2021-06-15	16.61459
당근	2021-06-16	14.85501
당근	2021-06-17	15.46894
당근	2021-06-18	14.21367
당근	2021-06-19	12.37186
당근	2021-06-20	12.8378
당근	2021-06-21	14.52611
당근	2021-06-22	16.19251
당근	2021-06-23	14.84404
당근	2021-06-24	14.31782
당근	2021-06-25	13.18313
당근	2021-06-26	13.08447
당근	2021-06-27	13.2215
당근	2021-06-28	14.80567
당근	2021-06-29	14.00537
당근	2021-06-30	13.61069
당근	2021-07-01	13.34758
당근	2021-07-02	12.68431
당근	2021-07-03	11.67022
당근	2021-07-04	13.13928
당근	2021-07-05	14.45485
당근	2021-07-06	13.33114
당근	2021-07-07	13.81899
당근	2021-07-08	13.22699
당근	2021-07-09	12.96387
당근	2021-07-10	11.67022
당근	2021-07-11	12.03749
당근	2021-07-12	14.78375
당근	2021-07-13	15.07427
당근	2021-07-14	14.3507
당근	2021-07-15	13.81351
당근	2021-07-16	12.81587
당근	2021-07-17	11.84563
당근	2021-07-18	12.61853
당근	2021-07-19	13.90122
당근	2021-07-20	13.33114
당근	2021-07-21	13.41884
당근	2021-07-22	32.22057
당근	2021-07-23	21.01079
당근	2021-07-24	16.79548
당근	2021-07-25	12.67335
당근	2021-07-26	14.86597
당근	2021-07-27	13.8464
당근	2021-07-28	13.10091
당근	2021-07-29	13.24343
당근	2021-07-30	11.52222
당근	2021-07-31	10.79318
당근	2021-08-01	11.48933
당근	2021-08-02	12.57468
당근	2021-08-03	12.62402
당근	2021-08-04	11.98815
당근	2021-08-05	13.00772
당근	2021-08-06	11.56059
당근	2021-08-07	11.0837
당근	2021-08-08	12.07586
당근	2021-08-09	13.86285
당근	2021-08-10	13.33114
당근	2021-08-11	14.98657
당근	2021-08-12	14.02181
당근	2021-08-13	13.42432
당근	2021-08-14	12.0046
당근	2021-08-15	12.32253
당근	2021-08-16	14.07663
당근	2021-08-17	14.87693
당근	2021-08-18	15.36479
당근	2021-08-19	15.09071
당근	2021-08-20	13.11736
당근	2021-08-21	11.292
당근	2021-08-22	12.13068
당근	2021-08-23	15.99517
당근	2021-08-24	15.81428
당근	2021-08-25	14.97012
당근	2021-08-26	14.74538
당근	2021-08-27	14.33426
당근	2021-08-28	12.58564
당근	2021-08-29	13.1941
당근	2021-08-30	15.78687
당근	2021-08-31	15.78687
당근	2021-09-01	14.93175
당근	2021-09-02	15.69369
당근	2021-09-03	13.74773
당근	2021-09-04	12.39379
당근	2021-09-05	12.97483
당근	2021-09-06	15.16197
당근	2021-09-07	14.52063
당근	2021-09-08	14.94271
당근	2021-09-09	14.87145
당근	2021-09-10	12.7775
당근	2021-09-11	11.144
당근	2021-09-12	11.97171
당근	2021-09-13	14.58093
당근	2021-09-14	13.88477
당근	2021-09-15	13.04609
당근	2021-09-16	12.59113
당근	2021-09-17	10.9631
당근	2021-09-18	10.25598
당근	2021-09-19	9.38442
당근	2021-09-20	8.98426
당근	2021-09-21	8.97878
당근	2021-09-22	11.87304
당근	2021-09-23	14.88242
당근	2021-09-24	13.82996
당근	2021-09-25	12.9858
당근	2021-09-26	12.87617
당근	2021-09-27	15.44153
당근	2021-09-28	14.60834
당근	2021-09-29	14.72345
당근	2021-09-30	14.00537
당근	2021-10-01	12.7775
당근	2021-10-02	11.76341
당근	2021-10-03	12.02653
당근	2021-10-04	14.08759
당근	2021-10-05	14.27944
당근	2021-10-06	13.50655
당근	2021-10-07	13.78062
당근	2021-10-08	13.02417
당근	2021-10-09	10.9357
당근	2021-10-10	11.63185
당근	2021-10-11	12.38283
당근	2021-10-12	13.75322
당근	2021-10-13	13.67647
당근	2021-10-14	13.87381
당근	2021-10-15	13.02965
당근	2021-10-16	11.41259
당근	2021-10-17	12.07038
당근	2021-10-18	14.47678
당근	2021-10-19	14.24107
당근	2021-10-20	12.51438
당근	2021-10-21	13.75322
당근	2021-10-22	12.20742
당근	2021-10-23	10.09154
당근	2021-10-24	13.20506
당근	2021-10-25	15.11264
당근	2021-10-26	14.03826
당근	2021-10-27	13.98344
당근	2021-10-28	13.93959
당근	2021-10-29	12.46505
당근	2021-10-30	10.88636
당근	2021-10-31	11.54415
당근	2021-11-01	14.45485
당근	2021-11-02	14.33974
당근	2021-11-03	14.34522
당근	2021-11-04	14.76182
당근	2021-11-05	13.13928
당근	2021-11-06	10.38206
당근	2021-11-07	11.65378
당근	2021-11-08	14.70701
당근	2021-11-09	14.6193
당근	2021-11-10	13.75322
당근	2021-11-11	13.09543
당근	2021-11-12	12.43216
당근	2021-11-13	10.84799
당근	2021-11-14	12.20742
당근	2021-11-15	13.92314
당근	2021-11-16	14.42197
당근	2021-11-17	13.70936
당근	2021-11-18	13.17217
당근	2021-11-19	13.25988
당근	2021-11-20	10.90829
당근	2021-11-21	12.0046
당근	2021-11-22	14.48774
당근	2021-11-23	14.3233
당근	2021-11-24	14.06566
당근	2021-11-25	13.82996
당근	2021-11-26	12.27868
당근	2021-11-27	11.05629
당근	2021-11-28	12.65142
당근	2021-11-29	15.11812
당근	2021-11-30	14.89886
당근	2021-12-01	14.3233
당근	2021-12-02	13.58329
당근	2021-12-03	14.02181
당근	2021-12-04	11.67022
당근	2021-12-05	13.17217
당근	2021-12-06	15.73206
당근	2021-12-07	15.1236
당근	2021-12-08	14.13144
당근	2021-12-09	14.49871
당근	2021-12-10	13.64907
당근	2021-12-11	11.82371
당근	2021-12-12	12.73365
당근	2021-12-13	14.78375
당근	2021-12-14	14.13692
당근	2021-12-15	13.42432
당근	2021-12-16	12.93098
당근	2021-12-17	12.2732
당근	2021-12-18	10.48073
당근	2021-12-19	11.65378
당근	2021-12-20	14.44937
당근	2021-12-21	14.48774
당근	2021-12-22	13.38595
당근	2021-12-23	13.10639
당근	2021-12-24	11.07822
당근	2021-12-25	9.82842
당근	2021-12-26	11.48933
당근	2021-12-27	13.37499
당근	2021-12-28	13.29276
당근	2021-12-29	13.33114
당근	2021-12-30	12.47601
당근	2021-12-31	10.76029
당근	2022-01-01	10.1902
당근	2022-01-02	11.53319
당근	2022-01-03	14.22463
당근	2022-01-04	14.09307
당근	2022-01-05	13.81351
당근	2022-01-06	14.63026
당근	2022-01-07	13.61069
당근	2022-01-08	12.31705
당근	2022-01-09	13.38047
당근	2022-01-10	16.31858
당근	2022-01-11	15.89102
당근	2022-01-12	15.26612
당근	2022-01-13	15.20583
당근	2022-01-14	13.80255
당근	2022-01-15	12.24579
당근	2022-01-16	13.46269
당근	2022-01-17	15.32642
당근	2022-01-18	14.68508
당근	2022-01-19	14.61382
당근	2022-01-20	13.88477
당근	2022-01-21	12.81587
당근	2022-01-22	12.01556
당근	2022-01-23	12.33349
당근	2022-01-24	15.0962
당근	2022-01-25	14.96464
당근	2022-01-26	13.89574
당근	2022-01-27	13.19958
당근	2022-01-28	12.24579
당근	2022-01-29	11.19881
당근	2022-01-30	11.37422
당근	2022-01-31	10.91377
당근	2022-02-01	11.1714
당근	2022-02-02	13.3421
당근	2022-02-03	16.32406
당근	2022-02-04	15.38124
당근	2022-02-05	14.60834
당근	2022-02-06	15.67176
당근	2022-02-07	17.39297
당근	2022-02-08	17.49712
당근	2022-02-09	16.92704
당근	2022-02-10	16.17606
당근	2022-02-11	15.55117
당근	2022-02-12	14.31233
당근	2022-02-13	14.80019
당근	2022-02-14	17.62319
당근	2022-02-15	16.69681
당근	2022-02-16	16.75163
당근	2022-02-17	15.57857
당근	2022-02-18	21.38902
당근	2022-02-19	14.59189
당근	2022-02-20	15.51828
당근	2022-02-21	17.47519
당근	2022-02-22	16.62555
당근	2022-02-23	17.84246
당근	2022-02-24	17.60127
당근	2022-02-25	16.34599
당근	2022-02-26	15.71561
당근	2022-02-27	14.60286
당근	2022-02-28	16.15414
당근	2022-03-01	15.77043
당근	2022-03-02	15.97325
당근	2022-03-03	15.25516
당근	2022-03-04	15.97873
당근	2022-03-05	14.18078
당근	2022-03-06	16.17606
당근	2022-03-07	17.16274
당근	2022-03-08	16.3131
당근	2022-03-09	14.01085
당근	2022-03-10	14.85501
당근	2022-03-11	16.88866
당근	2022-03-12	15.35931
당근	2022-03-13	16.41725
당근	2022-03-14	17.32719
당근	2022-03-15	18.19876
당근	2022-03-16	17.83697
당근	2022-03-17	17.90823
당근	2022-03-18	17.382
당근	2022-03-19	15.49635
당근	2022-03-20	16.68037
당근	2022-03-21	18.70306
당근	2022-03-22	18.75787
당근	2022-03-23	18.27002
당근	2022-03-24	17.78764
당근	2022-03-25	16.92155
당근	2022-03-26	15.59502
당근	2022-03-27	17.60127
당근	2022-03-28	18.45639
당근	2022-03-29	18.39061
당근	2022-03-30	18.66469
당근	2022-03-31	18.77432
당근	2022-04-01	16.98733
당근	2022-04-02	14.66315
당근	2022-04-03	15.94584
당근	2022-04-04	18.08913
당근	2022-04-05	18.63728
당근	2022-04-06	18.98262
당근	2022-04-07	18.67565
당근	2022-04-08	16.91607
당근	2022-04-09	14.60286
당근	2022-04-10	15.62243
당근	2022-04-11	18.90588
당근	2022-04-12	18.94425
당근	2022-04-13	18.88943
당근	2022-04-14	18.17683
당근	2022-04-15	17.76023
당근	2022-04-16	16.4611
당근	2022-04-17	15.98969
당근	2022-04-18	19.84322
당근	2022-04-19	19.45951
당근	2022-04-20	19.07032
당근	2022-04-21	19.72811
당근	2022-04-22	17.7986
당근	2022-04-23	17.09696
당근	2022-04-24	17.59579
당근	2022-04-25	19.90352
당근	2022-04-26	19.99122
당근	2022-04-27	19.79389
당근	2022-04-28	18.85654
당근	2022-04-29	16.88318
당근	2022-04-30	16.63103
당근	2022-05-01	16.9983
당근	2022-05-02	18.83462
당근	2022-05-03	18.29742
당근	2022-05-04	17.39297
당근	2022-05-05	14.92079
당근	2022-05-06	16.84481
당근	2022-05-07	15.67724
당근	2022-05-08	16.95992
당근	2022-05-09	20.45168
당근	2022-05-10	20.08441
당근	2022-05-11	19.93641
당근	2022-05-12	19.16899
당근	2022-05-13	18.59891
당근	2022-05-14	16.2528
당근	2022-05-15	17.03119
당근	2022-05-16	19.47048
당근	2022-05-17	19.41566
당근	2022-05-18	19.465
당근	2022-05-19	19.56366
당근	2022-05-20	17.27237
당근	2022-05-21	16.17606
당근	2022-05-22	16.97637
당근	2022-05-23	20.22693
당근	2022-05-24	19.67878
당근	2022-05-25	19.49788
당근	2022-05-26	19.54722
당근	2022-05-27	17.96853
당근	2022-05-28	15.38672
당근	2022-05-29	15.94584
당근	2022-05-30	20.23241
당근	2022-05-31	18.20424
당근	2022-06-01	15.8965
당근	2022-06-02	17.38749
당근	2022-06-03	16.94348
당근	2022-06-04	16.3131
당근	2022-06-05	17.27786
당근	2022-06-06	19.77744
당근	2022-06-07	20.29819
당근	2022-06-08	18.96069
당근	2022-06-09	18.7798
당근	2022-06-10	17.51356
당근	2022-06-11	15.04686
당근	2022-06-12	17.21208
당근	2022-06-13	21.31776
당근	2022-06-14	21.49317
당근	2022-06-15	19.75552
당근	2022-06-16	18.98262
당근	2022-06-17	18.11653
당근	2022-06-18	14.48774
당근	2022-06-19	16.12673
당근	2022-06-20	18.65921
당근	2022-06-21	17.98498
당근	2022-06-22	16.87222
당근	2022-06-23	16.87222
당근	2022-06-24	15.84717
당근	2022-06-25	13.00772
당근	2022-06-26	14.38359
당근	2022-06-27	17.54645
당근	2022-06-28	17.94112
당근	2022-06-29	17.25593
당근	2022-06-30	15.85265
당근	2022-07-01	15.22775
당근	2022-07-02	14.08211
당근	2022-07-03	14.5316
당근	2022-07-04	17.3546
당근	2022-07-05	18.11105
당근	2022-07-06	17.25045
당근	2022-07-07	16.83933
당근	2022-07-08	15.05783
당근	2022-07-09	13.27632
당근	2022-07-10	13.80803
당근	2022-07-11	17.8589
당근	2022-07-12	18.0672
당근	2022-07-13	16.46658
당근	2022-07-14	16.44466
당근	2022-07-15	14.89338
당근	2022-07-16	12.73913
당근	2022-07-17	15.53472
당근	2022-07-18	17.33815
당근	2022-07-19	16.75711
당근	2022-07-20	15.8965
당근	2022-07-21	15.61694
당근	2022-07-22	14.37811
당근	2022-07-23	12.8378
당근	2022-07-24	13.74773
당근	2022-07-25	15.81976
당근	2022-07-26	16.3734
당근	2022-07-27	16.02806
당근	2022-07-28	15.30998
당근	2022-07-29	13.47914
당근	2022-07-30	11.86756
당근	2022-07-31	12.6295
당근	2022-08-01	15.10716
당근	2022-08-02	15.20583
당근	2022-08-03	15.04686
당근	2022-08-04	14.59189
당근	2022-08-05	14.95916
당근	2022-08-06	12.25127
당근	2022-08-07	12.73913
당근	2022-08-08	16.20347
당근	2022-08-09	15.52924
당근	2022-08-10	15.24968
당근	2022-08-11	15.54568
당근	2022-08-12	14.51515
당근	2022-08-13	12.7172
당근	2022-08-14	12.41023
당근	2022-08-15	14.19722
당근	2022-08-16	17.32719
당근	2022-08-17	16.77355
당근	2022-08-18	16.65296
당근	2022-08-19	16.03902
당근	2022-08-20	13.6381
당근	2022-08-21	14.02181
당근	2022-08-22	17.17919
당근	2022-08-23	17.26689
당근	2022-08-24	17.7109
당근	2022-08-25	17.3546
당근	2022-08-26	16.07191
당근	2022-08-27	13.44625
당근	2022-08-28	14.08211
당근	2022-08-29	18.63728
당근	2022-08-30	18.14942
당근	2022-08-31	17.22304
당근	2022-09-01	17.36008
당근	2022-09-02	16.25829
당근	2022-09-03	13.81899
당근	2022-09-04	14.31782
당근	2022-09-05	19.55818
당근	2022-09-06	17.04215
당근	2022-09-07	17.36008
당근	2022-09-08	14.96464
당근	2022-09-09	11.08918
당근	2022-09-10	11.24266
당근	2022-09-11	12.94195
당근	2022-09-12	20.73123
당근	2022-09-13	25.57145
당근	2022-09-14	22.14548
당근	2022-09-15	19.99122
당근	2022-09-16	18.14942
당근	2022-09-17	15.32642
당근	2022-09-18	16.39532
당근	2022-09-19	20.65997
당근	2022-09-20	20.08441
당근	2022-09-21	19.7007
당근	2022-09-22	18.62632
당근	2022-09-23	18.53861
당근	2022-09-24	14.04922
당근	2022-09-25	16.8174
당근	2022-09-26	22.01392
당근	2022-09-27	19.77196
당근	2022-09-28	19.50337
당근	2022-09-29	18.55506
당근	2022-09-30	18.2152
당근	2022-10-01	14.95916
당근	2022-10-02	20.1173
당근	2022-10-03	24.6341
당근	2022-10-04	22.48533
당근	2022-10-05	19.45951
당근	2022-10-06	18.50572
당근	2022-10-07	17.45326
당근	2022-10-08	13.46817
당근	2022-10-09	15.38124
당근	2022-10-10	16.76807
당근	2022-10-11	19.77744
당근	2022-10-12	18.82365
당근	2022-10-13	18.62632
당근	2022-10-14	17.32719
당근	2022-10-15	16.92704
당근	2022-10-16	16.74614
당근	2022-10-17	20.70383
당근	2022-10-18	20.39138
당근	2022-10-19	19.38277
당근	2022-10-20	18.29194
당근	2022-10-21	17.68897
당근	2022-10-22	14.30137
당근	2022-10-23	15.0359
당근	2022-10-24	19.21284
당근	2022-10-25	19.16899
당근	2022-10-26	18.86202
당근	2022-10-27	19.03743
당근	2022-10-28	18.11105
당근	2022-10-29	14.40552
당근	2022-10-30	14.00537
당근	2022-10-31	17.78216
당근	2022-11-01	18.50024
당근	2022-11-02	18.75787
당근	2022-11-03	18.75239
당근	2022-11-04	17.33815
당근	2022-11-05	13.14476
당근	2022-11-06	13.2215
당근	2022-11-07	18.6318
당근	2022-11-08	18.39609
당근	2022-11-09	19.20736
당근	2022-11-10	18.85106
당근	2022-11-11	17.36556
당근	2022-11-12	14.2027
당근	2022-11-13	16.75711
당근	2022-11-14	19.64589
당근	2022-11-15	19.20188
당근	2022-11-16	17.72186
당근	2022-11-17	18.19327
당근	2022-11-18	16.41725
당근	2022-11-19	14.46582
당근	2022-11-20	17.27237
당근	2022-11-21	18.7798
당근	2022-11-22	18.94425
당근	2022-11-23	18.1549
당근	2022-11-24	17.69445
당근	2022-11-25	15.72109
당근	2022-11-26	13.5504
당근	2022-11-27	15.27709
당근	2022-11-28	18.31387
당근	2022-11-29	17.97949
당근	2022-11-30	17.84794
당근	2022-12-01	17.37652
당근	2022-12-02	16.34599
당근	2022-12-03	12.31705
당근	2022-12-04	13.96151
당근	2022-12-05	18.20972
당근	2022-12-06	17.83149
당근	2022-12-07	19.14707
당근	2022-12-08	17.76571
당근	2022-12-09	15.97873
당근	2022-12-10	13.15573
당근	2022-12-11	15.17294
당근	2022-12-12	19.17447
당근	2022-12-13	17.63964
당근	2022-12-14	22.69911
당근	2022-12-15	16.35147
당근	2022-12-16	16.14865
당근	2022-12-17	12.69528
당근	2022-12-18	14.263
당근	2022-12-19	17.07504
당근	2022-12-20	16.86126
당근	2022-12-21	17.72734
당근	2022-12-22	16.34599
당근	2022-12-23	14.70701
당근	2022-12-24	12.29512
당근	2022-12-25	13.2215
당근	2022-12-26	17.19563
당근	2022-12-27	17.57934
당근	2022-12-28	17.09696
당근	2022-12-29	15.94584
당근	2022-12-30	15.28257
당근	2022-12-31	12.66239
당근	2023-01-01	14.35619
당근	2023-01-02	19.08677
당근	2023-01-03	19.32247
당근	2023-01-04	18.27002
당근	2023-01-05	18.29742
당근	2023-01-06	17.87534
당근	2023-01-07	15.44702
당근	2023-01-08	17.57934
당근	2023-01-09	21.47124
당근	2023-01-10	20.55582
당근	2023-01-11	20.23789
당근	2023-01-12	19.07032
당근	2023-01-13	18.14942
당근	2023-01-14	16.57622
당근	2023-01-15	16.91059
당근	2023-01-16	18.96069
당근	2023-01-17	19.0484
당근	2023-01-18	18.72499
당근	2023-01-19	17.234
당근	2023-01-20	13.87929
당근	2023-01-21	11.33037
당근	2023-01-22	11.2317
당근	2023-01-23	13.60521
당근	2023-01-24	16.5817
당근	2023-01-25	20.51745
당근	2023-01-26	20.99435
당근	2023-01-27	19.87063
당근	2023-01-28	16.21443
당근	2023-01-29	16.74066
당근	2023-01-30	20.86827
당근	2023-01-31	20.49005
당근	2023-02-01	20.69835
당근	2023-02-02	21.13687
당근	2023-02-03	20.40782
당근	2023-02-04	17.99594
당근	2023-02-05	18.45639
당근	2023-02-06	22.732
당근	2023-02-07	23.15956
당근	2023-02-08	23.30757
당근	2023-02-09	21.66858
당근	2023-02-10	21.16428
당근	2023-02-11	18.28646
당근	2023-02-12	19.72263
당근	2023-02-13	25.32478
당근	2023-02-14	24.4861
당근	2023-02-15	24.26684
당근	2023-02-16	23.77898
당근	2023-02-17	23.46105
당근	2023-02-18	19.93093
당근	2023-02-19	21.07109
당근	2023-02-20	26.30049
당근	2023-02-21	24.65603
당근	2023-02-22	23.72964
당근	2023-02-23	24.05306
당근	2023-02-24	21.76725
당근	2023-02-25	17.47519
당근	2023-02-26	19.67878
당근	2023-02-27	22.18933
당근	2023-02-28	21.86592
당근	2023-03-01	21.56991
당근	2023-03-02	23.05541
당근	2023-03-03	23.97083
당근	2023-03-04	22.25511
당근	2023-03-05	23.08282
당근	2023-03-06	29.01386
당근	2023-03-07	29.18927
당근	2023-03-08	25.11648
당근	2023-03-09	24.96848
당근	2023-03-10	23.88861
당근	2023-03-11	18.27002
당근	2023-03-12	26.36079
당근	2023-03-13	33.41007
당근	2023-03-14	38.45858
당근	2023-03-15	28.49312
당근	2023-03-16	30.6364
당근	2023-03-17	22.94578
당근	2023-03-18	20.44071
당근	2023-03-19	21.72888
당근	2023-03-20	26.64035
당근	2023-03-21	26.21279
당근	2023-03-22	28.11489
당근	2023-03-23	25.41248
당근	2023-03-24	23.72416
당근	2023-03-25	19.94189
당근	2023-03-26	22.7923
당근	2023-03-27	26.33886
당근	2023-03-28	25.65915
당근	2023-03-29	25.97708
당근	2023-03-30	25.80167
당근	2023-03-31	37.34583
당근	2023-04-01	39.08896
당근	2023-04-02	40.49224
당근	2023-04-03	40.74439
당근	2023-04-04	39.41785
당근	2023-04-05	33.39911
당근	2023-04-06	32.10546
당근	2023-04-07	28.18067
당근	2023-04-08	25.60982
당근	2023-04-09	26.23472
당근	2023-04-10	31.14071
당근	2023-04-11	30.47196
당근	2023-04-12	30.72959
당근	2023-04-13	29.7758
당근	2023-04-14	27.50644
당근	2023-04-15	25.39056
당근	2023-04-16	27.84081
당근	2023-04-17	31.53538
당근	2023-04-18	31.40382
당근	2023-04-19	29.17831
당근	2023-04-20	29.41402
당근	2023-04-21	27.07339
당근	2023-04-22	24.59573
당근	2023-04-23	28.27934
당근	2023-04-24	33.55259
당근	2023-04-25	34.49542
당근	2023-04-26	31.10234
당근	2023-04-27	28.76171
당근	2023-04-28	26.21279
당근	2023-04-29	23.19245
당근	2023-04-30	25.42893
당근	2023-05-01	29.0632
당근	2023-05-02	30.11566
당근	2023-05-03	28.49312
당근	2023-05-04	25.93871
당근	2023-05-05	23.72416
당근	2023-05-06	22.42503
당근	2023-05-07	26.65679
당근	2023-05-08	30.09373
당근	2023-05-09	29.0632
당근	2023-05-10	28.83297
당근	2023-05-11	28.89875
당근	2023-05-12	27.21591
당근	2023-05-13	23.43364
당근	2023-05-14	27.12821
당근	2023-05-15	32.39598
당근	2023-05-16	33.3717
당근	2023-05-17	32.66458
당근	2023-05-18	31.03656
당근	2023-05-19	29.24957
당근	2023-05-20	24.51899
당근	2023-05-21	27.91207
당근	2023-05-22	33.63481
당근	2023-05-23	32.62621
당근	2023-05-24	33.35525
당근	2023-05-25	29.78676
당근	2023-05-26	25.11648
당근	2023-05-27	22.18933
당근	2023-05-28	23.98728
당근	2023-05-29	29.15638
당근	2023-05-30	31.5299
당근	2023-05-31	28.97001
당근	2023-06-01	31.57375
당근	2023-06-02	28.6466
당근	2023-06-03	23.4446
당근	2023-06-04	25.41248
당근	2023-06-05	27.40777
당근	2023-06-06	27.90111
당근	2023-06-07	30.86115
당근	2023-06-08	29.54009
당근	2023-06-09	26.13605
당근	2023-06-10	22.41407
당근	2023-06-11	24.80403
당근	2023-06-12	28.99194
당근	2023-06-13	29.11253
당근	2023-06-14	26.69517
당근	2023-06-15	28.19711
당근	2023-06-16	24.80403
당근	2023-06-17	21.31228
당근	2023-06-18	22.14548
당근	2023-06-19	27.45162
당근	2023-06-20	28.65756
당근	2023-06-21	25.34122
당근	2023-06-22	25.60982
당근	2023-06-23	22.95675
당근	2023-06-24	19.15255
당근	2023-06-25	19.19092
당근	2023-06-26	24.56832
당근	2023-06-27	24.77662
당근	2023-06-28	24.66699
당근	2023-06-29	24.10239
당근	2023-06-30	21.49317
당근	2023-07-01	17.93016
당근	2023-07-02	20.29819
당근	2023-07-03	24.16817
당근	2023-07-04	24.28328
당근	2023-07-05	24.28328
당근	2023-07-06	23.11571
당근	2023-07-07	21.71791
당근	2023-07-08	19.30055
당근	2023-07-09	19.47596
당근	2023-07-10	23.76802
당근	2023-07-11	22.97867
당근	2023-07-12	24.03113
당근	2023-07-13	23.59261
당근	2023-07-14	20.88472
당근	2023-07-15	17.97949
당근	2023-07-16	20.00219
당근	2023-07-17	26.8925
당근	2023-07-18	23.71868
당근	2023-07-19	23.25823
당근	2023-07-20	20.57775
당근	2023-07-21	19.42662
당근	2023-07-22	16.57073
당근	2023-07-23	18.31935
당근	2023-07-24	22.55659
당근	2023-07-25	22.16192
당근	2023-07-26	22.6443
당근	2023-07-27	22.17836
당근	2023-07-28	20.43523
당근	2023-07-29	16.23636
당근	2023-07-30	17.23948
당근	2023-07-31	20.64353
당근	2023-08-01	21.20265
당근	2023-08-02	20.86827
당근	2023-08-03	20.47908
당근	2023-08-04	19.45951
당근	2023-08-05	16.86674
당근	2023-08-06	17.21756
당근	2023-08-07	23.25823
당근	2023-08-08	22.67719
당근	2023-08-09	22.77585
당근	2023-08-10	21.80014
당근	2023-08-11	21.13139
당근	2023-08-12	17.20659
당근	2023-08-13	18.18779
당근	2023-08-14	21.83303
당근	2023-08-15	19.79937
당근	2023-08-16	23.38431
당근	2023-08-17	23.34594
당근	2023-08-18	22.1674
당근	2023-08-19	18.17683
당근	2023-08-20	18.32483
당근	2023-08-21	23.46653
당근	2023-08-22	24.9027
당근	2023-08-23	24.41484
당근	2023-08-24	24.39291
당근	2023-08-25	22.08518
당근	2023-08-26	19.08129
당근	2023-08-27	19.92545
당근	2023-08-28	33.3114
당근	2023-08-29	37.43901
당근	2023-08-30	33.70059
당근	2023-08-31	32.33569
당근	2023-09-01	28.89327
당근	2023-09-02	23.54875
당근	2023-09-03	26.34435
당근	2023-09-04	34.22682
당근	2023-09-05	34.07334
당근	2023-09-06	33.24014
당근	2023-09-07	32.55495
당근	2023-09-08	28.33963
당근	2023-09-09	23.5652
당근	2023-09-10	26.73354
당근	2023-09-11	33.29496
당근	2023-09-12	33.18533
당근	2023-09-13	33.07021
당근	2023-09-14	31.69983
당근	2023-09-15	29.54009
당근	2023-09-16	26.67324
당근	2023-09-17	31.3216
당근	2023-09-18	35.4218
당근	2023-09-19	32.16028
당근	2023-09-20	32.07805
당근	2023-09-21	28.49312
당근	2023-09-22	26.22923
당근	2023-09-23	21.52606
당근	2023-09-24	22.50726
당근	2023-09-25	27.08984
당근	2023-09-26	27.19399
당근	2023-09-27	22.56207
당근	2023-09-28	15.73754
당근	2023-09-29	17.36556
당근	2023-09-30	18.97714
당근	2023-10-01	20.69835
당근	2023-10-02	23.78994
당근	2023-10-03	28.69593
당근	2023-10-04	33.33333
당근	2023-10-05	32.45628
당근	2023-10-06	29.7758
당근	2023-10-07	23.19793
당근	2023-10-08	24.28328
당근	2023-10-09	29.54009
당근	2023-10-10	32.75777
당근	2023-10-11	33.03732
당근	2023-10-12	31.2613
당근	2023-10-13	28.52052
당근	2023-10-14	23.62001
당근	2023-10-15	25.8839
당근	2023-10-16	33.6677
당근	2023-10-17	32.43983
당근	2023-10-18	31.6176
당근	2023-10-19	33.47037
당근	2023-10-20	27.89563
당근	2023-10-21	22.69363
당근	2023-10-22	24.55736
당근	2023-10-23	33.86504
당근	2023-10-24	36.847
당근	2023-10-25	32.97155
당근	2023-10-26	29.9238
당근	2023-10-27	29.57846
당근	2023-10-28	24.41484
당근	2023-10-29	26.1799
당근	2023-10-30	33.6403
당근	2023-10-31	32.93317
당근	2023-11-01	33.4594
당근	2023-11-02	32.33569
당근	2023-11-03	31.1736
당근	2023-11-04	24.89173
당근	2023-11-05	29.78676
당근	2023-11-06	37.44449
당근	2023-11-07	34.72564
당근	2023-11-08	33.84859
당근	2023-11-09	33.32785
당근	2023-11-10	33.27303
당근	2023-11-11	24.97944
당근	2023-11-12	27.30362
당근	2023-11-13	35.16965
당근	2023-11-14	33.56904
당근	2023-11-15	32.0342
당근	2023-11-16	31.26678
당근	2023-11-17	29.60039
당근	2023-11-18	23.18697
당근	2023-11-19	25.00137
당근	2023-11-20	33.33333
당근	2023-11-21	34.11719
당근	2023-11-22	33.77185
당근	2023-11-23	31.48604
당근	2023-11-24	28.11489
당근	2023-11-25	22.95675
당근	2023-11-26	24.45869
당근	2023-11-27	32.06709
당근	2023-11-28	32.65362
당근	2023-11-29	31.31612
당근	2023-11-30	29.77032
당근	2023-12-01	26.8925
당근	2023-12-02	23.39527
당근	2023-12-03	25.18774
당근	2023-12-04	31.85879
당근	2023-12-05	31.06945
당근	2023-12-06	32.31376
당근	2023-12-07	31.21745
당근	2023-12-08	28.82749
당근	2023-12-09	24.10239
당근	2023-12-10	27.18302
당근	2023-12-11	34.62698
당근	2023-12-12	34.0843
당근	2023-12-13	32.91673
당근	2023-12-14	31.82042
당근	2023-12-15	29.69906
당근	2023-12-16	25.15485
당근	2023-12-17	26.70065
당근	2023-12-18	32.98251
당근	2023-12-19	33.00444
당근	2023-12-20	30.44455
당근	2023-12-21	30.09921
당근	2023-12-22	29.73743
당근	2023-12-23	24.90818
당근	2023-12-24	23.8009
당근	2023-12-25	25.35767
당근	2023-12-26	32.97155
당근	2023-12-27	31.97938
당근	2023-12-28	31.00367
당근	2023-12-29	27.64347
당근	2023-12-30	25.03974
당근	2023-12-31	24.56832
당근	2024-01-01	28.01074
당근	2024-01-02	36.54552
당근	2024-01-03	38.26673
당근	2024-01-04	37.85561
당근	2024-01-05	34.84624
당근	2024-01-06	29.53461
당근	2024-01-07	32.66458
당근	2024-01-08	36.88538
당근	2024-01-09	38.09132
당근	2024-01-10	37.31842
당근	2024-01-11	37.29101
당근	2024-01-12	35.20254
당근	2024-01-13	30.17047
당근	2024-01-14	32.35213
당근	2024-01-15	40.48676
당근	2024-01-16	40.57446
당근	2024-01-17	39.84542
당근	2024-01-18	38.78199
당근	2024-01-19	34.65986
당근	2024-01-20	30.78441
당근	2024-01-21	33.24562
당근	2024-01-22	39.62067
당근	2024-01-23	38.44762
당근	2024-01-24	38.21739
당근	2024-01-25	37.42257
당근	2024-01-26	37.89398
당근	2024-01-27	32.6865
당근	2024-01-28	35.04905
당근	2024-01-29	41.78589
당근	2024-01-30	51.59787
당근	2024-01-31	46.85632
당근	2024-02-01	49.07087
당근	2024-02-02	48.86257
당근	2024-02-03	40.06468
당근	2024-02-04	44.71852
당근	2024-02-05	48.10064
당근	2024-02-06	45.07482
당근	2024-02-07	41.92292
당근	2024-02-08	36.50715
당근	2024-02-09	30.36781
당근	2024-02-10	39.03963
당근	2024-02-11	42.41078
당근	2024-02-12	50.85786
당근	2024-02-13	60.76851
당근	2024-02-14	52.23373
당근	2024-02-15	58.7787
당근	2024-02-16	54.10294
당근	2024-02-17	46.18209
당근	2024-02-18	50.98393
당근	2024-02-19	71.41369
당근	2024-02-20	72.83341
당근	2024-02-21	70.64627
당근	2024-02-22	67.11615
당근	2024-02-23	64.91805
당근	2024-02-24	61.1577
당근	2024-02-25	64.22189
당근	2024-02-26	71.50139
당근	2024-02-27	61.31118
당근	2024-02-28	59.36523
당근	2024-02-29	55.47333
당근	2024-03-01	55.3034
당근	2024-03-02	62.09505
당근	2024-03-03	61.23444
당근	2024-03-04	68.42076
당근	2024-03-05	67.82875
당근	2024-03-06	59.77635
당근	2024-03-07	60.52732
당근	2024-03-08	54.86487
당근	2024-03-09	50.40837
당근	2024-03-10	51.08808
당근	2024-03-11	63.95329
당근	2024-03-12	58.02225
당근	2024-03-13	56.79986
당근	2024-03-14	52.49136
당근	2024-03-15	45.68327
당근	2024-03-16	46.55484
당근	2024-03-17	52.67225
당근	2024-03-18	60.64243
당근	2024-03-19	59.91887
당근	2024-03-20	58.48818
당근	2024-03-21	55.25407
당근	2024-03-22	52.35432
당근	2024-03-23	41.45151
당근	2024-03-24	46.85632
당근	2024-03-25	59.81472
당근	2024-03-26	55.69807
당근	2024-03-27	59.72701
당근	2024-03-28	53.68634
당근	2024-03-29	48.77487
당근	2024-03-30	39.36852
당근	2024-03-31	41.30899
당근	2024-04-01	54.56339
당근	2024-04-02	49.53132
당근	2024-04-03	49.87666
당근	2024-04-04	44.39511
당근	2024-04-05	43.43583
당근	2024-04-06	37.48835
당근	2024-04-07	41.72011
당근	2024-04-08	55.78578
당근	2024-04-09	55.37466
당근	2024-04-10	39.46171
당근	2024-04-11	50.67697
당근	2024-04-12	45.71616
당근	2024-04-13	41.53922
당근	2024-04-14	45.13512
당근	2024-04-15	59.1679
당근	2024-04-16	62.81313
당근	2024-04-17	54.68398
당근	2024-04-18	51.4115
당근	2024-04-19	43.21657
당근	2024-04-20	34.89009
당근	2024-04-21	37.82272
당근	2024-04-22	50.55089
당근	2024-04-23	49.09828
당근	2024-04-24	47.61826
당근	2024-04-25	45.05837
당근	2024-04-26	40.32231
당근	2024-04-27	31.09137
당근	2024-04-28	35.03809
당근	2024-04-29	46.42328
당근	2024-04-30	42.6739
당근	2024-05-01	38.85325
당근	2024-05-02	44.29644
당근	2024-05-03	36.56196
당근	2024-05-04	29.21668
당근	2024-05-05	31.25034
당근	2024-05-06	38.34347
당근	2024-05-07	46.85632
당근	2024-05-08	42.17508
당근	2024-05-09	50.79756
당근	2024-05-10	36.43041
당근	2024-05-11	32.05613
당근	2024-05-12	32.8674
당근	2024-05-13	48.00745
당근	2024-05-14	40.48676
당근	2024-05-15	35.67395
당근	2024-05-16	41.21032
당근	2024-05-17	35.61914
당근	2024-05-18	27.45162
당근	2024-05-19	30.03891
당근	2024-05-20	43.86339
당근	2024-05-21	41.30899
당근	2024-05-22	39.45074
당근	2024-05-23	38.89711
당근	2024-05-24	32.91125
당근	2024-05-25	26.84865
당근	2024-05-26	30.80085
당근	2024-05-27	38.42569
당근	2024-05-28	39.29726
당근	2024-05-29	37.67472
당근	2024-05-30	38.23932
당근	2024-05-31	34.0843
당근	2024-06-01	27.11176
당근	2024-06-02	31.34901
당근	2024-06-03	41.30899
당근	2024-06-04	36.33174
당근	2024-06-05	34.02949
당근	2024-06-06	30.11566
당근	2024-06-07	32.79065
당근	2024-06-08	32.96606
당근	2024-06-09	30.61448
당근	2024-06-10	39.56037
당근	2024-06-11	42.87123
당근	2024-06-12	38.85325
당근	2024-06-13	36.78123
당근	2024-06-14	33.61289
당근	2024-06-15	27.89014
당근	2024-06-16	28.98097
당근	2024-06-17	40.32779
당근	2024-06-18	39.95505
당근	2024-06-19	38.46406
당근	2024-06-20	37.04982
당근	2024-06-21	33.91437
당근	2024-06-22	25.20418
당근	2024-06-23	28.2903
당근	2024-06-24	36.02477
당근	2024-06-25	37.88302
당근	2024-06-26	35.30669
당근	2024-06-27	35.52595
당근	2024-06-28	30.89404
당근	2024-06-29	25.99353
당근	2024-06-30	28.81653
당근	2024-07-01	37.99813
당근	2024-07-02	40.1469
당근	2024-07-03	42.59167
당근	2024-07-04	39.88927
당근	2024-07-05	37.60894
당근	2024-07-06	30.28558
당근	2024-07-07	33.50326
당근	2024-07-08	43.24398
당근	2024-07-09	41.74203
당근	2024-07-10	39.81253
당근	2024-07-11	38.96288
당근	2024-07-12	35.38343
당근	2024-07-13	25.38507
당근	2024-07-14	28.27934
당근	2024-07-15	36.78671
당근	2024-07-16	37.95976
당근	2024-07-17	36.30981
당근	2024-07-18	35.2135
당근	2024-07-19	33.97467
당근	2024-07-20	25.76878
당근	2024-07-21	27.07887
당근	2024-07-22	37.30197
당근	2024-07-23	36.52907
당근	2024-07-24	35.17513
당근	2024-07-25	33.76637
당근	2024-07-26	30.6967
당근	2024-07-27	24.34906
당근	2024-07-28	25.53856
당근	2024-07-29	34.22134
당근	2024-07-30	31.48056
당근	2024-07-31	32.2425
당근	2024-08-01	32.83451
당근	2024-08-02	30.28558
당근	2024-08-03	24.83692
당근	2024-08-04	26.59102
당근	2024-08-05	35.94255
당근	2024-08-06	35.57528
당근	2024-08-07	34.70372
당근	2024-08-08	35.76166
당근	2024-08-09	32.22057
당근	2024-08-10	26.60198
당근	2024-08-11	30.2801
당근	2024-08-12	38.78199
당근	2024-08-13	37.6802
당근	2024-08-14	35.54239
당근	2024-08-15	29.76484
당근	2024-08-16	32.87288
당근	2024-08-17	28.42734
당근	2024-08-18	30.0444
당근	2024-08-19	43.74828
당근	2024-08-20	49.26273
당근	2024-08-21	49.42169
당근	2024-08-22	41.61596
당근	2024-08-23	47.38803
당근	2024-08-24	29.49076
당근	2024-08-25	32.06709
당근	2024-08-26	44.90489
당근	2024-08-27	43.03568
당근	2024-08-28	42.24634
당근	2024-08-29	39.26985
당근	2024-08-30	34.4406
당근	2024-08-31	29.71002
당근	2024-09-01	31.79301
당근	2024-09-02	42.87123
당근	2024-09-03	40.78276
당근	2024-09-04	39.60423
당근	2024-09-05	39.79608
당근	2024-09-06	35.46565
당근	2024-09-07	28.07652
당근	2024-09-08	30.79537
당근	2024-09-09	40.82113
당근	2024-09-10	45.07482
당근	2024-09-11	41.73655
당근	2024-09-12	40.04275
당근	2024-09-13	31.28323
당근	2024-09-14	23.87217
당근	2024-09-15	23.12667
당근	2024-09-16	21.42739
당근	2024-09-17	22.86356
당근	2024-09-18	33.85956
당근	2024-09-19	45.6449
당근	2024-09-20	43.32072
당근	2024-09-21	32.35213
당근	2024-09-22	35.24091
당근	2024-09-23	46.4781
당근	2024-09-24	47.25648
당근	2024-09-25	45.33245
당근	2024-09-26	44.22518
당근	2024-09-27	41.78589
당근	2024-09-28	31.5573
당근	2024-09-29	33.74444
당근	2024-09-30	46.25883
당근	2024-10-01	40.67861
당근	2024-10-02	45.19541
당근	2024-10-03	33.83763
당근	2024-10-04	40.4429
당근	2024-10-05	31.85879
당근	2024-10-06	34.86816
당근	2024-10-07	48.63783
당근	2024-10-08	40.76632
당근	2024-10-09	33.30592
당근	2024-10-10	38.57369
당근	2024-10-11	36.85249
당근	2024-10-12	29.44142
당근	2024-10-13	32.64265
당근	2024-10-14	44.16488
당근	2024-10-15	41.64337
당근	2024-10-16	41.46247
당근	2024-10-17	38.23932
당근	2024-10-18	37.52124
당근	2024-10-19	27.64896
당근	2024-10-20	31.48604
당근	2024-10-21	42.47108
당근	2024-10-22	49.48199
당근	2024-10-23	40.36616
당근	2024-10-24	37.67472
당근	2024-10-25	33.55259
당근	2024-10-26	26.78835
당근	2024-10-27	29.0029
당근	2024-10-28	40.32231
당근	2024-10-29	40.64572
당근	2024-10-30	40.77728
당근	2024-10-31	37.7405
당근	2024-11-01	34.10623
당근	2024-11-02	26.95828
당근	2024-11-03	29.15638
당근	2024-11-04	43.13983
당근	2024-11-05	41.97226
당근	2024-11-06	39.13829
당근	2024-11-07	38.88614
당근	2024-11-08	37.20879
당근	2024-11-09	28.08748
당근	2024-11-10	30.09921
당근	2024-11-11	41.04039
당근	2024-11-12	40.91432
당근	2024-11-13	39.29726
당근	2024-11-14	41.17743
당근	2024-11-15	39.40141
당근	2024-11-16	33.20725
당근	2024-11-17	35.50402
당근	2024-11-18	47.31677
당근	2024-11-19	45.71068
당근	2024-11-20	45.23378
당근	2024-11-21	43.25494
당근	2024-11-22	37.87206
당근	2024-11-23	30.21981
당근	2024-11-24	31.34901
당근	2024-11-25	42.66842
당근	2024-11-26	45.4366
당근	2024-11-27	42.59167
당근	2024-11-28	37.68568
당근	2024-11-29	34.96683
당근	2024-11-30	30.85018
당근	2024-12-01	33.93082
당근	2024-12-02	42.12026
당근	2024-12-03	40.98558
당근	2024-12-04	36.92375
당근	2024-12-05	38.94096
당근	2024-12-06	33.70059
당근	2024-12-07	28.48763
당근	2024-12-08	31.44767
당근	2024-12-09	41.67625
당근	2024-12-10	39.41237
당근	2024-12-11	38.96837
당근	2024-12-12	37.55413
당근	2024-12-13	35.46017
당근	2024-12-14	30.88307
당근	2024-12-15	34.72016
당근	2024-12-16	44.95422
당근	2024-12-17	39.83445
당근	2024-12-18	43.30976
당근	2024-12-19	40.53061
당근	2024-12-20	37.68568
당근	2024-12-21	34.41868
당근	2024-12-22	36.6113
당근	2024-12-23	44.46088
당근	2024-12-24	33.69511
당근	2024-12-25	29.8361
당근	2024-12-26	42.98635
당근	2024-12-27	38.27221
당근	2024-12-28	32.86191
당근	2024-12-29	33.77733
당근	2024-12-30	38.49695
당근	2024-12-31	34.34742
당근	2025-01-01	31.10782
당근	2025-01-02	41.95581
당근	2025-01-03	42.71227
당근	2025-01-04	33.09214
당근	2025-01-05	37.20331
당근	2025-01-06	46.91114
당근	2025-01-07	47.33322
당근	2025-01-08	44.63081
당근	2025-01-09	44.0388
당근	2025-01-10	41.25966
당근	2025-01-11	34.28712
당근	2025-01-12	36.46878
당근	2025-01-13	48.18834
당근	2025-01-14	49.72866
당근	2025-01-15	46.00668
당근	2025-01-16	49.7451
당근	2025-01-17	45.4366
당근	2025-01-18	38.68333
당근	2025-01-19	37.22523
당근	2025-01-20	45.80935
당근	2025-01-21	44.06621
당근	2025-01-22	42.42175
당근	2025-01-23	38.81488
당근	2025-01-24	35.18609
당근	2025-01-25	31.30515
당근	2025-01-26	31.17908
당근	2025-01-27	30.76248
당근	2025-01-28	26.51976
당근	2025-01-29	26.48139
당근	2025-01-30	33.48133
당근	2025-01-31	44.40059
당근	2025-02-01	41.13358
당근	2025-02-02	43.73184
당근	2025-02-03	52.47492
당근	2025-02-04	52.24469
당근	2025-02-05	53.24782
당근	2025-02-06	50.36452
당근	2025-02-07	47.09751
당근	2025-02-08	38.18999
당근	2025-02-09	43.36457
당근	2025-02-10	70.94776
당근	2025-02-11	47.57441
당근	2025-02-12	48.8845
당근	2025-02-13	50.7263
당근	2025-02-14	45.07482
당근	2025-02-15	40.03179
당근	2025-02-16	40.10305
당근	2025-02-17	57.69884
당근	2025-02-18	57.82491
당근	2025-02-19	57.90166
당근	2025-02-20	53.93849
당근	2025-02-21	48.21575
당근	2025-02-22	39.26437
당근	2025-02-23	40.48128
당근	2025-02-24	52.86959
당근	2025-02-25	48.98865
당근	2025-02-26	52.29951
당근	2025-02-27	47.22907
당근	2025-02-28	41.22677
당근	2025-03-01	34.35838
당근	2025-03-02	37.75694
당근	2025-03-03	39.76319
당근	2025-03-04	47.66759
당근	2025-03-05	47.3387
당근	2025-03-06	50.12881
당근	2025-03-07	44.11555
당근	2025-03-08	35.78906
당근	2025-03-09	39.75771
당근	2025-03-10	53.18204
당근	2025-03-11	54.96902
당근	2025-03-12	49.63547
당근	2025-03-13	49.16406
당근	2025-03-14	44.35125
당근	2025-03-15	34.60505
당근	2025-03-16	38.83133
당근	2025-03-17	52.86411
당근	2025-03-18	50.32067
당근	2025-03-19	48.03486
당근	2025-03-20	46.12728
당근	2025-03-21	42.15315
당근	2025-03-22	34.61601
당근	2025-03-23	36.6716
당근	2025-03-24	52.37625
당근	2025-03-25	48.63235
당근	2025-03-26	44.5157
당근	2025-03-27	43.0905
당근	2025-03-28	42.70131
당근	2025-03-29	31.21745
당근	2025-03-30	35.32313
당근	2025-03-31	47.54152
당근	2025-04-01	46.89469
당근	2025-04-02	47.95812
당근	2025-04-03	44.97067
당근	2025-04-04	41.32543
당근	2025-04-05	33.95823
당근	2025-04-06	35.84388
당근	2025-04-07	49.09828
당근	2025-04-08	46.55484
당근	2025-04-09	45.48045
당근	2025-04-10	43.72087
당근	2025-04-11	39.74127
당근	2025-04-12	31.04204
당근	2025-04-13	32.25346
당근	2025-04-14	47.98004
당근	2025-04-15	46.6864
당근	2025-04-16	46.00668
당근	2025-04-17	44.42799
당근	2025-04-18	41.83522
당근	2025-04-19	32.10546
당근	2025-04-20	33.3717
당근	2025-04-21	47.68404
당근	2025-04-22	47.61278
당근	2025-04-23	46.58773
당근	2025-04-24	45.83675
당근	2025-04-25	41.31995
당근	2025-04-26	28.41089
당근	2025-04-27	31.17908
당근	2025-04-28	43.32072
당근	2025-04-29	44.75141
당근	2025-04-30	41.46796
당근	2025-05-01	32.06709
당근	2025-05-02	32.29731
당근	2025-05-03	30.0718
당근	2025-05-04	27.76955
당근	2025-05-05	30.37329
당근	2025-05-06	33.76089
당근	2025-05-07	42.49849
당근	2025-05-08	41.81877
당근	2025-05-09	38.97933
당근	2025-05-10	29.68809
당근	2025-05-11	29.46335
당근	2025-05-12	42.56427
당근	2025-05-13	44.38414
당근	2025-05-14	42.9096
당근	2025-05-15	41.66529
당근	2025-05-16	36.97308
당근	2025-05-17	27.63251
당근	2025-05-18	29.34824
당근	2025-05-19	44.24162
당근	2025-05-20	45.20638
당근	2025-05-21	44.64726
당근	2025-05-22	41.48988
당근	2025-05-23	38.7491
당근	2025-05-24	29.02483
당근	2025-05-25	29.52365
당근	2025-05-26	45.42564
당근	2025-05-27	44.48829
당근	2025-05-28	41.34736
당근	2025-05-29	42.98086
당근	2025-05-30	41.06232
당근	2025-05-31	29.26601
당근	2025-06-01	31.03108
당근	2025-06-02	48.35827
당근	2025-06-03	33.11407
당근	2025-06-04	42.85479
당근	2025-06-05	41.22129
당근	2025-06-06	30.86663
당근	2025-06-07	30.88307
당근	2025-06-08	31.68886
당근	2025-06-09	45.98476
당근	2025-06-10	45.0803
당근	2025-06-11	44.28547
당근	2025-06-12	44.0114
당근	2025-06-13	40.26201
당근	2025-06-14	33.07021
당근	2025-06-15	32.78517
당근	2025-06-16	49.39976
당근	2025-06-17	44.69659
당근	2025-06-18	45.57364
당근	2025-06-19	44.35125
당근	2025-06-20	42.16959
당근	2025-06-21	31.99035
당근	2025-06-22	31.65049
당근	2025-06-23	46.52195
당근	2025-06-24	45.0803
당근	2025-06-25	41.44055
당근	2025-06-26	46.99336
당근	2025-06-27	41.47344
당근	2025-06-28	28.86038
당근	2025-06-29	29.97314
당근	2025-06-30	44.9323
당근	2025-07-01	43.68798
당근	2025-07-02	44.20873
당근	2025-07-03	40.11401
당근	2025-07-04	36.42493
당근	2025-07-05	28.43282
당근	2025-07-06	28.65756
당근	2025-07-07	43.87436
당근	2025-07-08	43.56191
당근	2025-07-09	42.16411
당근	2025-07-10	41.01299
당근	2025-07-11	40.68409
당근	2025-07-12	28.19711
당근	2025-07-13	28.13681
당근	2025-07-14	53.97138
당근	2025-07-15	44.38414
당근	2025-07-16	41.85166
당근	2025-07-17	38.05843
당근	2025-07-18	36.63871
당근	2025-07-19	27.91207
당근	2025-07-20	28.35608
당근	2025-07-21	41.22129
당근	2025-07-22	43.95658
당근	2025-07-23	41.62144
당근	2025-07-24	38.25028
당근	2025-07-25	38.3928
당근	2025-07-26	27.50644
당근	2025-07-27	29.37565
당근	2025-07-28	44.46637
당근	2025-07-29	42.03256
당근	2025-07-30	40.37713
당근	2025-07-31	39.13281
당근	2025-08-01	36.18922
당근	2025-08-02	27.47903
당근	2025-08-03	28.39445
당근	2025-08-04	41.39121
당근	2025-08-05	42.71775
당근	2025-08-06	44.02784
당근	2025-08-07	44.53763
당근	2025-08-08	38.69429
당근	2025-08-09	27.9614
당근	2025-08-10	30.15403
당근	2025-08-11	45.81483
당근	2025-08-12	45.05289
당근	2025-08-13	42.52041
당근	2025-08-14	40.91432
당근	2025-08-15	28.87682
당근	2025-08-16	29.05223
당근	2025-08-17	29.99506
당근	2025-08-18	47.28937
당근	2025-08-19	45.32149
당근	2025-08-20	44.48829
당근	2025-08-21	45.86416
당근	2025-08-22	43.37554
당근	2025-08-23	31.20649
당근	2025-08-24	32.97703
당근	2025-08-25	49.09828
당근	2025-08-26	45.68327
당근	2025-08-27	47.58537
당근	2025-08-28	45.89157
당근	2025-08-29	43.75925
당근	2025-08-30	30.79537
당근	2025-08-31	31.11878
당근	2025-09-01	47.26196
당근	2025-09-02	46.98788
당근	2025-09-03	46.81247
당근	2025-09-04	46.6261
당근	2025-09-05	44.20325
당근	2025-09-06	31.1736
당근	2025-09-07	32.03968
당근	2025-09-08	49.5368
당근	2025-09-09	49.43265
당근	2025-09-10	47.85397
당근	2025-09-11	49.93148
당근	2025-09-12	46.12728
당근	2025-09-13	34.48445
당근	2025-09-14	32.93317
당근	2025-09-15	50.9949
당근	2025-09-16	53.16011
당근	2025-09-17	50.54541
당근	2025-09-18	46.74669
당근	2025-09-19	45.69423
당근	2025-09-20	32.26443
당근	2025-09-21	34.07882
당근	2025-09-22	49.79992
당근	2025-09-23	47.65663
당근	2025-09-24	48.24864
당근	2025-09-25	47.547
당근	2025-09-26	42.62456
당근	2025-09-27	31.31063
당근	2025-09-28	33.1634
당근	2025-09-29	49.02154
당근	2025-09-30	47.10847
당근	2025-10-01	42.47108
당근	2025-10-02	38.21191
당근	2025-10-03	29.91832
당근	2025-10-04	26.73354
당근	2025-10-05	24.7821
당근	2025-10-06	24.95751
당근	2025-10-07	27.63799
당근	2025-10-08	32.43435
당근	2025-10-09	35.24091
당근	2025-10-10	45.44756
당근	2025-10-11	34.82979
당근	2025-10-12	36.50715
당근	2025-10-13	53.53286
당근	2025-10-14	50.38644
당근	2025-10-15	49.72866
당근	2025-10-16	48.64331
당근	2025-10-17	45.40371
당근	2025-10-18	32.24798
당근	2025-10-19	32.39598
당근	2025-10-20	50.518
당근	2025-10-21	49.20243
당근	2025-10-22	46.63158
당근	2025-10-23	47.85945
당근	2025-10-24	44.47733
당근	2025-10-25	32.25894
당근	2025-10-26	33.04829
당근	2025-10-27	50.63311
당근	2025-10-28	50.29326
당근	2025-10-29	47.80463
당근	2025-10-30	47.6073
당근	2025-10-31	42.8822
당근	2025-11-01	31.90264
당근	2025-11-02	32.98251
당근	2025-11-03	49.82184
당근	2025-11-04	56.90401
당근	2025-11-05	48.45694
당근	2025-11-06	48.04034
당근	2025-11-07	44.55955
당근	2025-11-08	31.46412
당근	2025-11-09	32.57687
당근	2025-11-10	49.55873
당근	2025-11-11	49.39976
당근	2025-11-12	47.44285
당근	2025-11-13	52.6887
당근	2025-11-14	46.71928
당근	2025-11-15	32.97155
당근	2025-11-16	34.65986
당근	2025-11-17	52.3598
당근	2025-11-18	55.19377
당근	2025-11-19	50.7866
당근	2025-11-20	47.05914
당근	2025-11-21	44.40059
당근	2025-11-22	32.02324
당근	2025-11-23	32.88932
당근	2025-11-24	51.82261
당근	2025-11-25	52.6284
당근	2025-11-26	50.56734
당근	2025-11-27	50.15622
당근	2025-11-28	43.29879
당근	2025-11-29	31.97938
당근	2025-11-30	33.15244
당근	2025-12-01	51.59239
당근	2025-12-02	53.25878
당근	2025-12-03	52.06928
당근	2025-12-04	48.73102
당근	2025-12-05	44.47733
당근	2025-12-06	32.87836
당근	2025-12-07	34.40771
당근	2025-12-08	52.05284
당근	2025-12-09	53.01211
당근	2025-12-10	50.64956
당근	2025-12-11	48.70909
당근	2025-12-12	47.42641
당근	2025-12-13	36.78671
당근	2025-12-14	36.30981
당근	2025-12-15	54.13035
당근	2025-12-16	53.47804
당근	2025-12-17	51.4389
당근	2025-12-18	48.8845
당근	2025-12-19	45.25023
당근	2025-12-20	33.68415
당근	2025-12-21	34.62149
당근	2025-12-22	52.14054
당근	2025-12-23	50.28778
당근	2025-12-24	45.51334
당근	2025-12-25	33.77733
당근	2025-12-26	46.11631
당근	2025-12-27	35.90418
당근	2025-12-28	37.10464
당근	2025-12-29	52.67225
당근	2025-12-30	50.8469
당근	2025-12-31	42.32856
당근	2026-01-01	38.14065
당근	2026-01-02	50.68793
당근	2026-01-03	38.79844
당근	2026-01-04	48.97769
당근	2026-01-05	57.65499
당근	2026-01-06	60.07235
당근	2026-01-07	59.01441
당근	2026-01-08	59.91339
당근	2026-01-09	52.33788
당근	2026-01-10	41.93389
당근	2026-01-11	42.25182
당근	2026-01-12	59.80376
당근	2026-01-13	57.46313
당근	2026-01-14	56.71764
당근	2026-01-15	53.72471
당근	2026-01-16	51.36764
당근	2026-01-17	37.02241
당근	2026-01-18	39.20955
당근	2026-01-19	56.80534
당근	2026-01-20	55.67066
당근	2026-01-21	54.3825
당근	2026-01-22	55.06221
당근	2026-01-23	50.81949
당근	2026-01-24	38.3051
당근	2026-01-25	38.89162
당근	2026-01-26	57.40832
당근	2026-01-27	56.87661
당근	2026-01-28	54.97451
당근	2026-01-29	53.31359
당근	2026-01-30	49.49295
당근	2026-01-31	38.49147
당근	2026-02-01	39.40689
당근	2026-02-02	57.4138
당근	2026-02-03	55.08962
당근	2026-02-04	53.5493
당근	2026-02-05	51.14838
당근	2026-02-06	50.13429
당근	2026-02-07	37.8885
당근	2026-02-08	38.46954
당근	2026-02-09	53.76856
당근	2026-02-10	52.59003
당근	2026-02-11	52.95181
당근	2026-02-12	50.25489
당근	2026-02-13	43.83051
당근	2026-02-14	31.91909
당근	2026-02-15	30.11566
당근	2026-02-16	28.43282
당근	2026-02-17	29.74291
당근	2026-02-18	38.70525
당근	2026-02-19	56.37778
당근	2026-02-20	54.76073
당근	2026-02-21	39.77964
당근	2026-02-22	41.46247
당근	2026-02-23	58.92671
당근	2026-02-24	100
당근	2026-02-25	57.23291
당근	2026-02-26	53.87271
당근	2026-02-27	49.35043
당근	2026-02-28	39.26985
당근	2026-03-01	37.63635
당근	2026-03-02	44.22518
당근	2026-03-03	54.21805
당근	2026-03-04	51.47179
당근	2026-03-05	54.25642
당근	2026-03-06	51.29638
당근	2026-03-07	40.93624
당근	2026-03-08	40.86498
당근	2026-03-09	63.10913
당근	2026-03-10	56.00504
당근	2026-03-11	57.34254
당근	2026-03-12	59.1076
당근	2026-03-13	54.55243
당근	2026-03-14	40.28942
당근	2026-03-15	41.34736
당근	2026-03-16	61.05903
당근	2026-03-17	68.66195
당근	2026-03-18	59.09115
당근	2026-03-19	55.50074
당근	2026-03-20	51.14838
당근	2026-03-21	36.92375
당근	2026-03-22	38.40925
당근	2026-03-23	60.69177
당근	2026-03-24	56.53127
당근	2026-03-25	55.39659
당근	2026-03-26	54.96354
당근	2026-03-27	48.82968
당근	2026-03-28	39.76319
당근	2026-03-29	38.0968
당근	2026-03-30	58.72389
당근	2026-03-31	53.20396
당근	2026-04-01	52.69966
당근	2026-04-02	52.78188
당근	2026-04-03	48.84613
당근	2026-04-04	36.51811
당근	2026-04-05	36.86345
당근	2026-04-06	58.51559
당근	2026-04-07	58.20862
당근	2026-04-08	54.64013
당근	2026-04-09	54.11938
당근	2026-04-10	50.28778
당근	2026-04-11	34.27067
당근	2026-04-12	36.34818
당근	2026-04-13	58.17025
당근	2026-04-14	56.95335
당근	2026-04-15	55.93378
당근	2026-04-16	53.67538
당근	2026-04-17	49.86022
당근	2026-04-18	34.88461
당근	2026-04-19	38.05843
당근	2026-04-20	60.26421
당근	2026-04-21	55.88444
당근	2026-04-22	53.98234
당근	2026-04-23	53.92753
당근	2026-04-24	49.23532
당근	2026-04-25	33.94178
당근	2026-04-26	34.85172
당근	2026-04-27	55.16088
당근	2026-04-28	53.83982
당근	2026-04-29	52.58455
당근	2026-04-30	46.40684
당근	2026-05-01	35.62462
당근	2026-05-02	34.19393
당근	2026-05-03	36.30981
당근	2026-05-04	47.547
당근	2026-05-05	45.55171
당근	2026-05-06	52.82574
당근	2026-05-07	51.52661
당근	2026-05-08	48.16641
당근	2026-05-09	35.93707
당근	2026-05-10	36.83056
당근	2026-05-11	56.35586
당근	2026-05-12	56.06534
당근	2026-05-13	56.19689
당근	2026-05-14	52.22277
당근	2026-05-15	49.49295
당근	2026-05-16	37.44449
당근	2026-05-17	38.04198
당근	2026-05-18	59.0473
당근	2026-05-19	55.79126
당근	2026-05-20	55.29792
당근	2026-05-21	52.05832
당근	2026-05-22	46.33558
당근	2026-05-23	33.25111
당근	2026-05-24	32.57139
당근	2026-05-25	40.42646
당근	2026-05-26	57.40832
당근	2026-05-27	54.33316
당근	2026-05-28	50.57282
당근	2026-05-29	44.69111
당근	2026-05-30	32.05064
당근	2026-05-31	34.75853
당근	2026-06-01	49.33947
당근	2026-06-02	49.26821
당근	2026-06-03	36.20018
당근	2026-06-04	49.26273
당근	2026-06-05	44.23066
당근	2026-06-06	30.70218
당근	2026-06-07	31.47508
당근	2026-06-08	50.84141
당근	2026-06-09	52.51877
당근	2026-06-10	49.10924
당근	2026-06-11	47.547
당근	2026-06-12	42.23537
당근	2026-06-13	31.14619
당근	2026-06-14	32.37954
당근	2026-06-15	52.01447
당근	2026-06-16	52.39269
당근	2026-06-17	49.69029
당근	2026-06-18	48.37471
당근	2026-06-19	41.94485
당근	2026-06-20	31.86427
당근	2026-06-21	32.20961
당근	2026-06-22	52.60099
당근	2026-06-23	50.42482
당근	2026-06-24	48.64331
당근	2026-06-25	46.26432
당근	2026-06-26	43.69895
당근	2026-06-27	33.04281
당근	2026-06-28	31.71627
당근	2026-06-29	52.11313
당근	2026-06-30	50.18911
당근	2026-07-01	48.74198
당근	2026-07-02	47.11944
당근	2026-07-03	45.75453
당근	2026-07-04	31.10782
당근	2026-07-05	32.13287
당근	2026-07-06	53.85627
당근	2026-07-07	53.05048
당근	2026-07-08	50.23296
당근	2026-07-09	49.42169
당근	2026-07-10	45.59008
당근	2026-07-11	32.5111
당근	2026-07-12	32.32472
당근	2026-07-13	53.96042
당근	2026-07-14	52.63936
당근	2026-07-15	48.02938
당근	2026-07-16	47.05914
당근	2026-07-17	31.8862
당근	2026-07-18	31.93553
당근	2026-07-19	32.29731
당근	2026-07-20	51.92128
당근	2026-07-21	53.59315
당근	2026-07-22	52.32691
당근	2026-07-23	49.59162
당근	2026-07-24	47.43189
당근	2026-07-25	33.25659
당근	2026-07-26	33.55807
당근	2026-07-27	54.78813
당근	2026-07-28	54.28383
당근	2026-07-29	51.65817
당근	2026-07-30	49.31206
당근	2026-07-31	45.90801
당근	2026-08-01	31.93553
당근	2026-08-02	32.91125
당근	2026-08-03	53.47256
당근	2026-08-04	52.54618
당근	2026-08-05	50.94008
당근	2026-08-06	52.11313
당근	2026-08-07	49.99177
당근	2026-08-08	34.19393
당근	2026-08-09	32.9551
당근	2026-08-10	57.36446
당근	2026-08-11	54.5908
당근	2026-08-12	53.87819
당근	2026-08-13	50.97845
당근	2026-08-14	47.89782
당근	2026-08-15	32.14383
당근	2026-08-16	31.24486
당근	2026-08-17	41.0678
당근	2026-08-18	57.12328
당근	2026-08-19	57.22742
당근	2026-08-20	53.87819
당근	2026-08-21	51.06616
당근	2026-08-22	33.33881
당근	2026-08-23	35.73425
당근	2026-08-24	57.87973
당근	2026-08-25	55.28695
당근	2026-08-26	55.34177
당근	2026-08-27	56.56416
당근	2026-08-28	52.59003
당근	2026-08-29	35.70136
당근	2026-08-30	37.38968
당근	2026-08-31	58.08255
당근	2026-09-01	57.13424
당근	2026-09-02	54.16872
당근	2026-09-03	56.56964
당근	2026-09-04	52.38173
당근	2026-09-05	35.06002
당근	2026-09-06	34.55023
당근	2026-09-07	60.34643
당근	2026-09-08	56.56964
당근	2026-09-09	56.12563
당근	2026-09-10	53.92753
당근	2026-09-11	50.62215
당근	2026-09-12	33.84311
당근	2026-09-13	36.9073
당근	2026-09-14	100
당근	2026-09-15	100
당근	2026-09-16	100
당근	2026-09-17	100
당근	2026-09-18	100
당근	2026-09-19	100
당근	2026-09-21	100
배추	2016-01-01	3.16066
배추	2016-01-02	3.7034
배추	2016-01-03	3.67148
배추	2016-01-04	4.66916
배추	2016-01-05	5.05227
배추	2016-01-06	4.82879
배추	2016-01-07	3.97477
배추	2016-01-08	4.0067
배추	2016-01-09	3.6635
배추	2016-01-10	3.68744
배추	2016-01-11	4.76494
배추	2016-01-12	5.2997
배추	2016-01-13	4.30201
배추	2016-01-14	4.35788
배추	2016-01-15	3.9189
배추	2016-01-16	3.3602
배추	2016-01-17	3.74331
배추	2016-01-18	4.38981
배추	2016-01-19	4.25413
배추	2016-01-20	4.55742
배추	2016-01-21	4.32596
배추	2016-01-22	3.90294
배추	2016-01-23	3.65551
배추	2016-01-24	3.9189
배추	2016-01-25	4.66916
배추	2016-01-26	4.40577
배추	2016-01-27	4.27807
배추	2016-01-28	4.19826
배추	2016-01-29	3.9189
배추	2016-01-30	3.69542
배추	2016-01-31	3.7034
배추	2016-02-01	4.10248
배추	2016-02-02	3.76725
배추	2016-02-03	3.55974
배추	2016-02-04	3.51983
배추	2016-02-05	2.47425
배추	2016-02-06	3.10479
배추	2016-02-07	2.60196
배추	2016-02-08	2.40242
배추	2016-02-09	2.40242
배추	2016-02-10	3.12874
배추	2016-02-11	4.17431
배추	2016-02-12	3.88698
배추	2016-02-13	3.62359
배추	2016-02-14	4.26211
배추	2016-02-15	4.04661
배추	2016-02-16	4.21422
배추	2016-02-17	3.74331
배추	2016-02-18	3.96679
배추	2016-02-19	3.79918
배추	2016-02-20	3.42405
배추	2016-02-21	3.63157
배추	2016-02-22	4.17431
배추	2016-02-23	3.87101
배추	2016-02-24	3.84707
배추	2016-02-25	3.99872
배추	2016-02-26	3.83111
배추	2016-02-27	3.36818
배추	2016-02-28	3.32029
배추	2016-02-29	3.29635
배추	2016-03-01	3.87101
배추	2016-03-02	3.54377
배추	2016-03-03	3.72735
배추	2016-03-04	3.07287
배추	2016-03-05	3.6635
배추	2016-03-06	3.33625
배추	2016-03-07	4.17431
배추	2016-03-08	3.7912
배추	2016-03-09	3.44001
배추	2016-03-10	3.63157
배추	2016-03-11	3.38414
배추	2016-03-12	3.25644
배추	2016-03-13	3.24846
배추	2016-03-14	3.98275
배추	2016-03-15	3.6635
배추	2016-03-16	3.96679
배추	2016-03-17	3.71138
배추	2016-03-18	2.93718
배추	2016-03-19	3.07287
배추	2016-03-20	3.16066
배추	2016-03-21	3.96679
배추	2016-03-22	3.36818
배추	2016-03-23	3.72735
배추	2016-03-24	3.54377
배추	2016-03-25	3.04094
배추	2016-03-26	2.95314
배추	2016-03-27	3.11277
배추	2016-03-28	3.879
배추	2016-03-29	4.02266
배추	2016-03-30	3.86303
배추	2016-03-31	3.77524
배추	2016-04-01	3.37616
배추	2016-04-02	2.88929
배추	2016-04-03	3.59166
배추	2016-04-04	4.18229
배추	2016-04-05	4.07055
배추	2016-04-06	4.30201
배추	2016-04-07	4.11046
배추	2016-04-08	3.43203
배추	2016-04-09	3.10479
배추	2016-04-10	3.26442
배추	2016-04-11	4.1344
배추	2016-04-12	3.77524
배추	2016-04-13	3.72735
배추	2016-04-14	4.14238
배추	2016-04-15	3.60763
배추	2016-04-16	3.46396
배추	2016-04-17	3.58368
배추	2016-04-18	4.23018
배추	2016-04-19	4.26211
배추	2016-04-20	3.98275
배추	2016-04-21	4.16633
배추	2016-04-22	3.7912
배추	2016-04-23	2.97709
배추	2016-04-24	3.20057
배추	2016-04-25	3.71937
배추	2016-04-26	3.87101
배추	2016-04-27	4.14238
배추	2016-04-28	3.38414
배추	2016-04-29	3.38414
배추	2016-04-30	2.95314
배추	2016-05-01	3.02498
배추	2016-05-02	3.99872
배추	2016-05-03	4.23816
배추	2016-05-04	3.2325
배추	2016-05-05	2.77755
배추	2016-05-06	3.3602
배추	2016-05-07	2.65783
배추	2016-05-08	3.2325
배추	2016-05-09	3.879
배추	2016-05-10	4.14238
배추	2016-05-11	4.3499
배추	2016-05-12	3.85505
배추	2016-05-13	3.12874
배추	2016-05-14	2.94516
배추	2016-05-15	3.25644
배추	2016-05-16	4.24614
배추	2016-05-17	4.67714
배추	2016-05-18	4.42972
배추	2016-05-19	4.14238
배추	2016-05-20	3.77524
배추	2016-05-21	2.88929
배추	2016-05-22	3.75129
배추	2016-05-23	4.69311
배추	2016-05-24	4.76494
배추	2016-05-25	4.47761
배추	2016-05-26	4.11046
배추	2016-05-27	3.7034
배추	2016-05-28	3.448
배추	2016-05-29	3.78322
배추	2016-05-30	4.70109
배추	2016-05-31	4.70109
배추	2016-06-01	4.38981
배추	2016-06-02	4.33394
배추	2016-06-03	3.64753
배추	2016-06-04	3.08883
배추	2016-06-05	3.6635
배추	2016-06-06	4.54944
배추	2016-06-07	5.01237
배추	2016-06-08	4.74898
배추	2016-06-09	3.97477
배추	2016-06-10	3.63955
배추	2016-06-11	3.42405
배추	2016-06-12	3.88698
배추	2016-06-13	4.14238
배추	2016-06-14	4.36587
배추	2016-06-15	4.84476
배추	2016-06-16	4.18229
배추	2016-06-17	3.83111
배추	2016-06-18	3.12874
배추	2016-06-19	3.7034
배추	2016-06-20	4.61329
배추	2016-06-21	4.12642
배추	2016-06-22	3.75927
배추	2016-06-23	3.88698
배추	2016-06-24	3.25644
배추	2016-06-25	3.10479
배추	2016-06-26	3.32827
배추	2016-06-27	3.96679
배추	2016-06-28	3.83909
배추	2016-06-29	3.40011
배추	2016-06-30	3.53579
배추	2016-07-01	3.08085
배추	2016-07-02	3.26442
배추	2016-07-03	2.70572
배추	2016-07-04	3.56772
배추	2016-07-05	4.12642
배추	2016-07-06	3.60763
배추	2016-07-07	3.85505
배추	2016-07-08	3.2325
배추	2016-07-09	3.26442
배추	2016-07-10	3.32029
배추	2016-07-11	4.05459
배추	2016-07-12	3.76725
배추	2016-07-13	3.88698
배추	2016-07-14	4.07853
배추	2016-07-15	3.30433
배추	2016-07-16	3.12075
배추	2016-07-17	3.17663
배추	2016-07-18	3.60763
배추	2016-07-19	4.25413
배추	2016-07-20	3.51983
배추	2016-07-21	3.80716
배추	2016-07-22	3.47992
배추	2016-07-23	2.99305
배추	2016-07-24	3.04094
배추	2016-07-25	3.74331
배추	2016-07-26	3.5757
배추	2016-07-27	3.42405
배추	2016-07-28	4.17431
배추	2016-07-29	3.53579
배추	2016-07-30	3.13672
배추	2016-07-31	3.42405
배추	2016-08-01	3.49588
배추	2016-08-02	4.01468
배추	2016-08-03	4.33394
배추	2016-08-04	4.45366
배추	2016-08-05	3.98275
배추	2016-08-06	3.62359
배추	2016-08-07	3.58368
배추	2016-08-08	4.34192
배추	2016-08-09	4.49357
배추	2016-08-10	4.06257
배추	2016-08-11	4.34192
배추	2016-08-12	3.86303
배추	2016-08-13	3.47992
배추	2016-08-14	3.00901
배추	2016-08-15	4.33394
배추	2016-08-16	5.10016
배추	2016-08-17	5.172
배추	2016-08-18	5.06026
배추	2016-08-19	5.74666
배추	2016-08-20	5.13209
배추	2016-08-21	5.33961
배추	2016-08-22	7.38287
배추	2016-08-23	8.88339
배추	2016-08-24	8.33266
배추	2016-08-25	7.37489
배추	2016-08-26	7.33498
배추	2016-08-27	6.63261
배추	2016-08-28	7.56644
배추	2016-08-29	10.10455
배추	2016-08-30	11.06233
배추	2016-08-31	10.6872
배추	2016-09-01	11.54122
배추	2016-09-02	10.73509
배추	2016-09-03	8.73174
배추	2016-09-04	10.04868
배추	2016-09-05	21.0312
배추	2016-09-06	13.97557
배추	2016-09-07	15.26059
배추	2016-09-08	14.57418
배추	2016-09-09	10.16042
배추	2016-09-10	7.03168
배추	2016-09-11	12.22763
배추	2016-09-12	21.58192
배추	2016-09-13	9.60172
배추	2016-09-14	6.78426
배추	2016-09-15	4.93255
배추	2016-09-16	5.84244
배추	2016-09-17	8.42844
배추	2016-09-18	13.96759
배추	2016-09-19	11.51727
배추	2016-09-20	10.48766
배추	2016-09-21	11.22196
배추	2016-09-22	10.20831
배추	2016-09-23	8.41248
배추	2016-09-24	7.34296
배추	2016-09-25	8.18102
배추	2016-09-26	10.42381
배추	2016-09-27	8.77164
배추	2016-09-28	8.34863
배추	2016-09-29	8.39652
배추	2016-09-30	7.37489
배추	2016-10-01	6.80022
배추	2016-10-02	13.38494
배추	2016-10-03	9.37824
배추	2016-10-04	9.34631
배추	2016-10-05	12.46707
배추	2016-10-06	9.63364
배추	2016-10-07	7.92561
배추	2016-10-08	6.60866
배추	2016-10-09	8.50826
배추	2016-10-10	9.482
배추	2016-10-11	8.89137
배추	2016-10-12	8.26083
배추	2016-10-13	7.31901
배추	2016-10-14	7.3669
배추	2016-10-15	6.52885
배추	2016-10-16	7.39085
배추	2016-10-17	8.90733
배추	2016-10-18	8.14111
배추	2016-10-19	9.19466
배추	2016-10-20	7.98946
배추	2016-10-21	7.62231
배추	2016-10-22	6.47298
배추	2016-10-23	8.28477
배추	2016-10-24	8.27679
배추	2016-10-25	9.21861
배추	2016-10-26	9.51392
배추	2016-10-27	8.42844
배추	2016-10-28	7.90166
배추	2016-10-29	7.51855
배추	2016-10-30	8.29276
배추	2016-10-31	10.42381
배추	2016-11-01	11.62103
배추	2016-11-02	12.53092
배추	2016-11-03	14.58216
배추	2016-11-04	11.52526
배추	2016-11-05	8.85944
배추	2016-11-06	10.87077
배추	2016-11-07	15.32444
배추	2016-11-08	13.44879
배추	2016-11-09	12.21965
배추	2016-11-10	12.40322
배추	2016-11-11	11.32572
배추	2016-11-12	10.28813
배추	2016-11-13	12.31542
배추	2016-11-14	17.05642
배추	2016-11-15	15.4282
배추	2016-11-16	14.02346
배추	2016-11-17	14.09529
배추	2016-11-18	14.15116
배추	2016-11-19	10.83087
배추	2016-11-20	11.50131
배추	2016-11-21	14.85353
배추	2016-11-22	14.15116
배추	2016-11-23	12.95394
배추	2016-11-24	12.93
배추	2016-11-25	11.54122
배추	2016-11-26	9.13879
배추	2016-11-27	10.75105
배추	2016-11-28	11.8924
배추	2016-11-29	11.73277
배추	2016-11-30	10.80692
배추	2016-12-01	11.36563
배추	2016-12-02	8.55614
배추	2016-12-03	8.13313
배추	2016-12-04	9.25852
배추	2016-12-05	11.13416
배추	2016-12-06	10.01676
배추	2016-12-07	9.49796
배추	2016-12-08	8.33266
배추	2016-12-09	6.91994
배추	2016-12-10	5.95418
배추	2016-12-11	6.48096
배추	2016-12-12	8.17303
배추	2016-12-13	7.48663
배추	2016-12-14	6.21757
배추	2016-12-15	5.47529
배추	2016-12-16	4.89264
배추	2016-12-17	4.42972
배추	2016-12-18	4.85274
배추	2016-12-19	5.43538
배추	2016-12-20	4.90063
배추	2016-12-21	4.51751
배추	2016-12-22	4.5654
배추	2016-12-23	4.03863
배추	2016-12-24	3.61561
배추	2016-12-25	4.03064
배추	2016-12-26	4.50155
배추	2016-12-27	4.8687
배추	2016-12-28	4.07055
배추	2016-12-29	3.52781
배추	2016-12-30	3.58368
배추	2016-12-31	3.16864
배추	2017-01-01	3.44001
배추	2017-01-02	4.07853
배추	2017-01-03	4.44568
배추	2017-01-04	4.38183
배추	2017-01-05	4.26211
배추	2017-01-06	4.4377
배추	2017-01-07	3.38414
배추	2017-01-08	3.6635
배추	2017-01-09	4.86072
배추	2017-01-10	4.62127
배추	2017-01-11	5.11613
배추	2017-01-12	4.28605
배추	2017-01-13	4.53348
배추	2017-01-14	3.69542
배추	2017-01-15	4.46164
배추	2017-01-16	4.38981
배추	2017-01-17	4.31
배추	2017-01-18	4.50953
배추	2017-01-19	3.67148
배추	2017-01-20	4.07055
배추	2017-01-21	2.91324
배추	2017-01-22	3.42405
배추	2017-01-23	3.75129
배추	2017-01-24	3.99872
배추	2017-01-25	3.59964
배추	2017-01-26	3.24048
배추	2017-01-27	2.50618
배추	2017-01-28	2.49022
배추	2017-01-29	2.63388
배추	2017-01-30	3.20855
배추	2017-01-31	4.3499
배추	2017-02-01	4.1344
배추	2017-02-02	3.86303
배추	2017-02-03	3.97477
배추	2017-02-04	3.60763
배추	2017-02-05	3.75129
배추	2017-02-06	4.41376
배추	2017-02-07	3.97477
배추	2017-02-08	4.02266
배추	2017-02-09	3.91092
배추	2017-02-10	3.5757
배추	2017-02-11	2.96113
배추	2017-02-12	3.30433
배추	2017-02-13	4.21422
배추	2017-02-14	4.34192
배추	2017-02-15	4.01468
배추	2017-02-16	3.97477
배추	2017-02-17	3.37616
배추	2017-02-18	3.38414
배추	2017-02-19	3.51185
배추	2017-02-20	4.28605
배추	2017-02-21	4.45366
배추	2017-02-22	3.99074
배추	2017-02-23	4.08651
배추	2017-02-24	3.62359
배추	2017-02-25	3.07287
배추	2017-02-26	3.18461
배추	2017-02-27	3.6635
배추	2017-02-28	3.29635
배추	2017-03-01	3.86303
배추	2017-03-02	3.51185
배추	2017-03-03	3.51983
배추	2017-03-04	3.47194
배추	2017-03-05	3.25644
배추	2017-03-06	3.58368
배추	2017-03-07	3.80716
배추	2017-03-08	3.63955
배추	2017-03-09	3.62359
배추	2017-03-10	3.12075
배추	2017-03-11	3.20057
배추	2017-03-12	3.22451
배추	2017-03-13	3.93487
배추	2017-03-14	4.14238
배추	2017-03-15	4.07055
배추	2017-03-16	3.99074
배추	2017-03-17	3.61561
배추	2017-03-18	3.15268
배추	2017-03-19	3.448
배추	2017-03-20	3.75129
배추	2017-03-21	4.07055
배추	2017-03-22	3.67148
배추	2017-03-23	3.47992
배추	2017-03-24	3.37616
배추	2017-03-25	3.46396
배추	2017-03-26	4.07055
배추	2017-03-27	4.07853
배추	2017-03-28	3.63157
배추	2017-03-29	4.54146
배추	2017-03-30	3.74331
배추	2017-03-31	3.59166
배추	2017-04-01	2.96911
배추	2017-04-02	3.42405
배추	2017-04-03	3.95881
배추	2017-04-04	3.91092
배추	2017-04-05	3.99074
배추	2017-04-06	4.0067
배추	2017-04-07	3.52781
배추	2017-04-08	3.08883
배추	2017-04-09	3.33625
배추	2017-04-10	3.93487
배추	2017-04-11	3.88698
배추	2017-04-12	3.71138
배추	2017-04-13	3.89496
배추	2017-04-14	3.47992
배추	2017-04-15	3.16864
배추	2017-04-16	3.42405
배추	2017-04-17	3.77524
배추	2017-04-18	4.28605
배추	2017-04-19	3.83909
배추	2017-04-20	3.74331
배추	2017-04-21	3.4879
배추	2017-04-22	3.18461
배추	2017-04-23	3.02498
배추	2017-04-24	3.79918
배추	2017-04-25	3.59964
배추	2017-04-26	3.50387
배추	2017-04-27	3.5757
배추	2017-04-28	2.87333
배추	2017-04-29	2.55407
배추	2017-04-30	2.7137
배추	2017-05-01	3.29635
배추	2017-05-02	3.16864
배추	2017-05-03	3.16864
배추	2017-05-04	2.86535
배추	2017-05-05	2.97709
배추	2017-05-06	3.08883
배추	2017-05-07	3.18461
배추	2017-05-08	3.20057
배추	2017-05-09	3.12874
배추	2017-05-10	3.84707
배추	2017-05-11	3.7034
배추	2017-05-12	3.30433
배추	2017-05-13	3.21653
배추	2017-05-14	3.20855
배추	2017-05-15	3.74331
배추	2017-05-16	4.3499
배추	2017-05-17	3.99074
배추	2017-05-18	4.17431
배추	2017-05-19	3.61561
배추	2017-05-20	3.32827
배추	2017-05-21	3.19259
배추	2017-05-22	4.16633
배추	2017-05-23	4.19826
배추	2017-05-24	3.78322
배추	2017-05-25	4.06257
배추	2017-05-26	3.31231
배추	2017-05-27	2.55407
배추	2017-05-28	3.24048
배추	2017-05-29	4.51751
배추	2017-05-30	4.53348
배추	2017-05-31	4.31798
배추	2017-06-01	4.04661
배추	2017-06-02	3.73533
배추	2017-06-03	3.30433
배추	2017-06-04	3.42405
배추	2017-06-05	4.07853
배추	2017-06-06	4.19027
배추	2017-06-07	4.38183
배추	2017-06-08	3.81514
배추	2017-06-09	3.75927
배추	2017-06-10	3.17663
배추	2017-06-11	4.0067
배추	2017-06-12	4.30201
배추	2017-06-13	3.93487
배추	2017-06-14	3.83909
배추	2017-06-15	3.9189
배추	2017-06-16	3.53579
배추	2017-06-17	3.04892
배추	2017-06-18	3.54377
배추	2017-06-19	4.19027
배추	2017-06-20	4.27807
배추	2017-06-21	4.20624
배추	2017-06-22	3.81514
배추	2017-06-23	3.42405
배추	2017-06-24	3.06488
배추	2017-06-25	2.85737
배추	2017-06-26	3.91092
배추	2017-06-27	3.47992
배추	2017-06-28	3.64753
배추	2017-06-29	3.28837
배추	2017-06-30	2.86535
배추	2017-07-01	2.99305
배추	2017-07-02	3.15268
배추	2017-07-03	3.83111
배추	2017-07-04	3.78322
배추	2017-07-05	3.36818
배추	2017-07-06	3.39213
배추	2017-07-07	3.02498
배추	2017-07-08	2.87333
배추	2017-07-09	2.72966
배추	2017-07-10	3.60763
배추	2017-07-11	3.7912
배추	2017-07-12	3.59964
배추	2017-07-13	3.6635
배추	2017-07-14	3.31231
배추	2017-07-15	2.88131
배추	2017-07-16	3.16066
배추	2017-07-17	4.01468
배추	2017-07-18	4.02266
배추	2017-07-19	4.1344
배추	2017-07-20	4.02266
배추	2017-07-21	3.90294
배추	2017-07-22	3.30433
배추	2017-07-23	3.47194
배추	2017-07-24	5.14007
배추	2017-07-25	4.57338
배추	2017-07-26	4.58935
배추	2017-07-27	4.75696
배추	2017-07-28	4.17431
배추	2017-07-29	3.76725
배추	2017-07-30	4.10248
배추	2017-07-31	5.14007
배추	2017-08-01	5.89831
배추	2017-08-02	4.64522
배추	2017-08-03	4.7809
배추	2017-08-04	4.19826
배추	2017-08-05	4.12642
배추	2017-08-06	4.47761
배추	2017-08-07	5.48327
배추	2017-08-08	5.2119
배추	2017-08-09	5.28374
배추	2017-08-10	5.44337
배추	2017-08-11	5.52318
배추	2017-08-12	4.33394
배추	2017-08-13	4.64522
배추	2017-08-14	6.30537
배추	2017-08-15	6.13776
배추	2017-08-16	6.57674
배추	2017-08-17	6.51289
배추	2017-08-18	6.18564
배추	2017-08-19	5.50722
배추	2017-08-20	5.93822
배추	2017-08-21	7.69414
배추	2017-08-22	8.49229
배추	2017-08-23	8.62
배추	2017-08-24	6.61664
배추	2017-08-25	6.31335
배추	2017-08-26	5.53914
배추	2017-08-27	5.98611
배추	2017-08-28	7.69414
배추	2017-08-29	8.49229
배추	2017-08-30	8.54018
배추	2017-08-31	8.06129
배추	2017-09-01	8.27679
배추	2017-09-02	6.61664
배추	2017-09-03	7.03966
배추	2017-09-04	8.80357
배추	2017-09-05	8.8754
배추	2017-09-06	8.59605
배추	2017-09-07	8.21294
배추	2017-09-08	8.03735
배추	2017-09-09	6.18564
배추	2017-09-10	6.75233
배추	2017-09-11	8.02937
배추	2017-09-12	11.40553
배추	2017-09-13	9.23457
배추	2017-09-14	7.93359
배추	2017-09-15	6.20161
배추	2017-09-16	5.89033
배추	2017-09-17	6.12179
배추	2017-09-18	7.82185
배추	2017-09-19	9.64961
배추	2017-09-20	7.55048
배추	2017-09-21	6.81618
배추	2017-09-22	6.29739
배추	2017-09-23	5.48327
배추	2017-09-24	5.44337
배추	2017-09-25	7.12746
배추	2017-09-26	6.04198
배추	2017-09-27	5.90629
배추	2017-09-28	5.40346
배추	2017-09-29	4.67714
배추	2017-09-30	3.9189
배추	2017-10-01	4.32596
배추	2017-10-02	3.96679
배추	2017-10-03	3.47194
배추	2017-10-04	3.80716
배추	2017-10-05	4.07055
배추	2017-10-06	4.82081
배추	2017-10-07	4.87668
배추	2017-10-08	5.21988
배추	2017-10-09	6.33729
배추	2017-10-10	6.86407
배추	2017-10-11	7.37489
배추	2017-10-12	6.49692
배추	2017-10-13	6.02601
배추	2017-10-14	5.37153
배추	2017-10-15	5.43538
배추	2017-10-16	7.2392
배추	2017-10-17	7.13544
배추	2017-10-18	6.6805
배추	2017-10-19	6.36922
배추	2017-10-20	5.72272
배추	2017-10-21	5.68281
배추	2017-10-22	6.40913
배추	2017-10-23	8.4444
배추	2017-10-24	7.64626
배추	2017-10-25	6.90398
배추	2017-10-26	6.62463
배추	2017-10-27	7.37489
배추	2017-10-28	5.28374
배추	2017-10-29	6.48096
배추	2017-10-30	9.50594
배추	2017-10-31	8.30074
배추	2017-11-01	9.06696
배추	2017-11-02	8.50027
배추	2017-11-03	8.36459
배추	2017-11-04	7.61433
배추	2017-11-05	8.50826
배추	2017-11-06	12.55487
배추	2017-11-07	12.13983
배추	2017-11-08	11.55718
배추	2017-11-09	10.72711
배추	2017-11-10	9.93694
배추	2017-11-11	9.68952
배추	2017-11-12	12.69853
배추	2017-11-13	15.65966
배추	2017-11-14	15.86718
배추	2017-11-15	13.22531
배추	2017-11-16	12.85018
배추	2017-11-17	12.17176
배추	2017-11-18	11.69287
배추	2017-11-19	12.8422
배추	2017-11-20	15.46013
배추	2017-11-21	13.53659
배추	2017-11-22	12.57881
배추	2017-11-23	11.51727
배추	2017-11-24	9.99281
배추	2017-11-25	9.71346
배추	2017-11-26	10.5994
배추	2017-11-27	12.25157
배추	2017-11-28	10.48766
배추	2017-11-29	9.56181
배추	2017-11-30	9.29842
배추	2017-12-01	8.91531
배추	2017-12-02	7.55846
배추	2017-12-03	8.11716
배추	2017-12-04	9.33035
배추	2017-12-05	8.51624
배추	2017-12-06	7.68616
배추	2017-12-07	7.1115
배추	2017-12-08	6.30537
배추	2017-12-09	5.93822
배추	2017-12-10	6.48096
배추	2017-12-11	7.34296
배추	2017-12-12	7.19929
배추	2017-12-13	5.93822
배추	2017-12-14	5.37153
배추	2017-12-15	5.13209
배추	2017-12-16	4.79687
배추	2017-12-17	5.85042
배추	2017-12-18	5.71474
배추	2017-12-19	5.44337
배추	2017-12-20	5.14007
배추	2017-12-21	5.12411
배추	2017-12-22	4.18229
배추	2017-12-23	4.12642
배추	2017-12-24	3.89496
배추	2017-12-25	4.39779
배추	2017-12-26	4.38981
배추	2017-12-27	4.51751
배추	2017-12-28	3.7034
배추	2017-12-29	3.6635
배추	2017-12-30	3.32827
배추	2017-12-31	3.00103
배추	2018-01-01	3.75927
배추	2018-01-02	4.36587
배추	2018-01-03	4.2222
배추	2018-01-04	4.62127
배추	2018-01-05	4.06257
배추	2018-01-06	3.93487
배추	2018-01-07	4.16633
배추	2018-01-08	4.62127
배추	2018-01-09	4.7809
배추	2018-01-10	4.36587
배추	2018-01-11	4.31798
배추	2018-01-12	4.23018
배추	2018-01-13	4.02266
배추	2018-01-14	4.08651
배추	2018-01-15	5.05227
배추	2018-01-16	4.34192
배추	2018-01-17	4.38183
배추	2018-01-18	6.32133
배추	2018-01-19	7.09553
배추	2018-01-20	5.13209
배추	2018-01-21	16.60148
배추	2018-01-22	7.06361
배추	2018-01-23	6.38518
배추	2018-01-24	5.77061
배추	2018-01-25	5.24383
배추	2018-01-26	5.41144
배추	2018-01-27	5.61098
배추	2018-01-28	6.56876
배추	2018-01-29	6.65655
배추	2018-01-30	6.18564
배추	2018-01-31	5.53914
배추	2018-02-01	5.93024
배추	2018-02-02	5.7307
배추	2018-02-03	4.5255
배추	2018-02-04	4.6532
배추	2018-02-05	5.06026
배추	2018-02-06	5.04429
배추	2018-02-07	4.11844
배추	2018-02-08	4.21422
배추	2018-02-09	3.86303
배추	2018-02-10	4.0067
배추	2018-02-11	3.75927
배추	2018-02-12	4.28605
배추	2018-02-13	4.10248
배추	2018-02-14	3.63955
배추	2018-02-15	2.74563
배추	2018-02-16	2.52214
배추	2018-02-17	2.93718
배추	2018-02-18	3.51185
배추	2018-02-19	4.39779
배추	2018-02-20	3.7912
배추	2018-02-21	4.03064
배추	2018-02-22	4.15835
배추	2018-02-23	4.0945
배추	2018-02-24	8.38055
배추	2018-02-25	5.26777
배추	2018-02-26	4.78888
배추	2018-02-27	4.5654
배추	2018-02-28	4.59733
배추	2018-03-01	4.31798
배추	2018-03-02	3.85505
배추	2018-03-03	3.98275
배추	2018-03-04	4.741
배추	2018-03-05	4.34192
배추	2018-03-06	4.20624
배추	2018-03-07	4.41376
배추	2018-03-08	4.53348
배추	2018-03-09	3.82313
배추	2018-03-10	3.67946
배추	2018-03-11	4.29403
배추	2018-03-12	4.54146
배추	2018-03-13	4.27009
배추	2018-03-14	4.29403
배추	2018-03-15	3.94285
배추	2018-03-16	3.67946
배추	2018-03-17	3.45598
배추	2018-03-18	3.61561
배추	2018-03-19	4.25413
배추	2018-03-20	4.33394
배추	2018-03-21	4.31798
배추	2018-03-22	3.97477
배추	2018-03-23	3.67148
배추	2018-03-24	3.12075
배추	2018-03-25	3.79918
배추	2018-03-26	4.31
배추	2018-03-27	4.07853
배추	2018-03-28	3.98275
배추	2018-03-29	4.44568
배추	2018-03-30	3.75927
배추	2018-03-31	3.28837
배추	2018-04-01	4.11046
배추	2018-04-02	4.16633
배추	2018-04-03	3.65551
배추	2018-04-04	4.19027
배추	2018-04-05	4.38981
배추	2018-04-06	3.7912
배추	2018-04-07	3.40809
배추	2018-04-08	3.94285
배추	2018-04-09	4.81283
배추	2018-04-10	5.02833
배추	2018-04-11	4.50953
배추	2018-04-12	4.42174
배추	2018-04-13	4.15835
배추	2018-04-14	4.50953
배추	2018-04-15	4.38183
배추	2018-04-16	5.39548
배추	2018-04-17	5.4274
배추	2018-04-18	4.82879
배추	2018-04-19	5.2997
배추	2018-04-20	3.4879
배추	2018-04-21	2.96911
배추	2018-04-22	3.98275
배추	2018-04-23	4.53348
배추	2018-04-24	4.66916
배추	2018-04-25	4.07055
배추	2018-04-26	3.879
배추	2018-04-27	3.18461
배추	2018-04-28	2.78553
배추	2018-04-29	3.60763
배추	2018-04-30	3.75129
배추	2018-05-01	4.03863
배추	2018-05-02	4.5255
배추	2018-05-03	4.2222
배추	2018-05-04	3.60763
배추	2018-05-05	3.24846
배추	2018-05-06	3.04892
배추	2018-05-07	3.53579
배추	2018-05-08	4.41376
배추	2018-05-09	4.38981
배추	2018-05-10	4.25413
배추	2018-05-11	3.87101
배추	2018-05-12	3.9189
배추	2018-05-13	3.86303
배추	2018-05-14	5.27576
배추	2018-05-15	5.71474
배추	2018-05-16	4.89264
배추	2018-05-17	4.37385
배추	2018-05-18	3.64753
배추	2018-05-19	2.64985
배추	2018-05-20	3.64753
배추	2018-05-21	3.77524
배추	2018-05-22	4.64522
배추	2018-05-23	4.62127
배추	2018-05-24	3.78322
배추	2018-05-25	3.63955
배추	2018-05-26	3.28837
배추	2018-05-27	3.50387
배추	2018-05-28	4.54944
배추	2018-05-29	4.17431
배추	2018-05-30	4.26211
배추	2018-05-31	3.96679
배추	2018-06-01	3.98275
배추	2018-06-02	3.63955
배추	2018-06-03	3.448
배추	2018-06-04	4.14238
배추	2018-06-05	3.88698
배추	2018-06-06	4.02266
배추	2018-06-07	3.76725
배추	2018-06-08	3.5757
배추	2018-06-09	3.43203
배추	2018-06-10	3.7912
배추	2018-06-11	4.33394
배추	2018-06-12	3.88698
배추	2018-06-13	3.65551
배추	2018-06-14	4.11844
배추	2018-06-15	3.60763
배추	2018-06-16	3.16066
배추	2018-06-17	3.53579
배추	2018-06-18	3.67946
배추	2018-06-19	4.17431
배추	2018-06-20	3.93487
배추	2018-06-21	3.43203
배추	2018-06-22	3.37616
배추	2018-06-23	2.99305
배추	2018-06-24	2.82544
배추	2018-06-25	4.34192
배추	2018-06-26	4.44568
배추	2018-06-27	3.6635
배추	2018-06-28	3.47992
배추	2018-06-29	3.2724
배추	2018-06-30	2.86535
배추	2018-07-01	3.12874
배추	2018-07-02	3.71937
배추	2018-07-03	3.99872
배추	2018-07-04	3.73533
배추	2018-07-05	3.83111
배추	2018-07-06	3.7034
배추	2018-07-07	3.38414
배추	2018-07-08	3.59166
배추	2018-07-09	4.40577
배추	2018-07-10	4.20624
배추	2018-07-11	3.97477
배추	2018-07-12	3.99872
배추	2018-07-13	3.59166
배추	2018-07-14	2.9292
배추	2018-07-15	3.20855
배추	2018-07-16	3.79918
배추	2018-07-17	4.35788
배추	2018-07-18	4.41376
배추	2018-07-19	4.32596
배추	2018-07-20	4.04661
배추	2018-07-21	3.29635
배추	2018-07-22	4.83677
배추	2018-07-23	5.55511
배추	2018-07-24	5.14007
배추	2018-07-25	5.02035
배추	2018-07-26	4.71705
배추	2018-07-27	4.07853
배추	2018-07-28	4.38183
배추	2018-07-29	3.73533
배추	2018-07-30	4.75696
배추	2018-07-31	4.93255
배추	2018-08-01	5.29172
배추	2018-08-02	5.5152
배추	2018-08-03	5.10016
배추	2018-08-04	4.46963
배추	2018-08-05	4.51751
배추	2018-08-06	5.89831
배추	2018-08-07	5.8185
배추	2018-08-08	5.73868
배추	2018-08-09	5.56309
배추	2018-08-10	5.44337
배추	2018-08-11	4.17431
배추	2018-08-12	5.03631
배추	2018-08-13	6.65655
배추	2018-08-14	6.72839
배추	2018-08-15	5.85042
배추	2018-08-16	7.20727
배추	2018-08-17	6.42509
배추	2018-08-18	6.32133
배추	2018-08-19	6.465
배추	2018-08-20	8.7477
배추	2018-08-21	8.59605
배추	2018-08-22	8.27679
배추	2018-08-23	7.71809
배추	2018-08-24	7.65424
배추	2018-08-25	7.07159
배추	2018-08-26	7.89368
배추	2018-08-27	10.89472
배추	2018-08-28	10.21629
배추	2018-08-29	8.61202
배추	2018-08-30	8.67587
배추	2018-08-31	8.57211
배추	2018-09-01	6.69646
배추	2018-09-02	6.98379
배추	2018-09-03	9.28246
배추	2018-09-04	9.25053
배추	2018-09-05	9.45007
배추	2018-09-06	8.8754
배추	2018-09-07	9.65759
배추	2018-09-08	6.80022
배추	2018-09-09	7.13544
배추	2018-09-10	8.13313
배추	2018-09-11	8.4444
배추	2018-09-12	8.52422
배추	2018-09-13	8.20496
배추	2018-09-14	6.63261
배추	2018-09-15	5.76263
배추	2018-09-16	5.81051
배추	2018-09-17	7.25516
배추	2018-09-18	6.17766
배추	2018-09-19	6.05794
배추	2018-09-20	5.43538
배추	2018-09-21	4.741
배추	2018-09-22	3.94285
배추	2018-09-23	78.93686
배추	2018-09-24	4.16633
배추	2018-09-25	4.39779
배추	2018-09-26	5.06026
배추	2018-09-27	6.81618
배추	2018-09-28	5.33961
배추	2018-09-29	4.90063
배추	2018-09-30	5.55511
배추	2018-10-01	6.83214
배추	2018-10-02	6.08987
배추	2018-10-03	5.7307
배추	2018-10-04	6.20161
배추	2018-10-05	5.41942
배추	2018-10-06	4.19826
배추	2018-10-07	4.80485
배추	2018-10-08	5.71474
배추	2018-10-09	5.61098
배추	2018-10-10	6.30537
배추	2018-10-11	6.40913
배추	2018-10-12	5.93822
배추	2018-10-13	4.57338
배추	2018-10-14	5.23585
배추	2018-10-15	6.6805
배추	2018-10-16	6.56876
배추	2018-10-17	6.20959
배추	2018-10-18	6.08987
배추	2018-10-19	5.72272
배추	2018-10-20	4.86072
배추	2018-10-21	5.16401
배추	2018-10-22	6.55279
배추	2018-10-23	7.17535
배추	2018-10-24	6.5049
배추	2018-10-25	6.62463
배추	2018-10-26	6.43307
배추	2018-10-27	5.39548
배추	2018-10-28	6.9359
배추	2018-10-29	8.8355
배추	2018-10-30	9.15476
배추	2018-10-31	8.42046
배추	2018-11-01	8.49229
배추	2018-11-02	7.86176
배추	2018-11-03	7.2392
배추	2018-11-04	8.54816
배추	2018-11-05	11.05435
배추	2018-11-06	11.22196
배추	2018-11-07	11.52526
배추	2018-11-08	11.88442
배추	2018-11-09	11.07829
배추	2018-11-10	10.08859
배추	2018-11-11	11.77268
배추	2018-11-12	14.54226
배추	2018-11-13	12.74642
배추	2018-11-14	12.93798
배추	2018-11-15	11.71681
배추	2018-11-16	12.99385
배추	2018-11-17	16.82496
배추	2018-11-18	13.94365
배추	2018-11-19	15.67563
배추	2018-11-20	13.41687
배추	2018-11-21	13.01779
배추	2018-11-22	12.47505
배추	2018-11-23	11.48535
배추	2018-11-24	9.64163
배추	2018-11-25	10.9905
배추	2018-11-26	12.20368
배추	2018-11-27	11.28581
배추	2018-11-28	10.64729
배추	2018-11-29	9.52989
배추	2018-11-30	9.07494
배추	2018-12-01	8.19698
배추	2018-12-02	9.18668
배추	2018-12-03	10.5994
배추	2018-12-04	9.79327
배추	2018-12-05	8.68385
배추	2018-12-06	8.93926
배추	2018-12-07	6.97581
배추	2018-12-08	5.9462
배추	2018-12-09	6.66453
배추	2018-12-10	7.01572
배추	2018-12-11	6.52885
배추	2018-12-12	6.34527
배추	2018-12-13	6.16968
배추	2018-12-14	5.00438
배추	2018-12-15	4.83677
배추	2018-12-16	5.20392
배추	2018-12-17	5.37153
배추	2018-12-18	5.11613
배추	2018-12-19	5.12411
배추	2018-12-20	4.58935
배추	2018-12-21	4.89264
배추	2018-12-22	4.07853
배추	2018-12-23	4.45366
배추	2018-12-24	4.2222
배추	2018-12-25	4.21422
배추	2018-12-26	4.81283
배추	2018-12-27	4.45366
배추	2018-12-28	3.69542
배추	2018-12-29	3.59964
배추	2018-12-30	3.85505
배추	2018-12-31	3.59964
배추	2019-01-01	3.2325
배추	2019-01-02	3.99872
배추	2019-01-03	4.50155
배추	2019-01-04	4.07853
배추	2019-01-05	3.50387
배추	2019-01-06	3.89496
배추	2019-01-07	4.55742
배추	2019-01-08	4.49357
배추	2019-01-09	5.77061
배추	2019-01-10	5.29172
배추	2019-01-11	5.28374
배추	2019-01-12	3.49588
배추	2019-01-13	4.18229
배추	2019-01-14	4.77292
배추	2019-01-15	5.01237
배추	2019-01-16	5.02035
배추	2019-01-17	5.53914
배추	2019-01-18	4.67714
배추	2019-01-19	3.87101
배추	2019-01-20	4.18229
배추	2019-01-21	4.90861
배추	2019-01-22	4.66118
배추	2019-01-23	4.80485
배추	2019-01-24	3.99872
배추	2019-01-25	3.71937
배추	2019-01-26	3.67148
배추	2019-01-27	3.59166
배추	2019-01-28	4.26211
배추	2019-01-29	4.02266
배추	2019-01-30	3.93487
배추	2019-01-31	3.92688
배추	2019-02-01	3.45598
배추	2019-02-02	3.29635
배추	2019-02-03	3.35222
배추	2019-02-04	3.12075
배추	2019-02-05	2.92122
배추	2019-02-06	3.51185
배추	2019-02-07	3.9189
배추	2019-02-08	3.75129
배추	2019-02-09	3.49588
배추	2019-02-10	3.96679
배추	2019-02-11	4.40577
배추	2019-02-12	4.02266
배추	2019-02-13	4.0945
배추	2019-02-14	3.71138
배추	2019-02-15	3.38414
배추	2019-02-16	3.45598
배추	2019-02-17	3.5757
배추	2019-02-18	3.83909
배추	2019-02-19	3.68744
배추	2019-02-20	4.15835
배추	2019-02-21	3.51983
배추	2019-02-22	3.96679
배추	2019-02-23	3.28038
배추	2019-02-24	3.56772
배추	2019-02-25	3.74331
배추	2019-02-26	3.91092
배추	2019-02-27	4.21422
배추	2019-02-28	3.30433
배추	2019-03-01	3.448
배추	2019-03-02	3.28038
배추	2019-03-03	4.97246
배추	2019-03-04	3.6635
배추	2019-03-05	2.17894
배추	2019-03-06	0.86998
배추	2019-03-07	3.62359
배추	2019-03-08	3.7034
배추	2019-03-09	3.19259
배추	2019-03-10	3.95881
배추	2019-03-11	3.879
배추	2019-03-12	3.88698
배추	2019-03-13	3.41607
배추	2019-03-14	4.30201
배추	2019-03-15	3.51983
배추	2019-03-16	3.09681
배추	2019-03-17	3.46396
배추	2019-03-18	3.94285
배추	2019-03-19	4.37385
배추	2019-03-20	3.64753
배추	2019-03-21	3.56772
배추	2019-03-22	3.53579
배추	2019-03-23	3.36818
배추	2019-03-24	3.60763
배추	2019-03-25	3.95083
배추	2019-03-26	3.93487
배추	2019-03-27	4.27009
배추	2019-03-28	3.85505
배추	2019-03-29	3.43203
배추	2019-03-30	3.53579
배추	2019-03-31	3.75129
배추	2019-04-01	4.31798
배추	2019-04-02	4.08651
배추	2019-04-03	4.01468
배추	2019-04-04	3.85505
배추	2019-04-05	3.40809
배추	2019-04-06	3.38414
배추	2019-04-07	3.64753
배추	2019-04-08	4.0945
배추	2019-04-09	4.46164
배추	2019-04-10	4.11844
배추	2019-04-11	3.98275
배추	2019-04-12	3.51983
배추	2019-04-13	2.87333
배추	2019-04-14	3.16864
배추	2019-04-15	3.84707
배추	2019-04-16	4.15037
배추	2019-04-17	3.75927
배추	2019-04-18	3.89496
배추	2019-04-19	3.85505
배추	2019-04-20	3.16066
배추	2019-04-21	3.60763
배추	2019-04-22	3.6635
배추	2019-04-23	3.99872
배추	2019-04-24	3.36818
배추	2019-04-25	3.81514
배추	2019-04-26	3.67148
배추	2019-04-27	3.28837
배추	2019-04-28	3.06488
배추	2019-04-29	3.71138
배추	2019-04-30	3.2325
배추	2019-05-01	2.96911
배추	2019-05-02	3.62359
배추	2019-05-03	3.11277
배추	2019-05-04	2.63388
배추	2019-05-05	2.45829
배추	2019-05-06	3.12075
배추	2019-05-07	3.62359
배추	2019-05-08	3.68744
배추	2019-05-09	3.59166
배추	2019-05-10	5.00438
배추	2019-05-11	3.95083
배추	2019-05-12	4.12642
배추	2019-05-13	4.19027
배추	2019-05-14	4.19826
배추	2019-05-15	3.51185
배추	2019-05-16	3.59166
배추	2019-05-17	3.62359
배추	2019-05-18	2.99305
배추	2019-05-19	3.35222
배추	2019-05-20	4.27807
배추	2019-05-21	4.23018
배추	2019-05-22	3.74331
배추	2019-05-23	3.77524
배추	2019-05-24	3.09681
배추	2019-05-25	2.60994
배추	2019-05-26	3.32827
배추	2019-05-27	3.93487
배추	2019-05-28	4.01468
배추	2019-05-29	3.67946
배추	2019-05-30	3.46396
배추	2019-05-31	3.20057
배추	2019-06-01	2.93718
배추	2019-06-02	2.94516
배추	2019-06-03	3.81514
배추	2019-06-04	3.44001
배추	2019-06-05	3.52781
배추	2019-06-06	3.13672
배추	2019-06-07	3.50387
배추	2019-06-08	3.1447
배추	2019-06-09	3.43203
배추	2019-06-10	3.67148
배추	2019-06-11	3.92688
배추	2019-06-12	3.60763
배추	2019-06-13	3.87101
배추	2019-06-14	3.77524
배추	2019-06-15	3.00901
배추	2019-06-16	3.34424
배추	2019-06-17	4.10248
배추	2019-06-18	3.98275
배추	2019-06-19	3.4879
배추	2019-06-20	3.448
배추	2019-06-21	3.84707
배추	2019-06-22	3.12075
배추	2019-06-23	3.12075
배추	2019-06-24	3.91092
배추	2019-06-25	3.64753
배추	2019-06-26	3.73533
배추	2019-06-27	3.0569
배추	2019-06-28	3.36818
배추	2019-06-29	3.08085
배추	2019-06-30	5.47529
배추	2019-07-01	3.94285
배추	2019-07-02	3.89496
배추	2019-07-03	3.37616
배추	2019-07-04	3.13672
배추	2019-07-05	3.47194
배추	2019-07-06	3.2724
배추	2019-07-07	3.09681
배추	2019-07-08	3.95083
배추	2019-07-09	3.75129
배추	2019-07-10	3.32827
배추	2019-07-11	3.40809
배추	2019-07-12	3.65551
배추	2019-07-13	3.38414
배추	2019-07-14	3.25644
배추	2019-07-15	3.45598
배추	2019-07-16	3.55974
배추	2019-07-17	3.7034
배추	2019-07-18	3.40011
배추	2019-07-19	3.0569
배추	2019-07-20	3.11277
배추	2019-07-21	3.08883
배추	2019-07-22	3.28837
배추	2019-07-23	4.12642
배추	2019-07-24	3.85505
배추	2019-07-25	3.16066
배추	2019-07-26	2.97709
배추	2019-07-27	2.72966
배추	2019-07-28	3.08883
배추	2019-07-29	3.62359
배추	2019-07-30	3.74331
배추	2019-07-31	3.73533
배추	2019-08-01	3.33625
배추	2019-08-02	3.41607
배추	2019-08-03	3.12075
배추	2019-08-04	3.448
배추	2019-08-05	3.91092
배추	2019-08-06	3.59964
배추	2019-08-07	4.35788
배추	2019-08-08	4.58935
배추	2019-08-09	4.17431
배추	2019-08-10	3.28038
배추	2019-08-11	3.9189
배추	2019-08-12	4.33394
배추	2019-08-13	4.96448
배추	2019-08-14	4.76494
배추	2019-08-15	4.28605
배추	2019-08-16	4.72503
배추	2019-08-17	4.55742
배추	2019-08-18	4.5654
배추	2019-08-19	5.61098
배추	2019-08-20	5.44337
배추	2019-08-21	5.10814
배추	2019-08-22	4.9964
배추	2019-08-23	4.94053
배추	2019-08-24	4.39779
배추	2019-08-25	4.42972
배추	2019-08-26	5.98611
배추	2019-08-27	5.87437
배추	2019-08-28	5.90629
배추	2019-08-29	5.83446
배추	2019-08-30	5.15603
배추	2019-08-31	4.57338
배추	2019-09-01	4.88466
배추	2019-09-02	5.8584
배추	2019-09-03	6.1617
배추	2019-09-04	6.67251
배추	2019-09-05	7.55048
배추	2019-09-06	5.81051
배추	2019-09-07	4.81283
배추	2019-09-08	5.53116
배추	2019-09-09	5.81051
배추	2019-09-10	5.61098
배추	2019-09-11	3.94285
배추	2019-09-12	3.75129
배추	2019-09-13	3.40809
배추	2019-09-14	3.65551
배추	2019-09-15	4.04661
배추	2019-09-16	5.95418
배추	2019-09-17	6.21757
배추	2019-09-18	6.01803
배추	2019-09-19	6.04198
배추	2019-09-20	5.70676
배추	2019-09-21	5.05227
배추	2019-09-22	5.49924
배추	2019-09-23	7.69414
배추	2019-09-24	7.6702
배추	2019-09-25	7.5425
배추	2019-09-26	7.35094
배추	2019-09-27	7.18333
배추	2019-09-28	5.603
배추	2019-09-29	6.02601
배추	2019-09-30	7.82983
배추	2019-10-01	7.81387
배추	2019-10-02	7.23122
배추	2019-10-03	7.07957
배추	2019-10-04	7.01572
배추	2019-10-05	6.7204
배추	2019-10-06	7.327
배추	2019-10-07	8.05331
배추	2019-10-08	7.65424
배추	2019-10-09	7.27911
배추	2019-10-10	8.99513
배추	2019-10-11	8.70779
배추	2019-10-12	6.86407
배추	2019-10-13	8.24487
배추	2019-10-14	9.7374
배추	2019-10-15	12.22763
배추	2019-10-16	10.44776
배추	2019-10-17	9.32237
배추	2019-10-18	9.76135
배추	2019-10-19	8.09322
배추	2019-10-20	9.08292
배추	2019-10-21	11.41352
배추	2019-10-22	11.7647
배추	2019-10-23	11.41352
배추	2019-10-24	12.35533
배추	2019-10-25	12.02011
배추	2019-10-26	8.86742
배추	2019-10-27	12.07598
배추	2019-10-28	16.43387
배추	2019-10-29	14.5662
배추	2019-10-30	11.82057
배추	2019-10-31	11.34168
배추	2019-11-01	12.04405
배추	2019-11-02	10.28813
배추	2019-11-03	11.50929
배추	2019-11-04	15.86718
배추	2019-11-05	14.8695
배추	2019-11-06	13.75209
배추	2019-11-07	14.55822
배추	2019-11-08	15.46013
배추	2019-11-09	12.48303
배추	2019-11-10	15.16481
배추	2019-11-11	17.23202
배추	2019-11-12	14.70189
배추	2019-11-13	15.30848
배추	2019-11-14	15.2127
배추	2019-11-15	14.47841
배추	2019-11-16	14.90941
배추	2019-11-17	16.28222
배추	2019-11-18	17.81466
배추	2019-11-19	17.12826
배추	2019-11-20	14.58216
배추	2019-11-21	14.36666
배추	2019-11-22	13.45678
배추	2019-11-23	12.65065
배추	2019-11-24	13.4887
배추	2019-11-25	14.60611
배추	2019-11-26	13.12155
배추	2019-11-27	12.1957
배추	2019-11-28	10.775
배추	2019-11-29	10.06465
배추	2019-11-30	9.59374
배추	2019-12-01	11.19802
배추	2019-12-02	12.068
배추	2019-12-03	10.67922
배추	2019-12-04	9.67355
배추	2019-12-05	9.01109
배추	2019-12-06	7.80589
배추	2019-12-07	7.76598
배추	2019-12-08	8.45239
배추	2019-12-09	8.14909
배추	2019-12-10	7.78194
배추	2019-12-11	7.53451
배추	2019-12-12	6.45701
배추	2019-12-13	5.49924
배추	2019-12-14	5.09218
배추	2019-12-15	6.24151
배추	2019-12-16	6.16968
배추	2019-12-17	5.33163
배추	2019-12-18	5.21988
배추	2019-12-19	4.74898
배추	2019-12-20	4.20624
배추	2019-12-21	4.21422
배추	2019-12-22	4.11046
배추	2019-12-23	4.51751
배추	2019-12-24	3.95083
배추	2019-12-25	4.02266
배추	2019-12-26	4.73301
배추	2019-12-27	3.94285
배추	2019-12-28	3.99074
배추	2019-12-29	4.46164
배추	2019-12-30	4.17431
배추	2019-12-31	3.51185
배추	2020-01-01	4.25413
배추	2020-01-02	4.46963
배추	2020-01-03	4.38981
배추	2020-01-04	3.95083
배추	2020-01-05	4.07055
배추	2020-01-06	5.34759
배추	2020-01-07	5.05227
배추	2020-01-08	5.09218
배추	2020-01-09	4.26211
배추	2020-01-10	4.14238
배추	2020-01-11	3.82313
배추	2020-01-12	4.26211
배추	2020-01-13	4.48559
배추	2020-01-14	4.72503
배추	2020-01-15	4.25413
배추	2020-01-16	3.77524
배추	2020-01-17	3.99872
배추	2020-01-18	3.22451
배추	2020-01-19	3.72735
배추	2020-01-20	4.30201
배추	2020-01-21	4.03064
배추	2020-01-22	3.64753
배추	2020-01-23	3.03296
배추	2020-01-24	2.90525
배추	2020-01-25	2.82544
배추	2020-01-26	2.9292
배추	2020-01-27	3.53579
배추	2020-01-28	4.1344
배추	2020-01-29	4.24614
배추	2020-01-30	4.11844
배추	2020-01-31	3.52781
배추	2020-02-01	4.35788
배추	2020-02-02	4.12642
배추	2020-02-03	4.59733
배추	2020-02-04	4.93255
배추	2020-02-05	4.37385
배추	2020-02-06	4.73301
배추	2020-02-07	4.31
배추	2020-02-08	3.63955
배추	2020-02-09	4.77292
배추	2020-02-10	4.81283
배추	2020-02-11	4.57338
배추	2020-02-12	4.73301
배추	2020-02-13	4.60531
배추	2020-02-14	4.58935
배추	2020-02-15	4.3499
배추	2020-02-16	3.93487
배추	2020-02-17	4.47761
배추	2020-02-18	4.50953
배추	2020-02-19	4.57338
배추	2020-02-20	4.46164
배추	2020-02-21	4.66916
배추	2020-02-22	4.94053
배추	2020-02-23	5.02833
배추	2020-02-24	5.61896
배추	2020-02-25	5.20392
배추	2020-02-26	5.69079
배추	2020-02-27	5.33163
배추	2020-02-28	4.84476
배추	2020-02-29	5.12411
배추	2020-03-01	5.53914
배추	2020-03-02	5.37153
배추	2020-03-03	6.08189
배추	2020-03-04	5.6429
배추	2020-03-05	5.72272
배추	2020-03-06	4.78888
배추	2020-03-07	4.63724
배추	2020-03-08	5.61896
배추	2020-03-09	5.04429
배추	2020-03-10	5.24383
배추	2020-03-11	5.63492
배추	2020-03-12	5.43538
배추	2020-03-13	4.71705
배추	2020-03-14	4.70109
배추	2020-03-15	5.4274
배추	2020-03-16	6.17766
배추	2020-03-17	5.68281
배추	2020-03-18	6.08189
배추	2020-03-19	5.03631
배추	2020-03-20	5.79455
배추	2020-03-21	4.90861
배추	2020-03-22	5.2997
배추	2020-03-23	5.97813
배추	2020-03-24	5.10016
배추	2020-03-25	5.84244
배추	2020-03-26	5.67483
배추	2020-03-27	4.741
배추	2020-03-28	4.5654
배추	2020-03-29	5.172
배추	2020-03-30	5.63492
배추	2020-03-31	5.58703
배추	2020-04-01	6.04198
배추	2020-04-02	5.79455
배추	2020-04-03	5.25181
배추	2020-04-04	4.90063
배추	2020-04-05	5.73868
배추	2020-04-06	5.73868
배추	2020-04-07	5.41942
배추	2020-04-08	5.57905
배추	2020-04-09	5.603
배추	2020-04-10	4.84476
배추	2020-04-11	4.93255
배추	2020-04-12	5.8185
배추	2020-04-13	5.84244
배추	2020-04-14	5.54713
배추	2020-04-15	4.7809
배추	2020-04-16	5.48327
배추	2020-04-17	5.14805
배추	2020-04-18	4.89264
배추	2020-04-19	5.33961
배추	2020-04-20	5.86638
배추	2020-04-21	5.81051
배추	2020-04-22	5.92226
배추	2020-04-23	5.87437
배추	2020-04-24	5.06026
배추	2020-04-25	4.62926
배추	2020-04-26	5.23585
배추	2020-04-27	5.3875
배추	2020-04-28	5.37153
배추	2020-04-29	5.03631
배추	2020-04-30	4.67714
배추	2020-05-01	4.98044
배추	2020-05-02	5.36355
배추	2020-05-03	5.68281
배추	2020-05-04	5.33961
배추	2020-05-05	5.50722
배추	2020-05-06	5.96216
배추	2020-05-07	5.23585
배추	2020-05-08	4.83677
배추	2020-05-09	4.44568
배추	2020-05-10	5.57107
배추	2020-05-11	5.72272
배추	2020-05-12	5.2997
배추	2020-05-13	5.57107
배추	2020-05-14	5.05227
배추	2020-05-15	5.00438
배추	2020-05-16	4.98044
배추	2020-05-17	4.90063
배추	2020-05-18	5.69079
배추	2020-05-19	5.78657
배추	2020-05-20	5.53116
배추	2020-05-21	5.49126
배추	2020-05-22	4.89264
배추	2020-05-23	5.09218
배추	2020-05-24	5.2997
배추	2020-05-25	5.83446
배추	2020-05-26	5.61098
배추	2020-05-27	5.48327
배추	2020-05-28	5.05227
배추	2020-05-29	4.33394
배추	2020-05-30	4.79687
배추	2020-05-31	5.01237
배추	2020-06-01	5.41144
배추	2020-06-02	6.06592
배추	2020-06-03	5.76263
배추	2020-06-04	5.20392
배추	2020-06-05	5.04429
배추	2020-06-06	4.80485
배추	2020-06-07	5.53914
배추	2020-06-08	5.30768
배추	2020-06-09	5.49126
배추	2020-06-10	5.29172
배추	2020-06-11	5.02833
배추	2020-06-12	5.11613
배추	2020-06-13	4.39779
배추	2020-06-14	5.37951
배추	2020-06-15	5.66685
배추	2020-06-16	5.37153
배추	2020-06-17	4.90063
배추	2020-06-18	5.06026
배추	2020-06-19	4.70109
배추	2020-06-20	4.19027
배추	2020-06-21	4.71705
배추	2020-06-22	6.2495
배추	2020-06-23	5.63492
배추	2020-06-24	5.37951
배추	2020-06-25	4.82081
배추	2020-06-26	5.07622
배추	2020-06-27	5.06824
배추	2020-06-28	5.172
배추	2020-06-29	6.01005
배추	2020-06-30	4.71705
배추	2020-07-01	4.85274
배추	2020-07-02	5.19594
배추	2020-07-03	4.67714
배추	2020-07-04	4.03064
배추	2020-07-05	4.45366
배추	2020-07-06	5.4274
배추	2020-07-07	4.76494
배추	2020-07-08	5.25979
배추	2020-07-09	4.68513
배추	2020-07-10	4.11844
배추	2020-07-11	4.23018
배추	2020-07-12	4.62127
배추	2020-07-13	5.57905
배추	2020-07-14	5.44337
배추	2020-07-15	5.603
배추	2020-07-16	5.30768
배추	2020-07-17	6.33729
배추	2020-07-18	4.80485
배추	2020-07-19	5.53914
배추	2020-07-20	5.81051
배추	2020-07-21	5.46731
배추	2020-07-22	5.61896
배추	2020-07-23	6.13776
배추	2020-07-24	5.79455
배추	2020-07-25	5.12411
배추	2020-07-26	5.57905
배추	2020-07-27	6.17766
배추	2020-07-28	5.8185
배추	2020-07-29	6.47298
배추	2020-07-30	5.93024
배추	2020-07-31	5.13209
배추	2020-08-01	5.31566
배추	2020-08-02	6.09785
배추	2020-08-03	6.94389
배추	2020-08-04	7.05563
배추	2020-08-05	8.10918
배추	2020-08-06	9.80126
배추	2020-08-07	9.18668
배추	2020-08-08	9.6975
배추	2020-08-09	10.33602
배추	2020-08-10	12.60276
배추	2020-08-11	11.14215
배추	2020-08-12	9.6097
배추	2020-08-13	10.04868
배추	2020-08-14	9.38622
배추	2020-08-15	7.11948
배추	2020-08-16	7.85377
배추	2020-08-17	10.04868
배추	2020-08-18	10.22427
배추	2020-08-19	10.39189
배추	2020-08-20	11.87644
배추	2020-08-21	11.43746
배추	2020-08-22	10.93463
배추	2020-08-23	12.09992
배추	2020-08-24	15.25261
배추	2020-08-25	13.12953
배추	2020-08-26	13.60842
배추	2020-08-27	15.41224
배추	2020-08-28	15.06903
배추	2020-08-29	14.39061
배추	2020-08-30	15.07702
배추	2020-08-31	17.4555
배추	2020-09-01	17.05642
배추	2020-09-02	19.75417
배추	2020-09-03	18.07007
배추	2020-09-04	17.99824
배추	2020-09-05	15.37233
배추	2020-09-06	17.56724
배추	2020-09-07	19.50674
배추	2020-09-08	21.62183
배추	2020-09-09	23.42565
배추	2020-09-10	20.76781
배추	2020-09-11	19.96168
배추	2020-09-12	19.65839
배추	2020-09-13	22.26833
배추	2020-09-14	25.25341
배추	2020-09-15	24.75856
배추	2020-09-16	24.06417
배추	2020-09-17	24.3515
배추	2020-09-18	22.80309
배추	2020-09-19	20.4725
배추	2020-09-20	24.82241
배추	2020-09-21	26.1633
배추	2020-09-22	21.87724
배추	2020-09-23	20.83965
배추	2020-09-24	18.62079
배추	2020-09-25	15.53994
배추	2020-09-26	15.03711
배추	2020-09-27	15.04509
배추	2020-09-28	14.39061
배추	2020-09-29	10.47968
배추	2020-09-30	8.70779
배추	2020-10-01	10.28813
배추	2020-10-02	16.17048
배추	2020-10-03	16.52166
배추	2020-10-04	18.35741
배추	2020-10-05	21.29459
배추	2020-10-06	23.33785
배추	2020-10-07	21.79742
배추	2020-10-08	18.72455
배추	2020-10-09	23.25804
배추	2020-10-10	24.19187
배추	2020-10-11	19.19546
배추	2020-10-12	21.2068
배추	2020-10-13	20.62415
배추	2020-10-14	17.83063
배추	2020-10-15	16.52965
배추	2020-10-16	14.04741
배추	2020-10-17	14.15915
배추	2020-10-18	15.76342
배추	2020-10-19	15.20472
배추	2020-10-20	14.52629
배추	2020-10-21	14.05539
배추	2020-10-22	12.73844
배추	2020-10-23	11.44544
배추	2020-10-24	11.73277
배추	2020-10-25	12.85816
배추	2020-10-26	13.25724
배추	2020-10-27	13.43283
배추	2020-10-28	12.49102
배추	2020-10-29	12.068
배추	2020-10-30	11.81259
배추	2020-10-31	10.9905
배추	2020-11-01	12.94596
배추	2020-11-02	15.78737
배추	2020-11-03	15.10894
배추	2020-11-04	14.26291
배추	2020-11-05	14.77372
배추	2020-11-06	13.76007
배추	2020-11-07	14.28685
배추	2020-11-08	16.37002
배추	2020-11-09	18.0142
배추	2020-11-10	16.5057
배추	2020-11-11	16.64139
배추	2020-11-12	15.86718
배추	2020-11-13	14.66996
배추	2020-11-14	17.07239
배추	2020-11-15	16.78505
배추	2020-11-16	18.14191
배추	2020-11-17	16.19442
배추	2020-11-18	16.23433
배추	2020-11-19	15.55591
배추	2020-11-20	15.68361
배추	2020-11-21	16.44983
배추	2020-11-22	18.97996
배추	2020-11-23	18.94804
배추	2020-11-24	15.96296
배추	2020-11-25	14.70987
배추	2020-11-26	14.41455
배추	2020-11-27	14.23896
배추	2020-11-28	14.223
배추	2020-11-29	14.97326
배추	2020-11-30	13.83989
배추	2020-12-01	12.33139
배추	2020-12-02	11.45342
배추	2020-12-03	11.11022
배추	2020-12-04	10.09657
배추	2020-12-05	10.71913
배추	2020-12-06	10.44776
배추	2020-12-07	11.54122
배추	2020-12-08	9.482
배추	2020-12-09	9.913
배추	2020-12-10	9.38622
배추	2020-12-11	7.51855
배추	2020-12-12	7.7979
배추	2020-12-13	8.0134
배추	2020-12-14	7.87772
배추	2020-12-15	7.77396
배추	2020-12-16	6.97581
배추	2020-12-17	6.58472
배추	2020-12-18	6.32133
배추	2020-12-19	6.44105
배추	2020-12-20	7.35892
배추	2020-12-21	6.08987
배추	2020-12-22	6.13776
배추	2020-12-23	5.58703
배추	2020-12-24	5.02833
배추	2020-12-25	4.62127
배추	2020-12-26	5.41144
배추	2020-12-27	5.76263
배추	2020-12-28	6.25748
배추	2020-12-29	6.06592
배추	2020-12-30	4.89264
배추	2020-12-31	4.45366
배추	2021-01-01	4.38183
배추	2021-01-02	5.49924
배추	2021-01-03	6.11381
배추	2021-01-04	5.89831
배추	2021-01-05	5.67483
배추	2021-01-06	5.02035
배추	2021-01-07	5.45933
배추	2021-01-08	5.37153
배추	2021-01-09	5.20392
배추	2021-01-10	5.35557
배추	2021-01-11	5.92226
배추	2021-01-12	5.89033
배추	2021-01-13	5.8584
배추	2021-01-14	5.69079
배추	2021-01-15	5.56309
배추	2021-01-16	5.87437
배추	2021-01-17	5.70676
배추	2021-01-18	5.53116
배추	2021-01-19	6.78426
배추	2021-01-20	5.71474
배추	2021-01-21	5.98611
배추	2021-01-22	5.19594
배추	2021-01-23	5.89033
배추	2021-01-24	5.44337
배추	2021-01-25	5.77859
배추	2021-01-26	6.31335
배추	2021-01-27	5.52318
배추	2021-01-28	5.44337
배추	2021-01-29	4.98044
배추	2021-01-30	4.92457
배추	2021-01-31	5.79455
배추	2021-02-01	5.44337
배추	2021-02-02	5.49924
배추	2021-02-03	4.7809
배추	2021-02-04	5.01237
배추	2021-02-05	4.92457
배추	2021-02-06	4.70109
배추	2021-02-07	4.90861
배추	2021-02-08	4.58137
배추	2021-02-09	4.27009
배추	2021-02-10	3.82313
배추	2021-02-11	4.11046
배추	2021-02-12	3.68744
배추	2021-02-13	4.11844
배추	2021-02-14	4.39779
배추	2021-02-15	5.6429
배추	2021-02-16	4.83677
배추	2021-02-17	4.9565
배추	2021-02-18	4.71705
배추	2021-02-19	4.67714
배추	2021-02-20	4.77292
배추	2021-02-21	4.8687
배추	2021-02-22	5.27576
배추	2021-02-23	5.49924
배추	2021-02-24	4.88466
배추	2021-02-25	7.23122
배추	2021-02-26	5.10016
배추	2021-02-27	4.82081
배추	2021-02-28	5.00438
배추	2021-03-01	6.09785
배추	2021-03-02	5.2119
배추	2021-03-03	4.92457
배추	2021-03-04	5.24383
배추	2021-03-05	5.15603
배추	2021-03-06	5.22787
배추	2021-03-07	5.49126
배추	2021-03-08	5.29172
배추	2021-03-09	5.67483
배추	2021-03-10	5.87437
배추	2021-03-11	7.67818
배추	2021-03-12	6.15372
배추	2021-03-13	5.16401
배추	2021-03-14	4.94851
배추	2021-03-15	5.27576
배추	2021-03-16	5.26777
배추	2021-03-17	5.93024
배추	2021-03-18	5.80253
배추	2021-03-19	5.45933
배추	2021-03-20	4.97246
배추	2021-03-21	5.41144
배추	2021-03-22	5.61896
배추	2021-03-23	5.63492
배추	2021-03-24	5.45135
배추	2021-03-25	5.09218
배추	2021-03-26	4.67714
배추	2021-03-27	4.72503
배추	2021-03-28	4.77292
배추	2021-03-29	5.172
배추	2021-03-30	4.4377
배추	2021-03-31	4.8687
배추	2021-04-01	4.7809
배추	2021-04-02	4.02266
배추	2021-04-03	4.70907
배추	2021-04-04	4.90861
배추	2021-04-05	5.01237
배추	2021-04-06	5.40346
배추	2021-04-07	4.74898
배추	2021-04-08	5.18796
배추	2021-04-09	4.40577
배추	2021-04-10	4.46963
배추	2021-04-11	4.79687
배추	2021-04-12	5.25979
배추	2021-04-13	5.31566
배추	2021-04-14	5.20392
배추	2021-04-15	5.25979
배추	2021-04-16	4.83677
배추	2021-04-17	4.60531
배추	2021-04-18	4.78888
배추	2021-04-19	5.49126
배추	2021-04-20	4.87668
배추	2021-04-21	4.73301
배추	2021-04-22	4.5654
배추	2021-04-23	3.98275
배추	2021-04-24	4.741
배추	2021-04-25	4.80485
배추	2021-04-26	5.14805
배추	2021-04-27	5.01237
배추	2021-04-28	4.66118
배추	2021-04-29	5.14805
배추	2021-04-30	4.67714
배추	2021-05-01	4.47761
배추	2021-05-02	4.94053
배추	2021-05-03	4.76494
배추	2021-05-04	4.37385
배추	2021-05-05	4.75696
배추	2021-05-06	4.84476
배추	2021-05-07	4.44568
배추	2021-05-08	4.60531
배추	2021-05-09	5.37153
배추	2021-05-10	5.17998
배추	2021-05-11	5.10814
배추	2021-05-12	5.3875
배추	2021-05-13	5.10016
배추	2021-05-14	4.50155
배추	2021-05-15	4.1344
배추	2021-05-16	4.77292
배추	2021-05-17	6.75233
배추	2021-05-18	6.20161
배추	2021-05-19	5.14007
배추	2021-05-20	5.89831
배추	2021-05-21	4.94851
배추	2021-05-22	4.69311
배추	2021-05-23	5.23585
배추	2021-05-24	5.53116
배추	2021-05-25	5.5152
배추	2021-05-26	5.45933
배추	2021-05-27	5.8185
배추	2021-05-28	4.98044
배추	2021-05-29	4.5255
배추	2021-05-30	5.15603
배추	2021-05-31	5.67483
배추	2021-06-01	5.56309
배추	2021-06-02	5.70676
배추	2021-06-03	5.603
배추	2021-06-04	4.9964
배추	2021-06-05	5.00438
배추	2021-06-06	5.46731
배추	2021-06-07	6.2495
배추	2021-06-08	6.25748
배추	2021-06-09	5.34759
배추	2021-06-10	5.04429
배추	2021-06-11	4.81283
배추	2021-06-12	4.3499
배추	2021-06-13	4.94851
배추	2021-06-14	4.90063
배추	2021-06-15	5.10814
배추	2021-06-16	5.06026
배추	2021-06-17	4.84476
배추	2021-06-18	5.02035
배추	2021-06-19	4.23816
배추	2021-06-20	4.71705
배추	2021-06-21	5.11613
배추	2021-06-22	5.43538
배추	2021-06-23	5.16401
배추	2021-06-24	5.20392
배추	2021-06-25	4.40577
배추	2021-06-26	3.93487
배추	2021-06-27	4.58935
배추	2021-06-28	5.14805
배추	2021-06-29	4.64522
배추	2021-06-30	4.35788
배추	2021-07-01	5.29172
배추	2021-07-02	4.45366
배추	2021-07-03	5.14007
배추	2021-07-04	5.13209
배추	2021-07-05	5.34759
배추	2021-07-06	4.71705
배추	2021-07-07	4.57338
배추	2021-07-08	4.71705
배추	2021-07-09	4.01468
배추	2021-07-10	4.11046
배추	2021-07-11	4.47761
배추	2021-07-12	4.741
배추	2021-07-13	4.92457
배추	2021-07-14	4.80485
배추	2021-07-15	4.27009
배추	2021-07-16	4.06257
배추	2021-07-17	3.89496
배추	2021-07-18	4.74898
배추	2021-07-19	5.02833
배추	2021-07-20	4.70109
배추	2021-07-21	4.70907
배추	2021-07-22	4.57338
배추	2021-07-23	4.27009
배추	2021-07-24	4.25413
배추	2021-07-25	4.31798
배추	2021-07-26	4.97246
배추	2021-07-27	5.09218
배추	2021-07-28	5.10814
배추	2021-07-29	4.90063
배추	2021-07-30	4.96448
배추	2021-07-31	5.10016
배추	2021-08-01	4.77292
배추	2021-08-02	5.18796
배추	2021-08-03	5.73868
배추	2021-08-04	5.71474
배추	2021-08-05	5.36355
배추	2021-08-06	5.26777
배추	2021-08-07	6.32931
배추	2021-08-08	5.98611
배추	2021-08-09	6.91196
배추	2021-08-10	6.9359
배추	2021-08-11	6.78426
배추	2021-08-12	6.25748
배추	2021-08-13	5.78657
배추	2021-08-14	6.08189
배추	2021-08-15	6.33729
배추	2021-08-16	7.50259
배추	2021-08-17	8.14909
배추	2021-08-18	7.74203
배추	2021-08-19	7.15939
배추	2021-08-20	7.1514
배추	2021-08-21	7.4547
배추	2021-08-22	7.56644
배추	2021-08-23	8.81155
배추	2021-08-24	8.35661
배추	2021-08-25	8.65192
배추	2021-08-26	7.89368
배추	2021-08-27	7.95753
배추	2021-08-28	7.47864
배추	2021-08-29	8.64394
배추	2021-08-30	10.05666
배추	2021-08-31	8.80357
배추	2021-09-01	8.64394
배추	2021-09-02	10.57546
배추	2021-09-03	9.45007
배추	2021-09-04	9.23457
배추	2021-09-05	10.07263
배추	2021-09-06	11.90837
배추	2021-09-07	10.6872
배추	2021-09-08	10.08061
배추	2021-09-09	10.52757
배추	2021-09-10	8.92329
배추	2021-09-11	8.73174
배추	2021-09-12	10.82289
배추	2021-09-13	10.33602
배추	2021-09-14	9.94492
배추	2021-09-15	8.5322
배추	2021-09-16	7.5824
배추	2021-09-17	6.69646
배추	2021-09-18	6.23353
배추	2021-09-19	5.15603
배추	2021-09-20	5.02833
배추	2021-09-21	5.2119
배추	2021-09-22	6.32931
배추	2021-09-23	8.79559
배추	2021-09-24	8.28477
배추	2021-09-25	8.14111
배추	2021-09-26	8.33266
배추	2021-09-27	8.90733
배추	2021-09-28	8.97118
배추	2021-09-29	8.29276
배추	2021-09-30	7.53451
배추	2021-10-01	7.70213
배추	2021-10-02	6.54481
배추	2021-10-03	7.51855
배추	2021-10-04	8.55614
배추	2021-10-05	8.34863
배추	2021-10-06	8.20496
배추	2021-10-07	8.34863
배추	2021-10-08	8.63596
배추	2021-10-09	8.45239
배추	2021-10-10	9.25053
배추	2021-10-11	9.71346
배추	2021-10-12	11.22994
배추	2021-10-13	11.95626
배추	2021-10-14	11.16609
배추	2021-10-15	11.57315
배추	2021-10-16	11.00646
배추	2021-10-17	12.13983
배추	2021-10-18	12.8422
배추	2021-10-19	13.45678
배추	2021-10-20	15.37233
배추	2021-10-21	16.12259
배추	2021-10-22	17.50339
배추	2021-10-23	15.27655
배추	2021-10-24	16.25029
배추	2021-10-25	20.688
배추	2021-10-26	19.15555
배추	2021-10-27	18.18979
배추	2021-10-28	19.71426
배추	2021-10-29	16.19442
배추	2021-10-30	16.97661
배추	2021-10-31	18.78042
배추	2021-11-01	24.4792
배추	2021-11-02	27.01731
배추	2021-11-03	24.32756
배추	2021-11-04	28.08683
배추	2021-11-05	23.5773
배추	2021-11-06	22.08476
배추	2021-11-07	25.29331
배추	2021-11-08	29.35589
배추	2021-11-09	28.7493
배추	2021-11-10	30.9043
배추	2021-11-11	28.88498
배추	2021-11-12	28.9648
배추	2021-11-13	24.8703
배추	2021-11-14	26.24311
배추	2021-11-15	31.18365
배추	2021-11-16	27.4563
배추	2021-11-17	25.39707
배추	2021-11-18	24.51911
배추	2021-11-19	22.10072
배추	2021-11-20	30.59302
배추	2021-11-21	31.39915
배추	2021-11-22	28.25444
배추	2021-11-23	22.99465
배추	2021-11-24	18.49309
배추	2021-11-25	29.04461
배추	2021-11-26	17.68696
배추	2021-11-27	15.53196
배추	2021-11-28	17.49541
배추	2021-11-29	16.378
배추	2021-11-30	14.02346
배추	2021-12-01	13.46476
배추	2021-12-02	12.45111
배추	2021-12-03	11.9802
배추	2021-12-04	12.09194
배추	2021-12-05	11.70883
배추	2021-12-06	12.26753
배추	2021-12-07	9.64961
배추	2021-12-08	10.04868
배추	2021-12-09	9.72144
배추	2021-12-10	7.81387
배추	2021-12-11	7.42277
배추	2021-12-12	8.89137
배추	2021-12-13	8.77164
배추	2021-12-14	7.66222
배추	2021-12-15	6.88801
배추	2021-12-16	6.30537
배추	2021-12-17	5.75464
배추	2021-12-18	5.65887
배추	2021-12-19	7.47864
배추	2021-12-20	6.08987
배추	2021-12-21	6.84013
배추	2021-12-22	5.80253
배추	2021-12-23	5.01237
배추	2021-12-24	4.11046
배추	2021-12-25	4.81283
배추	2021-12-26	4.5255
배추	2021-12-27	5.172
배추	2021-12-28	4.72503
배추	2021-12-29	5.04429
배추	2021-12-30	5.0842
배추	2021-12-31	4.11844
배추	2022-01-01	4.741
배추	2022-01-02	4.5654
배추	2022-01-03	5.69877
배추	2022-01-04	5.31566
배추	2022-01-05	5.24383
배추	2022-01-06	5.53914
배추	2022-01-07	5.22787
배추	2022-01-08	4.76494
배추	2022-01-09	5.90629
배추	2022-01-10	6.33729
배추	2022-01-11	5.34759
배추	2022-01-12	5.53914
배추	2022-01-13	5.05227
배추	2022-01-14	4.94851
배추	2022-01-15	4.53348
배추	2022-01-16	5.12411
배추	2022-01-17	5.48327
배추	2022-01-18	5.02035
배추	2022-01-19	4.87668
배추	2022-01-20	5.27576
배추	2022-01-21	4.67714
배추	2022-01-22	4.39779
배추	2022-01-23	5.20392
배추	2022-01-24	5.27576
배추	2022-01-25	4.75696
배추	2022-01-26	4.12642
배추	2022-01-27	4.74898
배추	2022-01-28	3.71138
배추	2022-01-29	4.2222
배추	2022-01-30	4.0945
배추	2022-01-31	3.93487
배추	2022-02-01	3.879
배추	2022-02-02	4.25413
배추	2022-02-03	5.33163
배추	2022-02-04	5.14007
배추	2022-02-05	5.22787
배추	2022-02-06	5.48327
배추	2022-02-07	5.86638
배추	2022-02-08	6.47298
배추	2022-02-09	5.48327
배추	2022-02-10	5.14805
배추	2022-02-11	4.84476
배추	2022-02-12	4.84476
배추	2022-02-13	4.91659
배추	2022-02-14	4.87668
배추	2022-02-15	5.04429
배추	2022-02-16	4.80485
배추	2022-02-17	4.74898
배추	2022-02-18	4.33394
배추	2022-02-19	5.0842
배추	2022-02-20	4.81283
배추	2022-02-21	5.26777
배추	2022-02-22	6.29739
배추	2022-02-23	6.57674
배추	2022-02-24	6.06592
배추	2022-02-25	5.80253
배추	2022-02-26	5.33163
배추	2022-02-27	5.62694
배추	2022-02-28	5.26777
배추	2022-03-01	5.37951
배추	2022-03-02	5.2119
배추	2022-03-03	5.81051
배추	2022-03-04	5.62694
배추	2022-03-05	5.65887
배추	2022-03-06	5.87437
배추	2022-03-07	5.9462
배추	2022-03-08	7.1514
배추	2022-03-09	6.06592
배추	2022-03-10	6.52885
배추	2022-03-11	7.19929
배추	2022-03-12	6.57674
배추	2022-03-13	7.74203
배추	2022-03-14	8.20496
배추	2022-03-15	7.7979
배추	2022-03-16	8.41248
배추	2022-03-17	8.5322
배추	2022-03-18	7.71809
배추	2022-03-19	7.61433
배추	2022-03-20	8.82752
배추	2022-03-21	8.77164
배추	2022-03-22	8.77963
배추	2022-03-23	8.11716
배추	2022-03-24	8.42046
배추	2022-03-25	8.37257
배추	2022-03-26	8.45239
배추	2022-03-27	8.73972
배추	2022-03-28	9.1787
배추	2022-03-29	9.72942
배추	2022-03-30	8.8355
배추	2022-03-31	8.88339
배추	2022-04-01	8.70779
배추	2022-04-02	7.83781
배추	2022-04-03	9.19466
배추	2022-04-04	10.42381
배추	2022-04-05	9.1787
배추	2022-04-06	10.29611
배추	2022-04-07	10.42381
배추	2022-04-08	9.3942
배추	2022-04-09	7.23122
배추	2022-04-10	8.93926
배추	2022-04-11	9.11485
배추	2022-04-12	8.50826
배추	2022-04-13	9.29044
배추	2022-04-14	9.33833
배추	2022-04-15	8.00542
배추	2022-04-16	7.80589
배추	2022-04-17	9.13081
배추	2022-04-18	10.59142
배추	2022-04-19	8.38055
배추	2022-04-20	8.10918
배추	2022-04-21	7.87772
배추	2022-04-22	6.12179
배추	2022-04-23	5.70676
배추	2022-04-24	8.85944
배추	2022-04-25	9.43411
배추	2022-04-26	9.12283
배추	2022-04-27	8.06927
배추	2022-04-28	6.76829
배추	2022-04-29	6.65655
배추	2022-04-30	5.7307
배추	2022-05-01	7.7979
배추	2022-05-02	7.35094
배추	2022-05-03	8.26083
배추	2022-05-04	5.88235
배추	2022-05-05	7.19929
배추	2022-05-06	5.97014
배추	2022-05-07	5.11613
배추	2022-05-08	8.55614
배추	2022-05-09	8.23689
배추	2022-05-10	9.37026
배추	2022-05-11	5.70676
배추	2022-05-12	8.79559
배추	2022-05-13	7.08755
배추	2022-05-14	7.15939
배추	2022-05-15	7.82185
배추	2022-05-16	10.46372
배추	2022-05-17	8.85944
배추	2022-05-18	9.28246
배추	2022-05-19	8.93926
배추	2022-05-20	6.43307
배추	2022-05-21	7.22324
배추	2022-05-22	6.60068
배추	2022-05-23	10.43179
배추	2022-05-24	9.86511
배추	2022-05-25	13.15348
배추	2022-05-26	13.37696
배추	2022-05-27	5.76263
배추	2022-05-28	7.09553
배추	2022-05-29	10.2562
배추	2022-05-30	9.6097
배추	2022-05-31	9.60172
배추	2022-06-01	6.24151
배추	2022-06-02	5.30768
배추	2022-06-03	5.33961
배추	2022-06-04	5.28374
배추	2022-06-05	5.81051
배추	2022-06-06	6.48096
배추	2022-06-07	5.88235
배추	2022-06-08	6.95187
배추	2022-06-09	5.91427
배추	2022-06-10	5.50722
배추	2022-06-11	5.37153
배추	2022-06-12	6.60866
배추	2022-06-13	7.70213
배추	2022-06-14	7.37489
배추	2022-06-15	6.22555
배추	2022-06-16	6.034
배추	2022-06-17	5.69079
배추	2022-06-18	5.99409
배추	2022-06-19	6.49692
배추	2022-06-20	6.92792
배추	2022-06-21	6.53683
배추	2022-06-22	6.72839
배추	2022-06-23	6.41711
배추	2022-06-24	5.603
배추	2022-06-25	5.84244
배추	2022-06-26	5.90629
배추	2022-06-27	6.66453
배추	2022-06-28	5.86638
배추	2022-06-29	6.47298
배추	2022-06-30	6.01005
배추	2022-07-01	4.84476
배추	2022-07-02	6.36922
배추	2022-07-03	6.22555
배추	2022-07-04	7.1514
배추	2022-07-05	6.9359
배추	2022-07-06	6.75233
배추	2022-07-07	6.56876
배추	2022-07-08	6.40114
배추	2022-07-09	6.26546
배추	2022-07-10	6.35326
배추	2022-07-11	7.22324
배추	2022-07-12	7.46268
배추	2022-07-13	7.81387
배추	2022-07-14	7.55846
배추	2022-07-15	6.27344
배추	2022-07-16	7.03168
배추	2022-07-17	7.78194
배추	2022-07-18	9.03503
배추	2022-07-19	8.84348
배추	2022-07-20	8.26881
배추	2022-07-21	8.09322
배추	2022-07-22	8.6599
배추	2022-07-23	9.56979
배추	2022-07-24	10.24024
배추	2022-07-25	11.77268
배추	2022-07-26	11.15013
배추	2022-07-27	11.19003
배추	2022-07-28	10.31207
배추	2022-07-29	8.67587
배추	2022-07-30	7.94157
배추	2022-07-31	9.07494
배추	2022-08-01	10.39987
배추	2022-08-02	11.75672
배추	2022-08-03	11.53324
배추	2022-08-04	11.35765
배추	2022-08-05	10.0407
배추	2022-08-06	9.23457
배추	2022-08-07	10.23226
배추	2022-08-08	11.75672
배추	2022-08-09	11.5492
배추	2022-08-10	11.97222
배추	2022-08-11	14.18309
배추	2022-08-12	11.51727
배추	2022-08-13	11.74874
배추	2022-08-14	10.86279
배추	2022-08-15	12.12387
배추	2022-08-16	13.34503
배추	2022-08-17	13.12155
배추	2022-08-18	14.10328
배추	2022-08-19	11.74874
배추	2022-08-20	11.29379
배추	2022-08-21	12.65863
배추	2022-08-22	14.10328
배추	2022-08-23	14.66198
배추	2022-08-24	15.50802
배추	2022-08-25	14.94931
배추	2022-08-26	14.82161
배추	2022-08-27	14.16713
배추	2022-08-28	15.085
배추	2022-08-29	17.8865
배추	2022-08-30	16.97661
배추	2022-08-31	16.85689
배추	2022-09-01	19.31518
배추	2022-09-02	19.86591
배추	2022-09-03	19.60252
배추	2022-09-04	19.97765
배추	2022-09-05	19.76215
배추	2022-09-06	19.29124
배추	2022-09-07	22.77915
배추	2022-09-08	21.45422
배추	2022-09-09	14.38263
배추	2022-09-10	13.63237
배추	2022-09-11	14.81363
배추	2022-09-12	18.79639
배추	2022-09-13	24.3515
배추	2022-09-14	26.68209
배추	2022-09-15	29.45965
배추	2022-09-16	37.32939
배추	2022-09-17	31.01604
배추	2022-09-18	28.55774
배추	2022-09-19	35.342
배추	2022-09-20	44.80006
배추	2022-09-21	30.30569
배추	2022-09-22	28.7493
배추	2022-09-23	28.04693
배추	2022-09-24	22.45989
배추	2022-09-25	25.15763
배추	2022-09-26	31.00806
배추	2022-09-27	29.1803
배추	2022-09-28	25.81211
배추	2022-09-29	22.42796
배추	2022-09-30	18.68465
배추	2022-10-01	16.66533
배추	2022-10-02	18.77244
배추	2022-10-03	22.27631
배추	2022-10-04	21.96504
배추	2022-10-05	20.65607
배추	2022-10-06	18.61281
배추	2022-10-07	15.57985
배추	2022-10-08	15.23665
배추	2022-10-09	15.87516
배추	2022-10-10	18.81235
배추	2022-10-11	17.49541
배추	2022-10-12	16.29818
배추	2022-10-13	15.25261
배추	2022-10-14	13.75209
배추	2022-10-15	11.91635
배추	2022-10-16	14.57418
배추	2022-10-17	15.3005
배추	2022-10-18	14.92537
배추	2022-10-19	14.82959
배추	2022-10-20	13.69622
배추	2022-10-21	13.04972
배추	2022-10-22	12.05203
배추	2022-10-23	13.68824
배추	2022-10-24	16.11461
배추	2022-10-25	15.00518
배추	2022-10-26	15.04509
배추	2022-10-27	14.20703
배추	2022-10-28	14.54226
배추	2022-10-29	12.35533
배추	2022-10-30	11.99616
배추	2022-10-31	14.74179
배추	2022-11-01	15.20472
배추	2022-11-02	16.40992
배추	2022-11-03	17.72687
배추	2022-11-04	21.53404
배추	2022-11-05	19.11565
배추	2022-11-06	18.00622
배추	2022-11-07	20.49644
배추	2022-11-08	18.03017
배추	2022-11-09	16.72918
배추	2022-11-10	18.10998
배추	2022-11-11	16.26626
배추	2022-11-12	16.33011
배추	2022-11-13	18.62079
배추	2022-11-14	19.84994
배추	2022-11-15	17.96631
배추	2022-11-16	16.56157
배추	2022-11-17	17.38366
배추	2022-11-18	15.93103
배추	2022-11-19	15.38031
배추	2022-11-20	17.87852
배추	2022-11-21	18.78042
배추	2022-11-22	19.41894
배추	2022-11-23	15.8592
배추	2022-11-24	14.52629
배추	2022-11-25	13.41687
배추	2022-11-26	14.86152
배추	2022-11-27	16.00287
배추	2022-11-28	14.52629
배추	2022-11-29	14.47841
배추	2022-11-30	13.99153
배추	2022-12-01	12.29148
배추	2022-12-02	12.17974
배추	2022-12-03	9.96887
배추	2022-12-04	12.00415
배추	2022-12-05	12.13185
배추	2022-12-06	9.90502
배추	2022-12-07	10.15244
배추	2022-12-08	9.28246
배추	2022-12-09	10.08061
배추	2022-12-10	8.66789
배추	2022-12-11	8.62
배추	2022-12-12	9.78529
배추	2022-12-13	8.09322
배추	2022-12-14	7.49461
배추	2022-12-15	7.63827
배추	2022-12-16	7.76598
배추	2022-12-17	6.08987
배추	2022-12-18	7.12746
배추	2022-12-19	7.7979
배추	2022-12-20	7.62231
배추	2022-12-21	6.40114
배추	2022-12-22	6.35326
배추	2022-12-23	5.34759
배추	2022-12-24	4.87668
배추	2022-12-25	5.25979
배추	2022-12-26	5.72272
배추	2022-12-27	6.27344
배추	2022-12-28	6.12977
배추	2022-12-29	5.00438
배추	2022-12-30	4.53348
배추	2022-12-31	4.7809
배추	2023-01-01	4.741
배추	2023-01-02	5.87437
배추	2023-01-03	5.9462
배추	2023-01-04	5.76263
배추	2023-01-05	5.97014
배추	2023-01-06	5.46731
배추	2023-01-07	5.97014
배추	2023-01-08	5.97813
배추	2023-01-09	6.12179
배추	2023-01-10	6.6805
배추	2023-01-11	5.98611
배추	2023-01-12	6.92792
배추	2023-01-13	5.93024
배추	2023-01-14	5.48327
배추	2023-01-15	5.40346
배추	2023-01-16	5.5152
배추	2023-01-17	5.29172
배추	2023-01-18	4.75696
배추	2023-01-19	4.0067
배추	2023-01-20	4.39779
배추	2023-01-21	4.20624
배추	2023-01-22	3.54377
배추	2023-01-23	4.5255
배추	2023-01-24	5.02833
배추	2023-01-25	5.3875
배추	2023-01-26	5.46731
배추	2023-01-27	4.75696
배추	2023-01-28	4.66118
배추	2023-01-29	5.14805
배추	2023-01-30	5.41144
배추	2023-01-31	5.74666
배추	2023-02-01	5.39548
배추	2023-02-02	5.41144
배추	2023-02-03	5.5152
배추	2023-02-04	4.70907
배추	2023-02-05	4.68513
배추	2023-02-06	5.4274
배추	2023-02-07	5.37153
배추	2023-02-08	7.82185
배추	2023-02-09	5.45135
배추	2023-02-10	4.86072
배추	2023-02-11	4.71705
배추	2023-02-12	4.68513
배추	2023-02-13	4.97246
배추	2023-02-14	5.06824
배추	2023-02-15	4.83677
배추	2023-02-16	5.23585
배추	2023-02-17	5.41942
배추	2023-02-18	5.54713
배추	2023-02-19	5.61098
배추	2023-02-20	6.14574
배추	2023-02-21	5.61098
배추	2023-02-22	5.03631
배추	2023-02-23	4.90861
배추	2023-02-24	4.88466
배추	2023-02-25	5.26777
배추	2023-02-26	5.21988
배추	2023-02-27	4.84476
배추	2023-02-28	4.6532
배추	2023-03-01	4.88466
배추	2023-03-02	4.70907
배추	2023-03-03	4.26211
배추	2023-03-04	4.84476
배추	2023-03-05	4.62926
배추	2023-03-06	5.26777
배추	2023-03-07	5.43538
배추	2023-03-08	5.43538
배추	2023-03-09	4.9565
배추	2023-03-10	4.63724
배추	2023-03-11	4.0945
배추	2023-03-12	5.41942
배추	2023-03-13	5.31566
배추	2023-03-14	4.93255
배추	2023-03-15	6.32931
배추	2023-03-16	4.79687
배추	2023-03-17	4.14238
배추	2023-03-18	4.5255
배추	2023-03-19	5.03631
배추	2023-03-20	5.20392
배추	2023-03-21	4.94851
배추	2023-03-22	5.27576
배추	2023-03-23	4.88466
배추	2023-03-24	7.75001
배추	2023-03-25	6.5049
배추	2023-03-26	7.55846
배추	2023-03-27	6.2495
배추	2023-03-28	5.91427
배추	2023-03-29	5.72272
배추	2023-03-30	6.45701
배추	2023-03-31	5.25979
배추	2023-04-01	4.93255
배추	2023-04-02	5.28374
배추	2023-04-03	5.8185
배추	2023-04-04	5.44337
배추	2023-04-05	6.28142
배추	2023-04-06	6.06592
배추	2023-04-07	5.96216
배추	2023-04-08	6.01005
배추	2023-04-09	6.24151
배추	2023-04-10	6.31335
배추	2023-04-11	6.00207
배추	2023-04-12	6.06592
배추	2023-04-13	6.40913
배추	2023-04-14	7.51057
배추	2023-04-15	7.59039
배추	2023-04-16	6.92792
배추	2023-04-17	6.25748
배추	2023-04-18	6.12977
배추	2023-04-19	6.3772
배추	2023-04-20	6.11381
배추	2023-04-21	4.82081
배추	2023-04-22	4.61329
배추	2023-04-23	5.05227
배추	2023-04-24	5.73868
배추	2023-04-25	5.603
배추	2023-04-26	5.16401
배추	2023-04-27	5.69079
배추	2023-04-28	4.75696
배추	2023-04-29	4.61329
배추	2023-04-30	5.32364
배추	2023-05-01	5.86638
배추	2023-05-02	6.73637
배추	2023-05-03	6.14574
배추	2023-05-04	5.02035
배추	2023-05-05	5.49126
배추	2023-05-06	4.89264
배추	2023-05-07	5.37951
배추	2023-05-08	5.97014
배추	2023-05-09	5.92226
배추	2023-05-10	5.49126
배추	2023-05-11	5.55511
배추	2023-05-12	4.92457
배추	2023-05-13	5.09218
배추	2023-05-14	5.14805
배추	2023-05-15	5.85042
배추	2023-05-16	5.68281
배추	2023-05-17	6.08189
배추	2023-05-18	5.8185
배추	2023-05-19	5.03631
배추	2023-05-20	4.68513
배추	2023-05-21	5.06026
배추	2023-05-22	6.24151
배추	2023-05-23	6.04198
배추	2023-05-24	5.8584
배추	2023-05-25	5.61896
배추	2023-05-26	4.84476
배추	2023-05-27	5.05227
배추	2023-05-28	5.39548
배추	2023-05-29	6.33729
배추	2023-05-30	5.68281
배추	2023-05-31	5.05227
배추	2023-06-01	5.41144
배추	2023-06-02	5.33163
배추	2023-06-03	5.31566
배추	2023-06-04	5.3875
배추	2023-06-05	5.34759
배추	2023-06-06	6.22555
배추	2023-06-07	7.1514
배추	2023-06-08	7.19131
배추	2023-06-09	5.95418
배추	2023-06-10	5.81051
배추	2023-06-11	6.56077
배추	2023-06-12	7.23122
배추	2023-06-13	7.90964
배추	2023-06-14	8.64394
배추	2023-06-15	8.34064
배추	2023-06-16	8.20496
배추	2023-06-17	7.61433
배추	2023-06-18	8.42844
배추	2023-06-19	8.61202
배추	2023-06-20	6.91196
배추	2023-06-21	6.48096
배추	2023-06-22	6.39316
배추	2023-06-23	5.97813
배추	2023-06-24	5.2119
배추	2023-06-25	5.77859
배추	2023-06-26	6.41711
배추	2023-06-27	5.44337
배추	2023-06-28	4.97246
배추	2023-06-29	5.14805
배추	2023-06-30	4.39779
배추	2023-07-01	4.07853
배추	2023-07-02	4.30201
배추	2023-07-03	4.98842
배추	2023-07-04	4.90063
배추	2023-07-05	4.97246
배추	2023-07-06	5.2997
배추	2023-07-07	4.61329
배추	2023-07-08	4.53348
배추	2023-07-09	4.49357
배추	2023-07-10	6.06592
배추	2023-07-11	5.61098
배추	2023-07-12	5.93024
배추	2023-07-13	6.06592
배추	2023-07-14	5.2997
배추	2023-07-15	5.87437
배추	2023-07-16	6.45701
배추	2023-07-17	7.15939
배추	2023-07-18	8.97118
배추	2023-07-19	6.80022
배추	2023-07-20	6.034
배추	2023-07-21	5.603
배추	2023-07-22	4.98044
배추	2023-07-23	6.04996
배추	2023-07-24	6.97581
배추	2023-07-25	6.05794
배추	2023-07-26	6.53683
배추	2023-07-27	5.97813
배추	2023-07-28	5.89033
배추	2023-07-29	5.2997
배추	2023-07-30	5.61896
배추	2023-07-31	6.94389
배추	2023-08-01	7.20727
배추	2023-08-02	7.08755
배추	2023-08-03	7.13544
배추	2023-08-04	6.81618
배추	2023-08-05	6.51289
배추	2023-08-06	9.7374
배추	2023-08-07	10.9027
배추	2023-08-08	9.58576
배추	2023-08-09	9.46603
배추	2023-08-10	9.66557
배추	2023-08-11	8.54018
배추	2023-08-12	8.20496
배추	2023-08-13	14.70189
배추	2023-08-14	13.90374
배추	2023-08-15	11.54122
배추	2023-08-16	11.48535
배추	2023-08-17	10.79096
배추	2023-08-18	9.99281
배추	2023-08-19	9.3064
배추	2023-08-20	9.88905
배추	2023-08-21	10.9027
배추	2023-08-22	10.20831
배추	2023-08-23	9.97685
배추	2023-08-24	9.79327
배추	2023-08-25	8.85146
배추	2023-08-26	8.71577
배추	2023-08-27	10.13648
배추	2023-08-28	11.0304
배추	2023-08-29	10.5994
배추	2023-08-30	10.71115
배추	2023-08-31	9.72942
배추	2023-09-01	9.12283
배추	2023-09-02	8.42046
배추	2023-09-03	9.42613
배추	2023-09-04	12.78633
배추	2023-09-05	12.14781
배추	2023-09-06	12.18772
배추	2023-09-07	11.64498
배추	2023-09-08	10.43179
배추	2023-09-09	8.73174
배추	2023-09-10	9.36227
배추	2023-09-11	10.53555
배추	2023-09-12	10.73509
배추	2023-09-13	10.5595
배추	2023-09-14	9.94492
배추	2023-09-15	9.5219
배추	2023-09-16	8.97118
배추	2023-09-17	10.53555
배추	2023-09-18	11.8924
배추	2023-09-19	11.11022
배추	2023-09-20	10.99848
배추	2023-09-21	10.07263
배추	2023-09-22	8.88339
배추	2023-09-23	8.00542
배추	2023-09-24	8.2289
배추	2023-09-25	8.27679
배추	2023-09-26	6.85609
배추	2023-09-27	5.54713
배추	2023-09-28	4.94053
배추	2023-09-29	5.47529
배추	2023-09-30	5.98611
배추	2023-10-01	6.74435
배추	2023-10-02	7.73405
배추	2023-10-03	8.91531
배추	2023-10-04	9.64961
배추	2023-10-05	9.68952
배추	2023-10-06	8.27679
배추	2023-10-07	7.74203
배추	2023-10-08	9.06696
배추	2023-10-09	9.15476
배추	2023-10-10	10.32803
배추	2023-10-11	10.98252
배추	2023-10-12	11.25389
배추	2023-10-13	10.51959
배추	2023-10-14	9.97685
배추	2023-10-15	9.85713
배추	2023-10-16	12.7544
배추	2023-10-17	12.64266
배추	2023-10-18	15.57187
배추	2023-10-19	13.08165
배추	2023-10-20	11.11022
배추	2023-10-21	10.51161
배추	2023-10-22	13.1854
배추	2023-10-23	15.54792
배추	2023-10-24	14.50235
배추	2023-10-25	13.12155
배추	2023-10-26	12.66661
배추	2023-10-27	11.50929
배추	2023-10-28	11.23792
배추	2023-10-29	11.93231
배추	2023-10-30	13.79998
배추	2023-10-31	13.86383
배추	2023-11-01	15.84324
배추	2023-11-02	17.16816
배추	2023-11-03	16.05874
배추	2023-11-04	16.92872
배추	2023-11-05	15.34839
배추	2023-11-06	18.00622
배추	2023-11-07	18.05411
배추	2023-11-08	17.52733
배추	2023-11-09	18.94804
배추	2023-11-10	17.99824
배추	2023-11-11	17.62311
배추	2023-11-12	18.78841
배추	2023-11-13	20.55231
배추	2023-11-14	18.70859
배추	2023-11-15	20.78378
배추	2023-11-16	16.99257
배추	2023-11-17	17.35972
배추	2023-11-18	15.98691
배추	2023-11-19	17.31981
배추	2023-11-20	18.73254
배추	2023-11-21	18.13392
배추	2023-11-22	16.95266
배추	2023-11-23	15.97892
배추	2023-11-24	14.66198
배추	2023-11-25	13.41687
배추	2023-11-26	13.95961
배추	2023-11-27	13.90374
배추	2023-11-28	12.64266
배추	2023-11-29	12.21166
배추	2023-11-30	11.07829
배추	2023-12-01	10.50363
배추	2023-12-02	10.775
배추	2023-12-03	10.51959
배추	2023-12-04	10.91068
배추	2023-12-05	10.63133
배추	2023-12-06	10.28813
배추	2023-12-07	9.6975
배추	2023-12-08	8.79559
배추	2023-12-09	8.28477
배추	2023-12-10	8.4045
배추	2023-12-11	8.8355
배추	2023-12-12	8.22092
배추	2023-12-13	7.49461
배추	2023-12-14	7.43076
배추	2023-12-15	6.91196
배추	2023-12-16	6.3772
배추	2023-12-17	7.10351
배추	2023-12-18	6.42509
배추	2023-12-19	6.27344
배추	2023-12-20	5.98611
배추	2023-12-21	5.18796
배추	2023-12-22	5.09218
배추	2023-12-23	4.88466
배추	2023-12-24	5.06026
배추	2023-12-25	4.78888
배추	2023-12-26	5.68281
배추	2023-12-27	4.90861
배추	2023-12-28	4.91659
배추	2023-12-29	4.07853
배추	2023-12-30	4.2222
배추	2023-12-31	4.40577
배추	2024-01-01	4.31798
배추	2024-01-02	5.06026
배추	2024-01-03	4.9565
배추	2024-01-04	5.10016
배추	2024-01-05	5.2119
배추	2024-01-06	4.41376
배추	2024-01-07	4.98842
배추	2024-01-08	4.55742
배추	2024-01-09	5.25181
배추	2024-01-10	4.89264
배추	2024-01-11	5.0842
배추	2024-01-12	4.5255
배추	2024-01-13	4.90861
배추	2024-01-14	4.98044
배추	2024-01-15	5.13209
배추	2024-01-16	5.33961
배추	2024-01-17	4.90063
배추	2024-01-18	5.36355
배추	2024-01-19	4.67714
배추	2024-01-20	4.27807
배추	2024-01-21	5.18796
배추	2024-01-22	4.78888
배추	2024-01-23	5.6429
배추	2024-01-24	5.2997
배추	2024-01-25	4.7809
배추	2024-01-26	4.41376
배추	2024-01-27	4.46164
배추	2024-01-28	6.2495
배추	2024-01-29	11.68489
배추	2024-01-30	7.74203
배추	2024-01-31	5.93822
배추	2024-02-01	4.68513
배추	2024-02-02	5.45135
배추	2024-02-03	4.10248
배추	2024-02-04	4.8687
배추	2024-02-05	5.25181
배추	2024-02-06	4.77292
배추	2024-02-07	3.89496
배추	2024-02-08	3.71138
배추	2024-02-09	3.29635
배추	2024-02-10	3.44001
배추	2024-02-11	3.92688
배추	2024-02-12	4.86072
배추	2024-02-13	4.38981
배추	2024-02-14	4.741
배추	2024-02-15	4.90063
배추	2024-02-16	4.54944
배추	2024-02-17	4.71705
배추	2024-02-18	5.25181
배추	2024-02-19	5.56309
배추	2024-02-20	5.25979
배추	2024-02-21	5.10814
배추	2024-02-22	4.33394
배추	2024-02-23	4.24614
배추	2024-02-24	4.58137
배추	2024-02-25	4.741
배추	2024-02-26	4.7809
배추	2024-02-27	5.03631
배추	2024-02-28	4.62127
배추	2024-02-29	4.74898
배추	2024-03-01	4.74898
배추	2024-03-02	4.32596
배추	2024-03-03	4.62127
배추	2024-03-04	4.91659
배추	2024-03-05	4.80485
배추	2024-03-06	4.94053
배추	2024-03-07	4.92457
배추	2024-03-08	4.97246
배추	2024-03-09	4.79687
배추	2024-03-10	4.81283
배추	2024-03-11	5.61098
배추	2024-03-12	5.48327
배추	2024-03-13	5.33961
배추	2024-03-14	4.62926
배추	2024-03-15	4.75696
배추	2024-03-16	4.7809
배추	2024-03-17	5.32364
배추	2024-03-18	5.21988
배추	2024-03-19	4.94053
배추	2024-03-20	4.9565
배추	2024-03-21	5.53914
배추	2024-03-22	4.98842
배추	2024-03-23	5.172
배추	2024-03-24	5.53914
배추	2024-03-25	6.0739
배추	2024-03-26	5.92226
배추	2024-03-27	5.84244
배추	2024-03-28	5.34759
배추	2024-03-29	4.92457
배추	2024-03-30	4.63724
배추	2024-03-31	4.91659
배추	2024-04-01	5.47529
배추	2024-04-02	4.69311
배추	2024-04-03	5.8584
배추	2024-04-04	5.7307
배추	2024-04-05	4.94053
배추	2024-04-06	4.5654
배추	2024-04-07	4.50953
배추	2024-04-08	6.04198
배추	2024-04-09	5.33961
배추	2024-04-10	5.44337
배추	2024-04-11	5.73868
배추	2024-04-12	5.4274
배추	2024-04-13	5.58703
배추	2024-04-14	5.25181
배추	2024-04-15	6.27344
배추	2024-04-16	6.45701
배추	2024-04-17	6.65655
배추	2024-04-18	5.80253
배추	2024-04-19	5.57107
배추	2024-04-20	5.13209
배추	2024-04-21	6.01803
배추	2024-04-22	6.82416
배추	2024-04-23	7.63827
배추	2024-04-24	7.20727
배추	2024-04-25	6.15372
배추	2024-04-26	5.71474
배추	2024-04-27	5.29172
배추	2024-04-28	5.46731
배추	2024-04-29	6.44903
배추	2024-04-30	5.4274
배추	2024-05-01	5.73868
배추	2024-05-02	5.57107
배추	2024-05-03	5.09218
배추	2024-05-04	4.5654
배추	2024-05-05	4.58935
배추	2024-05-06	5.65887
배추	2024-05-07	6.29739
배추	2024-05-08	5.98611
배추	2024-05-09	5.8185
배추	2024-05-10	5.37951
배추	2024-05-11	5.58703
배추	2024-05-12	6.20959
배추	2024-05-13	6.20161
배추	2024-05-14	5.70676
배추	2024-05-15	5.80253
배추	2024-05-16	5.87437
배추	2024-05-17	5.03631
배추	2024-05-18	4.69311
배추	2024-05-19	5.14805
배추	2024-05-20	5.50722
배추	2024-05-21	5.7307
배추	2024-05-22	5.66685
배추	2024-05-23	5.35557
배추	2024-05-24	4.98842
배추	2024-05-25	4.92457
배추	2024-05-26	5.53914
배추	2024-05-27	6.23353
배추	2024-05-28	5.35557
배추	2024-05-29	5.79455
배추	2024-05-30	5.95418
배추	2024-05-31	5.02833
배추	2024-06-01	4.90063
배추	2024-06-02	4.9964
배추	2024-06-03	5.31566
배추	2024-06-04	5.16401
배추	2024-06-05	4.84476
배추	2024-06-06	4.88466
배추	2024-06-07	4.54146
배추	2024-06-08	4.49357
배추	2024-06-09	5.00438
배추	2024-06-10	5.19594
배추	2024-06-11	4.87668
배추	2024-06-12	4.87668
배추	2024-06-13	4.63724
배추	2024-06-14	4.53348
배추	2024-06-15	4.37385
배추	2024-06-16	4.11046
배추	2024-06-17	5.06026
배추	2024-06-18	5.06026
배추	2024-06-19	5.26777
배추	2024-06-20	5.30768
배추	2024-06-21	4.44568
배추	2024-06-22	3.95083
배추	2024-06-23	4.5255
배추	2024-06-24	4.6532
배추	2024-06-25	5.2997
배추	2024-06-26	4.85274
배추	2024-06-27	4.97246
배추	2024-06-28	4.77292
배추	2024-06-29	4.69311
배추	2024-06-30	4.58935
배추	2024-07-01	5.45135
배추	2024-07-02	5.89033
배추	2024-07-03	6.0739
배추	2024-07-04	5.01237
배추	2024-07-05	4.38981
배추	2024-07-06	4.54944
배추	2024-07-07	5.54713
배추	2024-07-08	6.18564
배추	2024-07-09	6.08987
배추	2024-07-10	5.63492
배추	2024-07-11	5.30768
배추	2024-07-12	6.38518
배추	2024-07-13	5.93024
배추	2024-07-14	6.38518
배추	2024-07-15	6.21757
배추	2024-07-16	6.11381
배추	2024-07-17	5.85042
배추	2024-07-18	6.47298
배추	2024-07-19	5.43538
배추	2024-07-20	5.43538
배추	2024-07-21	5.23585
배추	2024-07-22	6.52885
배추	2024-07-23	6.78426
배추	2024-07-24	6.86407
배추	2024-07-25	5.92226
배추	2024-07-26	5.37951
배추	2024-07-27	4.9565
배추	2024-07-28	5.79455
배추	2024-07-29	6.21757
배추	2024-07-30	6.54481
배추	2024-07-31	6.00207
배추	2024-08-01	6.034
배추	2024-08-02	6.71242
배추	2024-08-03	6.54481
배추	2024-08-04	6.3772
배추	2024-08-05	7.63029
배추	2024-08-06	7.67818
배추	2024-08-07	8.73972
배추	2024-08-08	7.82185
배추	2024-08-09	7.78194
배추	2024-08-10	8.14111
배추	2024-08-11	7.86176
배추	2024-08-12	9.45805
배추	2024-08-13	9.23457
배추	2024-08-14	9.47402
배추	2024-08-15	8.77164
배추	2024-08-16	10.31207
배추	2024-08-17	10.56748
배추	2024-08-18	10.58344
배추	2024-08-19	13.25724
배추	2024-08-20	13.59246
배추	2024-08-21	12.38726
배추	2024-08-22	12.30744
배추	2024-08-23	12.499
배추	2024-08-24	11.84452
배추	2024-08-25	12.57083
배추	2024-08-26	15.85122
배추	2024-08-27	15.52398
배추	2024-08-28	15.13289
배추	2024-08-29	14.86152
배추	2024-08-30	12.72248
배추	2024-08-31	13.68026
배추	2024-09-01	15.10894
배추	2024-09-02	19.69031
배추	2024-09-03	20.14526
배추	2024-09-04	19.23537
배추	2024-09-05	18.08604
배추	2024-09-06	17.56724
배추	2024-09-07	15.67563
배추	2024-09-08	18.29355
배추	2024-09-09	20.57626
배추	2024-09-10	19.36307
배추	2024-09-11	17.17615
배추	2024-09-12	15.22866
배추	2024-09-13	13.4887
배추	2024-09-14	14.9972
배추	2024-09-15	13.06568
배추	2024-09-16	11.81259
배추	2024-09-17	13.28118
배추	2024-09-18	16.809
배추	2024-09-19	26.17128
배추	2024-09-20	26.91356
배추	2024-09-21	22.22843
배추	2024-09-22	31.32732
배추	2024-09-23	70.71593
배추	2024-09-24	100
배추	2024-09-25	76.19123
배추	2024-09-26	71.17088
배추	2024-09-27	58.95123
배추	2024-09-28	37.32141
배추	2024-09-29	35.74906
배추	2024-09-30	41.51967
배추	2024-10-01	32.07758
배추	2024-10-02	31.32732
배추	2024-10-03	27.83143
배추	2024-10-04	28.39013
배추	2024-10-05	22.38007
배추	2024-10-06	23.1862
배추	2024-10-07	28.50187
배추	2024-10-08	25.46891
배추	2024-10-09	23.07446
배추	2024-10-10	23.85665
배추	2024-10-11	22.7153
배추	2024-10-12	17.75081
배추	2024-10-13	20.80772
배추	2024-10-14	24.84635
배추	2024-10-15	22.14063
배추	2024-10-16	23.63317
배추	2024-10-17	20.33681
배추	2024-10-18	21.8932
배추	2024-10-19	16.70524
배추	2024-10-20	19.57059
배추	2024-10-21	23.28996
배추	2024-10-22	25.56468
배추	2024-10-23	26.52246
배추	2024-10-24	22.40402
배추	2024-10-25	19.07574
배추	2024-10-26	16.38598
배추	2024-10-27	17.98228
배추	2024-10-28	21.92513
배추	2024-10-29	20.29691
배추	2024-10-30	20.20911
배추	2024-10-31	20.28892
배추	2024-11-01	18.19778
배추	2024-11-02	18.26961
배추	2024-11-03	16.63341
배추	2024-11-04	20.80772
배추	2024-11-05	19.98563
배추	2024-11-06	20.37672
배추	2024-11-07	20.08939
배추	2024-11-08	19.21142
배추	2024-11-09	17.67898
배추	2024-11-10	19.55463
배추	2024-11-11	22.14861
배추	2024-11-12	19.65839
배추	2024-11-13	18.69263
배추	2024-11-14	19.22739
배추	2024-11-15	19.24335
배추	2024-11-16	17.0245
배추	2024-11-17	21.37441
배추	2024-11-18	23.68904
배추	2024-11-19	20.13728
배추	2024-11-20	19.68233
배추	2024-11-21	19.41894
배추	2024-11-22	17.99824
배추	2024-11-23	16.56157
배추	2024-11-24	17.93439
배추	2024-11-25	19.6105
배추	2024-11-26	16.52166
배추	2024-11-27	15.50802
배추	2024-11-28	16.1625
배추	2024-11-29	14.70189
배추	2024-11-30	14.40657
배추	2024-12-01	15.20472
배추	2024-12-02	15.75544
배추	2024-12-03	14.1352
배추	2024-12-04	10.62335
배추	2024-12-05	11.23792
배추	2024-12-06	10.24822
배추	2024-12-07	9.31439
배추	2024-12-08	10.63133
배추	2024-12-09	10.32803
배추	2024-12-10	8.77963
배추	2024-12-11	9.21861
배추	2024-12-12	8.02937
배추	2024-12-13	7.21526
배추	2024-12-14	7.26314
배추	2024-12-15	8.26083
배추	2024-12-16	8.50826
배추	2024-12-17	7.94157
배추	2024-12-18	7.52653
배추	2024-12-19	6.88003
배추	2024-12-20	6.53683
배추	2024-12-21	6.40114
배추	2024-12-22	6.76829
배추	2024-12-23	6.14574
배추	2024-12-24	5.69079
배추	2024-12-25	5.76263
배추	2024-12-26	5.69877
배추	2024-12-27	5.07622
배추	2024-12-28	5.41144
배추	2024-12-29	5.54713
배추	2024-12-30	5.47529
배추	2024-12-31	4.94053
배추	2025-01-01	5.603
배추	2025-01-02	6.18564
배추	2025-01-03	5.30768
배추	2025-01-04	5.68281
배추	2025-01-05	8.02139
배추	2025-01-06	7.44672
배추	2025-01-07	7.49461
배추	2025-01-08	6.32931
배추	2025-01-09	6.33729
배추	2025-01-10	5.54713
배추	2025-01-11	5.47529
배추	2025-01-12	6.35326
배추	2025-01-13	6.56876
배추	2025-01-14	6.38518
배추	2025-01-15	6.11381
배추	2025-01-16	5.29172
배추	2025-01-17	5.37153
배추	2025-01-18	5.29172
배추	2025-01-19	5.25181
배추	2025-01-20	5.86638
배추	2025-01-21	5.47529
배추	2025-01-22	5.22787
배추	2025-01-23	4.53348
배추	2025-01-24	3.63955
배추	2025-01-25	3.85505
배추	2025-01-26	3.59964
배추	2025-01-27	3.87101
배추	2025-01-28	3.75129
배추	2025-01-29	3.33625
배추	2025-01-30	4.38183
배추	2025-01-31	4.58935
배추	2025-02-01	5.66685
배추	2025-02-02	5.2119
배추	2025-02-03	5.95418
배추	2025-02-04	5.61896
배추	2025-02-05	6.08987
배추	2025-02-06	5.76263
배추	2025-02-07	5.10814
배추	2025-02-08	5.65887
배추	2025-02-09	6.10583
배추	2025-02-10	5.68281
배추	2025-02-11	5.12411
배추	2025-02-12	5.2997
배추	2025-02-13	5.47529
배추	2025-02-14	5.02833
배추	2025-02-15	5.0842
배추	2025-02-16	5.63492
배추	2025-02-17	5.57107
배추	2025-02-18	4.8687
배추	2025-02-19	6.19363
배추	2025-02-20	6.34527
배추	2025-02-21	5.44337
배추	2025-02-22	5.172
배추	2025-02-23	5.10016
배추	2025-02-24	5.73868
배추	2025-02-25	5.53116
배추	2025-02-26	5.26777
배추	2025-02-27	5.10016
배추	2025-02-28	4.46963
배추	2025-03-01	4.5654
배추	2025-03-02	5.35557
배추	2025-03-03	5.69079
배추	2025-03-04	5.28374
배추	2025-03-05	5.02035
배추	2025-03-06	5.61098
배추	2025-03-07	5.86638
배추	2025-03-08	5.19594
배추	2025-03-09	5.82648
배추	2025-03-10	5.79455
배추	2025-03-11	5.30768
배추	2025-03-12	5.47529
배추	2025-03-13	5.47529
배추	2025-03-14	4.38981
배추	2025-03-15	4.50155
배추	2025-03-16	5.33961
배추	2025-03-17	5.49924
배추	2025-03-18	5.4274
배추	2025-03-19	5.37153
배추	2025-03-20	4.84476
배추	2025-03-21	4.16633
배추	2025-03-22	4.35788
배추	2025-03-23	4.90063
배추	2025-03-24	5.21988
배추	2025-03-25	4.92457
배추	2025-03-26	4.49357
배추	2025-03-27	4.92457
배추	2025-03-28	4.15835
배추	2025-03-29	3.92688
배추	2025-03-30	4.67714
배추	2025-03-31	5.06824
배추	2025-04-01	4.88466
배추	2025-04-02	4.89264
배추	2025-04-03	4.59733
배추	2025-04-04	4.03863
배추	2025-04-05	3.92688
배추	2025-04-06	4.45366
배추	2025-04-07	4.82081
배추	2025-04-08	4.32596
배추	2025-04-09	4.59733
배추	2025-04-10	4.34192
배추	2025-04-11	4.04661
배추	2025-04-12	3.62359
배추	2025-04-13	4.31
배추	2025-04-14	4.67714
배추	2025-04-15	4.27807
배추	2025-04-16	4.61329
배추	2025-04-17	4.0067
배추	2025-04-18	3.99074
배추	2025-04-19	3.55974
배추	2025-04-20	3.83909
배추	2025-04-21	4.30201
배추	2025-04-22	4.37385
배추	2025-04-23	4.57338
배추	2025-04-24	4.26211
배추	2025-04-25	3.61561
배추	2025-04-26	3.40011
배추	2025-04-27	3.50387
배추	2025-04-28	4.11046
배추	2025-04-29	3.96679
배추	2025-04-30	3.91092
배추	2025-05-01	3.93487
배추	2025-05-02	3.61561
배추	2025-05-03	3.15268
배추	2025-05-04	3.63955
배추	2025-05-05	3.67946
배추	2025-05-06	4.51751
배추	2025-05-07	4.31
배추	2025-05-08	4.26211
배추	2025-05-09	3.98275
배추	2025-05-10	3.69542
배추	2025-05-11	4.38183
배추	2025-05-12	4.70109
배추	2025-05-13	4.70907
배추	2025-05-14	4.25413
배추	2025-05-15	4.5255
배추	2025-05-16	4.53348
배추	2025-05-17	4.92457
배추	2025-05-18	5.28374
배추	2025-05-19	6.41711
배추	2025-05-20	6.034
배추	2025-05-21	4.66118
배추	2025-05-22	5.02035
배추	2025-05-23	4.31798
배추	2025-05-24	4.58935
배추	2025-05-25	4.3499
배추	2025-05-26	4.69311
배추	2025-05-27	5.41144
배추	2025-05-28	4.92457
배추	2025-05-29	4.42972
배추	2025-05-30	4.37385
배추	2025-05-31	4.17431
배추	2025-06-01	4.46164
배추	2025-06-02	4.47761
배추	2025-06-03	4.32596
배추	2025-06-04	4.55742
배추	2025-06-05	4.01468
배추	2025-06-06	4.10248
배추	2025-06-07	4.15835
배추	2025-06-08	4.69311
배추	2025-06-09	4.8687
배추	2025-06-10	4.60531
배추	2025-06-11	5.11613
배추	2025-06-12	5.19594
배추	2025-06-13	4.59733
배추	2025-06-14	3.73533
배추	2025-06-15	5.36355
배추	2025-06-16	5.25181
배추	2025-06-17	4.98842
배추	2025-06-18	5.16401
배추	2025-06-19	4.93255
배추	2025-06-20	4.69311
배추	2025-06-21	4.35788
배추	2025-06-22	4.51751
배추	2025-06-23	4.73301
배추	2025-06-24	5.34759
배추	2025-06-25	6.48894
배추	2025-06-26	4.76494
배추	2025-06-27	4.10248
배추	2025-06-28	4.79687
배추	2025-06-29	4.7809
배추	2025-06-30	6.72839
배추	2025-07-01	5.06026
배추	2025-07-02	5.25181
배추	2025-07-03	4.63724
배추	2025-07-04	4.1344
배추	2025-07-05	4.01468
배추	2025-07-06	4.27009
배추	2025-07-07	4.54944
배추	2025-07-08	4.66118
배추	2025-07-09	4.62926
배추	2025-07-10	5.0842
배추	2025-07-11	4.15835
배추	2025-07-12	3.73533
배추	2025-07-13	4.74898
배추	2025-07-14	6.00207
배추	2025-07-15	5.89831
배추	2025-07-16	5.28374
배추	2025-07-17	5.58703
배추	2025-07-18	4.94053
배추	2025-07-19	5.33163
배추	2025-07-20	5.3875
배추	2025-07-21	5.73868
배추	2025-07-22	6.52087
배추	2025-07-23	5.61098
배추	2025-07-24	5.25979
배추	2025-07-25	4.45366
배추	2025-07-26	4.64522
배추	2025-07-27	5.48327
배추	2025-07-28	5.71474
배추	2025-07-29	5.35557
배추	2025-07-30	5.35557
배추	2025-07-31	5.85042
배추	2025-08-01	4.90063
배추	2025-08-02	4.77292
배추	2025-08-03	5.55511
배추	2025-08-04	6.64857
배추	2025-08-05	7.10351
배추	2025-08-06	7.07159
배추	2025-08-07	6.74435
배추	2025-08-08	6.28142
배추	2025-08-09	5.69877
배추	2025-08-10	6.51289
배추	2025-08-11	6.82416
배추	2025-08-12	7.09553
배추	2025-08-13	6.34527
배추	2025-08-14	6.20959
배추	2025-08-15	6.034
배추	2025-08-16	6.20161
배추	2025-08-17	6.81618
배추	2025-08-18	8.26881
배추	2025-08-19	10.9027
배추	2025-08-20	8.07726
배추	2025-08-21	8.15707
배추	2025-08-22	6.91994
배추	2025-08-23	7.01572
배추	2025-08-24	7.39883
배추	2025-08-25	8.26881
배추	2025-08-26	7.92561
배추	2025-08-27	8.46037
배추	2025-08-28	8.04533
배추	2025-08-29	7.51855
배추	2025-08-30	7.26314
배추	2025-08-31	7.77396
배추	2025-09-01	8.78761
배추	2025-09-02	9.42613
배추	2025-09-03	8.93127
배추	2025-09-04	9.64163
배추	2025-09-05	7.90964
배추	2025-09-06	8.13313
배추	2025-09-07	9.1787
배추	2025-09-08	11.05435
배추	2025-09-09	9.92896
배추	2025-09-10	9.78529
배추	2025-09-11	9.68952
배추	2025-09-12	8.58009
배추	2025-09-13	7.5425
배추	2025-09-14	9.11485
배추	2025-09-15	11.32572
배추	2025-09-16	9.36227
배추	2025-09-17	9.14677
배추	2025-09-18	9.45805
배추	2025-09-19	8.81155
배추	2025-09-20	7.73405
배추	2025-09-21	9.25053
배추	2025-09-22	10.02474
배추	2025-09-23	10.71115
배추	2025-09-24	11.22994
배추	2025-09-25	11.15811
배추	2025-09-26	11.74076
배추	2025-09-27	9.64961
배추	2025-09-28	9.97685
배추	2025-09-29	10.87876
배추	2025-09-30	9.55383
배추	2025-10-01	7.33498
배추	2025-10-02	6.80022
배추	2025-10-03	5.93024
배추	2025-10-04	5.83446
배추	2025-10-05	5.33961
배추	2025-10-06	5.88235
배추	2025-10-07	6.56077
배추	2025-10-08	6.81618
배추	2025-10-09	8.2289
배추	2025-10-10	8.8355
배추	2025-10-11	10.36794
배추	2025-10-12	10.57546
배추	2025-10-13	12.56285
배추	2025-10-14	10.02474
배추	2025-10-15	9.49796
배추	2025-10-16	9.25852
배추	2025-10-17	9.36227
배추	2025-10-18	8.85146
배추	2025-10-19	9.051
배추	2025-10-20	11.39755
배추	2025-10-21	11.31774
배추	2025-10-22	11.637
배추	2025-10-23	12.33139
배추	2025-10-24	10.20033
배추	2025-10-25	8.56413
배추	2025-10-26	9.913
배추	2025-10-27	12.77835
배추	2025-10-28	12.23561
배추	2025-10-29	11.3337
배추	2025-10-30	11.34966
배추	2025-10-31	10.33602
배추	2025-11-01	10.67922
배추	2025-11-02	12.04405
배추	2025-11-03	14.55822
배추	2025-11-04	14.39859
배추	2025-11-05	13.6164
배추	2025-11-06	14.14318
배추	2025-11-07	12.79431
배추	2025-11-08	13.10559
배추	2025-11-09	13.21733
배추	2025-11-10	15.53196
배추	2025-11-11	14.69391
배추	2025-11-12	14.77372
배추	2025-11-13	14.69391
배추	2025-11-14	13.68824
배추	2025-11-15	13.12155
배추	2025-11-16	15.91507
배추	2025-11-17	18.70061
배추	2025-11-18	16.76909
배추	2025-11-19	14.5662
배추	2025-11-20	13.92768
배추	2025-11-21	13.52063
배추	2025-11-22	13.42485
배추	2025-11-23	14.36666
배추	2025-11-24	15.82728
배추	2025-11-25	14.74978
배추	2025-11-26	13.99952
배추	2025-11-27	13.50466
배추	2025-11-28	11.45342
배추	2025-11-29	11.80461
배추	2025-11-30	13.5765
배추	2025-12-01	13.31311
배추	2025-12-02	12.74642
배추	2025-12-03	11.44544
배추	2025-12-04	10.71913
배추	2025-12-05	9.38622
배추	2025-12-06	9.25852
배추	2025-12-07	9.21063
배추	2025-12-08	9.93694
배추	2025-12-09	8.79559
배추	2025-12-10	8.36459
배추	2025-12-11	8.0134
배추	2025-12-12	6.75233
배추	2025-12-13	6.42509
배추	2025-12-14	7.03168
배추	2025-12-15	6.45701
배추	2025-12-16	6.64857
배추	2025-12-17	5.49924
배추	2025-12-18	5.20392
배추	2025-12-19	4.82081
배추	2025-12-20	4.78888
배추	2025-12-21	5.35557
배추	2025-12-22	4.78888
배추	2025-12-23	4.96448
배추	2025-12-24	4.15835
배추	2025-12-25	4.05459
배추	2025-12-26	4.27807
배추	2025-12-27	4.34192
배추	2025-12-28	4.97246
배추	2025-12-29	4.54944
배추	2025-12-30	4.23018
배추	2025-12-31	3.33625
배추	2026-01-01	3.87101
배추	2026-01-02	4.11046
배추	2026-01-03	4.07853
배추	2026-01-04	4.29403
배추	2026-01-05	4.20624
배추	2026-01-06	4.16633
배추	2026-01-07	4.6532
배추	2026-01-08	4.01468
배추	2026-01-09	3.56772
배추	2026-01-10	3.85505
배추	2026-01-11	4.20624
배추	2026-01-12	3.90294
배추	2026-01-13	3.87101
배추	2026-01-14	3.89496
배추	2026-01-15	4.11046
배추	2026-01-16	3.55175
배추	2026-01-17	3.55974
배추	2026-01-18	3.85505
배추	2026-01-19	3.75927
배추	2026-01-20	3.71138
배추	2026-01-21	3.88698
배추	2026-01-22	3.99872
배추	2026-01-23	3.43203
배추	2026-01-24	3.73533
배추	2026-01-25	3.71138
배추	2026-01-26	4.1344
배추	2026-01-27	3.98275
배추	2026-01-28	3.97477
배추	2026-01-29	3.79918
배추	2026-01-30	3.45598
배추	2026-01-31	3.37616
배추	2026-02-01	3.79918
배추	2026-02-02	3.87101
배추	2026-02-03	4.17431
배추	2026-02-04	3.63157
배추	2026-02-05	3.46396
배추	2026-02-06	3.4879
배추	2026-02-07	3.28038
배추	2026-02-08	3.95881
배추	2026-02-09	3.80716
배추	2026-02-10	3.6635
배추	2026-02-11	3.45598
배추	2026-02-12	3.017
배추	2026-02-13	2.43435
배추	2026-02-14	2.50618
배추	2026-02-15	2.45829
배추	2026-02-16	2.51416
배추	2026-02-17	2.57801
배추	2026-02-18	3.04094
배추	2026-02-19	3.6635
배추	2026-02-20	3.28038
배추	2026-02-21	3.2724
배추	2026-02-22	3.28038
배추	2026-02-23	3.39213
배추	2026-02-24	3.59166
배추	2026-02-25	3.56772
배추	2026-02-26	3.75927
배추	2026-02-27	3.448
배추	2026-02-28	3.08883
배추	2026-03-01	3.51185
배추	2026-03-02	3.55175
배추	2026-03-03	3.16864
배추	2026-03-04	3.34424
배추	2026-03-05	3.63955
배추	2026-03-06	3.40011
배추	2026-03-07	3.64753
배추	2026-03-08	3.76725
배추	2026-03-09	3.94285
배추	2026-03-10	3.43203
배추	2026-03-11	3.79918
배추	2026-03-12	3.58368
배추	2026-03-13	3.29635
배추	2026-03-14	3.10479
배추	2026-03-15	3.9189
배추	2026-03-16	3.87101
배추	2026-03-17	3.61561
배추	2026-03-18	3.96679
배추	2026-03-19	3.43203
배추	2026-03-20	3.18461
배추	2026-03-21	3.06488
배추	2026-03-22	3.24048
배추	2026-03-23	3.51983
배추	2026-03-24	3.49588
배추	2026-03-25	3.16066
배추	2026-03-26	2.86535
배추	2026-03-27	2.66581
배추	2026-03-28	2.91324
배추	2026-03-29	2.98507
배추	2026-03-30	3.24846
배추	2026-03-31	3.10479
배추	2026-04-01	2.83342
배추	2026-04-02	3.09681
배추	2026-04-03	2.90525
배추	2026-04-04	2.75361
배추	2026-04-05	2.80948
배추	2026-04-06	3.33625
배추	2026-04-07	3.0569
배추	2026-04-08	3.03296
배추	2026-04-09	3.3602
배추	2026-04-10	2.87333
배추	2026-04-11	2.6259
배추	2026-04-12	2.92122
배추	2026-04-13	3.24846
배추	2026-04-14	3.04892
배추	2026-04-15	3.19259
배추	2026-04-16	3.28837
배추	2026-04-17	2.94516
배추	2026-04-18	2.88131
배추	2026-04-19	3.12075
배추	2026-04-20	3.35222
배추	2026-04-21	3.45598
배추	2026-04-22	2.87333
배추	2026-04-23	2.75361
배추	2026-04-24	2.53013
배추	2026-04-25	2.38646
배추	2026-04-26	2.34655
배추	2026-04-27	2.65783
배추	2026-04-28	2.8414
배추	2026-04-29	2.6259
배추	2026-04-30	3.20057
배추	2026-05-01	2.29866
배추	2026-05-02	2.33059
배추	2026-05-03	2.76159
배추	2026-05-04	2.57003
배추	2026-05-05	2.72966
배추	2026-05-06	3.29635
배추	2026-05-07	3.04892
배추	2026-05-08	2.55407
배추	2026-05-09	2.94516
배추	2026-05-10	3.04892
배추	2026-05-11	3.24048
배추	2026-05-12	3.50387
배추	2026-05-13	3.40809
배추	2026-05-14	3.24048
배추	2026-05-15	2.90525
배추	2026-05-16	3.08883
배추	2026-05-17	3.39213
배추	2026-05-18	3.55175
배추	2026-05-19	3.54377
배추	2026-05-20	2.96113
배추	2026-05-21	3.63157
배추	2026-05-22	2.98507
배추	2026-05-23	3.03296
배추	2026-05-24	2.92122
배추	2026-05-25	3.51185
배추	2026-05-26	3.59166
배추	2026-05-27	3.32827
배추	2026-05-28	3.51983
배추	2026-05-29	3.03296
배추	2026-05-30	3.28038
배추	2026-05-31	3.24048
배추	2026-06-01	3.58368
배추	2026-06-02	2.94516
배추	2026-06-03	3.09681
배추	2026-06-04	3.17663
배추	2026-06-05	2.94516
배추	2026-06-06	2.88131
배추	2026-06-07	3.11277
배추	2026-06-08	3.91092
배추	2026-06-09	2.90525
배추	2026-06-10	3.2325
배추	2026-06-11	3.32827
배추	2026-06-12	2.78553
배추	2026-06-13	2.96113
배추	2026-06-14	3.16066
배추	2026-06-15	3.04892
배추	2026-06-16	3.19259
배추	2026-06-17	3.09681
배추	2026-06-18	3.39213
배추	2026-06-19	2.81746
배추	2026-06-20	2.84938
배추	2026-06-21	2.82544
배추	2026-06-22	3.52781
배추	2026-06-23	3.42405
배추	2026-06-24	3.31231
배추	2026-06-25	3.06488
배추	2026-06-26	2.64985
배추	2026-06-27	2.8414
배추	2026-06-28	3.28038
배추	2026-06-29	3.26442
배추	2026-06-30	3.21653
배추	2026-07-01	3.52781
배추	2026-07-02	3.2325
배추	2026-07-03	2.86535
배추	2026-07-04	2.69774
배추	2026-07-05	2.99305
배추	2026-07-06	3.33625
배추	2026-07-07	2.82544
배추	2026-07-08	2.79351
배추	2026-07-09	3.40011
배추	2026-07-10	2.45829
배추	2026-07-11	2.42637
배추	2026-07-12	2.95314
배추	2026-07-13	2.99305
배추	2026-07-14	3.16864
배추	2026-07-15	2.97709
배추	2026-07-16	2.84938
배추	2026-07-17	2.87333
배추	2026-07-18	2.76159
배추	2026-07-19	2.89727
배추	2026-07-20	3.18461
배추	2026-07-21	3.40809
배추	2026-07-22	3.13672
배추	2026-07-23	3.44001
배추	2026-07-24	3.00901
배추	2026-07-25	2.50618
배추	2026-07-26	2.86535
배추	2026-07-27	3.41607
배추	2026-07-28	4.26211
배추	2026-07-29	4.31798
배추	2026-07-30	3.83111
배추	2026-07-31	4.07055
배추	2026-08-01	3.56772
배추	2026-08-02	3.82313
배추	2026-08-03	4.19027
배추	2026-08-04	4.15835
배추	2026-08-05	4.0945
배추	2026-08-06	3.82313
배추	2026-08-07	3.95083
배추	2026-08-08	3.40011
배추	2026-08-09	3.72735
배추	2026-08-10	4.67714
배추	2026-08-11	4.98044
배추	2026-08-12	4.82081
배추	2026-08-13	4.69311
배추	2026-08-14	3.96679
배추	2026-08-15	3.63955
배추	2026-08-16	4.28605
배추	2026-08-17	4.66118
배추	2026-08-18	5.25979
배추	2026-08-19	5.20392
배추	2026-08-20	4.9964
배추	2026-08-21	4.50953
배추	2026-08-22	4.38981
배추	2026-08-23	4.87668
배추	2026-08-24	10.84683
배추	2026-08-25	11.95626
배추	2026-08-26	10.59142
배추	2026-08-27	9.11485
배추	2026-08-28	6.65655
배추	2026-08-29	6.12977
배추	2026-08-30	6.76031
배추	2026-08-31	7.80589
배추	2026-09-01	6.95187
배추	2026-09-02	7.28709
배추	2026-09-03	7.52653
배추	2026-09-04	6.6805
배추	2026-09-05	6.25748
배추	2026-09-06	6.45701
배추	2026-09-07	7.83781
배추	2026-09-08	8.22092
배추	2026-09-09	7.76598
배추	2026-09-10	7.49461
배추	2026-09-11	7.0237
배추	2026-09-12	7.55048
배추	2026-09-13	7.7979
배추	2026-09-14	100
배추	2026-09-15	100
배추	2026-09-16	100
배추	2026-09-17	100
배추	2026-09-18	100
배추	2026-09-19	100
배추	2026-09-21	100
양배추	2016-01-01	17.85154
양배추	2016-01-02	22.26812
양배추	2016-01-03	19.61817
양배추	2016-01-04	25.13178
양배추	2016-01-05	25.7444
양배추	2016-01-06	24.91807
양배추	2016-01-07	23.80681
양배추	2016-01-08	21.94044
양배추	2016-01-09	20.40176
양배추	2016-01-10	21.34207
양배추	2016-01-11	26.32853
양배추	2016-01-12	26.96965
양배추	2016-01-13	23.62159
양배추	2016-01-14	22.88075
양배추	2016-01-15	21.32782
양배추	2016-01-16	19.34748
양배추	2016-01-17	22.1684
양배추	2016-01-18	22.43909
양배추	2016-01-19	22.32511
양배추	2016-01-20	26.2573
양배추	2016-01-21	36.62914
양배추	2016-01-22	27.35432
양배추	2016-01-23	20.91466
양배추	2016-01-24	26.51374
양배추	2016-01-25	32.93916
양배추	2016-01-26	34.83402
양배추	2016-01-27	33.16711
양배추	2016-01-28	32.79669
양배추	2016-01-29	21.91195
양배추	2016-01-30	21.09987
양배추	2016-01-31	21.21384
양배추	2016-02-01	21.57002
양배추	2016-02-02	21.24234
양배추	2016-02-03	19.94586
양배추	2016-02-04	22.72403
양배추	2016-02-05	15.67174
양배추	2016-02-06	17.58085
양배추	2016-02-07	13.2355
양배추	2016-02-08	11.28365
양배추	2016-02-09	15.52927
양배추	2016-02-10	19.68941
양배추	2016-02-11	25.10329
양배추	2016-02-12	22.36785
양배추	2016-02-13	23.1087
양배추	2016-02-14	24.63313
양배추	2016-02-15	25.10329
양배추	2016-02-16	26.78444
양배추	2016-02-17	27.12637
양배추	2016-02-18	26.57073
양배추	2016-02-19	22.80951
양배추	2016-02-20	24.98931
양배추	2016-02-21	21.78372
양배추	2016-02-22	23.89229
양배추	2016-02-23	24.39093
양배추	2016-02-24	23.02322
양배추	2016-02-25	28.25188
양배추	2016-02-26	22.19689
양배추	2016-02-27	22.18264
양배추	2016-02-28	21.58427
양배추	2016-02-29	21.28508
양배추	2016-03-01	23.20843
양배추	2016-03-02	21.61276
양배추	2016-03-03	19.57543
양배추	2016-03-04	20.78643
양배추	2016-03-05	34.72004
양배추	2016-03-06	27.55378
양배추	2016-03-07	25.13178
양배추	2016-03-08	22.76677
양배추	2016-03-09	23.97777
양배추	2016-03-10	20.57273
양배추	2016-03-11	19.7179
양배추	2016-03-12	24.81835
양배추	2016-03-13	23.15144
양배추	2016-03-14	20.94315
양배추	2016-03-15	20.90041
양배추	2016-03-16	22.04017
양배추	2016-03-17	20.03134
양배추	2016-03-18	18.7776
양배추	2016-03-19	23.69283
양배추	2016-03-20	20.11682
양배추	2016-03-21	22.1684
양배추	2016-03-22	20.80068
양배추	2016-03-23	20.54423
양배추	2016-03-24	20.67246
양배추	2016-03-25	19.37597
양배추	2016-03-26	21.01438
양배추	2016-03-27	20.9289
양배추	2016-03-28	21.9262
양배추	2016-03-29	21.47029
양배추	2016-03-30	20.7152
양배추	2016-03-31	18.57814
양배추	2016-04-01	17.31015
양배추	2016-04-02	16.44108
양배추	2016-04-03	21.48454
양배추	2016-04-04	21.82647
양배추	2016-04-05	21.71249
양배추	2016-04-06	22.08291
양배추	2016-04-07	20.55848
양배추	2016-04-08	17.66633
양배추	2016-04-09	17.59509
양배추	2016-04-10	17.83729
양배추	2016-04-11	21.58427
양배추	2016-04-12	17.33865
양배추	2016-04-13	18.26471
양배추	2016-04-14	19.00555
양배추	2016-04-15	17.16768
양배추	2016-04-16	22.48183
양배추	2016-04-17	17.8088
양배추	2016-04-18	21.52728
양배추	2016-04-19	19.4757
양배추	2016-04-20	19.63242
양배추	2016-04-21	21.08562
양배추	2016-04-22	18.47841
양배추	2016-04-23	21.25658
양배추	2016-04-24	18.23621
양배추	2016-04-25	19.4757
양배추	2016-04-26	19.11953
양배추	2016-04-27	18.7776
양배추	2016-04-28	18.33594
양배추	2016-04-29	17.99401
양배추	2016-04-30	20.80068
양배추	2016-05-01	21.57002
양배추	2016-05-02	34.6773
양배추	2016-05-03	77.06225
양배추	2016-05-04	68.01538
양배추	2016-05-05	36.6149
양배추	2016-05-06	32.91067
양배추	2016-05-07	29.99002
양배추	2016-05-08	30.51716
양배추	2016-05-09	27.9242
양배추	2016-05-10	25.14603
양배추	2016-05-11	22.82376
양배추	2016-05-12	22.49608
양배추	2016-05-13	20.50149
양배추	2016-05-14	24.17723
양배추	2016-05-15	30.44593
양배추	2016-05-16	26.24305
양배추	2016-05-17	24.16298
양배추	2016-05-18	22.79526
양배추	2016-05-19	21.47029
양배추	2016-05-20	21.82647
양배추	2016-05-21	23.15144
양배추	2016-05-22	24.69012
양배추	2016-05-23	22.56731
양배추	2016-05-24	21.88345
양배추	2016-05-25	19.94586
양배추	2016-05-26	21.72674
양배추	2016-05-27	18.42142
양배추	2016-05-28	23.47912
양배추	2016-05-29	20.77218
양배추	2016-05-30	21.24234
양배추	2016-05-31	23.74982
양배추	2016-06-01	20.74369
양배추	2016-06-02	19.83188
양배추	2016-06-03	17.50961
양배추	2016-06-04	17.70907
양배추	2016-06-05	18.13648
양배추	2016-06-06	21.8977
양배추	2016-06-07	22.96623
양배추	2016-06-08	22.02592
양배추	2016-06-09	21.76948
양배추	2016-06-10	19.84613
양배추	2016-06-11	18.46416
양배추	2016-06-12	23.86379
양배추	2016-06-13	19.9886
양배추	2016-06-14	22.04017
양배추	2016-06-15	19.54694
양배추	2016-06-16	20.98589
양배추	2016-06-17	17.55235
양배추	2016-06-18	17.97976
양배추	2016-06-19	19.9601
양배추	2016-06-20	22.66704
양배추	2016-06-21	21.22809
양배추	2016-06-22	21.42755
양배추	2016-06-23	20.2023
양배추	2016-06-24	18.7491
양배추	2016-06-25	19.03405
양배추	2016-06-26	18.59239
양배추	2016-06-27	20.43026
양배추	2016-06-28	21.96894
양배추	2016-06-29	19.39022
양배추	2016-06-30	18.67787
양배추	2016-07-01	17.26741
양배추	2016-07-02	19.33323
양배추	2016-07-03	17.31015
양배추	2016-07-04	20.87191
양배추	2016-07-05	23.13719
양배추	2016-07-06	21.35631
양배추	2016-07-07	23.29391
양배추	2016-07-08	19.83188
양배추	2016-07-09	19.91736
양배추	2016-07-10	17.82305
양배추	2016-07-11	20.55848
양배추	2016-07-12	23.19418
양배추	2016-07-13	23.79256
양배추	2016-07-14	22.65279
양배추	2016-07-15	19.86037
양배추	2016-07-16	23.86379
양배추	2016-07-17	17.11069
양배추	2016-07-18	21.47029
양배추	2016-07-19	22.21114
양배추	2016-07-20	21.49878
양배추	2016-07-21	20.08833
양배추	2016-07-22	15.20159
양배추	2016-07-23	17.21042
양배추	2016-07-24	17.55235
양배추	2016-07-25	17.97976
양배추	2016-07-26	16.58355
양배추	2016-07-27	17.06795
양배추	2016-07-28	18.90582
양배추	2016-07-29	14.87391
양배추	2016-07-30	16.58355
양배추	2016-07-31	16.19888
양배추	2016-08-01	18.90582
양배추	2016-08-02	19.66092
양배추	2016-08-03	18.90582
양배추	2016-08-04	18.19347
양배추	2016-08-05	16.3841
양배추	2016-08-06	15.48653
양배추	2016-08-07	15.57201
양배추	2016-08-08	19.24775
양배추	2016-08-09	18.5069
양배추	2016-08-10	16.86849
양배추	2016-08-11	16.96822
양배추	2016-08-12	15.61475
양배추	2016-08-13	14.64596
양배추	2016-08-14	16.79726
양배추	2016-08-15	16.71178
양배추	2016-08-16	17.26741
양배추	2016-08-17	18.59239
양배추	2016-08-18	18.7776
양배추	2016-08-19	16.01367
양배추	2016-08-20	17.63784
양배추	2016-08-21	20.24504
양배추	2016-08-22	21.27083
양배추	2016-08-23	19.61817
양배추	2016-08-24	19.46146
양배추	2016-08-25	20.85767
양배추	2016-08-26	18.47841
양배추	2016-08-27	20.87191
양배추	2016-08-28	20.34477
양배추	2016-08-29	19.73215
양배추	2016-08-30	18.66362
양배추	2016-08-31	18.40718
양배추	2016-09-01	17.8088
양배추	2016-09-02	16.66904
양배추	2016-09-03	19.03405
양배추	2016-09-04	17.72332
양배추	2016-09-05	22.88075
양배추	2016-09-06	22.26812
양배추	2016-09-07	19.41872
양배추	2016-09-08	17.22467
양배추	2016-09-09	14.95939
양배추	2016-09-10	17.0822
양배추	2016-09-11	16.41259
양배추	2016-09-12	16.52657
양배추	2016-09-13	13.80538
양배추	2016-09-14	10.89898
양배추	2016-09-15	9.83046
양배추	2016-09-16	14.31827
양배추	2016-09-17	18.96281
양배추	2016-09-18	18.54965
양배추	2016-09-19	20.67246
양배추	2016-09-20	20.94315
양배추	2016-09-21	19.09103
양배추	2016-09-22	18.90582
양배추	2016-09-23	16.39834
양배추	2016-09-24	18.43567
양배추	2016-09-25	18.92007
양배추	2016-09-26	20.33053
양배추	2016-09-27	19.97435
양배추	2016-09-28	17.8088
양배추	2016-09-29	17.16768
양배추	2016-09-30	15.51503
양배추	2016-10-01	15.27283
양배추	2016-10-02	15.05912
양배추	2016-10-03	18.30745
양배추	2016-10-04	20.34477
양배추	2016-10-05	18.56389
양배추	2016-10-06	17.36714
양배추	2016-10-07	15.40105
양배추	2016-10-08	14.9309
양배추	2016-10-09	16.28437
양배추	2016-10-10	16.79726
양배추	2016-10-11	16.27012
양배추	2016-10-12	16.82575
양배추	2016-10-13	17.06795
양배추	2016-10-14	15.81421
양배추	2016-10-15	16.15614
양배추	2016-10-16	21.49878
양배추	2016-10-17	20.90041
양배추	2016-10-18	18.7491
양배추	2016-10-19	18.20772
양배추	2016-10-20	17.03946
양배추	2016-10-21	13.99059
양배추	2016-10-22	14.9309
양배추	2016-10-23	15.30132
양배추	2016-10-24	18.43567
양배추	2016-10-25	17.11069
양배추	2016-10-26	15.42954
양배추	2016-10-27	14.33252
양배추	2016-10-28	13.7199
양배추	2016-10-29	13.13577
양배추	2016-10-30	13.27824
양배추	2016-10-31	15.10186
양배추	2016-11-01	15.77147
양배추	2016-11-02	16.65479
양배추	2016-11-03	14.74569
양배추	2016-11-04	13.83387
양배추	2016-11-05	13.12152
양배추	2016-11-06	16.51232
양배추	2016-11-07	18.5069
양배추	2016-11-08	18.07949
양배추	2016-11-09	17.19618
양배추	2016-11-10	15.94244
양배추	2016-11-11	14.56047
양배추	2016-11-12	12.86508
양배추	2016-11-13	15.18734
양배추	2016-11-14	19.56119
양배추	2016-11-15	18.9913
양배추	2016-11-16	17.99401
양배추	2016-11-17	17.39564
양배추	2016-11-18	17.38139
양배추	2016-11-19	14.97364
양배추	2016-11-20	17.59509
양배추	2016-11-21	20.2023
양배추	2016-11-22	18.9913
양배추	2016-11-23	18.09374
양배추	2016-11-24	23.15144
양배추	2016-11-25	16.86849
양배추	2016-11-26	15.01638
양배추	2016-11-27	18.87733
양배추	2016-11-28	19.58968
양배추	2016-11-29	19.54694
양배추	2016-11-30	18.32169
양배추	2016-12-01	17.43838
양배추	2016-12-02	18.57814
양배추	2016-12-03	15.32981
양배추	2016-12-04	18.72061
양배추	2016-12-05	20.05983
양배추	2016-12-06	20.65821
양배추	2016-12-07	16.5978
양배추	2016-12-08	17.55235
양배추	2016-12-09	16.1134
양배추	2016-12-10	13.9336
양배추	2016-12-11	17.82305
양배추	2016-12-12	21.05713
양배추	2016-12-13	20.45875
양배추	2016-12-14	18.56389
양배추	2016-12-15	17.18193
양배추	2016-12-16	14.78843
양배추	2016-12-17	14.27553
양배추	2016-12-18	16.04217
양배추	2016-12-19	18.66362
양배추	2016-12-20	17.43838
양배추	2016-12-21	17.65208
양배추	2016-12-22	15.32981
양배추	2016-12-23	14.11882
양배추	2016-12-24	14.53198
양배추	2016-12-25	16.17039
양배추	2016-12-26	19.60393
양배추	2016-12-27	19.00555
양배추	2016-12-28	18.20772
양배추	2016-12-29	17.0822
양배추	2016-12-30	17.09645
양배추	2016-12-31	13.6914
양배추	2017-01-01	15.21584
양배추	2017-01-02	20.48724
양배추	2017-01-03	20.85767
양배추	2017-01-04	20.31628
양배추	2017-01-05	20.08833
양배추	2017-01-06	20.07408
양배추	2017-01-07	18.42142
양배추	2017-01-08	21.91195
양배추	2017-01-09	22.59581
양배추	2017-01-10	21.34207
양배추	2017-01-11	22.80951
양배추	2017-01-12	21.57002
양배추	2017-01-13	20.27354
양배추	2017-01-14	17.13919
양배추	2017-01-15	21.6555
양배추	2017-01-16	21.57002
양배추	2017-01-17	21.91195
양배추	2017-01-18	21.96894
양배추	2017-01-19	20.82917
양배추	2017-01-20	19.24775
양배추	2017-01-21	18.19347
양배추	2017-01-22	20.13107
양배추	2017-01-23	20.50149
양배추	2017-01-24	18.32169
양배추	2017-01-25	16.96822
양배추	2017-01-26	14.26129
양배추	2017-01-27	13.12152
양배추	2017-01-28	12.39492
양배추	2017-01-29	14.27553
양배추	2017-01-30	19.76064
양배추	2017-01-31	23.20843
양배추	2017-02-01	22.70978
양배추	2017-02-02	20.64396
양배추	2017-02-03	21.07137
양배추	2017-02-04	18.70636
양배추	2017-02-05	23.69283
양배추	2017-02-06	24.12024
양배추	2017-02-07	23.57885
양배추	2017-02-08	23.46488
양배추	2017-02-09	22.51032
양배추	2017-02-10	19.73215
양배추	2017-02-11	18.16498
양배추	2017-02-12	21.64125
양배추	2017-02-13	27.58227
양배추	2017-02-14	22.8665
양배추	2017-02-15	24.44792
양배추	2017-02-16	23.79256
양배추	2017-02-17	21.28508
양배추	2017-02-18	18.84883
양배추	2017-02-19	21.21384
양배추	2017-02-20	25.81564
양배추	2017-02-21	24.30545
양배추	2017-02-22	24.37669
양배추	2017-02-23	22.6243
양배추	2017-02-24	21.51303
양배추	2017-02-25	18.2932
양배추	2017-02-26	23.39364
양배추	2017-02-27	22.95198
양배추	2017-02-28	21.34207
양배추	2017-03-01	19.87462
양배추	2017-03-02	20.18806
양배추	2017-03-03	18.30745
양배추	2017-03-04	18.40718
양배추	2017-03-05	21.55577
양배추	2017-03-06	21.91195
양배추	2017-03-07	23.72132
양배추	2017-03-08	23.29391
양배추	2017-03-09	27.86721
양배추	2017-03-10	21.45604
양배추	2017-03-11	26.12907
양배추	2017-03-12	23.65009
양배추	2017-03-13	23.80681
양배추	2017-03-14	24.90383
양배추	2017-03-15	24.00626
양배추	2017-03-16	23.57885
양배추	2017-03-17	27.58227
양배추	2017-03-18	21.4418
양배추	2017-03-19	20.88616
양배추	2017-03-20	25.10329
양배추	2017-03-21	25.71591
양배추	2017-03-22	22.58156
양배추	2017-03-23	22.72403
양배추	2017-03-24	27.02664
양배추	2017-03-25	27.14061
양배추	2017-03-26	28.29462
양배추	2017-03-27	27.14061
양배추	2017-03-28	25.48796
양배추	2017-03-29	25.85838
양배추	2017-03-30	22.63855
양배추	2017-03-31	23.66433
양배추	2017-04-01	20.38751
양배추	2017-04-02	22.83801
양배추	2017-04-03	23.32241
양배추	2017-04-04	24.2912
양배추	2017-04-05	22.1399
양배추	2017-04-06	22.1399
양배추	2017-04-07	22.05442
양배추	2017-04-08	19.5042
양배추	2017-04-09	22.04017
양배추	2017-04-10	24.2912
양배추	2017-04-11	23.30816
양배추	2017-04-12	22.61005
양배추	2017-04-13	19.66092
양배추	2017-04-14	20.38751
양배추	2017-04-15	18.37868
양배추	2017-04-16	19.44721
양배추	2017-04-17	24.36244
양배추	2017-04-18	22.88075
양배추	2017-04-19	19.39022
양배추	2017-04-20	21.1996
양배추	2017-04-21	18.2932
양배추	2017-04-22	17.26741
양배추	2017-04-23	19.262
양배추	2017-04-24	20.65821
양배추	2017-04-25	21.04288
양배추	2017-04-26	20.25929
양배추	2017-04-27	18.62088
양배추	2017-04-28	16.15614
양배추	2017-04-29	16.49807
양배추	2017-04-30	16.17039
양배추	2017-05-01	17.40988
양배추	2017-05-02	16.96822
양배추	2017-05-03	16.89699
양배추	2017-05-04	17.25316
양배추	2017-05-05	17.8088
양배추	2017-05-06	18.07949
양배추	2017-05-07	17.88003
양배추	2017-05-08	19.37597
양배추	2017-05-09	20.17381
양배추	2017-05-10	20.9574
양배추	2017-05-11	19.58968
양배추	2017-05-12	18.7776
양배추	2017-05-13	17.5666
양배추	2017-05-14	18.62088
양배추	2017-05-15	20.98589
양배추	2017-05-16	22.18264
양배추	2017-05-17	23.02322
양배추	2017-05-18	22.83801
양배추	2017-05-19	19.48995
양배추	2017-05-20	18.2932
양배추	2017-05-21	21.24234
양배추	2017-05-22	23.99202
양배추	2017-05-23	24.14873
양배추	2017-05-24	21.88345
양배추	2017-05-25	20.41601
양배추	2017-05-26	20.00284
양배추	2017-05-27	17.65208
양배추	2017-05-28	21.96894
양배추	2017-05-29	22.88075
양배추	2017-05-30	23.00897
양배추	2017-05-31	22.18264
양배추	2017-06-01	19.53269
양배추	2017-06-02	18.66362
양배추	2017-06-03	17.35289
양배추	2017-06-04	18.23621
양배추	2017-06-05	20.33053
양배추	2017-06-06	21.25658
양배추	2017-06-07	27.1976
양배추	2017-06-08	23.27966
양배추	2017-06-09	19.94586
양배추	2017-06-10	19.88887
양배추	2017-06-11	21.94044
양배추	2017-06-12	22.45334
양배추	2017-06-13	20.91466
양배추	2017-06-14	20.72944
양배추	2017-06-15	21.37056
양배추	2017-06-16	18.97706
양배추	2017-06-17	19.06254
양배추	2017-06-18	18.44992
양배추	2017-06-19	20.87191
양배추	2017-06-20	20.91466
양배추	2017-06-21	20.00284
양배추	2017-06-22	18.72061
양배추	2017-06-23	17.68058
양배추	2017-06-24	16.98247
양배추	2017-06-25	17.73756
양배추	2017-06-26	19.11953
양배추	2017-06-27	19.7179
양배추	2017-06-28	20.52999
양배추	2017-06-29	18.66362
양배추	2017-06-30	17.58085
양배추	2017-07-01	16.18464
양배추	2017-07-02	20.2023
양배추	2017-07-03	20.38751
양배추	2017-07-04	20.45875
양배추	2017-07-05	20.13107
양배추	2017-07-06	17.96552
양배추	2017-07-07	19.84613
양배추	2017-07-08	16.72602
양배추	2017-07-09	17.66633
양배추	2017-07-10	19.67516
양배추	2017-07-11	18.2932
양배추	2017-07-12	16.61205
양배추	2017-07-13	18.67787
양배추	2017-07-14	17.49536
양배추	2017-07-15	15.51503
양배추	2017-07-16	16.41259
양배추	2017-07-17	20.2308
양배추	2017-07-18	19.57543
양배추	2017-07-19	19.17652
양배추	2017-07-20	19.21926
양배추	2017-07-21	16.72602
양배추	2017-07-22	14.84541
양배추	2017-07-23	18.32169
양배추	2017-07-24	19.31899
양배추	2017-07-25	19.64667
양배추	2017-07-26	19.13377
양배추	2017-07-27	18.23621
양배추	2017-07-28	16.85425
양배추	2017-07-29	14.00484
양배추	2017-07-30	16.79726
양배추	2017-07-31	17.95127
양배추	2017-08-01	18.15073
양배추	2017-08-02	18.5354
양배추	2017-08-03	18.32169
양배추	2017-08-04	18.56389
양배추	2017-08-05	15.25858
양배추	2017-08-06	17.38139
양배추	2017-08-07	20.74369
양배추	2017-08-08	21.39905
양배추	2017-08-09	19.70366
양배추	2017-08-10	19.97435
양배추	2017-08-11	19.64667
양배추	2017-08-12	17.05371
양배추	2017-08-13	19.0198
양배추	2017-08-14	19.7464
양배추	2017-08-15	20.57273
양배추	2017-08-16	21.42755
양배추	2017-08-17	22.59581
양배추	2017-08-18	21.29933
양배추	2017-08-19	20.50149
양배추	2017-08-20	22.53882
양배추	2017-08-21	25.5307
양배추	2017-08-22	25.40247
양배추	2017-08-23	25.30274
양배추	2017-08-24	24.2912
양배추	2017-08-25	21.05713
양배추	2017-08-26	17.38139
양배추	2017-08-27	17.60934
양배추	2017-08-28	20.74369
양배추	2017-08-29	20.473
양배추	2017-08-30	22.33936
양배추	2017-08-31	21.62701
양배추	2017-09-01	19.10528
양배추	2017-09-02	19.76064
양배추	2017-09-03	20.30203
양배추	2017-09-04	22.58156
양배추	2017-09-05	23.57885
양배추	2017-09-06	21.61276
양배추	2017-09-07	24.36244
양배추	2017-09-08	19.70366
양배추	2017-09-09	17.62359
양배추	2017-09-10	20.2308
양배추	2017-09-11	23.53611
양배추	2017-09-12	24.10599
양배추	2017-09-13	21.81222
양배추	2017-09-14	22.46758
양배추	2017-09-15	19.7179
양배추	2017-09-16	17.5666
양배추	2017-09-17	19.9601
양배추	2017-09-18	22.55307
양배추	2017-09-19	22.73828
양배추	2017-09-20	20.61547
양배추	2017-09-21	19.68941
양배추	2017-09-22	16.52657
양배추	2017-09-23	16.41259
양배추	2017-09-24	17.39564
양배추	2017-09-25	18.54965
양배추	2017-09-26	17.97976
양배추	2017-09-27	16.95398
양배추	2017-09-28	15.13036
양배추	2017-09-29	13.91936
양배추	2017-09-30	12.28095
양배추	2017-10-01	13.07878
양배추	2017-10-02	12.23821
양배추	2017-10-03	10.87049
양배추	2017-10-04	11.14118
양배추	2017-10-05	12.9933
양배추	2017-10-06	14.83117
양배추	2017-10-07	15.79997
양배추	2017-10-08	17.06795
양배추	2017-10-09	18.49266
양배추	2017-10-10	19.91736
양배추	2017-10-11	20.24504
양배추	2017-10-12	18.80609
양배추	2017-10-13	16.24162
양배추	2017-10-14	14.43225
양배추	2017-10-15	17.52386
양배추	2017-10-16	18.7491
양배추	2017-10-17	18.73486
양배추	2017-10-18	18.76335
양배추	2017-10-19	20.24504
양배추	2017-10-20	17.5666
양배추	2017-10-21	16.64054
양배추	2017-10-22	16.28437
양배추	2017-10-23	21.6555
양배추	2017-10-24	20.98589
양배추	2017-10-25	19.13377
양배추	2017-10-26	20.2023
양배추	2017-10-27	17.52386
양배추	2017-10-28	17.35289
양배추	2017-10-29	20.31628
양배추	2017-10-30	22.01168
양배추	2017-10-31	20.18806
양배추	2017-11-01	20.57273
양배추	2017-11-02	20.74369
양배추	2017-11-03	18.32169
양배추	2017-11-04	16.89699
양배추	2017-11-05	19.60393
양배추	2017-11-06	21.39905
양배추	2017-11-07	22.1399
양배추	2017-11-08	21.62701
양배추	2017-11-09	18.86308
양배추	2017-11-10	17.62359
양배추	2017-11-11	15.47228
양배추	2017-11-12	19.17652
양배추	2017-11-13	20.30203
양배추	2017-11-14	20.05983
양배추	2017-11-15	18.37868
양배추	2017-11-16	18.15073
양배추	2017-11-17	16.41259
양배추	2017-11-18	14.64596
양배추	2017-11-19	16.86849
양배추	2017-11-20	19.9601
양배추	2017-11-21	18.7491
양배추	2017-11-22	18.84883
양배추	2017-11-23	19.11953
양배추	2017-11-24	16.18464
양배추	2017-11-25	20.70095
양배추	2017-11-26	18.9913
양배추	2017-11-27	21.1711
양배추	2017-11-28	20.80068
양배추	2017-11-29	20.9289
양배추	2017-11-30	18.10799
양배추	2017-12-01	17.13919
양배추	2017-12-02	28.47984
양배추	2017-12-03	21.74098
양배추	2017-12-04	21.02863
양배추	2017-12-05	20.6867
양배추	2017-12-06	20.33053
양배추	2017-12-07	19.44721
양배추	2017-12-08	17.29591
양배추	2017-12-09	25.85838
양배추	2017-12-10	25.9866
양배추	2017-12-11	22.52457
양배추	2017-12-12	21.35631
양배추	2017-12-13	19.78914
양배추	2017-12-14	18.64938
양배추	2017-12-15	17.31015
양배추	2017-12-16	19.7179
양배추	2017-12-17	18.69212
양배추	2017-12-18	21.4133
양배추	2017-12-19	21.24234
양배추	2017-12-20	20.2308
양배추	2017-12-21	18.17922
양배추	2017-12-22	15.95668
양배추	2017-12-23	21.55577
양배추	2017-12-24	17.93702
양배추	2017-12-25	18.051
양배추	2017-12-26	20.30203
양배추	2017-12-27	20.9574
양배추	2017-12-28	17.95127
양배추	2017-12-29	19.10528
양배추	2017-12-30	23.30816
양배추	2017-12-31	17.63784
양배추	2018-01-01	20.4445
양배추	2018-01-02	22.78102
양배추	2018-01-03	23.50762
양배추	2018-01-04	21.86921
양배추	2018-01-05	21.01438
양배추	2018-01-06	37.78315
양배추	2018-01-07	32.18407
양배추	2018-01-08	25.88687
양배추	2018-01-09	26.86992
양배추	2018-01-10	24.049
양배추	2018-01-11	23.08021
양배추	2018-01-12	97.84869
양배추	2018-01-13	32.16982
양배추	2018-01-14	27.61077
양배추	2018-01-15	27.63926
양배추	2018-01-16	28.00968
양배추	2018-01-17	27.56802
양배추	2018-01-18	26.15757
양배추	2018-01-19	24.71862
양배추	2018-01-20	31.5287
양배추	2018-01-21	30.63114
양배추	2018-01-22	29.56261
양배추	2018-01-23	28.28038
양배추	2018-01-24	27.31158
양배추	2018-01-25	33.42356
양배추	2018-01-26	26.00085
양배추	2018-01-27	28.20914
양배추	2018-01-28	34.39236
양배추	2018-01-29	29.57686
양배추	2018-01-30	29.30616
양배추	2018-01-31	26.471
양배추	2018-02-01	27.36857
양배추	2018-02-02	24.19148
양배추	2018-02-03	28.96423
양배추	2018-02-04	30.38894
양배추	2018-02-05	30.40319
양배추	2018-02-06	27.9242
양배추	2018-02-07	26.17181
양배추	2018-02-08	25.34549
양배추	2018-02-09	30.5884
양배추	2018-02-10	22.80951
양배추	2018-02-11	23.99202
양배추	2018-02-12	22.78102
양배추	2018-02-13	21.08562
양배추	2018-02-14	16.93973
양배추	2018-02-15	14.33252
양배추	2018-02-16	13.4777
양배추	2018-02-17	16.09915
양배추	2018-02-18	18.37868
양배추	2018-02-19	22.08291
양배추	2018-02-20	21.71249
양배추	2018-02-21	21.49878
양배추	2018-02-22	21.48454
양배추	2018-02-23	19.17652
양배추	2018-02-24	21.04288
양배추	2018-02-25	21.4418
양배추	2018-02-26	22.31087
양배추	2018-02-27	22.58156
양배추	2018-02-28	21.4133
양배추	2018-03-01	23.00897
양배추	2018-03-02	19.43296
양배추	2018-03-03	20.90041
양배추	2018-03-04	23.06596
양배추	2018-03-05	22.56731
양배추	2018-03-06	27.04088
양배추	2018-03-07	24.91807
양배추	2018-03-08	22.33936
양배추	2018-03-09	19.78914
양배추	2018-03-10	19.64667
양배추	2018-03-11	31.50021
양배추	2018-03-12	24.23422
양배추	2018-03-13	24.71862
양배추	2018-03-14	21.58427
양배추	2018-03-15	21.49878
양배추	2018-03-16	18.16498
양배추	2018-03-17	18.60663
양배추	2018-03-18	20.58697
양배추	2018-03-19	22.70978
양배추	2018-03-20	21.55577
양배추	2018-03-21	23.49337
양배추	2018-03-22	20.17381
양배추	2018-03-23	18.89157
양배추	2018-03-24	20.05983
양배추	2018-03-25	20.87191
양배추	2018-03-26	23.46488
양배추	2018-03-27	22.82376
양배추	2018-03-28	22.56731
양배추	2018-03-29	21.4418
양배추	2018-03-30	19.16227
양배추	2018-03-31	19.0198
양배추	2018-04-01	22.05442
양배추	2018-04-02	21.1996
양배추	2018-04-03	21.27083
양배추	2018-04-04	21.21384
양배추	2018-04-05	22.33936
양배추	2018-04-06	19.87462
양배추	2018-04-07	17.36714
양배추	2018-04-08	19.61817
양배추	2018-04-09	22.39635
양배추	2018-04-10	22.85225
양배추	2018-04-11	22.6243
양배추	2018-04-12	21.35631
양배추	2018-04-13	19.41872
양배추	2018-04-14	21.1996
양배추	2018-04-15	22.43909
양배추	2018-04-16	24.34819
양배추	2018-04-17	25.95811
양배추	2018-04-18	23.23692
양배추	2018-04-19	22.98048
양배추	2018-04-20	19.7464
양배추	2018-04-21	19.09103
양배추	2018-04-22	21.04288
양배추	2018-04-23	23.33665
양배추	2018-04-24	21.69824
양배추	2018-04-25	19.94586
양배추	2018-04-26	19.262
양배추	2018-04-27	16.41259
양배추	2018-04-28	16.05641
양배추	2018-04-29	18.00826
양배추	2018-04-30	18.7491
양배추	2018-05-01	20.08833
양배추	2018-05-02	21.98318
양배추	2018-05-03	21.14261
양배추	2018-05-04	16.74027
양배추	2018-05-05	15.05912
양배추	2018-05-06	15.60051
양배추	2018-05-07	18.10799
양배추	2018-05-08	20.64396
양배추	2018-05-09	19.64667
양배추	2018-05-10	22.19689
양배추	2018-05-11	19.80339
양배추	2018-05-12	17.70907
양배추	2018-05-13	19.21926
양배추	2018-05-14	25.44522
양배추	2018-05-15	21.74098
양배추	2018-05-16	21.38481
양배추	2018-05-17	17.38139
양배추	2018-05-18	18.80609
양배추	2018-05-19	14.34677
양배추	2018-05-20	18.62088
양배추	2018-05-21	19.24775
양배추	2018-05-22	19.94586
양배추	2018-05-23	22.28237
양배추	2018-05-24	20.33053
양배추	2018-05-25	17.25316
양배추	2018-05-26	16.58355
양배추	2018-05-27	18.22196
양배추	2018-05-28	21.82647
양배추	2018-05-29	21.58427
양배추	2018-05-30	20.51574
양배추	2018-05-31	19.94586
양배추	2018-06-01	19.24775
양배추	2018-06-02	17.23892
양배추	2018-06-03	17.55235
양배추	2018-06-04	20.81493
양배추	2018-06-05	18.90582
양배추	2018-06-06	19.36173
양배추	2018-06-07	19.19076
양배추	2018-06-08	18.051
양배추	2018-06-09	16.36985
양배추	2018-06-10	19.63242
양배추	2018-06-11	19.7464
양배추	2018-06-12	18.26471
양배추	2018-06-13	18.86308
양배추	2018-06-14	18.5354
양배추	2018-06-15	18.09374
양배추	2018-06-16	17.22467
양배추	2018-06-17	18.72061
양배추	2018-06-18	42.17124
양배추	2018-06-19	25.5022
양배추	2018-06-20	19.70366
양배추	2018-06-21	19.7179
양배추	2018-06-22	18.051
양배추	2018-06-23	17.58085
양배추	2018-06-24	18.92007
양배추	2018-06-25	20.473
양배추	2018-06-26	21.52728
양배추	2018-06-27	21.54153
양배추	2018-06-28	19.07679
양배추	2018-06-29	17.66633
양배추	2018-06-30	17.83729
양배추	2018-07-01	21.9262
양배추	2018-07-02	23.06596
양배추	2018-07-03	21.72674
양배추	2018-07-04	21.14261
양배추	2018-07-05	22.80951
양배추	2018-07-06	19.56119
양배추	2018-07-07	19.00555
양배추	2018-07-08	21.1996
양배추	2018-07-09	24.70437
양배추	2018-07-10	21.01438
양배추	2018-07-11	21.1996
양배추	2018-07-12	20.38751
양배추	2018-07-13	19.91736
양배추	2018-07-14	18.57814
양배추	2018-07-15	21.81222
양배추	2018-07-16	21.74098
양배추	2018-07-17	20.11682
양배추	2018-07-18	22.15415
양배추	2018-07-19	19.34748
양배추	2018-07-20	19.60393
양배추	2018-07-21	18.46416
양배추	2018-07-22	20.2308
양배추	2018-07-23	21.38481
양배추	2018-07-24	21.25658
양배추	2018-07-25	21.48454
양배추	2018-07-26	19.88887
양배추	2018-07-27	20.10257
양배추	2018-07-28	17.76606
양배추	2018-07-29	19.73215
양배추	2018-07-30	22.21114
양배추	2018-07-31	23.00897
양배추	2018-08-01	21.59851
양배추	2018-08-02	25.70166
양배추	2018-08-03	21.72674
양배추	2018-08-04	21.74098
양배추	2018-08-05	23.20843
양배추	2018-08-06	27.78173
양배추	2018-08-07	27.05513
양배추	2018-08-08	28.03818
양배추	2018-08-09	26.45676
양배추	2018-08-10	25.34549
양배추	2018-08-11	21.35631
양배추	2018-08-12	23.06596
양배추	2018-08-13	26.10058
양배추	2018-08-14	25.23151
양배추	2018-08-15	25.30274
양배추	2018-08-16	22.69554
양배추	2018-08-17	21.29933
양배추	2018-08-18	21.09987
양배추	2018-08-19	22.69554
양배추	2018-08-20	27.61077
양배추	2018-08-21	26.02934
양배추	2018-08-22	24.59039
양배추	2018-08-23	21.684
양배추	2018-08-24	20.30203
양배추	2018-08-25	18.97706
양배추	2018-08-26	20.54423
양배추	2018-08-27	22.04017
양배추	2018-08-28	22.99472
양배추	2018-08-29	21.02863
양배추	2018-08-30	22.21114
양배추	2018-08-31	19.20501
양배추	2018-09-01	17.12494
양배추	2018-09-02	18.32169
양배추	2018-09-03	22.02592
양배추	2018-09-04	20.90041
양배추	2018-09-05	21.14261
양배추	2018-09-06	20.70095
양배추	2018-09-07	19.17652
양배추	2018-09-08	16.85425
양배추	2018-09-09	17.55235
양배추	2018-09-10	20.21655
양배추	2018-09-11	21.02863
양배추	2018-09-12	20.28779
양배추	2018-09-13	20.38751
양배추	2018-09-14	18.051
양배추	2018-09-15	16.39834
양배추	2018-09-16	18.10799
양배추	2018-09-17	20.11682
양배추	2018-09-18	18.39293
양배추	2018-09-19	18.051
양배추	2018-09-20	17.12494
양배추	2018-09-21	14.95939
양배추	2018-09-22	12.9933
양배추	2018-09-23	11.19817
양배추	2018-09-24	10.98447
양배추	2018-09-25	13.00755
양배추	2018-09-26	15.21584
양배추	2018-09-27	19.20501
양배추	2018-09-28	18.12223
양배추	2018-09-29	16.21313
양배추	2018-09-30	17.85154
양배추	2018-10-01	20.13107
양배추	2018-10-02	19.41872
양배추	2018-10-03	21.54153
양배추	2018-10-04	20.38751
양배추	2018-10-05	19.4757
양배추	2018-10-06	18.35019
양배추	2018-10-07	19.0198
양배추	2018-10-08	20.28779
양배추	2018-10-09	20.82917
양배추	2018-10-10	20.64396
양배추	2018-10-11	18.97706
양배추	2018-10-12	18.40718
양배추	2018-10-13	16.3556
양배추	2018-10-14	19.21926
양배추	2018-10-15	21.08562
양배추	2018-10-16	21.75523
양배추	2018-10-17	20.81493
양배추	2018-10-18	20.03134
양배추	2018-10-19	18.35019
양배추	2018-10-20	16.45533
양배추	2018-10-21	17.86579
양배추	2018-10-22	21.31357
양배추	2018-10-23	22.93774
양배추	2018-10-24	20.90041
양배추	2018-10-25	20.27354
양배추	2018-10-26	18.7776
양배추	2018-10-27	16.34135
양배추	2018-10-28	19.46146
양배추	2018-10-29	19.80339
양배추	2018-10-30	19.7179
양배추	2018-10-31	20.34477
양배추	2018-11-01	21.81222
양배추	2018-11-02	18.39293
양배추	2018-11-03	16.65479
양배추	2018-11-04	18.30745
양배추	2018-11-05	19.53269
양배추	2018-11-06	20.64396
양배추	2018-11-07	19.81763
양배추	2018-11-08	20.40176
양배추	2018-11-09	20.90041
양배추	2018-11-10	16.69753
양배추	2018-11-11	18.7776
양배추	2018-11-12	20.17381
양배추	2018-11-13	19.86037
양배추	2018-11-14	20.2023
양배추	2018-11-15	19.83188
양배추	2018-11-16	17.53811
양배추	2018-11-17	15.78572
양배추	2018-11-18	18.09374
양배추	2018-11-19	19.7464
양배추	2018-11-20	18.87733
양배추	2018-11-21	20.97164
양배추	2018-11-22	17.90853
양배추	2018-11-23	16.89699
양배추	2018-11-24	14.98789
양배추	2018-11-25	16.3841
양배추	2018-11-26	18.12223
양배추	2018-11-27	18.97706
양배추	2018-11-28	19.06254
양배추	2018-11-29	18.82034
양배추	2018-11-30	15.45804
양배추	2018-12-01	14.6602
양배추	2018-12-02	17.01097
양배추	2018-12-03	19.21926
양배추	2018-12-04	20.37327
양배추	2018-12-05	18.87733
양배추	2018-12-06	18.62088
양배추	2018-12-07	16.29861
양배추	2018-12-08	14.63171
양배추	2018-12-09	16.68328
양배추	2018-12-10	18.62088
양배추	2018-12-11	19.64667
양배추	2018-12-12	17.75181
양배추	2018-12-13	18.67787
양배추	2018-12-14	15.78572
양배추	2018-12-15	14.40376
양배추	2018-12-16	16.19888
양배추	2018-12-17	18.96281
양배추	2018-12-18	19.00555
양배추	2018-12-19	18.051
양배추	2018-12-20	18.03675
양배추	2018-12-21	15.1731
양배추	2018-12-22	15.4153
양배추	2018-12-23	22.73828
양배추	2018-12-24	19.48995
양배추	2018-12-25	16.95398
양배추	2018-12-26	17.97976
양배추	2018-12-27	17.8088
양배추	2018-12-28	16.52657
양배추	2018-12-29	15.85695
양배추	2018-12-30	16.75452
양배추	2018-12-31	16.1134
양배추	2019-01-01	16.09915
양배추	2019-01-02	20.85767
양배추	2019-01-03	21.58427
양배추	2019-01-04	23.33665
양배추	2019-01-05	19.17652
양배추	2019-01-06	20.81493
양배추	2019-01-07	25.37398
양배추	2019-01-08	24.83259
양배추	2019-01-09	25.71591
양배추	2019-01-10	21.76948
양배추	2019-01-11	19.81763
양배추	2019-01-12	19.58968
양배추	2019-01-13	24.03476
양배추	2019-01-14	24.78985
양배추	2019-01-15	25.44522
양배추	2019-01-16	24.54765
양배추	2019-01-17	24.10599
양배추	2019-01-18	22.55307
양배추	2019-01-19	20.41601
양배추	2019-01-20	23.1087
양배추	2019-01-21	27.58227
양배추	2019-01-22	26.08633
양배추	2019-01-23	25.63043
양배추	2019-01-24	23.3509
양배추	2019-01-25	20.2308
양배추	2019-01-26	20.37327
양배추	2019-01-27	20.91466
양배추	2019-01-28	22.78102
양배추	2019-01-29	22.58156
양배추	2019-01-30	20.88616
양배추	2019-01-31	19.17652
양배추	2019-02-01	16.92548
양배추	2019-02-02	15.91394
양배추	2019-02-03	15.31557
양배추	2019-02-04	13.49195
양배추	2019-02-05	12.30944
양배추	2019-02-06	16.15614
양배추	2019-02-07	21.00014
양배추	2019-02-08	21.96894
양배추	2019-02-09	20.61547
양배추	2019-02-10	22.41059
양배추	2019-02-11	26.37127
양배추	2019-02-12	25.27425
양배추	2019-02-13	23.17994
양배추	2019-02-14	23.77831
양배추	2019-02-15	22.36785
양배추	2019-02-16	21.07137
양배추	2019-02-17	22.1399
양배추	2019-02-18	25.20302
양배추	2019-02-19	23.65009
양배추	2019-02-20	22.82376
양배추	2019-02-21	24.33395
양배추	2019-02-22	21.49878
양배추	2019-02-23	20.473
양배추	2019-02-24	22.23963
양배추	2019-02-25	24.93232
양배추	2019-02-26	24.5619
양배추	2019-02-27	23.06596
양배추	2019-02-28	21.91195
양배추	2019-03-01	19.06254
양배추	2019-03-02	20.15956
양배추	2019-03-03	23.12295
양배추	2019-03-04	22.61005
양배추	2019-03-05	24.049
양배추	2019-03-06	21.59851
양배추	2019-03-07	20.87191
양배추	2019-03-08	20.33053
양배추	2019-03-09	18.37868
양배추	2019-03-10	21.88345
양배추	2019-03-11	22.95198
양배추	2019-03-12	23.32241
양배추	2019-03-13	22.99472
양배추	2019-03-14	21.78372
양배추	2019-03-15	19.30474
양배추	2019-03-16	19.09103
양배추	2019-03-17	22.51032
양배추	2019-03-18	25.14603
양배추	2019-03-19	24.64738
양배추	2019-03-20	24.0775
양배추	2019-03-21	22.46758
양배추	2019-03-22	21.29933
양배추	2019-03-23	21.09987
양배추	2019-03-24	24.87533
양배추	2019-03-25	26.41401
양배추	2019-03-26	23.97777
양배추	2019-03-27	23.26542
양배추	2019-03-28	23.29391
양배추	2019-03-29	19.78914
양배추	2019-03-30	19.44721
양배추	2019-03-31	21.51303
양배추	2019-04-01	24.61889
양배추	2019-04-02	22.99472
양배추	2019-04-03	23.56461
양배추	2019-04-04	20.4445
양배추	2019-04-05	18.5354
양배추	2019-04-06	17.63784
양배추	2019-04-07	20.08833
양배추	2019-04-08	22.15415
양배추	2019-04-09	22.31087
양배추	2019-04-10	20.84342
양배추	2019-04-11	21.12836
양배추	2019-04-12	25.88687
양배추	2019-04-13	20.2308
양배추	2019-04-14	20.7152
양배추	2019-04-15	26.72745
양배추	2019-04-16	23.17994
양배추	2019-04-17	21.57002
양배추	2019-04-18	20.38751
양배추	2019-04-19	19.7179
양배추	2019-04-20	17.09645
양배추	2019-04-21	19.53269
양배추	2019-04-22	21.31357
양배추	2019-04-23	20.7152
양배추	2019-04-24	20.85767
양배추	2019-04-25	19.87462
양배추	2019-04-26	18.06525
양배추	2019-04-27	14.84541
양배추	2019-04-28	20.35902
양배추	2019-04-29	19.90312
양배추	2019-04-30	17.63784
양배추	2019-05-01	18.54965
양배추	2019-05-02	19.262
양배추	2019-05-03	16.42684
양배추	2019-05-04	14.64596
양배추	2019-05-05	15.28707
양배추	2019-05-06	21.94044
양배추	2019-05-07	21.39905
양배추	2019-05-08	19.36173
양배추	2019-05-09	18.46416
양배추	2019-05-10	18.12223
양배추	2019-05-11	17.06795
양배추	2019-05-12	18.87733
양배추	2019-05-13	20.58697
양배추	2019-05-14	20.87191
양배추	2019-05-15	20.67246
양배추	2019-05-16	18.72061
양배추	2019-05-17	18.66362
양배추	2019-05-18	18.62088
양배추	2019-05-19	18.16498
양배추	2019-05-20	20.50149
양배추	2019-05-21	20.65821
양배추	2019-05-22	19.11953
양배추	2019-05-23	18.57814
양배추	2019-05-24	16.52657
양배추	2019-05-25	15.55777
양배추	2019-05-26	17.55235
양배추	2019-05-27	19.93161
양배추	2019-05-28	19.78914
양배추	2019-05-29	21.27083
양배추	2019-05-30	18.94856
양배추	2019-05-31	17.21042
양배추	2019-06-01	16.75452
양배추	2019-06-02	19.68941
양배추	2019-06-03	21.55577
양배추	2019-06-04	21.57002
양배추	2019-06-05	19.58968
양배추	2019-06-06	18.66362
양배추	2019-06-07	19.262
양배추	2019-06-08	17.40988
양배추	2019-06-09	17.92278
양배추	2019-06-10	21.24234
양배추	2019-06-11	20.91466
양배추	2019-06-12	20.21655
양배추	2019-06-13	19.16227
양배추	2019-06-14	17.93702
양배추	2019-06-15	14.97364
양배추	2019-06-16	17.89428
양배추	2019-06-17	20.30203
양배추	2019-06-18	19.53269
양배추	2019-06-19	21.78372
양배추	2019-06-20	20.78643
양배추	2019-06-21	17.97976
양배추	2019-06-22	16.5978
양배추	2019-06-23	18.93432
양배추	2019-06-24	19.10528
양배추	2019-06-25	19.66092
양배추	2019-06-26	20.30203
양배추	2019-06-27	18.86308
양배추	2019-06-28	16.3556
양배추	2019-06-29	16.75452
양배추	2019-06-30	17.38139
양배추	2019-07-01	19.11953
양배추	2019-07-02	19.40447
양배추	2019-07-03	18.7776
양배추	2019-07-04	17.48112
양배추	2019-07-05	17.0822
양배추	2019-07-06	15.42954
양배추	2019-07-07	16.51232
양배추	2019-07-08	19.7464
양배추	2019-07-09	20.34477
양배추	2019-07-10	20.7152
양배추	2019-07-11	20.40176
양배추	2019-07-12	14.9024
양배추	2019-07-13	15.97093
양배추	2019-07-14	17.11069
양배추	2019-07-15	19.4757
양배추	2019-07-16	20.48724
양배추	2019-07-17	20.04559
양배추	2019-07-18	17.11069
양배추	2019-07-19	17.49536
양배추	2019-07-20	17.53811
양배추	2019-07-21	17.22467
양배추	2019-07-22	18.94856
양배추	2019-07-23	19.09103
양배추	2019-07-24	18.79185
양배추	2019-07-25	18.12223
양배추	2019-07-26	16.41259
양배추	2019-07-27	16.45533
양배추	2019-07-28	16.51232
양배추	2019-07-29	19.29049
양배추	2019-07-30	18.00826
양배추	2019-07-31	18.051
양배추	2019-08-01	17.50961
양배추	2019-08-02	16.1419
양배추	2019-08-03	15.18734
양배추	2019-08-04	16.52657
양배추	2019-08-05	18.57814
양배추	2019-08-06	19.36173
양배추	2019-08-07	20.50149
양배추	2019-08-08	19.48995
양배추	2019-08-09	18.96281
양배추	2019-08-10	18.25046
양배추	2019-08-11	17.42413
양배추	2019-08-12	20.03134
양배추	2019-08-13	19.48995
양배추	2019-08-14	19.51844
양배추	2019-08-15	19.81763
양배추	2019-08-16	18.5354
양배추	2019-08-17	19.31899
양배추	2019-08-18	19.43296
양배추	2019-08-19	21.31357
양배추	2019-08-20	22.02592
양배추	2019-08-21	20.80068
양배추	2019-08-22	19.03405
양배추	2019-08-23	19.36173
양배추	2019-08-24	16.66904
양배추	2019-08-25	19.10528
양배추	2019-08-26	21.05713
양배추	2019-08-27	21.79797
양배추	2019-08-28	21.4133
양배추	2019-08-29	19.20501
양배추	2019-08-30	18.20772
양배추	2019-08-31	16.36985
양배추	2019-09-01	18.97706
양배추	2019-09-02	20.04559
양배추	2019-09-03	20.48724
양배추	2019-09-04	18.80609
양배추	2019-09-05	17.52386
양배추	2019-09-06	16.18464
양배추	2019-09-07	17.42413
양배추	2019-09-08	17.99401
양배추	2019-09-09	17.19618
양배추	2019-09-10	16.75452
양배추	2019-09-11	14.06183
양배추	2019-09-12	11.68257
양배추	2019-09-13	11.61134
양배추	2019-09-14	13.81963
양배추	2019-09-15	16.91124
양배추	2019-09-16	19.4757
양배추	2019-09-17	18.82034
양배추	2019-09-18	19.10528
양배추	2019-09-19	18.69212
양배추	2019-09-20	17.26741
양배추	2019-09-21	16.46958
양배추	2019-09-22	17.62359
양배추	2019-09-23	21.25658
양배추	2019-09-24	19.4757
양배추	2019-09-25	18.39293
양배추	2019-09-26	18.79185
양배추	2019-09-27	18.27895
양배추	2019-09-28	17.59509
양배추	2019-09-29	18.87733
양배추	2019-09-30	19.81763
양배추	2019-10-01	20.13107
양배추	2019-10-02	18.86308
양배추	2019-10-03	17.25316
양배추	2019-10-04	18.23621
양배추	2019-10-05	16.68328
양배추	2019-10-06	18.03675
양배추	2019-10-07	20.15956
양배추	2019-10-08	19.93161
양배추	2019-10-09	18.19347
양배추	2019-10-10	19.03405
양배추	2019-10-11	16.78301
양배추	2019-10-12	15.1446
양배추	2019-10-13	17.8088
양배추	2019-10-14	20.07408
양배추	2019-10-15	19.88887
양배추	2019-10-16	18.47841
양배추	2019-10-17	19.2335
양배추	2019-10-18	16.98247
양배추	2019-10-19	16.54081
양배추	2019-10-20	19.37597
양배추	2019-10-21	21.85496
양배추	2019-10-22	20.37327
양배추	2019-10-23	20.2308
양배추	2019-10-24	19.86037
양배추	2019-10-25	17.78031
양배추	2019-10-26	15.30132
양배추	2019-10-27	18.47841
양배추	2019-10-28	20.07408
양배추	2019-10-29	23.45063
양배추	2019-10-30	20.24504
양배추	2019-10-31	19.19076
양배추	2019-11-01	17.29591
양배추	2019-11-02	17.0822
양배추	2019-11-03	19.7179
양배추	2019-11-04	22.09716
양배추	2019-11-05	22.63855
양배추	2019-11-06	20.18806
양배추	2019-11-07	19.87462
양배추	2019-11-08	16.95398
양배추	2019-11-09	15.64325
양배추	2019-11-10	17.58085
양배추	2019-11-11	20.24504
양배추	2019-11-12	19.34748
양배추	2019-11-13	20.2308
양배추	2019-11-14	18.03675
양배추	2019-11-15	16.44108
양배추	2019-11-16	16.1134
양배추	2019-11-17	18.96281
양배추	2019-11-18	22.99472
양배추	2019-11-19	19.60393
양배추	2019-11-20	20.41601
양배추	2019-11-21	19.7179
양배추	2019-11-22	17.85154
양배추	2019-11-23	17.0822
양배추	2019-11-24	19.13377
양배추	2019-11-25	21.62701
양배추	2019-11-26	21.34207
양배추	2019-11-27	19.83188
양배추	2019-11-28	19.57543
양배추	2019-11-29	17.66633
양배추	2019-11-30	16.42684
양배추	2019-12-01	20.27354
양배추	2019-12-02	20.72944
양배추	2019-12-03	19.61817
양배추	2019-12-04	20.90041
양배추	2019-12-05	19.56119
양배추	2019-12-06	20.27354
양배추	2019-12-07	16.99672
양배추	2019-12-08	18.86308
양배추	2019-12-09	20.70095
양배추	2019-12-10	21.21384
양배추	2019-12-11	22.68129
양배추	2019-12-12	19.93161
양배추	2019-12-13	17.85154
양배추	2019-12-14	19.262
양배추	2019-12-15	21.58427
양배추	2019-12-16	21.4418
양배추	2019-12-17	21.55577
양배추	2019-12-18	19.88887
양배추	2019-12-19	20.30203
양배추	2019-12-20	17.46687
양배추	2019-12-21	17.97976
양배추	2019-12-22	18.92007
양배추	2019-12-23	19.43296
양배추	2019-12-24	16.6263
양배추	2019-12-25	16.81151
양배추	2019-12-26	19.33323
양배추	2019-12-27	16.96822
양배추	2019-12-28	16.81151
양배추	2019-12-29	21.9262
양배추	2019-12-30	19.36173
양배추	2019-12-31	15.15885
양배추	2020-01-01	16.95398
양배추	2020-01-02	21.21384
양배추	2020-01-03	20.70095
양배추	2020-01-04	20.05983
양배추	2020-01-05	22.41059
양배추	2020-01-06	24.43368
양배추	2020-01-07	23.69283
양배추	2020-01-08	24.34819
양배추	2020-01-09	23.25117
양배추	2020-01-10	20.67246
양배추	2020-01-11	20.51574
양배추	2020-01-12	23.00897
양배추	2020-01-13	22.89499
양배추	2020-01-14	24.81835
양배추	2020-01-15	23.77831
양배추	2020-01-16	22.18264
양배추	2020-01-17	20.80068
양배추	2020-01-18	20.35902
양배추	2020-01-19	21.66975
양배추	2020-01-20	22.93774
양배추	2020-01-21	19.68941
양배추	2020-01-22	20.15956
양배추	2020-01-23	17.95127
양배추	2020-01-24	13.30673
양배추	2020-01-25	11.81079
양배추	2020-01-26	14.60321
양배추	2020-01-27	19.20501
양배추	2020-01-28	22.33936
양배추	2020-01-29	23.20843
양배추	2020-01-30	23.62159
양배추	2020-01-31	20.15956
양배추	2020-02-01	20.52999
양배추	2020-02-02	22.39635
양배추	2020-02-03	23.93503
양배추	2020-02-04	25.61618
양배추	2020-02-05	23.42213
양배추	2020-02-06	23.02322
양배추	2020-02-07	24.66163
양배추	2020-02-08	21.57002
양배추	2020-02-09	24.71862
양배추	2020-02-10	26.2573
양배추	2020-02-11	26.10058
양배추	2020-02-12	26.38552
양배추	2020-02-13	24.8041
양배추	2020-02-14	22.93774
양배추	2020-02-15	23.50762
양배추	2020-02-16	25.17452
양배추	2020-02-17	28.03818
양배추	2020-02-18	27.2261
양배추	2020-02-19	26.44251
양배추	2020-02-20	24.7756
양배추	2020-02-21	26.02934
양배추	2020-02-22	27.12637
양배추	2020-02-23	27.73899
양배추	2020-02-24	27.82447
양배추	2020-02-25	31.7994
양배추	2020-02-26	29.26342
양배추	2020-02-27	29.32041
양배추	2020-02-28	28.4086
양배추	2020-02-29	27.08363
양배추	2020-03-01	29.93303
양배추	2020-03-02	29.67659
양배추	2020-03-03	30.91608
양배추	2020-03-04	31.85638
양배추	2020-03-05	29.93303
양배추	2020-03-06	28.1664
양배추	2020-03-07	30.50292
양배추	2020-03-08	31.75666
양배추	2020-03-09	33.02464
양배추	2020-03-10	31.25801
양배추	2020-03-11	32.09858
양배추	2020-03-12	28.893
양배추	2020-03-13	27.4398
양배추	2020-03-14	26.2288
양배추	2020-03-15	31.51446
양배추	2020-03-16	31.78515
양배추	2020-03-17	30.78786
양배추	2020-03-18	28.70779
양배추	2020-03-19	30.88759
양배추	2020-03-20	26.35703
양배추	2020-03-21	26.17181
양배추	2020-03-22	27.56802
양배추	2020-03-23	30.91608
양배추	2020-03-24	29.81906
양배추	2020-03-25	27.682
양배추	2020-03-26	28.42285
양배추	2020-03-27	26.38552
양배추	2020-03-28	25.14603
양배추	2020-03-29	31.05855
양배추	2020-03-30	31.5287
양배추	2020-03-31	32.526
양배추	2020-04-01	30.73087
양배추	2020-04-02	31.82789
양배추	2020-04-03	27.42555
양배추	2020-04-04	26.77019
양배추	2020-04-05	30.5884
양배추	2020-04-06	31.24376
양배추	2020-04-07	33.2526
양배추	2020-04-08	30.94457
양배추	2020-04-09	29.77632
양배추	2020-04-10	27.96694
양배추	2020-04-11	25.97236
양배추	2020-04-12	29.44863
양배추	2020-04-13	32.55449
양배추	2020-04-14	31.47171
양배추	2020-04-15	28.35161
양배추	2020-04-16	31.14403
양배추	2020-04-17	29.54836
양배추	2020-04-18	27.65351
양배추	2020-04-19	33.62302
양배추	2020-04-20	33.38082
양배추	2020-04-21	34.44935
양배추	2020-04-22	32.63997
양배추	2020-04-23	32.11283
양배추	2020-04-24	28.02393
양배추	2020-04-25	26.57073
양배추	2020-04-26	30.00427
양배추	2020-04-27	32.16982
양배추	2020-04-28	32.15557
양배추	2020-04-29	26.37127
양배추	2020-04-30	24.5334
양배추	2020-05-01	24.43368
양배추	2020-05-02	22.59581
양배추	2020-05-03	36.54366
양배추	2020-05-04	30.01852
양배추	2020-05-05	26.67046
양배추	2020-05-06	27.56802
양배추	2020-05-07	27.24034
양배추	2020-05-08	23.62159
양배추	2020-05-09	22.66704
양배추	2020-05-10	25.35973
양배추	2020-05-11	27.2261
양배추	2020-05-12	27.72474
양배추	2020-05-13	28.45134
양배추	2020-05-14	27.78173
양배추	2020-05-15	24.09175
양배추	2020-05-16	22.72403
양배추	2020-05-17	25.40247
양배추	2020-05-18	27.26884
양배추	2020-05-19	27.41131
양배추	2020-05-20	26.32853
양배추	2020-05-21	25.58769
양배추	2020-05-22	23.23692
양배추	2020-05-23	22.72403
양배추	2020-05-24	25.08904
양배추	2020-05-25	25.92961
양배추	2020-05-26	26.02934
양배추	2020-05-27	24.83259
양배추	2020-05-28	24.54765
양배추	2020-05-29	20.77218
양배추	2020-05-30	19.09103
양배추	2020-05-31	21.35631
양배추	2020-06-01	22.70978
양배추	2020-06-02	24.8041
양배추	2020-06-03	24.59039
양배추	2020-06-04	24.14873
양배추	2020-06-05	22.05442
양배추	2020-06-06	20.74369
양배추	2020-06-07	23.70708
양배추	2020-06-08	24.0775
양배추	2020-06-09	25.24576
양배추	2020-06-10	25.26
양배추	2020-06-11	24.81835
양배추	2020-06-12	22.70978
양배추	2020-06-13	21.82647
양배추	2020-06-14	22.93774
양배추	2020-06-15	26.15757
양배추	2020-06-16	25.35973
양배추	2020-06-17	23.36515
양배추	2020-06-18	23.15144
양배추	2020-06-19	20.77218
양배추	2020-06-20	18.051
양배추	2020-06-21	21.61276
양배추	2020-06-22	23.76406
양배추	2020-06-23	23.37939
양배추	2020-06-24	23.56461
양배추	2020-06-25	22.95198
양배추	2020-06-26	21.14261
양배추	2020-06-27	18.56389
양배추	2020-06-28	22.72403
양배추	2020-06-29	23.52186
양배추	2020-06-30	22.3821
양배추	2020-07-01	22.70978
양배추	2020-07-02	22.65279
양배추	2020-07-03	20.77218
양배추	2020-07-04	18.9913
양배추	2020-07-05	21.8977
양배추	2020-07-06	24.66163
양배추	2020-07-07	23.8353
양배추	2020-07-08	25.11753
양배추	2020-07-09	23.02322
양배추	2020-07-10	19.2335
양배추	2020-07-11	19.54694
양배추	2020-07-12	21.4133
양배추	2020-07-13	22.52457
양배추	2020-07-14	23.53611
양배추	2020-07-15	23.76406
양배추	2020-07-16	20.50149
양배추	2020-07-17	19.73215
양배추	2020-07-18	19.67516
양배추	2020-07-19	22.31087
양배추	2020-07-20	22.98048
양배추	2020-07-21	25.51645
양배추	2020-07-22	25.0178
양배추	2020-07-23	23.56461
양배추	2020-07-24	22.51032
양배추	2020-07-25	19.30474
양배추	2020-07-26	20.01709
양배추	2020-07-27	23.27966
양배추	2020-07-28	24.14873
양배추	2020-07-29	25.24576
양배추	2020-07-30	22.02592
양배추	2020-07-31	21.28508
양배추	2020-08-01	20.15956
양배추	2020-08-02	20.01709
양배추	2020-08-03	21.95469
양배추	2020-08-04	21.22809
양배추	2020-08-05	21.76948
양배추	2020-08-06	22.11141
양배추	2020-08-07	18.83459
양배추	2020-08-08	20.473
양배추	2020-08-09	24.86109
양배추	2020-08-10	26.17181
양배추	2020-08-11	26.62772
양배추	2020-08-12	25.54494
양배추	2020-08-13	21.66975
양배추	2020-08-14	23.09445
양배추	2020-08-15	20.75794
양배추	2020-08-16	22.25388
양배추	2020-08-17	24.0775
양배추	2020-08-18	26.69895
양배추	2020-08-19	26.42826
양배추	2020-08-20	24.5334
양배추	2020-08-21	24.81835
양배추	2020-08-22	23.69283
양배추	2020-08-23	27.29733
양배추	2020-08-24	30.63114
양배추	2020-08-25	28.42285
양배추	2020-08-26	28.83601
양배추	2020-08-27	29.97578
양배추	2020-08-28	26.48525
양배추	2020-08-29	26.62772
양배추	2020-08-30	29.91879
양배추	2020-08-31	33.2241
양배추	2020-09-01	31.20102
양배추	2020-09-02	32.35503
양배추	2020-09-03	27.24034
양배추	2020-09-04	24.8041
양배추	2020-09-05	25.0463
양배추	2020-09-06	27.05513
양배추	2020-09-07	29.49138
양배추	2020-09-08	28.93574
양배추	2020-09-09	28.55107
양배추	2020-09-10	27.06938
양배추	2020-09-11	24.34819
양배추	2020-09-12	26.51374
양배추	2020-09-13	26.41401
양배추	2020-09-14	28.42285
양배추	2020-09-15	27.28308
양배추	2020-09-16	28.52258
양배추	2020-09-17	27.73899
양배추	2020-09-18	22.96623
양배추	2020-09-19	23.37939
양배추	2020-09-20	23.02322
양배추	2020-09-21	24.88958
양배추	2020-09-22	24.27696
양배추	2020-09-23	24.3197
양배추	2020-09-24	22.19689
양배추	2020-09-25	19.31899
양배추	2020-09-26	20.77218
양배추	2020-09-27	20.81493
양배추	2020-09-28	19.70366
양배추	2020-09-29	17.3244
양배추	2020-09-30	14.46074
양배추	2020-10-01	12.7511
양배추	2020-10-02	17.66633
양배추	2020-10-03	48.01253
양배추	2020-10-04	29.40589
양배추	2020-10-05	28.80752
양배추	2020-10-06	28.75053
양배추	2020-10-07	25.34549
양배추	2020-10-08	23.23692
양배추	2020-10-09	23.20843
양배추	2020-10-10	22.69554
양배추	2020-10-11	23.52186
양배추	2020-10-12	26.45676
양배추	2020-10-13	26.10058
양배추	2020-10-14	25.00356
양배추	2020-10-15	23.47912
양배추	2020-10-16	21.09987
양배추	2020-10-17	20.2023
양배추	2020-10-18	22.28237
양배추	2020-10-19	25.26
양배추	2020-10-20	24.94657
양배추	2020-10-21	25.81564
양배추	2020-10-22	22.80951
양배추	2020-10-23	20.6867
양배추	2020-10-24	19.14802
양배추	2020-10-25	21.59851
양배추	2020-10-26	23.74982
양배추	2020-10-27	23.05171
양배추	2020-10-28	31.08704
양배추	2020-10-29	24.93232
양배추	2020-10-30	19.54694
양배추	2020-10-31	19.21926
양배추	2020-11-01	23.33665
양배추	2020-11-02	24.12024
양배추	2020-11-03	22.66704
양배추	2020-11-04	22.09716
양배추	2020-11-05	21.54153
양배추	2020-11-06	20.4445
양배추	2020-11-07	20.81493
양배추	2020-11-08	20.64396
양배추	2020-11-09	23.36515
양배추	2020-11-10	22.95198
양배추	2020-11-11	21.04288
양배추	2020-11-12	21.01438
양배추	2020-11-13	19.83188
양배추	2020-11-14	18.96281
양배추	2020-11-15	20.24504
양배추	2020-11-16	23.08021
양배추	2020-11-17	21.99743
양배추	2020-11-18	22.35361
양배추	2020-11-19	22.28237
양배추	2020-11-20	19.67516
양배추	2020-11-21	18.43567
양배추	2020-11-22	20.72944
양배추	2020-11-23	22.35361
양배추	2020-11-24	21.74098
양배추	2020-11-25	21.37056
양배추	2020-11-26	20.87191
양배추	2020-11-27	19.76064
양배추	2020-11-28	18.66362
양배추	2020-11-29	21.00014
양배추	2020-11-30	22.45334
양배추	2020-12-01	23.42213
양배추	2020-12-02	22.52457
양배추	2020-12-03	21.6555
양배추	2020-12-04	20.41601
양배추	2020-12-05	19.83188
양배추	2020-12-06	22.35361
양배추	2020-12-07	22.92349
양배추	2020-12-08	21.79797
양배추	2020-12-09	23.62159
양배추	2020-12-10	24.37669
양배추	2020-12-11	20.31628
양배추	2020-12-12	22.46758
양배추	2020-12-13	22.28237
양배추	2020-12-14	26.41401
양배추	2020-12-15	25.30274
양배추	2020-12-16	23.12295
양배추	2020-12-17	21.35631
양배추	2020-12-18	21.09987
양배추	2020-12-19	20.27354
양배추	2020-12-20	23.32241
양배추	2020-12-21	21.69824
양배추	2020-12-22	22.15415
양배추	2020-12-23	23.23692
양배추	2020-12-24	27.9242
양배추	2020-12-25	24.36244
양배추	2020-12-26	28.4086
양배추	2020-12-27	28.79327
양배추	2020-12-28	27.89571
양배추	2020-12-29	26.51374
양배추	2020-12-30	27.18335
양배추	2020-12-31	22.99472
양배추	2021-01-01	22.46758
양배추	2021-01-02	27.41131
양배추	2021-01-03	29.30616
양배추	2021-01-04	31.92762
양배추	2021-01-05	28.63655
양배추	2021-01-06	28.79327
양배추	2021-01-07	33.83672
양배추	2021-01-08	29.24918
양배추	2021-01-09	28.45134
양배추	2021-01-10	32.83943
양배추	2021-01-11	32.32654
양배추	2021-01-12	32.32654
양배추	2021-01-13	31.38623
양배추	2021-01-14	33.32383
양배추	2021-01-15	30.24647
양배추	2021-01-16	28.57956
양배추	2021-01-17	30.87334
양배추	2021-01-18	32.9819
양배추	2021-01-19	33.59452
양배추	2021-01-20	31.00156
양배추	2021-01-21	30.61689
양배추	2021-01-22	29.09246
양배추	2021-01-23	27.49679
양배추	2021-01-24	29.29192
양배추	2021-01-25	34.40661
양배추	2021-01-26	30.91608
양배추	2021-01-27	30.0755
양배추	2021-01-28	27.59652
양배추	2021-01-29	29.3774
양배추	2021-01-30	27.53953
양배추	2021-01-31	28.70779
양배추	2021-02-01	29.96153
양배추	2021-02-02	29.60535
양배추	2021-02-03	28.87875
양배추	2021-02-04	26.37127
양배추	2021-02-05	25.35973
양배추	2021-02-06	23.89229
양배추	2021-02-07	25.55919
양배추	2021-02-08	25.38823
양배추	2021-02-09	23.03746
양배추	2021-02-10	19.262
양배추	2021-02-11	17.79455
양배추	2021-02-12	15.32981
양배추	2021-02-13	20.57273
양배추	2021-02-14	24.33395
양배추	2021-02-15	27.32582
양배추	2021-02-16	26.54224
양배추	2021-02-17	26.52799
양배추	2021-02-18	26.94115
양배추	2021-02-19	23.93503
양배추	2021-02-20	24.02051
양배추	2021-02-21	34.86251
양배추	2021-02-22	29.22068
양배추	2021-02-23	28.99273
양배추	2021-02-24	27.682
양배추	2021-02-25	26.67046
양배추	2021-02-26	21.76948
양배추	2021-02-27	21.57002
양배추	2021-02-28	23.73557
양배추	2021-03-01	26.86992
양배추	2021-03-02	23.29391
양배추	2021-03-03	26.20031
양배추	2021-03-04	24.87533
양배추	2021-03-05	22.09716
양배추	2021-03-06	24.57615
양배추	2021-03-07	26.61347
양배추	2021-03-08	26.77019
양배추	2021-03-09	28.57956
양배추	2021-03-10	26.57073
양배추	2021-03-11	27.38281
양배추	2021-03-12	25.33124
양배추	2021-03-13	23.8353
양배추	2021-03-14	25.34549
양배추	2021-03-15	29.1352
양배추	2021-03-16	27.81022
양배추	2021-03-17	26.42826
양배추	2021-03-18	25.78714
양배추	2021-03-19	23.39364
양배추	2021-03-20	23.84955
양배추	2021-03-21	25.38823
양배추	2021-03-22	25.51645
양배추	2021-03-23	27.42555
양배추	2021-03-24	25.27425
양배추	2021-03-25	23.20843
양배추	2021-03-26	21.88345
양배추	2021-03-27	21.85496
양배추	2021-03-28	23.72132
양배추	2021-03-29	26.61347
양배추	2021-03-30	25.55919
양배추	2021-03-31	24.73286
양배추	2021-04-01	22.78102
양배추	2021-04-02	21.42755
양배추	2021-04-03	21.95469
양배추	2021-04-04	23.55036
양배추	2021-04-05	23.72132
양배추	2021-04-06	25.7729
양배추	2021-04-07	22.99472
양배추	2021-04-08	23.57885
양배추	2021-04-09	19.70366
양배추	2021-04-10	20.03134
양배추	2021-04-11	24.74711
양배추	2021-04-12	27.42555
양배추	2021-04-13	26.41401
양배추	2021-04-14	24.97506
양배추	2021-04-15	27.58227
양배추	2021-04-16	21.85496
양배추	2021-04-17	20.90041
양배추	2021-04-18	22.39635
양배추	2021-04-19	23.19418
양배추	2021-04-20	24.34819
양배추	2021-04-21	23.73557
양배추	2021-04-22	20.43026
양배추	2021-04-23	19.09103
양배추	2021-04-24	18.46416
양배추	2021-04-25	21.07137
양배추	2021-04-26	24.57615
양배추	2021-04-27	22.98048
양배추	2021-04-28	21.18535
양배추	2021-04-29	21.48454
양배추	2021-04-30	18.10799
양배추	2021-05-01	20.85767
양배추	2021-05-02	20.98589
양배추	2021-05-03	22.25388
양배추	2021-05-04	21.00014
양배추	2021-05-05	21.94044
양배추	2021-05-06	22.59581
양배추	2021-05-07	21.58427
양배추	2021-05-08	22.31087
양배추	2021-05-09	22.42484
양배추	2021-05-10	24.44792
양배추	2021-05-11	23.90653
양배추	2021-05-12	24.30545
양배추	2021-05-13	22.6243
양배추	2021-05-14	20.35902
양배추	2021-05-15	20.97164
양배추	2021-05-16	23.66433
양배추	2021-05-17	25.80139
양배추	2021-05-18	22.59581
양배추	2021-05-19	21.08562
양배추	2021-05-20	24.49066
양배추	2021-05-21	21.81222
양배추	2021-05-22	24.96082
양배추	2021-05-23	33.65151
양배추	2021-05-24	27.4683
양배추	2021-05-25	26.61347
양배추	2021-05-26	23.36515
양배추	2021-05-27	24.63313
양배추	2021-05-28	21.95469
양배추	2021-05-29	22.29662
양배추	2021-05-30	24.71862
양배추	2021-05-31	26.7132
양배추	2021-06-01	24.91807
양배추	2021-06-02	23.72132
양배추	2021-06-03	23.74982
양배추	2021-06-04	21.34207
양배추	2021-06-05	30.40319
양배추	2021-06-06	27.78173
양배추	2021-06-07	26.2288
양배추	2021-06-08	26.41401
양배추	2021-06-09	25.33124
양배추	2021-06-10	24.46217
양배추	2021-06-11	21.84071
양배추	2021-06-12	22.18264
양배추	2021-06-13	21.98318
양배추	2021-06-14	22.61005
양배추	2021-06-15	24.16298
양배추	2021-06-16	23.22268
양배추	2021-06-17	22.41059
양배추	2021-06-18	20.61547
양배추	2021-06-19	18.9913
양배추	2021-06-20	22.49608
양배추	2021-06-21	24.83259
양배추	2021-06-22	22.93774
양배추	2021-06-23	23.19418
양배추	2021-06-24	23.03746
양배추	2021-06-25	20.14531
양배추	2021-06-26	19.88887
양배추	2021-06-27	22.31087
양배추	2021-06-28	23.94928
양배추	2021-06-29	22.43909
양배추	2021-06-30	21.79797
양배추	2021-07-01	21.39905
양배추	2021-07-02	19.97435
양배추	2021-07-03	19.67516
양배추	2021-07-04	26.2288
양배추	2021-07-05	25.55919
양배추	2021-07-06	23.69283
양배추	2021-07-07	22.92349
양배추	2021-07-08	22.3821
양배추	2021-07-09	19.83188
양배추	2021-07-10	18.72061
양배추	2021-07-11	20.45875
양배추	2021-07-12	22.52457
양배추	2021-07-13	22.96623
양배추	2021-07-14	22.98048
양배추	2021-07-15	21.04288
양배추	2021-07-16	19.54694
양배추	2021-07-17	19.39022
양배추	2021-07-18	21.71249
양배추	2021-07-19	23.32241
양배추	2021-07-20	22.78102
양배추	2021-07-21	27.65351
양배추	2021-07-22	22.21114
양배추	2021-07-23	19.97435
양배추	2021-07-24	19.31899
양배추	2021-07-25	20.65821
양배추	2021-07-26	22.63855
양배추	2021-07-27	22.92349
양배추	2021-07-28	21.86921
양배추	2021-07-29	21.61276
양배추	2021-07-30	19.44721
양배추	2021-07-31	18.84883
양배추	2021-08-01	19.88887
양배추	2021-08-02	20.80068
양배추	2021-08-03	20.9574
양배추	2021-08-04	21.66975
양배추	2021-08-05	21.42755
양배추	2021-08-06	19.41872
양배추	2021-08-07	20.72944
양배추	2021-08-08	20.80068
양배추	2021-08-09	22.04017
양배추	2021-08-10	21.74098
양배추	2021-08-11	21.74098
양배추	2021-08-12	21.51303
양배추	2021-08-13	18.97706
양배추	2021-08-14	19.64667
양배추	2021-08-15	19.39022
양배추	2021-08-16	20.54423
양배추	2021-08-17	21.91195
양배추	2021-08-18	22.6243
양배추	2021-08-19	23.30816
양배추	2021-08-20	20.54423
양배추	2021-08-21	20.31628
양배추	2021-08-22	21.42755
양배추	2021-08-23	23.96352
양배추	2021-08-24	23.03746
양배추	2021-08-25	22.56731
양배추	2021-08-26	20.94315
양배추	2021-08-27	19.80339
양배추	2021-08-28	18.43567
양배추	2021-08-29	20.28779
양배추	2021-08-30	22.21114
양배추	2021-08-31	21.00014
양배추	2021-09-01	21.35631
양배추	2021-09-02	20.21655
양배추	2021-09-03	18.87733
양배추	2021-09-04	17.75181
양배추	2021-09-05	20.94315
양배추	2021-09-06	20.45875
양배추	2021-09-07	19.80339
양배추	2021-09-08	19.61817
양배추	2021-09-09	22.33936
양배추	2021-09-10	17.53811
양배추	2021-09-11	16.61205
양배추	2021-09-12	18.07949
양배추	2021-09-13	20.08833
양배추	2021-09-14	19.53269
양배추	2021-09-15	18.33594
양배추	2021-09-16	17.06795
양배추	2021-09-17	14.47499
양배추	2021-09-18	14.01909
양배추	2021-09-19	13.90511
양배추	2021-09-20	12.19546
양배추	2021-09-21	11.69682
양배추	2021-09-22	15.23008
양배추	2021-09-23	17.26741
양배추	2021-09-24	16.51232
양배추	2021-09-25	17.09645
양배추	2021-09-26	18.27895
양배추	2021-09-27	20.45875
양배추	2021-09-28	19.53269
양배추	2021-09-29	18.63513
양배추	2021-09-30	18.47841
양배추	2021-10-01	16.93973
양배추	2021-10-02	16.72602
양배추	2021-10-03	16.65479
양배추	2021-10-04	19.88887
양배추	2021-10-05	20.35902
양배추	2021-10-06	19.68941
양배추	2021-10-07	19.61817
양배추	2021-10-08	16.72602
양배추	2021-10-09	16.1134
양배추	2021-10-10	18.7491
양배추	2021-10-11	19.5042
양배추	2021-10-12	19.21926
양배추	2021-10-13	21.1711
양배추	2021-10-14	20.37327
양배추	2021-10-15	16.09915
양배추	2021-10-16	17.43838
양배추	2021-10-17	19.09103
양배추	2021-10-18	19.00555
양배추	2021-10-19	18.5069
양배추	2021-10-20	17.8088
양배추	2021-10-21	18.36443
양배추	2021-10-22	17.78031
양배추	2021-10-23	19.34748
양배추	2021-10-24	21.55577
양배추	2021-10-25	24.43368
양배추	2021-10-26	27.15486
양배추	2021-10-27	30.11825
양배추	2021-10-28	26.55648
양배추	2021-10-29	22.95198
양배추	2021-10-30	22.68129
양배추	2021-10-31	27.29733
양배추	2021-11-01	28.4086
양배추	2021-11-02	27.28308
양배추	2021-11-03	24.54765
양배추	2021-11-04	23.52186
양배추	2021-11-05	22.26812
양배추	2021-11-06	19.68941
양배추	2021-11-07	22.68129
양배추	2021-11-08	24.39093
양배추	2021-11-09	23.69283
양배추	2021-11-10	22.56731
양배추	2021-11-11	21.51303
양배추	2021-11-12	20.9289
양배추	2021-11-13	20.58697
양배추	2021-11-14	21.96894
양배추	2021-11-15	24.37669
양배추	2021-11-16	23.70708
양배추	2021-11-17	21.1996
양배추	2021-11-18	19.58968
양배추	2021-11-19	20.35902
양배추	2021-11-20	18.43567
양배추	2021-11-21	21.58427
양배추	2021-11-22	21.14261
양배추	2021-11-23	21.84071
양배추	2021-11-24	21.1711
양배추	2021-11-25	20.13107
양배추	2021-11-26	17.73756
양배추	2021-11-27	16.96822
양배추	2021-11-28	20.18806
양배추	2021-11-29	19.90312
양배추	2021-11-30	19.80339
양배추	2021-12-01	19.73215
양배추	2021-12-02	19.83188
양배추	2021-12-03	19.37597
양배추	2021-12-04	18.46416
양배추	2021-12-05	19.39022
양배추	2021-12-06	22.63855
양배추	2021-12-07	21.57002
양배추	2021-12-08	22.02592
양배추	2021-12-09	24.37669
양배추	2021-12-10	23.03746
양배추	2021-12-11	20.38751
양배추	2021-12-12	22.80951
양배추	2021-12-13	21.78372
양배추	2021-12-14	21.08562
양배추	2021-12-15	17.99401
양배추	2021-12-16	19.7464
양배추	2021-12-17	18.72061
양배추	2021-12-18	17.18193
양배추	2021-12-19	19.43296
양배추	2021-12-20	20.77218
양배추	2021-12-21	20.70095
양배추	2021-12-22	19.39022
양배추	2021-12-23	18.54965
양배추	2021-12-24	15.40105
양배추	2021-12-25	14.75993
양배추	2021-12-26	16.42684
양배추	2021-12-27	18.69212
양배추	2021-12-28	21.76948
양배추	2021-12-29	19.84613
양배추	2021-12-30	17.92278
양배추	2021-12-31	15.58626
양배추	2022-01-01	15.37256
양배추	2022-01-02	21.54153
양배추	2022-01-03	21.01438
양배추	2022-01-04	22.29662
양배추	2022-01-05	23.87804
양배추	2022-01-06	22.6243
양배추	2022-01-07	21.27083
양배추	2022-01-08	19.44721
양배추	2022-01-09	22.68129
양배추	2022-01-10	24.13449
양배추	2022-01-11	24.50491
양배추	2022-01-12	24.94657
양배추	2022-01-13	23.57885
양배추	2022-01-14	22.29662
양배추	2022-01-15	22.32511
양배추	2022-01-16	23.39364
양배추	2022-01-17	24.3197
양배추	2022-01-18	24.76136
양배추	2022-01-19	24.24846
양배추	2022-01-20	24.41943
양배추	2022-01-21	21.54153
양배추	2022-01-22	20.82917
양배추	2022-01-23	22.41059
양배추	2022-01-24	25.14603
양배추	2022-01-25	24.03476
양배추	2022-01-26	22.65279
양배추	2022-01-27	20.58697
양배추	2022-01-28	18.35019
양배추	2022-01-29	17.26741
양배추	2022-01-30	16.68328
양배추	2022-01-31	14.91665
양배추	2022-02-01	14.2043
양배추	2022-02-02	19.7179
양배추	2022-02-03	23.05171
양배추	2022-02-04	21.57002
양배추	2022-02-05	21.95469
양배추	2022-02-06	25.90112
양배추	2022-02-07	25.21726
양배추	2022-02-08	24.09175
양배추	2022-02-09	24.41943
양배추	2022-02-10	22.70978
양배추	2022-02-11	21.84071
양배추	2022-02-12	20.98589
양배추	2022-02-13	22.53882
양배추	2022-02-14	24.54765
양배추	2022-02-15	22.88075
양배추	2022-02-16	24.7756
양배추	2022-02-17	23.80681
양배추	2022-02-18	20.01709
양배추	2022-02-19	20.90041
양배추	2022-02-20	23.52186
양배추	2022-02-21	24.47642
양배추	2022-02-22	23.76406
양배추	2022-02-23	23.32241
양배추	2022-02-24	22.19689
양배추	2022-02-25	21.51303
양배추	2022-02-26	19.78914
양배추	2022-02-27	21.8977
양배추	2022-02-28	21.51303
양배추	2022-03-01	22.68129
양배추	2022-03-02	21.76948
양배추	2022-03-03	20.62971
양배추	2022-03-04	20.52999
양배추	2022-03-05	20.60122
양배추	2022-03-06	22.76677
양배추	2022-03-07	22.95198
양배추	2022-03-08	20.40176
양배추	2022-03-09	19.04829
양배추	2022-03-10	20.27354
양배추	2022-03-11	22.06867
양배추	2022-03-12	19.66092
양배추	2022-03-13	23.36515
양배추	2022-03-14	22.76677
양배추	2022-03-15	22.1399
양배추	2022-03-16	22.29662
양배추	2022-03-17	21.32782
양배추	2022-03-18	20.21655
양배추	2022-03-19	19.9886
양배추	2022-03-20	21.62701
양배추	2022-03-21	23.1087
양배추	2022-03-22	22.22538
양배추	2022-03-23	22.99472
양배추	2022-03-24	20.85767
양배추	2022-03-25	24.71862
양배추	2022-03-26	20.57273
양배추	2022-03-27	20.54423
양배추	2022-03-28	21.91195
양배추	2022-03-29	22.22538
양배추	2022-03-30	21.95469
양배추	2022-03-31	21.54153
양배추	2022-04-01	19.34748
양배추	2022-04-02	19.43296
양배추	2022-04-03	19.66092
양배추	2022-04-04	21.95469
양배추	2022-04-05	20.473
양배추	2022-04-06	20.50149
양배추	2022-04-07	19.81763
양배추	2022-04-08	17.59509
양배추	2022-04-09	17.60934
양배추	2022-04-10	18.62088
양배추	2022-04-11	19.63242
양배추	2022-04-12	20.61547
양배추	2022-04-13	19.86037
양배추	2022-04-14	20.473
양배추	2022-04-15	17.72332
양배추	2022-04-16	16.86849
양배추	2022-04-17	17.63784
양배추	2022-04-18	22.68129
양배추	2022-04-19	23.67858
양배추	2022-04-20	20.43026
양배추	2022-04-21	19.73215
양배추	2022-04-22	17.88003
양배추	2022-04-23	17.73756
양배추	2022-04-24	17.42413
양배추	2022-04-25	22.19689
양배추	2022-04-26	20.80068
양배추	2022-04-27	20.24504
양배추	2022-04-28	19.2335
양배추	2022-04-29	18.051
양배추	2022-04-30	16.76877
양배추	2022-05-01	18.40718
양배추	2022-05-02	22.61005
양배추	2022-05-03	21.31357
양배추	2022-05-04	18.39293
양배추	2022-05-05	17.85154
양배추	2022-05-06	17.5666
양배추	2022-05-07	15.8997
양배추	2022-05-08	17.96552
양배추	2022-05-09	21.52728
양배추	2022-05-10	19.37597
양배추	2022-05-11	21.24234
양배추	2022-05-12	20.62971
양배추	2022-05-13	18.07949
양배추	2022-05-14	17.90853
양배추	2022-05-15	19.88887
양배추	2022-05-16	21.66975
양배추	2022-05-17	21.4418
양배추	2022-05-18	21.14261
양배추	2022-05-19	21.684
양배추	2022-05-20	18.39293
양배추	2022-05-21	17.99401
양배추	2022-05-22	19.2335
양배추	2022-05-23	21.82647
양배추	2022-05-24	21.09987
양배추	2022-05-25	21.64125
양배추	2022-05-26	19.48995
양배추	2022-05-27	17.99401
양배추	2022-05-28	16.54081
양배추	2022-05-29	19.7464
양배추	2022-05-30	22.69554
양배추	2022-05-31	17.62359
양배추	2022-06-01	17.69482
양배추	2022-06-02	17.89428
양배추	2022-06-03	17.69482
양배추	2022-06-04	16.86849
양배추	2022-06-05	17.31015
양배추	2022-06-06	20.33053
양배추	2022-06-07	19.09103
양배추	2022-06-08	20.72944
양배추	2022-06-09	19.48995
양배추	2022-06-10	18.16498
양배추	2022-06-11	17.18193
양배추	2022-06-12	20.30203
양배추	2022-06-13	22.43909
양배추	2022-06-14	22.06867
양배추	2022-06-15	21.4133
양배추	2022-06-16	17.68058
양배추	2022-06-17	17.97976
양배추	2022-06-18	16.02792
양배추	2022-06-19	17.66633
양배추	2022-06-20	20.6867
양배추	2022-06-21	19.30474
양배추	2022-06-22	18.26471
양배추	2022-06-23	19.68941
양배추	2022-06-24	16.29861
양배추	2022-06-25	15.68599
양배추	2022-06-26	18.44992
양배추	2022-06-27	20.17381
양배추	2022-06-28	20.25929
양배추	2022-06-29	21.21384
양배추	2022-06-30	19.37597
양배추	2022-07-01	17.19618
양배추	2022-07-02	17.70907
양배추	2022-07-03	20.45875
양배추	2022-07-04	21.24234
양배추	2022-07-05	20.97164
양배추	2022-07-06	20.13107
양배추	2022-07-07	19.70366
양배추	2022-07-08	17.88003
양배추	2022-07-09	18.46416
양배추	2022-07-10	19.81763
양배추	2022-07-11	22.21114
양배추	2022-07-12	20.90041
양배추	2022-07-13	21.78372
양배추	2022-07-14	20.85767
양배추	2022-07-15	18.60663
양배추	2022-07-16	16.61205
양배추	2022-07-17	18.5354
양배추	2022-07-18	21.88345
양배추	2022-07-19	21.59851
양배추	2022-07-20	20.81493
양배추	2022-07-21	19.73215
양배추	2022-07-22	19.06254
양배추	2022-07-23	17.73756
양배추	2022-07-24	77.30445
양배추	2022-07-25	99.68656
양배추	2022-07-26	100
양배추	2022-07-27	84.82689
양배추	2022-07-28	51.84499
양배추	2022-07-29	16.66904
양배추	2022-07-30	15.27283
양배추	2022-07-31	17.18193
양배추	2022-08-01	19.56119
양배추	2022-08-02	19.14802
양배추	2022-08-03	19.7464
양배추	2022-08-04	19.36173
양배추	2022-08-05	18.25046
양배추	2022-08-06	16.54081
양배추	2022-08-07	18.87733
양배추	2022-08-08	20.33053
양배추	2022-08-09	20.43026
양배추	2022-08-10	20.10257
양배추	2022-08-11	19.03405
양배추	2022-08-12	17.89428
양배추	2022-08-13	16.96822
양배추	2022-08-14	17.39564
양배추	2022-08-15	18.90582
양배추	2022-08-16	21.28508
양배추	2022-08-17	19.63242
양배추	2022-08-18	18.76335
양배추	2022-08-19	17.62359
양배추	2022-08-20	17.29591
양배추	2022-08-21	18.56389
양배추	2022-08-22	21.07137
양배추	2022-08-23	20.52999
양배추	2022-08-24	19.17652
양배추	2022-08-25	19.17652
양배추	2022-08-26	18.26471
양배추	2022-08-27	16.51232
양배추	2022-08-28	17.31015
양배추	2022-08-29	21.99743
양배추	2022-08-30	20.473
양배추	2022-08-31	19.7179
양배추	2022-09-01	19.19076
양배추	2022-09-02	18.02251
양배추	2022-09-03	16.81151
양배추	2022-09-04	19.16227
양배추	2022-09-05	18.89157
양배추	2022-09-06	18.07949
양배추	2022-09-07	15.57201
양배추	2022-09-08	13.43496
양배추	2022-09-09	11.83929
양배추	2022-09-10	10.67103
양배추	2022-09-11	13.74839
양배추	2022-09-12	18.36443
양배추	2022-09-13	21.91195
양배추	2022-09-14	22.68129
양배추	2022-09-15	20.01709
양배추	2022-09-16	19.67516
양배추	2022-09-17	20.07408
양배추	2022-09-18	21.4133
양배추	2022-09-19	22.6243
양배추	2022-09-20	21.81222
양배추	2022-09-21	19.70366
양배추	2022-09-22	20.9574
양배추	2022-09-23	18.27895
양배추	2022-09-24	16.51232
양배추	2022-09-25	19.03405
양배추	2022-09-26	20.72944
양배추	2022-09-27	23.86379
양배추	2022-09-28	20.2308
양배추	2022-09-29	19.90312
양배추	2022-09-30	17.72332
양배추	2022-10-01	16.55506
양배추	2022-10-02	18.80609
양배추	2022-10-03	21.27083
양배추	2022-10-04	21.76948
양배추	2022-10-05	21.28508
양배추	2022-10-06	20.01709
양배추	2022-10-07	17.43838
양배추	2022-10-08	16.72602
양배추	2022-10-09	19.61817
양배추	2022-10-10	20.13107
양배추	2022-10-11	20.17381
양배추	2022-10-12	18.67787
양배추	2022-10-13	20.15956
양배추	2022-10-14	18.36443
양배추	2022-10-15	17.16768
양배추	2022-10-16	19.40447
양배추	2022-10-17	21.18535
양배추	2022-10-18	20.98589
양배추	2022-10-19	19.78914
양배추	2022-10-20	20.87191
양배추	2022-10-21	18.9913
양배추	2022-10-22	17.52386
양배추	2022-10-23	18.36443
양배추	2022-10-24	20.4445
양배추	2022-10-25	19.17652
양배추	2022-10-26	19.80339
양배추	2022-10-27	18.19347
양배추	2022-10-28	16.6263
양배추	2022-10-29	15.629
양배추	2022-10-30	15.34406
양배추	2022-10-31	17.82305
양배추	2022-11-01	20.00284
양배추	2022-11-02	20.72944
양배추	2022-11-03	20.81493
양배추	2022-11-04	16.88274
양배추	2022-11-05	15.85695
양배추	2022-11-06	17.48112
양배추	2022-11-07	19.78914
양배추	2022-11-08	20.11682
양배추	2022-11-09	19.44721
양배추	2022-11-10	19.97435
양배추	2022-11-11	17.05371
양배추	2022-11-12	17.43838
양배추	2022-11-13	18.12223
양배추	2022-11-14	20.80068
양배추	2022-11-15	20.6867
양배추	2022-11-16	19.86037
양배추	2022-11-17	18.93432
양배추	2022-11-18	17.02521
양배추	2022-11-19	17.58085
양배추	2022-11-20	19.00555
양배추	2022-11-21	20.80068
양배추	2022-11-22	20.70095
양배추	2022-11-23	21.09987
양배추	2022-11-24	18.36443
양배추	2022-11-25	16.01367
양배추	2022-11-26	17.96552
양배추	2022-11-27	20.61547
양배추	2022-11-28	19.07679
양배추	2022-11-29	19.81763
양배추	2022-11-30	19.77489
양배추	2022-12-01	18.16498
양배추	2022-12-02	18.86308
양배추	2022-12-03	15.82846
양배추	2022-12-04	19.83188
양배추	2022-12-05	18.87733
양배추	2022-12-06	19.41872
양배추	2022-12-07	19.78914
양배추	2022-12-08	18.62088
양배추	2022-12-09	16.71178
양배추	2022-12-10	15.74298
양배추	2022-12-11	18.66362
양배추	2022-12-12	19.40447
양배추	2022-12-13	19.14802
양배추	2022-12-14	19.53269
양배추	2022-12-15	17.65208
양배추	2022-12-16	16.69753
양배추	2022-12-17	14.71719
양배추	2022-12-18	17.36714
양배추	2022-12-19	18.93432
양배추	2022-12-20	18.66362
양배추	2022-12-21	17.58085
양배추	2022-12-22	17.39564
양배추	2022-12-23	15.77147
양배추	2022-12-24	15.94244
양배추	2022-12-25	16.89699
양배추	2022-12-26	18.20772
양배추	2022-12-27	17.90853
양배추	2022-12-28	18.66362
양배추	2022-12-29	17.01097
양배추	2022-12-30	15.629
양배추	2022-12-31	15.52927
양배추	2023-01-01	15.61475
양배추	2023-01-02	21.88345
양배추	2023-01-03	21.14261
양배추	2023-01-04	21.02863
양배추	2023-01-05	20.58697
양배추	2023-01-06	20.90041
양배추	2023-01-07	19.53269
양배추	2023-01-08	21.6555
양배추	2023-01-09	24.5334
양배추	2023-01-10	25.5307
양배추	2023-01-11	25.03205
양배추	2023-01-12	23.52186
양배추	2023-01-13	20.64396
양배추	2023-01-14	21.4418
양배추	2023-01-15	23.00897
양배추	2023-01-16	23.84955
양배추	2023-01-17	24.97506
양배추	2023-01-18	21.52728
양배추	2023-01-19	20.01709
양배추	2023-01-20	17.0822
양배추	2023-01-21	15.07337
양배추	2023-01-22	12.09574
양배추	2023-01-23	14.75993
양배추	2023-01-24	19.4757
양배추	2023-01-25	21.71249
양배추	2023-01-26	22.52457
양배추	2023-01-27	21.1996
양배추	2023-01-28	20.41601
양배추	2023-01-29	22.73828
양배추	2023-01-30	24.76136
양배추	2023-01-31	24.97506
양배추	2023-02-01	26.04359
양배추	2023-02-02	24.40518
양배추	2023-02-03	21.85496
양배추	2023-02-04	23.08021
양배추	2023-02-05	21.75523
양배추	2023-02-06	26.02934
양배추	2023-02-07	27.02664
양배추	2023-02-08	27.14061
양배추	2023-02-09	25.31699
양배추	2023-02-10	23.09445
양배추	2023-02-11	24.70437
양배추	2023-02-12	31.32924
양배추	2023-02-13	30.26072
양배추	2023-02-14	29.26342
양배추	2023-02-15	31.78515
양배추	2023-02-16	28.45134
양배추	2023-02-17	24.0775
양배추	2023-02-18	24.10599
양배추	2023-02-19	27.21185
양배추	2023-02-20	29.69083
양배추	2023-02-21	27.35432
양배추	2023-02-22	27.15486
양배추	2023-02-23	25.57344
양배추	2023-02-24	24.33395
양배추	2023-02-25	23.97777
양배추	2023-02-26	27.90995
양배추	2023-02-27	30.104
양배추	2023-02-28	27.32582
양배추	2023-03-01	27.72474
양배추	2023-03-02	27.12637
양배추	2023-03-03	27.05513
양배추	2023-03-04	31.38623
양배추	2023-03-05	31.69967
양배추	2023-03-06	30.3177
양배추	2023-03-07	30.85909
양배추	2023-03-08	29.79056
양배추	2023-03-09	28.86451
양배추	2023-03-10	24.3197
양배추	2023-03-11	23.20843
양배추	2023-03-12	27.86721
양배추	2023-03-13	28.23764
양배추	2023-03-14	29.57686
양배추	2023-03-15	27.98119
양배추	2023-03-16	26.61347
양배추	2023-03-17	23.84955
양배추	2023-03-18	24.16298
양배추	2023-03-19	26.99814
양배추	2023-03-20	30.50292
양배추	2023-03-21	29.76207
양배추	2023-03-22	27.49679
양배추	2023-03-23	27.65351
양배추	2023-03-24	23.36515
양배추	2023-03-25	22.21114
양배추	2023-03-26	25.57344
양배추	2023-03-27	27.72474
양배추	2023-03-28	25.57344
양배추	2023-03-29	26.20031
양배추	2023-03-30	26.17181
양배추	2023-03-31	21.21384
양배추	2023-04-01	20.80068
양배추	2023-04-02	23.33665
양배추	2023-04-03	25.21726
양배추	2023-04-04	25.97236
양배추	2023-04-05	29.33466
양배추	2023-04-06	25.16027
양배추	2023-04-07	22.35361
양배추	2023-04-08	21.9262
양배추	2023-04-09	24.50491
양배추	2023-04-10	26.2573
양배추	2023-04-11	26.54224
양배추	2023-04-12	26.65621
양배추	2023-04-13	25.13178
양배추	2023-04-14	25.18877
양배추	2023-04-15	24.49066
양배추	2023-04-16	26.2573
양배추	2023-04-17	28.42285
양배추	2023-04-18	24.74711
양배추	2023-04-19	24.46217
양배추	2023-04-20	23.06596
양배추	2023-04-21	19.76064
양배추	2023-04-22	19.54694
양배추	2023-04-23	21.08562
양배추	2023-04-24	24.41943
양배추	2023-04-25	22.8665
양배추	2023-04-26	25.31699
양배추	2023-04-27	23.99202
양배추	2023-04-28	19.56119
양배추	2023-04-29	19.16227
양배추	2023-04-30	20.25929
양배추	2023-05-01	22.12565
양배추	2023-05-02	23.87804
양배추	2023-05-03	22.19689
양배추	2023-05-04	20.21655
양배추	2023-05-05	20.7152
양배추	2023-05-06	19.34748
양배추	2023-05-07	22.48183
양배추	2023-05-08	23.50762
양배추	2023-05-09	23.77831
양배추	2023-05-10	24.61889
양배추	2023-05-11	21.74098
양배추	2023-05-12	21.1711
양배추	2023-05-13	20.60122
양배추	2023-05-14	20.50149
양배추	2023-05-15	22.90924
양배추	2023-05-16	24.47642
양배추	2023-05-17	24.54765
양배추	2023-05-18	23.60735
양배추	2023-05-19	18.5069
양배추	2023-05-20	18.47841
양배추	2023-05-21	20.43026
양배추	2023-05-22	23.27966
양배추	2023-05-23	22.68129
양배추	2023-05-24	24.78985
양배추	2023-05-25	23.23692
양배추	2023-05-26	19.37597
양배추	2023-05-27	19.43296
양배추	2023-05-28	20.14531
양배추	2023-05-29	23.39364
양배추	2023-05-30	24.51916
양배추	2023-05-31	22.58156
양배추	2023-06-01	22.41059
양배추	2023-06-02	20.52999
양배추	2023-06-03	18.33594
양배추	2023-06-04	19.9886
양배추	2023-06-05	20.6867
양배추	2023-06-06	22.22538
양배추	2023-06-07	23.5931
양배추	2023-06-08	24.2912
양배추	2023-06-09	20.60122
양배추	2023-06-10	20.43026
양배추	2023-06-11	22.41059
양배추	2023-06-12	24.70437
양배추	2023-06-13	24.49066
양배추	2023-06-14	24.87533
양배추	2023-06-15	25.45946
양배추	2023-06-16	22.49608
양배추	2023-06-17	20.25929
양배추	2023-06-18	22.83801
양배추	2023-06-19	24.90383
양배추	2023-06-20	23.5931
양배추	2023-06-21	23.50762
양배추	2023-06-22	21.52728
양배추	2023-06-23	20.48724
양배추	2023-06-24	18.90582
양배추	2023-06-25	19.88887
양배추	2023-06-26	22.41059
양배추	2023-06-27	20.61547
양배추	2023-06-28	22.1399
양배추	2023-06-29	19.97435
양배추	2023-06-30	18.79185
양배추	2023-07-01	17.31015
양배추	2023-07-02	19.7179
양배추	2023-07-03	21.74098
양배추	2023-07-04	22.28237
양배추	2023-07-05	21.22809
양배추	2023-07-06	22.15415
양배추	2023-07-07	20.6867
양배추	2023-07-08	19.21926
양배추	2023-07-09	21.8977
양배추	2023-07-10	23.46488
양배추	2023-07-11	20.50149
양배추	2023-07-12	22.88075
양배추	2023-07-13	22.85225
양배추	2023-07-14	20.38751
양배추	2023-07-15	21.94044
양배추	2023-07-16	24.12024
양배추	2023-07-17	24.70437
양배추	2023-07-18	25.81564
양배추	2023-07-19	23.23692
양배추	2023-07-20	21.71249
양배추	2023-07-21	19.11953
양배추	2023-07-22	18.23621
양배추	2023-07-23	20.90041
양배추	2023-07-24	23.82105
양배추	2023-07-25	25.0463
양배추	2023-07-26	21.94044
양배추	2023-07-27	20.67246
양배추	2023-07-28	18.69212
양배추	2023-07-29	16.78301
양배추	2023-07-30	18.76335
양배추	2023-07-31	19.9886
양배추	2023-08-01	21.9262
양배추	2023-08-02	20.94315
양배추	2023-08-03	22.41059
양배추	2023-08-04	19.60393
양배추	2023-08-05	18.63513
양배추	2023-08-06	21.39905
양배추	2023-08-07	25.17452
양배추	2023-08-08	24.94657
양배추	2023-08-09	24.10599
양배추	2023-08-10	20.9574
양배추	2023-08-11	21.04288
양배추	2023-08-12	20.34477
양배추	2023-08-13	21.95469
양배추	2023-08-14	22.59581
양배추	2023-08-15	21.29933
양배추	2023-08-16	23.8353
양배추	2023-08-17	23.57885
양배추	2023-08-18	23.20843
양배추	2023-08-19	21.72674
양배추	2023-08-20	22.21114
양배추	2023-08-21	26.62772
양배추	2023-08-22	23.33665
양배추	2023-08-23	23.63584
양배추	2023-08-24	24.54765
양배추	2023-08-25	20.40176
양배추	2023-08-26	20.45875
양배추	2023-08-27	22.22538
양배추	2023-08-28	27.75324
양배추	2023-08-29	26.45676
양배추	2023-08-30	24.98931
양배추	2023-08-31	22.29662
양배추	2023-09-01	20.15956
양배추	2023-09-02	19.4757
양배추	2023-09-03	23.47912
양배추	2023-09-04	25.10329
양배추	2023-09-05	24.59039
양배추	2023-09-06	26.05784
양배추	2023-09-07	24.26271
양배추	2023-09-08	20.05983
양배추	2023-09-09	19.7179
양배추	2023-09-10	22.1684
양배추	2023-09-11	24.69012
양배추	2023-09-12	25.23151
양배추	2023-09-13	23.46488
양배추	2023-09-14	22.76677
양배추	2023-09-15	19.48995
양배추	2023-09-16	18.40718
양배추	2023-09-17	22.1399
양배추	2023-09-18	24.47642
양배추	2023-09-19	23.47912
양배추	2023-09-20	22.33936
양배추	2023-09-21	20.01709
양배추	2023-09-22	17.70907
양배추	2023-09-23	16.41259
양배추	2023-09-24	18.49266
양배추	2023-09-25	19.20501
양배추	2023-09-26	18.42142
양배추	2023-09-27	13.97634
양배추	2023-09-28	12.10998
양배추	2023-09-29	11.91052
양배추	2023-09-30	13.52044
양배추	2023-10-01	15.48653
양배추	2023-10-02	19.40447
양배추	2023-10-03	23.36515
양배추	2023-10-04	22.61005
양배추	2023-10-05	22.90924
양배추	2023-10-06	20.33053
양배추	2023-10-07	17.97976
양배추	2023-10-08	18.90582
양배추	2023-10-09	25.07479
양배추	2023-10-10	25.33124
양배추	2023-10-11	24.74711
양배추	2023-10-12	23.50762
양배추	2023-10-13	21.51303
양배추	2023-10-14	18.20772
양배추	2023-10-15	22.73828
양배추	2023-10-16	25.31699
양배추	2023-10-17	24.0775
양배추	2023-10-18	22.93774
양배추	2023-10-19	22.80951
양배추	2023-10-20	20.43026
양배추	2023-10-21	20.33053
양배추	2023-10-22	21.64125
양배추	2023-10-23	26.35703
양배추	2023-10-24	23.82105
양배추	2023-10-25	23.17994
양배추	2023-10-26	21.62701
양배추	2023-10-27	20.60122
양배추	2023-10-28	19.00555
양배추	2023-10-29	22.36785
양배추	2023-10-30	24.59039
양배추	2023-10-31	24.34819
양배추	2023-11-01	23.15144
양배추	2023-11-02	23.60735
양배추	2023-11-03	22.28237
양배추	2023-11-04	20.9289
양배추	2023-11-05	23.73557
양배추	2023-11-06	28.08092
양배추	2023-11-07	24.61889
양배추	2023-11-08	22.72403
양배추	2023-11-09	24.06325
양배추	2023-11-10	21.15685
양배추	2023-11-11	18.47841
양배추	2023-11-12	20.55848
양배추	2023-11-13	23.74982
양배추	2023-11-14	21.91195
양배추	2023-11-15	22.39635
양배추	2023-11-16	21.47029
양배추	2023-11-17	19.14802
양배추	2023-11-18	17.72332
양배추	2023-11-19	20.9574
양배추	2023-11-20	23.52186
양배추	2023-11-21	23.08021
양배추	2023-11-22	22.43909
양배추	2023-11-23	22.23963
양배추	2023-11-24	19.07679
양배추	2023-11-25	17.76606
양배추	2023-11-26	20.33053
양배추	2023-11-27	23.13719
양배추	2023-11-28	24.0775
양배추	2023-11-29	22.08291
양배추	2023-11-30	21.57002
양배추	2023-12-01	19.43296
양배추	2023-12-02	20.05983
양배추	2023-12-03	21.28508
양배추	2023-12-04	23.1087
양배추	2023-12-05	23.15144
양배추	2023-12-06	21.9262
양배추	2023-12-07	22.01168
양배추	2023-12-08	20.61547
양배추	2023-12-09	19.87462
양배추	2023-12-10	24.44792
양배추	2023-12-11	25.63043
양배추	2023-12-12	25.26
양배추	2023-12-13	23.43638
양배추	2023-12-14	24.03476
양배추	2023-12-15	21.74098
양배추	2023-12-16	19.54694
양배추	2023-12-17	21.32782
양배추	2023-12-18	22.51032
양배추	2023-12-19	21.74098
양배추	2023-12-20	20.24504
양배추	2023-12-21	20.85767
양배추	2023-12-22	17.66633
양배추	2023-12-23	17.63784
양배추	2023-12-24	17.99401
양배추	2023-12-25	20.33053
양배추	2023-12-26	21.38481
양배추	2023-12-27	21.22809
양배추	2023-12-28	21.15685
양배추	2023-12-29	19.48995
양배추	2023-12-30	20.10257
양배추	2023-12-31	19.10528
양배추	2024-01-01	22.42484
양배추	2024-01-02	26.44251
양배추	2024-01-03	26.20031
양배추	2024-01-04	26.20031
양배추	2024-01-05	24.26271
양배추	2024-01-06	23.50762
양배추	2024-01-07	27.98119
양배추	2024-01-08	28.893
양배추	2024-01-09	29.14945
양배추	2024-01-10	28.77902
양배추	2024-01-11	36.81436
양배추	2024-01-12	31.48596
양배추	2024-01-13	28.10941
양배추	2024-01-14	30.5599
양배추	2024-01-15	34.54908
양배추	2024-01-16	31.03006
양배추	2024-01-17	32.96765
양배추	2024-01-18	32.68271
양배추	2024-01-19	27.9242
양배추	2024-01-20	27.01239
양배추	2024-01-21	29.69083
양배추	2024-01-22	36.98532
양배추	2024-01-23	32.89642
양배추	2024-01-24	31.59994
양배추	2024-01-25	29.00698
양배추	2024-01-26	28.36586
양배추	2024-01-27	26.9554
양배추	2024-01-28	30.06126
양배추	2024-01-29	32.07009
양배추	2024-01-30	30.68813
양배추	2024-01-31	28.93574
양배추	2024-02-01	30.13249
양배추	2024-02-02	26.24305
양배추	2024-02-03	26.07209
양배추	2024-02-04	28.59381
양배추	2024-02-05	29.32041
양배추	2024-02-06	25.60193
양배추	2024-02-07	24.14873
양배추	2024-02-08	20.24504
양배추	2024-02-09	19.31899
양배추	2024-02-10	16.99672
양배추	2024-02-11	21.04288
양배추	2024-02-12	27.63926
양배추	2024-02-13	31.57144
양배추	2024-02-14	29.19219
양배추	2024-02-15	29.47713
양배추	2024-02-16	27.31158
양배추	2024-02-17	28.69354
양배추	2024-02-18	31.40048
양배추	2024-02-19	34.22139
양배추	2024-02-20	34.26414
양배추	2024-02-21	33.68001
양배추	2024-02-22	30.21797
양배추	2024-02-23	28.15215
양배추	2024-02-24	26.81293
양배추	2024-02-25	30.48867
양배추	2024-02-26	34.23564
양배추	2024-02-27	31.98461
양배추	2024-02-28	31.18677
양배추	2024-02-29	28.20914
양배추	2024-03-01	27.88146
양배추	2024-03-02	31.20102
양배추	2024-03-03	31.00156
양배추	2024-03-04	34.50633
양배추	2024-03-05	34.29263
양배추	2024-03-06	32.68271
양배추	2024-03-07	33.92221
양배추	2024-03-08	30.84484
양배추	2024-03-09	31.54295
양배추	2024-03-10	34.53483
양배추	2024-03-11	35.44664
양배추	2024-03-12	35.23293
양배추	2024-03-13	36.54366
양배추	2024-03-14	36.84285
양배추	2024-03-15	29.54836
양배추	2024-03-16	35.94529
양배추	2024-03-17	37.88288
양배추	2024-03-18	41.6441
양배추	2024-03-19	38.93717
양배추	2024-03-20	37.88288
양배추	2024-03-21	34.46359
양배추	2024-03-22	30.63114
양배추	2024-03-23	27.39706
양배추	2024-03-24	33.65151
양배추	2024-03-25	38.32454
양배추	2024-03-26	36.68613
양배추	2024-03-27	62.53027
양배추	2024-03-28	58.09944
양배추	2024-03-29	43.99487
양배추	2024-03-30	36.80011
양배추	2024-03-31	36.20173
양배추	2024-04-01	48.52543
양배추	2024-04-02	47.34292
양배추	2024-04-03	43.48197
양배추	2024-04-04	38.0681
양배추	2024-04-05	30.67388
양배추	2024-04-06	28.90725
양배추	2024-04-07	35.77432
양배추	2024-04-08	46.4596
양배추	2024-04-09	40.20515
양배추	2024-04-10	36.32996
양배추	2024-04-11	38.26755
양배추	2024-04-12	38.25331
양배추	2024-04-13	33.9507
양배추	2024-04-14	41.20245
양배추	2024-04-15	76.73457
양배추	2024-04-16	70.15244
양배추	2024-04-17	69.16939
양배추	2024-04-18	65.10898
양배추	2024-04-19	59.78059
양배추	2024-04-20	44.25131
양배추	2024-04-21	54.22424
양배추	2024-04-22	76.6206
양배추	2024-04-23	70.20943
양배추	2024-04-24	68.08662
양배추	2024-04-25	58.56959
양배추	2024-04-26	45.30559
양배추	2024-04-27	39.10813
양배추	2024-04-28	46.17466
양배추	2024-04-29	55.23578
양배추	2024-04-30	47.08647
양배추	2024-05-01	50.71947
양배추	2024-05-02	47.79883
양배추	2024-05-03	36.3727
양배추	2024-05-04	32.96765
양배추	2024-05-05	36.11625
양배추	2024-05-06	45.67602
양배추	2024-05-07	52.17267
양배추	2024-05-08	45.84698
양배추	2024-05-09	45.94671
양배추	2024-05-10	38.90867
양배추	2024-05-11	34.59182
양배추	2024-05-12	38.16783
양배추	2024-05-13	44.96367
양배추	2024-05-14	39.50705
양배추	2024-05-15	39.09388
양배추	2024-05-16	40.41886
양배추	2024-05-17	34.49209
양배추	2024-05-18	29.26342
양배추	2024-05-19	32.78244
양배추	2024-05-20	37.64068
양배추	2024-05-21	40.07693
양배추	2024-05-22	36.24447
양배추	2024-05-23	36.08776
양배추	2024-05-24	32.2553
양배추	2024-05-25	29.53412
양배추	2024-05-26	34.16441
양배추	2024-05-27	42.32796
양배추	2024-05-28	39.02265
양배추	2024-05-29	36.04502
양배추	2024-05-30	33.59452
양배추	2024-05-31	28.30887
양배추	2024-06-01	27.01239
양배추	2024-06-02	30.5599
양배추	2024-06-03	34.1929
양배추	2024-06-04	31.81364
양배추	2024-06-05	27.16911
양배추	2024-06-06	27.25459
양배추	2024-06-07	26.85567
양배추	2024-06-08	26.4995
양배추	2024-06-09	29.34891
양배추	2024-06-10	29.17794
양배추	2024-06-11	28.23764
양배추	2024-06-12	28.03818
양배추	2024-06-13	26.58498
양배추	2024-06-14	23.09445
양배추	2024-06-15	21.35631
양배추	2024-06-16	23.77831
양배추	2024-06-17	28.42285
양배추	2024-06-18	25.44522
양배추	2024-06-19	24.44792
양배추	2024-06-20	24.94657
양배추	2024-06-21	21.81222
양배추	2024-06-22	19.91736
양배추	2024-06-23	22.65279
양배추	2024-06-24	25.82989
양배추	2024-06-25	25.71591
양배추	2024-06-26	24.27696
양배추	2024-06-27	22.85225
양배추	2024-06-28	20.57273
양배추	2024-06-29	19.00555
양배추	2024-06-30	23.17994
양배추	2024-07-01	26.10058
양배추	2024-07-02	26.54224
양배추	2024-07-03	26.64197
양배추	2024-07-04	26.55648
양배추	2024-07-05	23.06596
양배추	2024-07-06	19.87462
양배추	2024-07-07	24.69012
양배추	2024-07-08	27.88146
양배추	2024-07-09	28.10941
양배추	2024-07-10	25.21726
양배추	2024-07-11	23.72132
양배추	2024-07-12	20.61547
양배추	2024-07-13	20.04559
양배추	2024-07-14	22.76677
양배추	2024-07-15	25.47371
양배추	2024-07-16	23.05171
양배추	2024-07-17	23.92078
양배추	2024-07-18	23.50762
양배추	2024-07-19	21.82647
양배추	2024-07-20	20.45875
양배추	2024-07-21	23.43638
양배추	2024-07-22	27.06938
양배추	2024-07-23	25.41672
양배추	2024-07-24	23.47912
양배추	2024-07-25	22.79526
양배추	2024-07-26	21.51303
양배추	2024-07-27	19.34748
양배추	2024-07-28	20.9574
양배추	2024-07-29	23.86379
양배추	2024-07-30	23.8353
양배추	2024-07-31	22.96623
양배추	2024-08-01	21.08562
양배추	2024-08-02	22.08291
양배추	2024-08-03	19.04829
양배추	2024-08-04	20.45875
양배추	2024-08-05	22.69554
양배추	2024-08-06	23.76406
양배추	2024-08-07	23.77831
양배추	2024-08-08	22.83801
양배추	2024-08-09	22.56731
양배추	2024-08-10	22.02592
양배추	2024-08-11	23.52186
양배추	2024-08-12	25.64467
양배추	2024-08-13	23.94928
양배추	2024-08-14	22.52457
양배추	2024-08-15	22.6243
양배추	2024-08-16	21.94044
양배추	2024-08-17	21.00014
양배추	2024-08-18	25.34549
양배추	2024-08-19	27.95269
양배추	2024-08-20	25.34549
양배추	2024-08-21	25.38823
양배추	2024-08-22	25.26
양배추	2024-08-23	22.69554
양배추	2024-08-24	21.72674
양배추	2024-08-25	25.80139
양배추	2024-08-26	26.72745
양배추	2024-08-27	26.38552
양배추	2024-08-28	26.05784
양배추	2024-08-29	24.61889
양배추	2024-08-30	21.86921
양배추	2024-08-31	21.94044
양배추	2024-09-01	30.04701
양배추	2024-09-02	30.81635
양배추	2024-09-03	28.53682
양배추	2024-09-04	25.2885
양배추	2024-09-05	25.31699
양배추	2024-09-06	22.82376
양배추	2024-09-07	20.9289
양배추	2024-09-08	24.73286
양배추	2024-09-09	26.51374
양배추	2024-09-10	24.60464
양배추	2024-09-11	22.48183
양배추	2024-09-12	19.58968
양배추	2024-09-13	17.78031
양배추	2024-09-14	19.13377
양배추	2024-09-15	19.70366
양배추	2024-09-16	17.70907
양배추	2024-09-17	17.05371
양배추	2024-09-18	23.90653
양배추	2024-09-19	30.70237
양배추	2024-09-20	26.85567
양배추	2024-09-21	24.03476
양배추	2024-09-22	27.55378
양배추	2024-09-23	30.93033
양배추	2024-09-24	30.8021
양배추	2024-09-25	27.96694
양배추	2024-09-26	28.47984
양배추	2024-09-27	26.9839
양배추	2024-09-28	23.92078
양배추	2024-09-29	24.7756
양배추	2024-09-30	26.39977
양배추	2024-10-01	27.99544
양배추	2024-10-02	25.5022
양배추	2024-10-03	23.97777
양배추	2024-10-04	23.89229
양배추	2024-10-05	22.41059
양배추	2024-10-06	25.94386
양배추	2024-10-07	29.97578
양배추	2024-10-08	26.30004
양배추	2024-10-09	27.01239
양배추	2024-10-10	30.0755
양배추	2024-10-11	24.24846
양배추	2024-10-12	22.78102
양배추	2024-10-13	26.58498
양배추	2024-10-14	31.01581
양배추	2024-10-15	30.26072
양배추	2024-10-16	28.893
양배추	2024-10-17	27.93845
양배추	2024-10-18	24.34819
양배추	2024-10-19	22.43909
양배추	2024-10-20	27.76748
양배추	2024-10-21	35.36116
양배추	2024-10-22	32.0131
양배추	2024-10-23	29.6196
양배추	2024-10-24	28.29462
양배추	2024-10-25	24.26271
양배추	2024-10-26	22.51032
양배추	2024-10-27	28.19489
양배추	2024-10-28	29.46288
양배추	2024-10-29	29.63385
양배추	2024-10-30	27.72474
양배추	2024-10-31	27.4398
양배추	2024-11-01	23.08021
양배추	2024-11-02	21.86921
양배추	2024-11-03	24.17723
양배추	2024-11-04	28.22339
양배추	2024-11-05	27.4683
양배추	2024-11-06	26.17181
양배추	2024-11-07	25.43097
양배추	2024-11-08	22.79526
양배추	2024-11-09	20.52999
양배추	2024-11-10	23.84955
양배추	2024-11-11	26.77019
양배추	2024-11-12	26.28579
양배추	2024-11-13	25.80139
양배추	2024-11-14	25.57344
양배추	2024-11-15	22.80951
양배추	2024-11-16	20.27354
양배추	2024-11-17	25.33124
양배추	2024-11-18	26.00085
양배추	2024-11-19	24.2912
양배추	2024-11-20	23.70708
양배추	2024-11-21	24.34819
양배추	2024-11-22	21.1996
양배추	2024-11-23	19.44721
양배추	2024-11-24	24.98931
양배추	2024-11-25	26.17181
양배추	2024-11-26	24.61889
양배추	2024-11-27	22.3821
양배추	2024-11-28	21.86921
양배추	2024-11-29	19.78914
양배추	2024-11-30	19.44721
양배추	2024-12-01	22.80951
양배추	2024-12-02	24.30545
양배추	2024-12-03	22.73828
양배추	2024-12-04	19.84613
양배추	2024-12-05	21.29933
양배추	2024-12-06	18.26471
양배추	2024-12-07	17.65208
양배추	2024-12-08	21.47029
양배추	2024-12-09	22.22538
양배추	2024-12-10	21.86921
양배추	2024-12-11	21.76948
양배추	2024-12-12	19.70366
양배추	2024-12-13	18.00826
양배추	2024-12-14	17.06795
양배추	2024-12-15	20.61547
양배추	2024-12-16	22.59581
양배추	2024-12-17	21.02863
양배추	2024-12-18	22.52457
양배추	2024-12-19	19.53269
양배추	2024-12-20	18.40718
양배추	2024-12-21	18.62088
양배추	2024-12-22	21.69824
양배추	2024-12-23	22.21114
양배추	2024-12-24	20.28779
양배추	2024-12-25	18.84883
양배추	2024-12-26	20.38751
양배추	2024-12-27	19.29049
양배추	2024-12-28	19.0198
양배추	2024-12-29	20.38751
양배추	2024-12-30	21.74098
양배추	2024-12-31	17.43838
양배추	2025-01-01	19.93161
양배추	2025-01-02	24.00626
양배추	2025-01-03	25.44522
양배추	2025-01-04	24.09175
양배추	2025-01-05	28.60806
양배추	2025-01-06	33.2241
양배추	2025-01-07	32.63997
양배추	2025-01-08	28.1664
양배추	2025-01-09	28.00968
양배추	2025-01-10	26.35703
양배추	2025-01-11	25.97236
양배추	2025-01-12	29.57686
양배추	2025-01-13	30.91608
양배추	2025-01-14	30.90183
양배추	2025-01-15	29.71933
양배추	2025-01-16	29.89029
양배추	2025-01-17	24.51916
양배추	2025-01-18	23.57885
양배추	2025-01-19	28.20914
양배추	2025-01-20	28.49408
양배추	2025-01-21	27.69625
양배추	2025-01-22	26.68471
양배추	2025-01-23	23.67858
양배추	2025-01-24	20.61547
양배추	2025-01-25	19.13377
양배추	2025-01-26	19.61817
양배추	2025-01-27	19.262
양배추	2025-01-28	15.77147
양배추	2025-01-29	15.25858
양배추	2025-01-30	22.70978
양배추	2025-01-31	26.41401
양배추	2025-02-01	25.38823
양배추	2025-02-02	33.48055
양배추	2025-02-03	36.31571
양배추	2025-02-04	36.55791
양배추	2025-02-05	39.59253
양배추	2025-02-06	34.12166
양배추	2025-02-07	31.14403
양배추	2025-02-08	31.2865
양배추	2025-02-09	35.83131
양배추	2025-02-10	40.74654
양배추	2025-02-11	36.62914
양배추	2025-02-12	34.64881
양배추	2025-02-13	34.20715
양배추	2025-02-14	30.40319
양배추	2025-02-15	30.43168
양배추	2025-02-16	35.83131
양배추	2025-02-17	42.25673
양배추	2025-02-18	39.79199
양배추	2025-02-19	36.68613
양배추	2025-02-20	35.58911
양배추	2025-02-21	33.79398
양배추	2025-02-22	32.63997
양배추	2025-02-23	33.72275
양배추	2025-02-24	38.82319
양배추	2025-02-25	37.3415
양배추	2025-02-26	36.67189
양배추	2025-02-27	34.70579
양배추	2025-02-28	33.59452
양배추	2025-03-01	30.03276
양배추	2025-03-02	31.18677
양배추	2025-03-03	34.84826
양배추	2025-03-04	41.31642
양배추	2025-03-05	41.04573
양배추	2025-03-06	39.23635
양배추	2025-03-07	33.90796
양배추	2025-03-08	32.32654
양배추	2025-03-09	39.60678
양배추	2025-03-10	47.15771
양배추	2025-03-11	41.30217
양배추	2025-03-12	39.27909
양배추	2025-03-13	37.08505
양배추	2025-03-14	30.47442
양배추	2025-03-15	28.59381
양배추	2025-03-16	35.01923
양배추	2025-03-17	40.88901
양배추	2025-03-18	36.28722
양배추	2025-03-19	34.93375
양배추	2025-03-20	33.38082
양배추	2025-03-21	28.05242
양배추	2025-03-22	26.08633
양배추	2025-03-23	45.94671
양배추	2025-03-24	45.41957
양배추	2025-03-25	36.70038
양배추	2025-03-26	33.56603
양배추	2025-03-27	33.02464
양배추	2025-03-28	27.15486
양배추	2025-03-29	25.51645
양배추	2025-03-30	28.82176
양배추	2025-03-31	32.62573
양배추	2025-04-01	31.47171
양배추	2025-04-02	31.92762
양배추	2025-04-03	28.50833
양배추	2025-04-04	22.76677
양배추	2025-04-05	24.47642
양배추	2025-04-06	26.59923
양배추	2025-04-07	29.97578
양배추	2025-04-08	30.90183
양배추	2025-04-09	28.63655
양배추	2025-04-10	25.31699
양배추	2025-04-11	22.52457
양배추	2025-04-12	22.43909
양배추	2025-04-13	28.43709
양배추	2025-04-14	29.5911
양배추	2025-04-15	29.42014
양배추	2025-04-16	26.94115
양배추	2025-04-17	25.71591
양배추	2025-04-18	22.48183
양배추	2025-04-19	21.51303
양배추	2025-04-20	24.66163
양배추	2025-04-21	27.26884
양배추	2025-04-22	26.65621
양배추	2025-04-23	24.78985
양배추	2025-04-24	23.46488
양배추	2025-04-25	19.7464
양배추	2025-04-26	18.49266
양배추	2025-04-27	20.87191
양배추	2025-04-28	22.35361
양배추	2025-04-29	20.9574
양배추	2025-04-30	19.80339
양배추	2025-05-01	21.32782
양배추	2025-05-02	18.79185
양배추	2025-05-03	17.75181
양배추	2025-05-04	16.74027
양배추	2025-05-05	19.13377
양배추	2025-05-06	21.96894
양배추	2025-05-07	21.86921
양배추	2025-05-08	22.83801
양배추	2025-05-09	19.41872
양배추	2025-05-10	21.22809
양배추	2025-05-11	24.74711
양배추	2025-05-12	25.88687
양배추	2025-05-13	25.68741
양배추	2025-05-14	25.92961
양배추	2025-05-15	22.68129
양배추	2025-05-16	19.87462
양배추	2025-05-17	20.82917
양배추	2025-05-18	20.9289
양배추	2025-05-19	26.9839
양배추	2025-05-20	25.87263
양배추	2025-05-21	21.76948
양배추	2025-05-22	20.48724
양배추	2025-05-23	19.07679
양배추	2025-05-24	18.03675
양배추	2025-05-25	19.34748
양배추	2025-05-26	22.35361
양배추	2025-05-27	20.97164
양배추	2025-05-28	20.9574
양배추	2025-05-29	19.4757
양배추	2025-05-30	17.90853
양배추	2025-05-31	16.01367
양배추	2025-06-01	18.60663
양배추	2025-06-02	20.43026
양배추	2025-06-03	18.42142
양배추	2025-06-04	19.81763
양배추	2025-06-05	18.47841
양배추	2025-06-06	18.44992
양배추	2025-06-07	18.64938
양배추	2025-06-08	20.62971
양배추	2025-06-09	20.61547
양배추	2025-06-10	21.14261
양배추	2025-06-11	19.77489
양배추	2025-06-12	20.25929
양배추	2025-06-13	16.3556
양배추	2025-06-14	15.81421
양배추	2025-06-15	63.82675
양배추	2025-06-16	28.59381
양배추	2025-06-17	22.41059
양배추	2025-06-18	20.08833
양배추	2025-06-19	25.13178
양배추	2025-06-20	21.94044
양배추	2025-06-21	18.76335
양배추	2025-06-22	18.96281
양배추	2025-06-23	20.80068
양배추	2025-06-24	19.4757
양배추	2025-06-25	21.05713
양배추	2025-06-26	17.92278
양배추	2025-06-27	17.13919
양배추	2025-06-28	16.07066
양배추	2025-06-29	18.7776
양배추	2025-06-30	19.2335
양배추	2025-07-01	19.63242
양배추	2025-07-02	20.01709
양배추	2025-07-03	18.36443
양배추	2025-07-04	15.78572
양배추	2025-07-05	15.95668
양배추	2025-07-06	18.80609
양배추	2025-07-07	18.83459
양배추	2025-07-08	18.17922
양배추	2025-07-09	17.21042
양배추	2025-07-10	16.09915
양배추	2025-07-11	15.51503
양배추	2025-07-12	14.14731
양배추	2025-07-13	17.16768
양배추	2025-07-14	19.73215
양배추	2025-07-15	18.54965
양배추	2025-07-16	18.63513
양배추	2025-07-17	17.55235
양배추	2025-07-18	16.84
양배추	2025-07-19	14.6602
양배추	2025-07-20	17.15344
양배추	2025-07-21	19.03405
양배추	2025-07-22	18.93432
양배추	2025-07-23	17.72332
양배추	2025-07-24	18.06525
양배추	2025-07-25	15.34406
양배추	2025-07-26	14.37526
양배추	2025-07-27	16.66904
양배추	2025-07-28	18.40718
양배추	2025-07-29	16.91124
양배추	2025-07-30	16.74027
양배추	2025-07-31	15.99943
양배추	2025-08-01	14.83117
양배추	2025-08-02	15.1446
양배추	2025-08-03	18.93432
양배추	2025-08-04	20.04559
양배추	2025-08-05	19.24775
양배추	2025-08-06	20.00284
양배추	2025-08-07	19.43296
양배추	2025-08-08	16.36985
양배추	2025-08-09	16.09915
양배추	2025-08-10	18.23621
양배추	2025-08-11	19.5042
양배추	2025-08-12	18.59239
양배추	2025-08-13	16.55506
양배추	2025-08-14	15.32981
양배추	2025-08-15	14.4465
양배추	2025-08-16	15.8997
양배추	2025-08-17	16.19888
양배추	2025-08-18	18.72061
양배추	2025-08-19	18.92007
양배추	2025-08-20	17.73756
양배추	2025-08-21	20.41601
양배추	2025-08-22	27.79598
양배추	2025-08-23	42.07152
양배추	2025-08-24	33.15287
양배추	2025-08-25	33.18136
양배추	2025-08-26	32.12708
양배추	2025-08-27	29.56261
양배추	2025-08-28	29.63385
양배추	2025-08-29	18.66362
양배추	2025-08-30	17.03946
양배추	2025-08-31	19.51844
양배추	2025-09-01	19.90312
양배추	2025-09-02	20.6867
양배추	2025-09-03	19.78914
양배추	2025-09-04	20.13107
양배추	2025-09-05	18.42142
양배추	2025-09-06	18.36443
양배추	2025-09-07	26.30004
양배추	2025-09-08	27.63926
양배추	2025-09-09	33.76549
양배추	2025-09-10	29.34891
양배추	2025-09-11	20.97164
양배추	2025-09-12	19.87462
양배추	2025-09-13	18.59239
양배추	2025-09-14	20.94315
양배추	2025-09-15	21.35631
양배추	2025-09-16	20.97164
양배추	2025-09-17	19.37597
양배추	2025-09-18	19.40447
양배추	2025-09-19	18.07949
양배추	2025-09-20	16.6263
양배추	2025-09-21	18.39293
양배추	2025-09-22	20.03134
양배추	2025-09-23	18.9913
양배추	2025-09-24	20.4445
양배추	2025-09-25	16.91124
양배추	2025-09-26	16.39834
양배추	2025-09-27	15.32981
양배추	2025-09-28	16.82575
양배추	2025-09-29	16.61205
양배추	2025-09-30	16.91124
양배추	2025-10-01	14.1758
양배추	2025-10-02	12.85083
양배추	2025-10-03	12.19546
양배추	2025-10-04	11.48311
양배추	2025-10-05	11.44037
양배추	2025-10-06	11.04145
양배추	2025-10-07	11.95326
양배추	2025-10-08	14.06183
양배추	2025-10-09	13.99059
양배추	2025-10-10	15.81421
양배추	2025-10-11	15.30132
양배추	2025-10-12	16.12765
양배추	2025-10-13	18.27895
양배추	2025-10-14	16.64054
양배추	2025-10-15	15.82846
양배추	2025-10-16	16.91124
양배추	2025-10-17	14.43225
양배추	2025-10-18	13.56318
양배추	2025-10-19	14.63171
양배추	2025-10-20	16.31286
양배추	2025-10-21	15.24433
양배추	2025-10-22	15.52927
양배추	2025-10-23	16.04217
양배추	2025-10-24	14.03333
양배추	2025-10-25	13.16426
양배추	2025-10-26	14.70294
양배추	2025-10-27	16.61205
양배추	2025-10-28	14.47499
양배추	2025-10-29	14.30403
양배추	2025-10-30	15.08761
양배추	2025-10-31	12.93631
양배추	2025-11-01	14.27553
양배추	2025-11-02	14.53198
양배추	2025-11-03	16.24162
양배추	2025-11-04	16.52657
양배추	2025-11-05	15.15885
양배추	2025-11-06	15.77147
양배추	2025-11-07	14.74569
양배추	2025-11-08	13.24975
양배추	2025-11-09	14.97364
양배추	2025-11-10	16.18464
양배추	2025-11-11	16.85425
양배추	2025-11-12	14.6602
양배추	2025-11-13	15.08761
양배추	2025-11-14	14.50349
양배추	2025-11-15	13.27824
양배추	2025-11-16	14.91665
양배추	2025-11-17	17.49536
양배추	2025-11-18	19.31899
양배추	2025-11-19	19.61817
양배추	2025-11-20	17.21042
양배추	2025-11-21	15.58626
양배추	2025-11-22	16.3841
양배추	2025-11-23	15.92819
양배추	2025-11-24	16.84
양배추	2025-11-25	16.27012
양배추	2025-11-26	16.21313
양배추	2025-11-27	15.13036
양배추	2025-11-28	14.07607
양배추	2025-11-29	14.50349
양배추	2025-11-30	15.54352
양배추	2025-12-01	17.52386
양배추	2025-12-02	19.33323
양배추	2025-12-03	16.21313
양배추	2025-12-04	16.36985
양배추	2025-12-05	18.89157
양배추	2025-12-06	16.5978
양배추	2025-12-07	17.38139
양배추	2025-12-08	17.89428
양배추	2025-12-09	22.21114
양배추	2025-12-10	18.22196
양배추	2025-12-11	17.95127
양배추	2025-12-12	14.24704
양배추	2025-12-13	14.2043
양배추	2025-12-14	15.82846
양배추	2025-12-15	16.55506
양배추	2025-12-16	16.01367
양배추	2025-12-17	17.52386
양배추	2025-12-18	15.42954
양배추	2025-12-19	14.13306
양배추	2025-12-20	13.207
양배추	2025-12-21	14.83117
양배추	2025-12-22	15.58626
양배추	2025-12-23	14.27553
양배추	2025-12-24	12.87932
양배추	2025-12-25	11.98176
양배추	2025-12-26	13.16426
양배추	2025-12-27	14.23279
양배추	2025-12-28	15.91394
양배추	2025-12-29	15.24433
양배추	2025-12-30	15.07337
양배추	2025-12-31	11.88203
양배추	2026-01-01	13.60592
양배추	2026-01-02	14.28978
양배추	2026-01-03	15.37256
양배추	2026-01-04	17.76606
양배추	2026-01-05	19.09103
양배추	2026-01-06	19.84613
양배추	2026-01-07	19.39022
양배추	2026-01-08	20.18806
양배추	2026-01-09	17.76606
양배추	2026-01-10	16.82575
양배추	2026-01-11	19.80339
양배추	2026-01-12	22.65279
양배추	2026-01-13	20.24504
양배추	2026-01-14	18.39293
양배추	2026-01-15	17.70907
양배추	2026-01-16	17.36714
양배추	2026-01-17	16.07066
양배추	2026-01-18	20.03134
양배추	2026-01-19	20.38751
양배추	2026-01-20	20.08833
양배추	2026-01-21	17.55235
양배추	2026-01-22	18.66362
양배추	2026-01-23	16.78301
양배추	2026-01-24	17.33865
양배추	2026-01-25	21.11411
양배추	2026-01-26	21.12836
양배추	2026-01-27	19.0198
양배추	2026-01-28	18.70636
양배추	2026-01-29	19.54694
양배추	2026-01-30	16.58355
양배추	2026-01-31	16.69753
양배추	2026-02-01	18.83459
양배추	2026-02-02	20.15956
양배추	2026-02-03	19.09103
양배추	2026-02-04	18.13648
양배추	2026-02-05	17.96552
양배추	2026-02-06	15.92819
양배추	2026-02-07	15.55777
양배추	2026-02-08	17.46687
양배추	2026-02-09	18.62088
양배추	2026-02-10	16.39834
양배추	2026-02-11	15.44379
양배추	2026-02-12	13.22125
양배추	2026-02-13	11.52585
양배추	2026-02-14	11.66832
양배추	2026-02-15	11.34064
양배추	2026-02-16	10.44308
양배추	2026-02-17	9.55976
양배추	2026-02-18	13.40646
양배추	2026-02-19	16.79726
양배추	2026-02-20	14.1758
양배추	2026-02-21	14.83117
양배추	2026-02-22	16.31286
양배추	2026-02-23	17.45262
양배추	2026-02-24	16.39834
양배추	2026-02-25	15.8997
양배추	2026-02-26	16.96822
양배추	2026-02-27	13.99059
양배추	2026-02-28	13.66291
양배추	2026-03-01	15.47228
양배추	2026-03-02	17.3244
양배추	2026-03-03	14.16156
양배추	2026-03-04	14.30403
양배추	2026-03-05	16.07066
양배추	2026-03-06	15.67174
양배추	2026-03-07	15.20159
양배추	2026-03-08	17.01097
양배추	2026-03-09	18.79185
양배추	2026-03-10	18.97706
양배추	2026-03-11	16.61205
양배추	2026-03-12	15.98518
양배추	2026-03-13	15.8997
양배추	2026-03-14	14.51773
양배추	2026-03-15	16.68328
양배추	2026-03-16	18.43567
양배추	2026-03-17	17.60934
양배추	2026-03-18	17.13919
양배추	2026-03-19	15.629
양배추	2026-03-20	14.23279
양배추	2026-03-21	13.12152
양배추	2026-03-22	15.64325
양배추	2026-03-23	16.08491
양배추	2026-03-24	17.52386
양배추	2026-03-25	18.44992
양배추	2026-03-26	16.22738
양배추	2026-03-27	12.77959
양배추	2026-03-28	14.40376
양배추	2026-03-29	16.3556
양배추	2026-03-30	18.52115
양배추	2026-03-31	16.68328
양배추	2026-04-01	17.79455
양배추	2026-04-02	15.6575
양배추	2026-04-03	14.28978
양배추	2026-04-04	14.03333
양배추	2026-04-05	15.54352
양배추	2026-04-06	17.53811
양배추	2026-04-07	17.68058
양배추	2026-04-08	17.19618
양배추	2026-04-09	16.15614
양배추	2026-04-10	14.83117
양배추	2026-04-11	13.99059
양배추	2026-04-12	16.58355
양배추	2026-04-13	18.33594
양배추	2026-04-14	16.71178
양배추	2026-04-15	16.05641
양배추	2026-04-16	15.18734
양배추	2026-04-17	14.67445
양배추	2026-04-18	13.89086
양배추	2026-04-19	15.71448
양배추	2026-04-20	18.10799
양배추	2026-04-21	16.05641
양배추	2026-04-22	17.18193
양배추	2026-04-23	14.16156
양배추	2026-04-24	12.83658
양배추	2026-04-25	14.03333
양배추	2026-04-26	13.4777
양배추	2026-04-27	14.53198
양배추	2026-04-28	15.50078
양배추	2026-04-29	14.77418
양배추	2026-04-30	11.86778
양배추	2026-05-01	11.95326
양배추	2026-05-02	11.52585
양배추	2026-05-03	12.46616
양배추	2026-05-04	13.207
양배추	2026-05-05	14.28978
양배추	2026-05-06	14.74569
양배추	2026-05-07	13.59167
양배추	2026-05-08	13.37797
양배추	2026-05-09	13.76264
양배추	2026-05-10	14.70294
양배추	2026-05-11	14.03333
양배추	2026-05-12	15.52927
양배추	2026-05-13	15.77147
양배추	2026-05-14	14.04758
양배추	2026-05-15	11.69682
양배추	2026-05-16	13.09303
양배추	2026-05-17	14.34677
양배추	2026-05-18	14.31827
양배추	2026-05-19	14.80267
양배추	2026-05-20	12.83658
양배추	2026-05-21	13.40646
양배추	2026-05-22	12.83658
양배추	2026-05-23	13.4492
양배추	2026-05-24	13.29249
양배추	2026-05-25	14.75993
양배추	2026-05-26	14.78843
양배추	2026-05-27	13.6914
양배추	2026-05-28	13.90511
양배추	2026-05-29	12.93631
양배추	2026-05-30	12.9933
양배추	2026-05-31	14.37526
양배추	2026-06-01	13.9621
양배추	2026-06-02	12.46616
양배추	2026-06-03	13.86237
양배추	2026-06-04	12.36643
양배추	2026-06-05	12.59438
양배추	2026-06-06	12.89357
양배추	2026-06-07	14.03333
양배추	2026-06-08	14.56047
양배추	2026-06-09	13.36372
양배추	2026-06-10	13.54893
양배추	2026-06-11	13.07878
양배추	2026-06-12	11.04145
양배추	2026-06-13	13.03604
양배추	2026-06-14	13.62017
양배추	2026-06-15	13.12152
양배추	2026-06-16	13.30673
양배추	2026-06-17	13.66291
양배추	2026-06-18	11.46887
양배추	2026-06-19	11.69682
양배추	2026-06-20	12.0245
양배추	2026-06-21	12.72261
양배추	2026-06-22	13.9336
양배추	2026-06-23	13.43496
양배추	2026-06-24	12.35218
양배추	2026-06-25	11.7823
양배추	2026-06-26	11.45462
양배추	2026-06-27	11.31215
양배추	2026-06-28	11.88203
양배추	2026-06-29	14.01909
양배추	2026-06-30	12.42342
양배추	2026-07-01	12.76535
양배추	2026-07-02	11.63983
양배추	2026-07-03	12.49465
양배추	2026-07-04	12.46616
양배추	2026-07-05	12.65137
양배추	2026-07-06	13.6914
양배추	2026-07-07	12.62288
양배추	2026-07-08	12.01025
양배추	2026-07-09	11.36914
양배추	2026-07-10	10.77076
양배추	2026-07-11	10.10115
양배추	2026-07-12	11.76805
양배추	2026-07-13	14.07607
양배추	2026-07-14	11.65408
양배추	2026-07-15	10.0869
양배추	2026-07-16	9.6025
양배추	2026-07-17	10.38609
양배추	2026-07-18	10.74227
양배추	2026-07-19	11.14118
양배추	2026-07-20	13.29249
양배추	2026-07-21	12.72261
양배추	2026-07-22	12.36643
양배추	2026-07-23	12.22396
양배추	2026-07-24	10.95597
양배추	2026-07-25	9.78771
양배추	2026-07-26	11.88203
양배추	2026-07-27	12.18122
양배추	2026-07-28	11.48311
양배추	2026-07-29	11.73956
양배추	2026-07-30	9.94443
양배추	2026-07-31	10.02991
양배추	2026-08-01	10.02991
양배추	2026-08-02	11.04145
양배추	2026-08-03	13.07878
양배추	2026-08-04	12.0245
양배추	2026-08-05	12.16697
양배추	2026-08-06	12.2667
양배추	2026-08-07	10.72802
양배추	2026-08-08	10.12964
양배추	2026-08-09	12.05299
양배추	2026-08-10	12.5089
양배추	2026-08-11	11.81079
양배추	2026-08-12	12.72261
양배추	2026-08-13	11.12694
양배추	2026-08-14	9.48853
양배추	2026-08-15	10.01567
양배추	2026-08-16	11.59709
양배추	2026-08-17	11.04145
양배추	2026-08-18	12.56589
양배추	2026-08-19	12.52315
양배추	2026-08-20	11.2979
양배추	2026-08-21	10.55705
양배추	2026-08-22	11.0557
양배추	2026-08-23	12.05299
양배추	2026-08-24	12.36643
양배추	2026-08-25	12.97905
양배추	2026-08-26	12.20971
양배추	2026-08-27	12.9648
양배추	2026-08-28	11.63983
양배추	2026-08-29	11.46887
양배추	2026-08-30	11.88203
양배추	2026-08-31	13.2355
양배추	2026-09-01	13.17851
양배추	2026-09-02	13.207
양배추	2026-09-03	12.25245
양배추	2026-09-04	11.21242
양배추	2026-09-05	9.73073
양배추	2026-09-06	11.93902
양배추	2026-09-07	13.12152
양배추	2026-09-08	12.85083
양배추	2026-09-09	12.09574
양배추	2026-09-10	11.69682
양배추	2026-09-11	10.62829
양배추	2026-09-12	9.98717
양배추	2026-09-13	11.26941
양배추	2026-09-14	100
양배추	2026-09-15	100
양배추	2026-09-16	100
양배추	2026-09-17	100
양배추	2026-09-18	100
양배추	2026-09-19	100
양배추	2026-09-21	100
양파	2016-01-01	0.32071
양파	2016-01-02	0.3287
양파	2016-01-03	0.32753
양파	2016-01-04	0.33528
양파	2016-01-05	0.35455
양파	2016-01-06	0.35901
양파	2016-01-07	0.34938
양파	2016-01-08	0.31132
양파	2016-01-09	0.31273
양파	2016-01-10	0.30309
양파	2016-01-11	0.33787
양파	2016-01-12	0.32471
양파	2016-01-13	0.31273
양파	2016-01-14	0.31601
양파	2016-01-15	0.2944
양파	2016-01-16	0.27913
양파	2016-01-17	0.31578
양파	2016-01-18	0.33011
양파	2016-01-19	0.32917
양파	2016-01-20	0.31625
양파	2016-01-21	0.34398
양파	2016-01-22	0.63297
양파	2016-01-23	0.38016
양파	2016-01-24	0.42104
양파	2016-01-25	0.39238
양파	2016-01-26	0.41493
양파	2016-01-27	0.36395
양파	2016-01-28	0.40201
양파	2016-01-29	0.39755
양파	2016-01-30	0.30098
양파	2016-01-31	0.36606
양파	2016-02-01	0.42081
양파	2016-02-02	0.35619
양파	2016-02-03	0.29651
양파	2016-02-04	0.2749
양파	2016-02-05	0.26409
양파	2016-02-06	0.26056
양파	2016-02-07	0.21992
양파	2016-02-08	0.20323
양파	2016-02-09	0.23354
양파	2016-02-10	0.28218
양파	2016-02-11	0.39261
양파	2016-02-12	0.3522
양파	2016-02-13	0.35361
양파	2016-02-14	12.12858
양파	2016-02-15	0.59491
양파	2016-02-16	0.3616
양파	2016-02-17	0.33975
양파	2016-02-18	0.36559
양파	2016-02-19	0.29651
양파	2016-02-20	0.30286
양파	2016-02-21	0.32894
양파	2016-02-22	0.34022
양파	2016-02-23	0.32212
양파	2016-02-24	0.37828
양파	2016-02-25	0.39567
양파	2016-02-26	0.32236
양파	2016-02-27	0.31555
양파	2016-02-28	0.30497
양파	2016-02-29	0.32471
양파	2016-03-01	0.33622
양파	2016-03-02	0.3132
양파	2016-03-03	0.32306
양파	2016-03-04	0.34726
양파	2016-03-05	0.4241
양파	2016-03-06	0.35149
양파	2016-03-07	0.35666
양파	2016-03-08	0.33481
양파	2016-03-09	0.31813
양파	2016-03-10	0.3045
양파	2016-03-11	0.34233
양파	2016-03-12	0.29863
양파	2016-03-13	0.35737
양파	2016-03-14	0.32518
양파	2016-03-15	0.3233
양파	2016-03-16	0.31273
양파	2016-03-17	0.31273
양파	2016-03-18	0.32048
양파	2016-03-19	0.31883
양파	2016-03-20	0.36418
양파	2016-03-21	0.41517
양파	2016-03-22	0.34468
양파	2016-03-23	0.36653
양파	2016-03-24	0.36442
양파	2016-03-25	0.33787
양파	2016-03-26	0.37381
양파	2016-03-27	0.35126
양파	2016-03-28	0.33505
양파	2016-03-29	0.35596
양파	2016-03-30	0.35784
양파	2016-03-31	0.33105
양파	2016-04-01	0.27208
양파	2016-04-02	0.3287
양파	2016-04-03	0.39637
양파	2016-04-04	0.33176
양파	2016-04-05	0.36348
양파	2016-04-06	0.34445
양파	2016-04-07	0.36489
양파	2016-04-08	0.35243
양파	2016-04-09	0.33669
양파	2016-04-10	0.44806
양파	2016-04-11	0.42598
양파	2016-04-12	0.39919
양파	2016-04-13	0.36982
양파	2016-04-14	0.36089
양파	2016-04-15	0.35079
양파	2016-04-16	0.45535
양파	2016-04-17	0.44759
양파	2016-04-18	0.41728
양파	2016-04-19	0.42621
양파	2016-04-20	0.40436
양파	2016-04-21	0.40131
양파	2016-04-22	0.37945
양파	2016-04-23	0.37734
양파	2016-04-24	0.41352
양파	2016-04-25	0.42927
양파	2016-04-26	0.40459
양파	2016-04-27	0.41658
양파	2016-04-28	0.406
양파	2016-04-29	0.36559
양파	2016-04-30	0.42551
양파	2016-05-01	1.5331
양파	2016-05-02	1.37944
양파	2016-05-03	0.62898
양파	2016-05-04	0.4779
양파	2016-05-05	1.04627
양파	2016-05-06	0.61676
양파	2016-05-07	0.59186
양파	2016-05-08	66.26339
양파	2016-05-09	100
양파	2016-05-10	3.19567
양파	2016-05-11	1.41868
양파	2016-05-12	1.00867
양파	2016-05-13	0.84209
양파	2016-05-14	0.93466
양파	2016-05-15	9.27501
양파	2016-05-16	2.83572
양파	2016-05-17	1.94475
양파	2016-05-18	1.82304
양파	2016-05-19	0.87686
양파	2016-05-20	0.67292
양파	2016-05-21	1.13344
양파	2016-05-22	0.78852
양파	2016-05-23	0.71756
양파	2016-05-24	0.62287
양파	2016-05-25	0.60313
양파	2016-05-26	0.56249
양파	2016-05-27	0.50845
양파	2016-05-28	0.49952
양파	2016-05-29	0.6889
양파	2016-05-30	0.62663
양파	2016-05-31	0.56437
양파	2016-06-01	0.50939
양파	2016-06-02	0.52583
양파	2016-06-03	0.73377
양파	2016-06-04	0.60337
양파	2016-06-05	0.66751
양파	2016-06-06	0.70417
양파	2016-06-07	0.59938
양파	2016-06-08	0.61512
양파	2016-06-09	0.57095
양파	2016-06-10	32.29724
양파	2016-06-11	1.68371
양파	2016-06-12	1.59983
양파	2016-06-13	1.10759
양파	2016-06-14	0.67315
양파	2016-06-15	0.70182
양파	2016-06-16	0.86089
양파	2016-06-17	0.84937
양파	2016-06-18	0.64096
양파	2016-06-19	0.64284
양파	2016-06-20	0.68936
양파	2016-06-21	0.59726
양파	2016-06-22	0.56531
양파	2016-06-23	0.55497
양파	2016-06-24	0.49129
양파	2016-06-25	0.48354
양파	2016-06-26	0.52983
양파	2016-06-27	0.47203
양파	2016-06-28	0.4584
양파	2016-06-29	0.47579
양파	2016-06-30	0.50892
양파	2016-07-01	0.4396
양파	2016-07-02	0.49482
양파	2016-07-03	0.48448
양파	2016-07-04	0.4584
양파	2016-07-05	0.41399
양파	2016-07-06	0.42997
양파	2016-07-07	0.40459
양파	2016-07-08	0.39778
양파	2016-07-09	0.3999
양파	2016-07-10	0.42809
양파	2016-07-11	0.39661
양파	2016-07-12	0.43138
양파	2016-07-13	0.41799
양파	2016-07-14	0.43467
양파	2016-07-15	0.64402
양파	2016-07-16	0.42739
양파	2016-07-17	0.39731
양파	2016-07-18	0.40342
양파	2016-07-19	0.37076
양파	2016-07-20	0.35149
양파	2016-07-21	0.35408
양파	2016-07-22	0.34069
양파	2016-07-23	21.60918
양파	2016-07-24	0.72414
양파	2016-07-25	0.43138
양파	2016-07-26	0.40882
양파	2016-07-27	0.35995
양파	2016-07-28	0.3623
양파	2016-07-29	0.32212
양파	2016-07-30	0.33199
양파	2016-07-31	0.34891
양파	2016-08-01	0.36277
양파	2016-08-02	0.37969
양파	2016-08-03	0.3482
양파	2016-08-04	0.36136
양파	2016-08-05	0.31836
양파	2016-08-06	0.31883
양파	2016-08-07	0.31954
양파	2016-08-08	0.34585
양파	2016-08-09	0.33411
양파	2016-08-10	0.37147
양파	2016-08-11	0.31977
양파	2016-08-12	0.328
양파	2016-08-13	0.33082
양파	2016-08-14	0.31883
양파	2016-08-15	23.28773
양파	2016-08-16	2.21989
양파	2016-08-17	0.78969
양파	2016-08-18	1.0371
양파	2016-08-19	1.12004
양파	2016-08-20	19.74784
양파	2016-08-21	1.95438
양파	2016-08-22	0.9114
양파	2016-08-23	0.50351
양파	2016-08-24	0.52513
양파	2016-08-25	0.47626
양파	2016-08-26	0.43279
양파	2016-08-27	0.4295
양파	2016-08-28	0.47461
양파	2016-08-29	0.47156
양파	2016-08-30	0.47179
양파	2016-08-31	0.50234
양파	2016-09-01	0.44994
양파	2016-09-02	0.39825
양파	2016-09-03	0.40835
양파	2016-09-04	0.48166
양파	2016-09-05	0.47626
양파	2016-09-06	0.47931
양파	2016-09-07	0.42645
양파	2016-09-08	0.36606
양파	2016-09-09	0.32964
양파	2016-09-10	0.32283
양파	2016-09-11	2.54507
양파	2016-09-12	0.36818
양파	2016-09-13	0.28195
양파	2016-09-14	0.28265
양파	2016-09-15	0.2467
양파	2016-09-16	0.89284
양파	2016-09-17	0.41423
양파	2016-09-18	0.55403
양파	2016-09-19	0.38274
양파	2016-09-20	0.37334
양파	2016-09-21	0.43396
양파	2016-09-22	0.36912
양파	2016-09-23	0.37147
양파	2016-09-24	0.37358
양파	2016-09-25	0.41705
양파	2016-09-26	0.3952
양파	2016-09-27	0.41963
양파	2016-09-28	0.4154
양파	2016-09-29	0.41211
양파	2016-09-30	0.34022
양파	2016-10-01	0.42833
양파	2016-10-02	0.36888
양파	2016-10-03	0.4342
양파	2016-10-04	0.40976
양파	2016-10-05	0.40859
양파	2016-10-06	0.35267
양파	2016-10-07	0.33035
양파	2016-10-08	21.16488
양파	2016-10-09	1.45298
양파	2016-10-10	0.57024
양파	2016-10-11	0.4248
양파	2016-10-12	0.38462
양파	2016-10-13	0.39261
양파	2016-10-14	0.35055
양파	2016-10-15	0.4006
양파	2016-10-16	0.4443
양파	2016-10-17	0.48683
양파	2016-10-18	0.38979
양파	2016-10-19	0.36794
양파	2016-10-20	0.35831
양파	2016-10-21	0.32236
양파	2016-10-22	40.83142
양파	2016-10-23	1.16069
양파	2016-10-24	0.57283
양파	2016-10-25	0.42269
양파	2016-10-26	0.41658
양파	2016-10-27	0.3576
양파	2016-10-28	0.32165
양파	2016-10-29	0.32024
양파	2016-10-30	0.36747
양파	2016-10-31	0.33716
양파	2016-11-01	0.31155
양파	2016-11-02	0.32283
양파	2016-11-03	0.31625
양파	2016-11-04	0.31813
양파	2016-11-05	0.37757
양파	2016-11-06	0.38016
양파	2016-11-07	0.41117
양파	2016-11-08	0.31813
양파	2016-11-09	0.2991
양파	2016-11-10	0.30051
양파	2016-11-11	0.28618
양파	2016-11-12	0.27067
양파	2016-11-13	0.7857
양파	2016-11-14	0.42715
양파	2016-11-15	0.32635
양파	2016-11-16	0.33246
양파	2016-11-17	0.32424
양파	2016-11-18	0.30991
양파	2016-11-19	0.34186
양파	2016-11-20	0.95017
양파	2016-11-21	1.04556
양파	2016-11-22	0.58692
양파	2016-11-23	0.34351
양파	2016-11-24	0.31555
양파	2016-11-25	0.29745
양파	2016-11-26	0.42363
양파	2016-11-27	0.44454
양파	2016-11-28	0.39144
양파	2016-11-29	0.33528
양파	2016-11-30	0.36019
양파	2016-12-01	0.32917
양파	2016-12-02	0.29158
양파	2016-12-03	0.35549
양파	2016-12-04	0.33199
양파	2016-12-05	0.38016
양파	2016-12-06	0.28688
양파	2016-12-07	0.27114
양파	2016-12-08	0.30427
양파	2016-12-09	0.28336
양파	2016-12-10	0.25211
양파	2016-12-11	0.35784
양파	2016-12-12	0.3038
양파	2016-12-13	0.30004
양파	2016-12-14	0.28758
양파	2016-12-15	0.29487
양파	2016-12-16	0.31836
양파	2016-12-17	0.28406
양파	2016-12-18	0.40013
양파	2016-12-19	0.33834
양파	2016-12-20	0.6419
양파	2016-12-21	0.4006
양파	2016-12-22	1.19288
양파	2016-12-23	0.46427
양파	2016-12-24	0.68138
양파	2016-12-25	0.31155
양파	2016-12-26	0.30262
양파	2016-12-27	0.31555
양파	2016-12-28	0.3529
양파	2016-12-29	0.3771
양파	2016-12-30	0.28899
양파	2016-12-31	0.26573
양파	2017-01-01	0.27725
양파	2017-01-02	0.27372
양파	2017-01-03	0.29228
양파	2017-01-04	0.30991
양파	2017-01-05	0.34445
양파	2017-01-06	0.30568
양파	2017-01-07	0.28477
양파	2017-01-08	0.29863
양파	2017-01-09	0.29557
양파	2017-01-10	0.32847
양파	2017-01-11	0.28524
양파	2017-01-12	0.30168
양파	2017-01-13	0.29463
양파	2017-01-14	0.67433
양파	2017-01-15	0.30192
양파	2017-01-16	0.30521
양파	2017-01-17	0.32917
양파	2017-01-18	0.28547
양파	2017-01-19	0.28712
양파	2017-01-20	0.27748
양파	2017-01-21	0.28641
양파	2017-01-22	0.31038
양파	2017-01-23	0.27701
양파	2017-01-24	0.26362
양파	2017-01-25	0.24036
양파	2017-01-26	0.22203
양파	2017-01-27	0.18467
양파	2017-01-28	0.24717
양파	2017-01-29	0.23354
양파	2017-01-30	0.2615
양파	2017-01-31	0.29933
양파	2017-02-01	0.29487
양파	2017-02-02	0.3421
양파	2017-02-03	0.25822
양파	2017-02-04	0.28148
양파	2017-02-05	0.31883
양파	2017-02-06	0.28594
양파	2017-02-07	0.28054
양파	2017-02-08	0.27607
양파	2017-02-09	0.29134
양파	2017-02-10	0.27537
양파	2017-02-11	0.27067
양파	2017-02-12	0.2796
양파	2017-02-13	0.29346
양파	2017-02-14	0.30145
양파	2017-02-15	0.6083
양파	2017-02-16	5.47196
양파	2017-02-17	0.33223
양파	2017-02-18	0.25798
양파	2017-02-19	0.29581
양파	2017-02-20	0.31061
양파	2017-02-21	0.28665
양파	2017-02-22	0.31508
양파	2017-02-23	0.6654
양파	2017-02-24	0.3482
양파	2017-02-25	0.45535
양파	2017-02-26	0.41587
양파	2017-02-27	0.35126
양파	2017-02-28	0.35619
양파	2017-03-01	0.31414
양파	2017-03-02	0.33082
양파	2017-03-03	0.31883
양파	2017-03-04	0.35784
양파	2017-03-05	0.47485
양파	2017-03-06	0.28524
양파	2017-03-07	0.27866
양파	2017-03-08	0.3038
양파	2017-03-09	0.30239
양파	2017-03-10	0.2514
양파	2017-03-11	0.27114
양파	2017-03-12	0.30615
양파	2017-03-13	0.31907
양파	2017-03-14	0.29064
양파	2017-03-15	0.31977
양파	2017-03-16	0.29557
양파	2017-03-17	0.28805
양파	2017-03-18	0.2951
양파	2017-03-19	0.32424
양파	2017-03-20	0.33505
양파	2017-03-21	0.31531
양파	2017-03-22	0.30779
양파	2017-03-23	0.31601
양파	2017-03-24	0.29299
양파	2017-03-25	0.33622
양파	2017-03-26	0.50986
양파	2017-03-27	0.49646
양파	2017-03-28	0.39379
양파	2017-03-29	0.35478
양파	2017-03-30	0.33669
양파	2017-03-31	0.35149
양파	2017-04-01	0.33787
양파	2017-04-02	0.36136
양파	2017-04-03	0.3623
양파	2017-04-04	0.34938
양파	2017-04-05	0.37006
양파	2017-04-06	0.35173
양파	2017-04-07	0.37334
양파	2017-04-08	0.37311
양파	2017-04-09	0.39496
양파	2017-04-10	0.40412
양파	2017-04-11	0.39144
양파	2017-04-12	0.36794
양파	2017-04-13	0.51244
양파	2017-04-14	0.41117
양파	2017-04-15	0.34116
양파	2017-04-16	0.47109
양파	2017-04-17	0.42245
양파	2017-04-18	0.40107
양파	2017-04-19	0.35408
양파	2017-04-20	0.33317
양파	2017-04-21	0.39379
양파	2017-04-22	0.33434
양파	2017-04-23	0.33599
양파	2017-04-24	0.34562
양파	2017-04-25	0.31601
양파	2017-04-26	0.33622
양파	2017-04-27	0.30497
양파	2017-04-28	0.26902
양파	2017-04-29	0.26597
양파	2017-04-30	0.30944
양파	2017-05-01	0.30944
양파	2017-05-02	0.30685
양파	2017-05-03	0.28524
양파	2017-05-04	0.30544
양파	2017-05-05	0.29557
양파	2017-05-06	0.31414
양파	2017-05-07	0.31836
양파	2017-05-08	0.29886
양파	2017-05-09	0.31343
양파	2017-05-10	0.30262
양파	2017-05-11	0.43232
양파	2017-05-12	0.35431
양파	2017-05-13	0.43185
양파	2017-05-14	0.5021
양파	2017-05-15	0.47602
양파	2017-05-16	0.4288
양파	2017-05-17	0.42245
양파	2017-05-18	0.36724
양파	2017-05-19	0.40178
양파	2017-05-20	8.86947
양파	2017-05-21	0.81272
양파	2017-05-22	0.5061
양파	2017-05-23	0.41846
양파	2017-05-24	0.40248
양파	2017-05-25	0.41775
양파	2017-05-26	0.44078
양파	2017-05-27	0.42222
양파	2017-05-28	0.44383
양파	2017-05-29	0.43302
양파	2017-05-30	0.42457
양파	2017-05-31	0.38251
양파	2017-06-01	0.37428
양파	2017-06-02	0.34515
양파	2017-06-03	0.37053
양파	2017-06-04	0.3952
양파	2017-06-05	0.41141
양파	2017-06-06	0.42739
양파	2017-06-07	0.54017
양파	2017-06-08	0.41822
양파	2017-06-09	0.39731
양파	2017-06-10	0.39473
양파	2017-06-11	0.48448
양파	2017-06-12	0.54909
양파	2017-06-13	0.57729
양파	2017-06-14	0.51174
양파	2017-06-15	0.47062
양파	2017-06-16	0.43702
양파	2017-06-17	0.43302
양파	2017-06-18	0.45535
양파	2017-06-19	0.46686
양파	2017-06-20	0.4194
양파	2017-06-21	0.43655
양파	2017-06-22	0.49764
양파	2017-06-23	0.44665
양파	2017-06-24	4.2201
양파	2017-06-25	0.58598
양파	2017-06-26	0.5209
양파	2017-06-27	0.44477
양파	2017-06-28	0.42104
양파	2017-06-29	0.42081
양파	2017-06-30	0.35478
양파	2017-07-01	0.3771
양파	2017-07-02	0.64073
양파	2017-07-03	0.38932
양파	2017-07-04	0.3374
양파	2017-07-05	0.35525
양파	2017-07-06	0.35831
양파	2017-07-07	0.36794
양파	2017-07-08	0.43232
양파	2017-07-09	30.91333
양파	2017-07-10	1.49551
양파	2017-07-11	0.62029
양파	2017-07-12	0.48237
양파	2017-07-13	6.58284
양파	2017-07-14	0.60736
양파	2017-07-15	0.50234
양파	2017-07-16	62.55785
양파	2017-07-17	1.65693
양파	2017-07-18	0.84655
양파	2017-07-19	0.6513
양파	2017-07-20	0.53664
양파	2017-07-21	0.63321
양파	2017-07-22	0.58058
양파	2017-07-23	2.21613
양파	2017-07-24	0.47837
양파	2017-07-25	0.42762
양파	2017-07-26	0.82635
양파	2017-07-27	0.43631
양파	2017-07-28	0.50798
양파	2017-07-29	0.7286
양파	2017-07-30	0.40976
양파	2017-07-31	0.36136
양파	2017-08-01	0.33387
양파	2017-08-02	0.32894
양파	2017-08-03	0.33246
양파	2017-08-04	0.34914
양파	2017-08-05	0.31836
양파	2017-08-06	0.34092
양파	2017-08-07	0.37687
양파	2017-08-08	0.33693
양파	2017-08-09	0.33246
양파	2017-08-10	0.33622
양파	2017-08-11	0.3139
양파	2017-08-12	0.31789
양파	2017-08-13	0.34233
양파	2017-08-14	0.34092
양파	2017-08-15	0.4006
양파	2017-08-16	0.35337
양파	2017-08-17	0.35149
양파	2017-08-18	0.3139
양파	2017-08-19	0.328
양파	2017-08-20	0.36841
양파	2017-08-21	0.3428
양파	2017-08-22	0.37734
양파	2017-08-23	0.37334
양파	2017-08-24	0.36677
양파	2017-08-25	0.34186
양파	2017-08-26	0.31836
양파	2017-08-27	0.34703
양파	2017-08-28	0.41352
양파	2017-08-29	0.38486
양파	2017-08-30	0.36771
양파	2017-08-31	0.37076
양파	2017-09-01	0.3287
양파	2017-09-02	0.3193
양파	2017-09-03	0.37147
양파	2017-09-04	0.35925
양파	2017-09-05	0.3616
양파	2017-09-06	0.38533
양파	2017-09-07	0.36771
양파	2017-09-08	0.324
양파	2017-09-09	0.31813
양파	2017-09-10	0.37006
양파	2017-09-11	0.37992
양파	2017-09-12	0.38533
양파	2017-09-13	0.35549
양파	2017-09-14	0.4194
양파	2017-09-15	0.35055
양파	2017-09-16	0.30897
양파	2017-09-17	0.34092
양파	2017-09-18	0.35995
양파	2017-09-19	0.37123
양파	2017-09-20	0.34726
양파	2017-09-21	0.30427
양파	2017-09-22	0.29346
양파	2017-09-23	0.30403
양파	2017-09-24	0.58739
양파	2017-09-25	0.33763
양파	2017-09-26	0.31296
양파	2017-09-27	0.28547
양파	2017-09-28	0.27537
양파	2017-09-29	0.24506
양파	2017-09-30	0.23354
양파	2017-10-01	0.27396
양파	2017-10-02	0.22838
양파	2017-10-03	0.23307
양파	2017-10-04	0.22368
양파	2017-10-05	0.23448
양파	2017-10-06	0.26855
양파	2017-10-07	0.28618
양파	2017-10-08	0.31672
양파	2017-10-09	0.35972
양파	2017-10-10	0.31555
양파	2017-10-11	0.3475
양파	2017-10-12	0.3482
양파	2017-10-13	0.40178
양파	2017-10-14	0.32753
양파	2017-10-15	0.33904
양파	2017-10-16	0.40201
양파	2017-10-17	0.36465
양파	2017-10-18	0.35666
양파	2017-10-19	0.36136
양파	2017-10-20	0.31508
양파	2017-10-21	0.31414
양파	2017-10-22	0.34585
양파	2017-10-23	0.33669
양파	2017-10-24	0.33575
양파	2017-10-25	0.31883
양파	2017-10-26	0.31461
양파	2017-10-27	0.31367
양파	2017-10-28	0.28829
양파	2017-10-29	0.34726
양파	2017-10-30	0.33669
양파	2017-10-31	0.324
양파	2017-11-01	0.35643
양파	2017-11-02	0.33058
양파	2017-11-03	0.29416
양파	2017-11-04	0.29604
양파	2017-11-05	0.32964
양파	2017-11-06	0.33058
양파	2017-11-07	0.34163
양파	2017-11-08	0.32917
양파	2017-11-09	0.33152
양파	2017-11-10	0.29933
양파	2017-11-11	0.28993
양파	2017-11-12	0.32588
양파	2017-11-13	0.29487
양파	2017-11-14	0.33951
양파	2017-11-15	0.29322
양파	2017-11-16	0.31226
양파	2017-11-17	0.28312
양파	2017-11-18	0.28124
양파	2017-11-19	0.31132
양파	2017-11-20	0.3038
양파	2017-11-21	0.34538
양파	2017-11-22	3.59769
양파	2017-11-23	0.49999
양파	2017-11-24	1.41351
양파	2017-11-25	0.32635
양파	2017-11-26	7.94044
양파	2017-11-27	0.40976
양파	2017-11-28	0.31813
양파	2017-11-29	0.35243
양파	2017-11-30	0.32024
양파	2017-12-01	0.28195
양파	2017-12-02	0.28758
양파	2017-12-03	0.30168
양파	2017-12-04	0.30497
양파	2017-12-05	0.3623
양파	2017-12-06	0.32048
양파	2017-12-07	1.32023
양파	2017-12-08	1.38907
양파	2017-12-09	1.15858
양파	2017-12-10	1.43536
양파	2017-12-11	0.42457
양파	2017-12-12	5.88877
양파	2017-12-13	0.46122
양파	2017-12-14	2.04014
양파	2017-12-15	0.44712
양파	2017-12-16	8.26539
양파	2017-12-17	0.64284
양파	2017-12-18	0.68091
양파	2017-12-19	0.98494
양파	2017-12-20	0.37358
양파	2017-12-21	0.58034
양파	2017-12-22	0.3334
양파	2017-12-23	2.20062
양파	2017-12-24	0.41611
양파	2017-12-25	0.44877
양파	2017-12-26	1.56835
양파	2017-12-27	1.62168
양파	2017-12-28	0.8771
양파	2017-12-29	0.90952
양파	2017-12-30	0.76173
양파	2017-12-31	0.42856
양파	2018-01-01	0.31061
양파	2018-01-02	0.42034
양파	2018-01-03	0.45182
양파	2018-01-04	0.36559
양파	2018-01-05	0.66587
양파	2018-01-06	0.63438
양파	2018-01-07	0.48707
양파	2018-01-08	0.60642
양파	2018-01-09	0.4349
양파	2018-01-10	0.38486
양파	2018-01-11	0.35337
양파	2018-01-12	0.41423
양파	2018-01-13	0.38251
양파	2018-01-14	0.34351
양파	2018-01-15	0.39449
양파	2018-01-16	0.33223
양파	2018-01-17	0.36677
양파	2018-01-18	0.32518
양파	2018-01-19	0.30591
양파	2018-01-20	0.29416
양파	2018-01-21	0.32306
양파	2018-01-22	0.32588
양파	2018-01-23	0.33552
양파	2018-01-24	0.35149
양파	2018-01-25	0.31813
양파	2018-01-26	0.28829
양파	2018-01-27	0.34679
양파	2018-01-28	0.33152
양파	2018-01-29	0.3865
양파	2018-01-30	0.35737
양파	2018-01-31	0.33622
양파	2018-02-01	0.3139
양파	2018-02-02	0.32659
양파	2018-02-03	0.30145
양파	2018-02-04	0.34351
양파	2018-02-05	0.31508
양파	2018-02-06	0.33646
양파	2018-02-07	0.30027
양파	2018-02-08	0.28453
양파	2018-02-09	0.25422
양파	2018-02-10	0.25822
양파	2018-02-11	0.26174
양파	2018-02-12	0.36301
양파	2018-02-13	0.24412
양파	2018-02-14	0.22344
양파	2018-02-15	0.56625
양파	2018-02-16	0.22932
양파	2018-02-17	0.21334
양파	2018-02-18	0.25046
양파	2018-02-19	0.27889
양파	2018-02-20	0.26573
양파	2018-02-21	0.29463
양파	2018-02-22	0.27184
양파	2018-02-23	0.2756
양파	2018-02-24	0.26432
양파	2018-02-25	0.31179
양파	2018-02-26	0.32635
양파	2018-02-27	0.27043
양파	2018-02-28	0.27325
양파	2018-03-01	0.27725
양파	2018-03-02	0.25399
양파	2018-03-03	0.26714
양파	2018-03-04	0.40178
양파	2018-03-05	0.3132
양파	2018-03-06	0.28899
양파	2018-03-07	0.29933
양파	2018-03-08	0.30403
양파	2018-03-09	0.2998
양파	2018-03-10	0.28782
양파	2018-03-11	0.34891
양파	2018-03-12	0.31226
양파	2018-03-13	0.30192
양파	2018-03-14	0.31695
양파	2018-03-15	0.29792
양파	2018-03-16	0.30568
양파	2018-03-17	0.31108
양파	2018-03-18	0.38979
양파	2018-03-19	0.3616
양파	2018-03-20	0.33035
양파	2018-03-21	0.37757
양파	2018-03-22	0.34914
양파	2018-03-23	0.30591
양파	2018-03-24	0.31155
양파	2018-03-25	0.3663
양파	2018-03-26	0.32189
양파	2018-03-27	0.3233
양파	2018-03-28	0.33082
양파	2018-03-29	0.32142
양파	2018-03-30	0.31249
양파	2018-03-31	0.29111
양파	2018-04-01	0.31977
양파	2018-04-02	0.31367
양파	2018-04-03	0.36724
양파	2018-04-04	0.3905
양파	2018-04-05	0.34609
양파	2018-04-06	0.32659
양파	2018-04-07	0.30779
양파	2018-04-08	0.34538
양파	2018-04-09	0.34257
양파	2018-04-10	0.37828
양파	2018-04-11	0.37264
양파	2018-04-12	0.34961
양파	2018-04-13	0.51174
양파	2018-04-14	0.51784
양파	2018-04-15	0.46169
양파	2018-04-16	0.44078
양파	2018-04-17	0.41094
양파	2018-04-18	0.50469
양파	2018-04-19	0.59068
양파	2018-04-20	0.39543
양파	2018-04-21	0.32236
양파	2018-04-22	0.38627
양파	2018-04-23	0.39802
양파	2018-04-24	0.3811
양파	2018-04-25	0.35337
양파	2018-04-26	0.36019
양파	2018-04-27	0.30967
양파	2018-04-28	0.37217
양파	2018-04-29	0.33693
양파	2018-04-30	0.35384
양파	2018-05-01	0.37311
양파	2018-05-02	0.38274
양파	2018-05-03	0.38086
양파	2018-05-04	0.35008
양파	2018-05-05	0.2944
양파	2018-05-06	0.35666
양파	2018-05-07	0.37546
양파	2018-05-08	0.35831
양파	2018-05-09	0.38791
양파	2018-05-10	0.35784
양파	2018-05-11	0.33951
양파	2018-05-12	0.4288
양파	2018-05-13	0.38298
양파	2018-05-14	0.41611
양파	2018-05-15	0.41846
양파	2018-05-16	0.50821
양파	2018-05-17	0.39332
양파	2018-05-18	0.44078
양파	2018-05-19	0.33129
양파	2018-05-20	0.3663
양파	2018-05-21	0.38086
양파	2018-05-22	0.38533
양파	2018-05-23	0.41517
양파	2018-05-24	0.39473
양파	2018-05-25	0.37264
양파	2018-05-26	0.35995
양파	2018-05-27	0.40013
양파	2018-05-28	0.4638
양파	2018-05-29	0.46709
양파	2018-05-30	0.45206
양파	2018-05-31	0.4241
양파	2018-06-01	0.39379
양파	2018-06-02	0.37734
양파	2018-06-03	0.37757
양파	2018-06-04	0.43161
양파	2018-06-05	0.40224
양파	2018-06-06	0.42668
양파	2018-06-07	0.4396
양파	2018-06-08	0.4053
양파	2018-06-09	0.5693
양파	2018-06-10	0.55802
양파	2018-06-11	0.53077
양파	2018-06-12	0.43937
양파	2018-06-13	0.4483
양파	2018-06-14	0.41728
양파	2018-06-15	0.42598
양파	2018-06-16	0.45887
양파	2018-06-17	0.49411
양파	2018-06-18	0.45699
양파	2018-06-19	0.49975
양파	2018-06-20	0.61747
양파	2018-06-21	0.48166
양파	2018-06-22	0.43091
양파	2018-06-23	0.42739
양파	2018-06-24	0.40483
양파	2018-06-25	0.43279
양파	2018-06-26	0.46451
양파	2018-06-27	0.42081
양파	2018-06-28	0.3811
양파	2018-06-29	0.38039
양파	2018-06-30	0.46921
양파	2018-07-01	0.40812
양파	2018-07-02	0.40671
양파	2018-07-03	0.36912
양파	2018-07-04	53.21964
양파	2018-07-05	0.52372
양파	2018-07-06	0.43443
양파	2018-07-07	0.37428
양파	2018-07-08	0.37663
양파	2018-07-09	0.41611
양파	2018-07-10	0.3999
양파	2018-07-11	0.42057
양파	2018-07-12	0.35619
양파	2018-07-13	0.31719
양파	2018-07-14	3.52932
양파	2018-07-15	0.59256
양파	2018-07-16	0.531
양파	2018-07-17	0.38603
양파	2018-07-18	0.3865
양파	2018-07-19	0.34797
양파	2018-07-20	0.31202
양파	2018-07-21	0.36418
양파	2018-07-22	0.32259
양파	2018-07-23	0.30638
양파	2018-07-24	0.32236
양파	2018-07-25	0.32447
양파	2018-07-26	0.34538
양파	2018-07-27	0.28289
양파	2018-07-28	0.28899
양파	2018-07-29	0.28007
양파	2018-07-30	0.29628
양파	2018-07-31	0.30215
양파	2018-08-01	0.30074
양파	2018-08-02	0.28547
양파	2018-08-03	0.28477
양파	2018-08-04	0.2655
양파	2018-08-05	0.30991
양파	2018-08-06	0.29957
양파	2018-08-07	0.31226
양파	2018-08-08	0.32001
양파	2018-08-09	0.30121
양파	2018-08-10	0.32048
양파	2018-08-11	0.29111
양파	2018-08-12	0.32165
양파	2018-08-13	0.32941
양파	2018-08-14	0.29792
양파	2018-08-15	0.3287
양파	2018-08-16	0.27772
양파	2018-08-17	0.2709
양파	2018-08-18	0.3045
양파	2018-08-19	0.30215
양파	2018-08-20	0.32941
양파	2018-08-21	0.32071
양파	2018-08-22	0.31648
양파	2018-08-23	0.31014
양파	2018-08-24	0.27161
양파	2018-08-25	0.29698
양파	2018-08-26	0.30732
양파	2018-08-27	0.31038
양파	2018-08-28	0.31508
양파	2018-08-29	0.29322
양파	2018-08-30	0.31179
양파	2018-08-31	0.28242
양파	2018-09-01	0.25446
양파	2018-09-02	0.28899
양파	2018-09-03	2.02182
양파	2018-09-04	0.36935
양파	2018-09-05	0.35032
양파	2018-09-06	0.28805
양파	2018-09-07	0.26268
양파	2018-09-08	0.26221
양파	2018-09-09	0.25822
양파	2018-09-10	0.31414
양파	2018-09-11	0.29087
양파	2018-09-12	0.30192
양파	2018-09-13	0.32259
양파	2018-09-14	0.29534
양파	2018-09-15	0.27184
양파	2018-09-16	0.29463
양파	2018-09-17	0.29463
양파	2018-09-18	8.7447
양파	2018-09-19	0.35149
양파	2018-09-20	0.29393
양파	2018-09-21	0.23542
양파	2018-09-22	0.21898
양파	2018-09-23	0.18655
양파	2018-09-24	0.18373
양파	2018-09-25	0.21404
양파	2018-09-26	0.2655
양파	2018-09-27	0.27819
양파	2018-09-28	0.43796
양파	2018-09-29	0.26667
양파	2018-09-30	0.33152
양파	2018-10-01	0.4349
양파	2018-10-02	0.36583
양파	2018-10-03	0.31836
양파	2018-10-04	0.33434
양파	2018-10-05	0.32236
양파	2018-10-06	0.30497
양파	2018-10-07	0.35337
양파	2018-10-08	0.30803
양파	2018-10-09	0.34092
양파	2018-10-10	0.32471
양파	2018-10-11	0.31648
양파	2018-10-12	0.29957
양파	2018-10-13	0.2843
양파	2018-10-14	0.3085
양파	2018-10-15	0.32941
양파	2018-10-16	0.34632
양파	2018-10-17	0.3132
양파	2018-10-18	0.29487
양파	2018-10-19	0.36254
양파	2018-10-20	0.39003
양파	2018-10-21	0.38157
양파	2018-10-22	0.32635
양파	2018-10-23	0.32847
양파	2018-10-24	0.30967
양파	2018-10-25	0.31648
양파	2018-10-26	0.32518
양파	2018-10-27	0.27466
양파	2018-10-28	0.31461
양파	2018-10-29	0.30615
양파	2018-10-30	0.32471
양파	2018-10-31	0.31226
양파	2018-11-01	0.30944
양파	2018-11-02	0.26597
양파	2018-11-03	0.27866
양파	2018-11-04	0.29205
양파	2018-11-05	0.31719
양파	2018-11-06	0.29346
양파	2018-11-07	0.33434
양파	2018-11-08	0.32964
양파	2018-11-09	0.27701
양파	2018-11-10	0.25704
양파	2018-11-11	0.29416
양파	2018-11-12	0.29792
양파	2018-11-13	0.30074
양파	2018-11-14	0.29651
양파	2018-11-15	0.31061
양파	2018-11-16	0.29839
양파	2018-11-17	0.31883
양파	2018-11-18	0.29393
양파	2018-11-19	0.31836
양파	2018-11-20	0.30333
양파	2018-11-21	0.27302
양파	2018-11-22	0.28477
양파	2018-11-23	0.28265
양파	2018-11-24	0.2554
양파	2018-11-25	0.26738
양파	2018-11-26	0.29557
양파	2018-11-27	0.27936
양파	2018-11-28	0.29722
양파	2018-11-29	0.29769
양파	2018-11-30	0.25728
양파	2018-12-01	0.26573
양파	2018-12-02	0.27913
양파	2018-12-03	0.27842
양파	2018-12-04	0.30309
양파	2018-12-05	0.29322
양파	2018-12-06	0.25328
양파	2018-12-07	0.26573
양파	2018-12-08	0.2366
양파	2018-12-09	0.25822
양파	2018-12-10	0.26879
양파	2018-12-11	0.26808
양파	2018-12-12	0.25775
양파	2018-12-13	0.25845
양파	2018-12-14	0.23636
양파	2018-12-15	0.24059
양파	2018-12-16	0.26033
양파	2018-12-17	0.24811
양파	2018-12-18	0.23636
양파	2018-12-19	0.23378
양파	2018-12-20	0.24318
양파	2018-12-21	0.21545
양파	2018-12-22	10.57527
양파	2018-12-23	1.71637
양파	2018-12-24	0.33904
양파	2018-12-25	0.27372
양파	2018-12-26	0.28899
양파	2018-12-27	0.26291
양파	2018-12-28	0.27184
양파	2018-12-29	0.31789
양파	2018-12-30	0.30239
양파	2018-12-31	0.25234
양파	2019-01-01	0.24764
양파	2019-01-02	0.24788
양파	2019-01-03	0.26362
양파	2019-01-04	0.27325
양파	2019-01-05	0.27466
양파	2019-01-06	0.27466
양파	2019-01-07	0.29581
양파	2019-01-08	0.29134
양파	2019-01-09	0.44759
양파	2019-01-10	0.37569
양파	2019-01-11	0.32964
양파	2019-01-12	0.30497
양파	2019-01-13	0.29369
양파	2019-01-14	0.31038
양파	2019-01-15	0.28946
양파	2019-01-16	0.30709
양파	2019-01-17	0.26197
양파	2019-01-18	0.25868
양파	2019-01-19	0.27067
양파	2019-01-20	0.28453
양파	2019-01-21	0.27372
양파	2019-01-22	0.28993
양파	2019-01-23	0.28618
양파	2019-01-24	0.27983
양파	2019-01-25	0.25868
양파	2019-01-26	0.25681
양파	2019-01-27	0.29017
양파	2019-01-28	0.28923
양파	2019-01-29	0.2749
양파	2019-01-30	0.33176
양파	2019-01-31	0.28618
양파	2019-02-01	0.22556
양파	2019-02-02	0.22156
양파	2019-02-03	0.23965
양파	2019-02-04	0.2077
양파	2019-02-05	0.24247
양파	2019-02-06	0.23824
양파	2019-02-07	0.24999
양파	2019-02-08	0.2709
양파	2019-02-09	0.28993
양파	2019-02-10	0.27537
양파	2019-02-11	0.2843
양파	2019-02-12	0.27278
양파	2019-02-13	0.29839
양파	2019-02-14	0.27866
양파	2019-02-15	0.27819
양파	2019-02-16	0.26127
양파	2019-02-17	0.27537
양파	2019-02-18	0.28946
양파	2019-02-19	0.30168
양파	2019-02-20	0.28148
양파	2019-02-21	0.27866
양파	2019-02-22	0.26456
양파	2019-02-23	0.25563
양파	2019-02-24	0.27584
양파	2019-02-25	0.28265
양파	2019-02-26	0.2904
양파	2019-02-27	0.29628
양파	2019-02-28	0.25939
양파	2019-03-01	0.26456
양파	2019-03-02	0.26785
양파	2019-03-03	0.2749
양파	2019-03-04	0.25892
양파	2019-03-05	0.26855
양파	2019-03-06	0.27537
양파	2019-03-07	0.26573
양파	2019-03-08	0.2756
양파	2019-03-09	0.26808
양파	2019-03-10	0.28758
양파	2019-03-11	0.29534
양파	2019-03-12	0.30615
양파	2019-03-13	0.29463
양파	2019-03-14	0.30239
양파	2019-03-15	0.28312
양파	2019-03-16	0.28383
양파	2019-03-17	0.2951
양파	2019-03-18	0.31954
양파	2019-03-19	0.35173
양파	2019-03-20	0.34257
양파	2019-03-21	0.32048
양파	2019-03-22	0.31014
양파	2019-03-23	0.28218
양파	2019-03-24	0.32142
양파	2019-03-25	0.36536
양파	2019-03-26	0.32212
양파	2019-03-27	0.34069
양파	2019-03-28	0.33693
양파	2019-03-29	0.32095
양파	2019-03-30	0.35055
양파	2019-03-31	0.3959
양파	2019-04-01	0.40412
양파	2019-04-02	0.41634
양파	2019-04-03	0.36465
양파	2019-04-04	0.34257
양파	2019-04-05	0.3139
양파	2019-04-06	0.30662
양파	2019-04-07	0.30568
양파	2019-04-08	0.324
양파	2019-04-09	0.34468
양파	2019-04-10	0.35267
양파	2019-04-11	0.33763
양파	2019-04-12	0.32471
양파	2019-04-13	0.30145
양파	2019-04-14	0.32306
양파	2019-04-15	0.33223
양파	2019-04-16	0.34726
양파	2019-04-17	0.33857
양파	2019-04-18	0.35173
양파	2019-04-19	0.37381
양파	2019-04-20	0.29886
양파	2019-04-21	0.34961
양파	2019-04-22	0.34609
양파	2019-04-23	0.32024
양파	2019-04-24	0.37499
양파	2019-04-25	0.37992
양파	2019-04-26	0.33998
양파	2019-04-27	0.27443
양파	2019-04-28	0.34985
양파	2019-04-29	0.33951
양파	2019-04-30	0.31367
양파	2019-05-01	0.33387
양파	2019-05-02	0.30168
양파	2019-05-03	0.27631
양파	2019-05-04	0.28618
양파	2019-05-05	0.26338
양파	2019-05-06	0.33646
양파	2019-05-07	0.3038
양파	2019-05-08	0.29745
양파	2019-05-09	0.32424
양파	2019-05-10	0.31695
양파	2019-05-11	0.31226
양파	2019-05-12	0.32729
양파	2019-05-13	0.3764
양파	2019-05-14	0.33928
양파	2019-05-15	0.32306
양파	2019-05-16	0.35737
양파	2019-05-17	0.35337
양파	2019-05-18	0.31789
양파	2019-05-19	0.38368
양파	2019-05-20	0.37992
양파	2019-05-21	0.36277
양파	2019-05-22	0.35008
양파	2019-05-23	0.36794
양파	2019-05-24	0.37428
양파	2019-05-25	0.30897
양파	2019-05-26	0.35525
양파	2019-05-27	0.41399
양파	2019-05-28	0.48049
양파	2019-05-29	0.43843
양파	2019-05-30	0.38533
양파	2019-05-31	0.41869
양파	2019-06-01	0.35431
양파	2019-06-02	0.35854
양파	2019-06-03	0.61371
양파	2019-06-04	0.49317
양파	2019-06-05	0.44759
양파	2019-06-06	0.42222
양파	2019-06-07	0.43584
양파	2019-06-08	0.36183
양파	2019-06-09	0.40436
양파	2019-06-10	0.46333
양파	2019-06-11	0.53265
양파	2019-06-12	0.50516
양파	2019-06-13	0.51033
양파	2019-06-14	0.48472
양파	2019-06-15	0.45276
양파	2019-06-16	0.60196
양파	2019-06-17	0.66916
양파	2019-06-18	0.77724
양파	2019-06-19	0.74059
양파	2019-06-20	0.72226
양파	2019-06-21	0.54369
양파	2019-06-22	0.50868
양파	2019-06-23	0.67339
양파	2019-06-24	0.96074
양파	2019-06-25	0.88485
양파	2019-06-26	0.79557
양파	2019-06-27	0.65389
양파	2019-06-28	0.59186
양파	2019-06-29	0.50798
양파	2019-06-30	0.53711
양파	2019-07-01	0.6083
양파	2019-07-02	0.77841
양파	2019-07-03	0.85219
양파	2019-07-04	1.19664
양파	2019-07-05	0.96121
양파	2019-07-06	0.69359
양파	2019-07-07	0.85642
양파	2019-07-08	0.69077
양파	2019-07-09	0.67903
양파	2019-07-10	0.71521
양파	2019-07-11	0.66516
양파	2019-07-12	0.53359
양파	2019-07-13	0.46803
양파	2019-07-14	0.53335
양파	2019-07-15	0.62992
양파	2019-07-16	0.52113
양파	2019-07-17	0.51644
양파	2019-07-18	0.50986
양파	2019-07-19	0.56648
양파	2019-07-20	0.51784
양파	2019-07-21	0.68584
양파	2019-07-22	0.64778
양파	2019-07-23	0.58058
양파	2019-07-24	0.50187
양파	2019-07-25	0.43725
양파	2019-07-26	0.44172
양파	2019-07-27	0.52701
양파	2019-07-28	0.4147
양파	2019-07-29	0.3764
양파	2019-07-30	0.37616
양파	2019-07-31	0.41658
양파	2019-08-01	0.35431
양파	2019-08-02	0.32917
양파	2019-08-03	0.31296
양파	2019-08-04	0.55309
양파	2019-08-05	0.45793
양파	2019-08-06	0.42175
양파	2019-08-07	0.38486
양파	2019-08-08	0.39214
양파	2019-08-09	0.42903
양파	2019-08-10	0.41258
양파	2019-08-11	0.40037
양파	2019-08-12	0.38838
양파	2019-08-13	0.38674
양파	2019-08-14	0.34632
양파	2019-08-15	0.39802
양파	2019-08-16	0.32024
양파	2019-08-17	0.31977
양파	2019-08-18	0.33857
양파	2019-08-19	0.34938
양파	2019-08-20	0.39191
양파	2019-08-21	0.35478
양파	2019-08-22	0.39614
양파	2019-08-23	0.59961
양파	2019-08-24	0.37781
양파	2019-08-25	0.34985
양파	2019-08-26	0.39003
양파	2019-08-27	0.4147
양파	2019-08-28	0.33646
양파	2019-08-29	0.52607
양파	2019-08-30	0.33693
양파	2019-08-31	0.35666
양파	2019-09-01	0.33246
양파	2019-09-02	0.35713
양파	2019-09-03	0.34069
양파	2019-09-04	0.3475
양파	2019-09-05	0.34092
양파	2019-09-06	0.28148
양파	2019-09-07	0.30309
양파	2019-09-08	0.3139
양파	2019-09-09	0.28993
양파	2019-09-10	0.28547
양파	2019-09-11	0.31296
양파	2019-09-12	0.28289
양파	2019-09-13	0.30944
양파	2019-09-14	0.32588
양파	2019-09-15	0.34045
양파	2019-09-16	0.38603
양파	2019-09-17	0.38956
양파	2019-09-18	0.33881
양파	2019-09-19	0.31672
양파	2019-09-20	0.28782
양파	2019-09-21	0.26808
양파	2019-09-22	0.31695
양파	2019-09-23	0.30474
양파	2019-09-24	0.36982
양파	2019-09-25	0.29393
양파	2019-09-26	0.28124
양파	2019-09-27	0.28124
양파	2019-09-28	0.26174
양파	2019-09-29	0.2944
양파	2019-09-30	0.29651
양파	2019-10-01	0.31695
양파	2019-10-02	0.29158
양파	2019-10-03	0.27913
양파	2019-10-04	0.27114
양파	2019-10-05	0.27936
양파	2019-10-06	0.29181
양파	2019-10-07	0.28101
양파	2019-10-08	0.26691
양파	2019-10-09	0.29745
양파	2019-10-10	0.27255
양파	2019-10-11	0.26503
양파	2019-10-12	0.26714
양파	2019-10-13	0.28547
양파	2019-10-14	0.29017
양파	2019-10-15	0.30309
양파	2019-10-16	0.30638
양파	2019-10-17	0.30638
양파	2019-10-18	0.29487
양파	2019-10-19	0.39755
양파	2019-10-20	0.31108
양파	2019-10-21	0.31601
양파	2019-10-22	0.30944
양파	2019-10-23	0.31648
양파	2019-10-24	0.31601
양파	2019-10-25	0.32776
양파	2019-10-26	0.30897
양파	2019-10-27	0.30051
양파	2019-10-28	0.33199
양파	2019-10-29	0.30591
양파	2019-10-30	0.32048
양파	2019-10-31	0.27936
양파	2019-11-01	0.29651
양파	2019-11-02	0.31601
양파	2019-11-03	0.3334
양파	2019-11-04	0.34045
양파	2019-11-05	0.34844
양파	2019-11-06	0.4396
양파	2019-11-07	0.31695
양파	2019-11-08	0.29839
양파	2019-11-09	0.30262
양파	2019-11-10	0.30168
양파	2019-11-11	0.37147
양파	2019-11-12	0.51737
양파	2019-11-13	0.34773
양파	2019-11-14	0.45206
양파	2019-11-15	0.32377
양파	2019-11-16	0.30497
양파	2019-11-17	0.45981
양파	2019-11-18	0.35149
양파	2019-11-19	0.33693
양파	2019-11-20	0.33881
양파	2019-11-21	0.31061
양파	2019-11-22	0.2951
양파	2019-11-23	0.29205
양파	2019-11-24	0.31461
양파	2019-11-25	0.30121
양파	2019-11-26	0.30991
양파	2019-11-27	0.36442
양파	2019-11-28	0.3334
양파	2019-11-29	0.29745
양파	2019-11-30	0.31155
양파	2019-12-01	0.31155
양파	2019-12-02	0.36653
양파	2019-12-03	0.30967
양파	2019-12-04	0.31954
양파	2019-12-05	0.29863
양파	2019-12-06	0.51432
양파	2019-12-07	0.40718
양파	2019-12-08	0.39543
양파	2019-12-09	0.35267
양파	2019-12-10	0.33787
양파	2019-12-11	0.3186
양파	2019-12-12	0.40859
양파	2019-12-13	0.32706
양파	2019-12-14	0.33528
양파	2019-12-15	0.34022
양파	2019-12-16	0.31061
양파	2019-12-17	0.35478
양파	2019-12-18	0.30615
양파	2019-12-19	0.29181
양파	2019-12-20	0.28665
양파	2019-12-21	0.26127
양파	2019-12-22	0.25704
양파	2019-12-23	0.27819
양파	2019-12-24	0.23801
양파	2019-12-25	0.25892
양파	2019-12-26	0.26056
양파	2019-12-27	0.25046
양파	2019-12-28	0.25892
양파	2019-12-29	0.27913
양파	2019-12-30	0.25775
양파	2019-12-31	0.25234
양파	2020-01-01	0.28524
양파	2020-01-02	0.2608
양파	2020-01-03	0.2843
양파	2020-01-04	0.27889
양파	2020-01-05	60.30483
양파	2020-01-06	2.41349
양파	2020-01-07	0.92362
양파	2020-01-08	0.6661
양파	2020-01-09	0.43537
양파	2020-01-10	0.32588
양파	2020-01-11	0.44759
양파	2020-01-12	6.8514
양파	2020-01-13	0.37687
양파	2020-01-14	0.3287
양파	2020-01-15	0.29534
양파	2020-01-16	0.30145
양파	2020-01-17	0.29534
양파	2020-01-18	0.28289
양파	2020-01-19	0.29087
양파	2020-01-20	0.29181
양파	2020-01-21	0.30474
양파	2020-01-22	0.26268
양파	2020-01-23	0.23683
양파	2020-01-24	0.21357
양파	2020-01-25	0.22485
양파	2020-01-26	0.24741
양파	2020-01-27	0.31414
양파	2020-01-28	0.30591
양파	2020-01-29	0.32095
양파	2020-01-30	0.53429
양파	2020-01-31	0.45746
양파	2020-02-01	0.36794
양파	2020-02-02	0.39731
양파	2020-02-03	0.36982
양파	2020-02-04	0.3616
양파	2020-02-05	0.39214
양파	2020-02-06	0.34914
양파	2020-02-07	0.39426
양파	2020-02-08	0.37687
양파	2020-02-09	0.40131
양파	2020-02-10	0.37804
양파	2020-02-11	0.34186
양파	2020-02-12	0.35619
양파	2020-02-13	0.3421
양파	2020-02-14	0.34468
양파	2020-02-15	0.31719
양파	2020-02-16	0.32518
양파	2020-02-17	0.31836
양파	2020-02-18	0.33505
양파	2020-02-19	0.34257
양파	2020-02-20	0.34045
양파	2020-02-21	0.37804
양파	2020-02-22	0.46286
양파	2020-02-23	0.55473
양파	2020-02-24	0.695
양파	2020-02-25	0.71216
양파	2020-02-26	0.73142
양파	2020-02-27	0.78875
양파	2020-02-28	0.95252
양파	2020-02-29	0.74693
양파	2020-03-01	0.78946
양파	2020-03-02	0.77865
양파	2020-03-03	0.72179
양파	2020-03-04	0.75821
양파	2020-03-05	0.69124
양파	2020-03-06	0.61582
양파	2020-03-07	0.65976
양파	2020-03-08	0.66305
양파	2020-03-09	0.69265
양파	2020-03-10	0.7192
양파	2020-03-11	0.65624
양파	2020-03-12	0.74529
양파	2020-03-13	0.65483
양파	2020-03-14	0.66587
양파	2020-03-15	0.74669
양파	2020-03-16	0.78734
양파	2020-03-17	0.76714
양파	2020-03-18	0.76573
양파	2020-03-19	0.78217
양파	2020-03-20	0.65036
양파	2020-03-21	0.59585
양파	2020-03-22	0.67715
양파	2020-03-23	0.72179
양파	2020-03-24	0.70487
양파	2020-03-25	0.68819
양파	2020-03-26	0.69853
양파	2020-03-27	0.66399
양파	2020-03-28	0.58786
양파	2020-03-29	0.69359
양파	2020-03-30	0.75304
양파	2020-03-31	0.6889
양파	2020-04-01	0.71592
양파	2020-04-02	0.69265
양파	2020-04-03	0.61653
양파	2020-04-04	0.65154
양파	2020-04-05	0.6795
양파	2020-04-06	0.80238
양파	2020-04-07	0.68631
양파	2020-04-08	0.72202
양파	2020-04-09	0.70558
양파	2020-04-10	0.63344
양파	2020-04-11	0.59186
양파	2020-04-12	0.68302
양파	2020-04-13	0.70158
양파	2020-04-14	0.94829
양파	2020-04-15	0.65036
양파	2020-04-16	0.98612
양파	2020-04-17	0.90459
양파	2020-04-18	0.64519
양파	2020-04-19	0.6997
양파	2020-04-20	0.71263
양파	2020-04-21	0.70722
양파	2020-04-22	0.67997
양파	2020-04-23	0.7131
양파	2020-04-24	0.67174
양파	2020-04-25	0.62076
양파	2020-04-26	0.60595
양파	2020-04-27	0.64026
양파	2020-04-28	0.80449
양파	2020-04-29	0.62781
양파	2020-04-30	0.62076
양파	2020-05-01	0.57377
양파	2020-05-02	0.5592
양파	2020-05-03	0.58152
양파	2020-05-04	0.52724
양파	2020-05-05	0.54087
양파	2020-05-06	0.56507
양파	2020-05-07	0.55332
양파	2020-05-08	0.43702
양파	2020-05-09	0.48213
양파	2020-05-10	0.5108
양파	2020-05-11	0.52513
양파	2020-05-12	0.52912
양파	2020-05-13	0.53735
양파	2020-05-14	0.52113
양파	2020-05-15	0.48847
양파	2020-05-16	0.46803
양파	2020-05-17	0.50751
양파	2020-05-18	0.54839
양파	2020-05-19	0.54627
양파	2020-05-20	0.51315
양파	2020-05-21	0.52701
양파	2020-05-22	0.67174
양파	2020-05-23	2.07609
양파	2020-05-24	1.20158
양파	2020-05-25	0.76526
양파	2020-05-26	0.72578
양파	2020-05-27	0.54299
양파	2020-05-28	0.57377
양파	2020-05-29	0.47626
양파	2020-05-30	0.47132
양파	2020-05-31	0.52372
양파	2020-06-01	0.5498
양파	2020-06-02	0.51597
양파	2020-06-03	0.49764
양파	2020-06-04	0.5021
양파	2020-06-05	0.45347
양파	2020-06-06	0.48777
양파	2020-06-07	0.5397
양파	2020-06-08	0.63274
양파	2020-06-09	0.55685
양파	2020-06-10	0.5552
양파	2020-06-11	0.52184
양파	2020-06-12	0.46733
양파	2020-06-13	0.49435
양파	2020-06-14	0.56037
양파	2020-06-15	0.55097
양파	2020-06-16	0.5444
양파	2020-06-17	0.53547
양파	2020-06-18	0.53641
양파	2020-06-19	0.49035
양파	2020-06-20	0.47532
양파	2020-06-21	0.53359
양파	2020-06-22	0.53429
양파	2020-06-23	0.53829
양파	2020-06-24	0.51315
양파	2020-06-25	0.51831
양파	2020-06-26	0.51291
양파	2020-06-27	0.453
양파	2020-06-28	0.49364
양파	2020-06-29	0.49035
양파	2020-06-30	0.53147
양파	2020-07-01	0.45394
양파	2020-07-02	0.46404
양파	2020-07-03	0.42621
양파	2020-07-04	0.42903
양파	2020-07-05	0.42104
양파	2020-07-06	0.45135
양파	2020-07-07	0.41963
양파	2020-07-08	0.44618
양파	2020-07-09	0.39191
양파	2020-07-10	0.33857
양파	2020-07-11	0.34445
양파	2020-07-12	0.40154
양파	2020-07-13	0.42856
양파	2020-07-14	0.39684
양파	2020-07-15	0.38204
양파	2020-07-16	0.34398
양파	2020-07-17	0.324
양파	2020-07-18	0.33881
양파	2020-07-19	0.39896
양파	2020-07-20	0.38627
양파	2020-07-21	0.37616
양파	2020-07-22	0.35643
양파	2020-07-23	0.41775
양파	2020-07-24	0.34914
양파	2020-07-25	0.35619
양파	2020-07-26	0.3717
양파	2020-07-27	0.3569
양파	2020-07-28	0.38439
양파	2020-07-29	0.36677
양파	2020-07-30	0.35455
양파	2020-07-31	0.31719
양파	2020-08-01	0.32165
양파	2020-08-02	0.34163
양파	2020-08-03	0.36113
양파	2020-08-04	0.35643
양파	2020-08-05	0.38744
양파	2020-08-06	0.42504
양파	2020-08-07	0.3576
양파	2020-08-08	0.46592
양파	2020-08-09	0.46004
양파	2020-08-10	0.49529
양파	2020-08-11	0.45535
양파	2020-08-12	0.49176
양파	2020-08-13	0.44007
양파	2020-08-14	0.36324
양파	2020-08-15	0.37241
양파	2020-08-16	0.371
양파	2020-08-17	0.42269
양파	2020-08-18	0.39825
양파	2020-08-19	0.39778
양파	2020-08-20	0.40929
양파	2020-08-21	0.36301
양파	2020-08-22	0.40178
양파	2020-08-23	0.50586
양파	2020-08-24	0.46192
양파	2020-08-25	0.4974
양파	2020-08-26	0.44148
양파	2020-08-27	0.63979
양파	2020-08-28	0.54604
양파	2020-08-29	0.47414
양파	2020-08-30	0.52818
양파	2020-08-31	0.5747
양파	2020-09-01	0.92244
양파	2020-09-02	0.68114
양파	2020-09-03	0.48847
양파	2020-09-04	0.4288
양파	2020-09-05	0.48354
양파	2020-09-06	0.51056
양파	2020-09-07	0.9786
양파	2020-09-08	0.55262
양파	2020-09-09	0.49153
양파	2020-09-10	0.46756
양파	2020-09-11	0.45159
양파	2020-09-12	0.5552
양파	2020-09-13	0.49599
양파	2020-09-14	0.52207
양파	2020-09-15	0.48589
양파	2020-09-16	0.47649
양파	2020-09-17	0.43631
양파	2020-09-18	0.36207
양파	2020-09-19	0.36301
양파	2020-09-20	0.41681
양파	2020-09-21	0.40389
양파	2020-09-22	0.39614
양파	2020-09-23	0.37804
양파	2020-09-24	0.36089
양파	2020-09-25	0.34092
양파	2020-09-26	0.32377
양파	2020-09-27	0.33152
양파	2020-09-28	0.29581
양파	2020-09-29	0.25915
양파	2020-09-30	0.23025
양파	2020-10-01	0.23143
양파	2020-10-02	0.29158
양파	2020-10-03	0.3186
양파	2020-10-04	0.36301
양파	2020-10-05	0.3905
양파	2020-10-06	0.44994
양파	2020-10-07	0.39543
양파	2020-10-08	0.35079
양파	2020-10-09	0.35314
양파	2020-10-10	0.41117
양파	2020-10-11	0.40412
양파	2020-10-12	0.42175
양파	2020-10-13	0.45488
양파	2020-10-14	0.4685
양파	2020-10-15	0.44195
양파	2020-10-16	0.38979
양파	2020-10-17	0.35079
양파	2020-10-18	0.38368
양파	2020-10-19	0.44195
양파	2020-10-20	0.39825
양파	2020-10-21	0.38533
양파	2020-10-22	0.37992
양파	2020-10-23	0.34257
양파	2020-10-24	0.33998
양파	2020-10-25	0.37546
양파	2020-10-26	0.39755
양파	2020-10-27	0.39214
양파	2020-10-28	0.38486
양파	2020-10-29	0.37334
양파	2020-10-30	0.33552
양파	2020-10-31	0.32306
양파	2020-11-01	0.39167
양파	2020-11-02	0.37687
양파	2020-11-03	0.35126
양파	2020-11-04	0.37828
양파	2020-11-05	0.37546
양파	2020-11-06	0.34351
양파	2020-11-07	0.3334
양파	2020-11-08	0.36794
양파	2020-11-09	0.38956
양파	2020-11-10	0.36559
양파	2020-11-11	0.35925
양파	2020-11-12	0.35267
양파	2020-11-13	0.36959
양파	2020-11-14	0.37241
양파	2020-11-15	0.39073
양파	2020-11-16	0.40459
양파	2020-11-17	0.40788
양파	2020-11-18	0.34327
양파	2020-11-19	0.36489
양파	2020-11-20	0.33552
양파	2020-11-21	0.33011
양파	2020-11-22	0.38462
양파	2020-11-23	0.40084
양파	2020-11-24	0.36395
양파	2020-11-25	0.39238
양파	2020-11-26	0.36418
양파	2020-11-27	0.35267
양파	2020-11-28	0.35384
양파	2020-11-29	0.41423
양파	2020-11-30	0.41352
양파	2020-12-01	0.40412
양파	2020-12-02	0.39402
양파	2020-12-03	0.43467
양파	2020-12-04	0.35102
양파	2020-12-05	0.38016
양파	2020-12-06	0.37264
양파	2020-12-07	0.41023
양파	2020-12-08	0.3959
양파	2020-12-09	0.40154
양파	2020-12-10	0.41117
양파	2020-12-11	0.36536
양파	2020-12-12	0.39379
양파	2020-12-13	0.46521
양파	2020-12-14	0.47461
양파	2020-12-15	0.40365
양파	2020-12-16	0.46357
양파	2020-12-17	0.43138
양파	2020-12-18	0.38368
양파	2020-12-19	0.41493
양파	2020-12-20	0.43772
양파	2020-12-21	0.41634
양파	2020-12-22	0.38932
양파	2020-12-23	0.38768
양파	2020-12-24	0.31484
양파	2020-12-25	0.34374
양파	2020-12-26	0.36747
양파	2020-12-27	0.45676
양파	2020-12-28	0.45417
양파	2020-12-29	0.42574
양파	2020-12-30	0.371
양파	2020-12-31	0.32283
양파	2021-01-01	0.34585
양파	2021-01-02	0.44195
양파	2021-01-03	0.46451
양파	2021-01-04	0.47344
양파	2021-01-05	0.45817
양파	2021-01-06	0.46991
양파	2021-01-07	0.49435
양파	2021-01-08	0.4725
양파	2021-01-09	0.4819
양파	2021-01-10	0.574
양파	2021-01-11	0.62593
양파	2021-01-12	0.57658
양파	2021-01-13	0.59938
양파	2021-01-14	0.60807
양파	2021-01-15	0.78029
양파	2021-01-16	0.63391
양파	2021-01-17	0.64684
양파	2021-01-18	0.66493
양파	2021-01-19	0.71098
양파	2021-01-20	0.71028
양파	2021-01-21	0.66234
양파	2021-01-22	0.5733
양파	2021-01-23	0.58763
양파	2021-01-24	0.6083
양파	2021-01-25	0.61629
양파	2021-01-26	0.64989
양파	2021-01-27	0.59162
양파	2021-01-28	0.57917
양파	2021-01-29	0.52889
양파	2021-01-30	0.54627
양파	2021-01-31	0.62428
양파	2021-02-01	0.68232
양파	2021-02-02	0.62076
양파	2021-02-03	0.57048
양파	2021-02-04	0.52254
양파	2021-02-05	0.48754
양파	2021-02-06	0.42504
양파	2021-02-07	0.44783
양파	2021-02-08	0.42292
양파	2021-02-09	0.35384
양파	2021-02-10	0.31461
양파	2021-02-11	0.30403
양파	2021-02-12	0.27772
양파	2021-02-13	0.34679
양파	2021-02-14	0.41822
양파	2021-02-15	0.47485
양파	2021-02-16	0.52513
양파	2021-02-17	0.51972
양파	2021-02-18	0.51456
양파	2021-02-19	0.50563
양파	2021-02-20	0.47696
양파	2021-02-21	0.53288
양파	2021-02-22	0.54087
양파	2021-02-23	0.57588
양파	2021-02-24	0.50281
양파	2021-02-25	0.52325
양파	2021-02-26	0.45511
양파	2021-02-27	0.46028
양파	2021-02-28	0.50422
양파	2021-03-01	0.65295
양파	2021-03-02	0.62546
양파	2021-03-03	0.59068
양파	2021-03-04	0.58387
양파	2021-03-05	0.48871
양파	2021-03-06	0.53147
양파	2021-03-07	0.61723
양파	2021-03-08	0.63344
양파	2021-03-09	0.61606
양파	2021-03-10	0.59585
양파	2021-03-11	0.51925
양파	2021-03-12	0.49411
양파	2021-03-13	0.48707
양파	2021-03-14	0.55873
양파	2021-03-15	0.52489
양파	2021-03-16	0.55896
양파	2021-03-17	0.53594
양파	2021-03-18	0.53664
양파	2021-03-19	0.48965
양파	2021-03-20	0.55755
양파	2021-03-21	0.57588
양파	2021-03-22	0.57611
양파	2021-03-23	0.55614
양파	2021-03-24	0.52865
양파	2021-03-25	0.51855
양파	2021-03-26	0.45629
양파	2021-03-27	0.51103
양파	2021-03-28	0.57517
양파	2021-03-29	0.5841
양파	2021-03-30	0.57447
양파	2021-03-31	0.57236
양파	2021-04-01	0.52818
양파	2021-04-02	0.42997
양파	2021-04-03	0.49552
양파	2021-04-04	0.50986
양파	2021-04-05	0.50351
양파	2021-04-06	0.50022
양파	2021-04-07	0.48801
양파	2021-04-08	0.45746
양파	2021-04-09	0.4483
양파	2021-04-10	0.40624
양파	2021-04-11	0.47978
양파	2021-04-12	0.51831
양파	2021-04-13	0.49082
양파	2021-04-14	0.48894
양파	2021-04-15	0.46968
양파	2021-04-16	0.43279
양파	2021-04-17	0.43138
양파	2021-04-18	0.44266
양파	2021-04-19	0.46615
양파	2021-04-20	0.44148
양파	2021-04-21	0.43866
양파	2021-04-22	0.43514
양파	2021-04-23	0.44007
양파	2021-04-24	0.41446
양파	2021-04-25	0.47226
양파	2021-04-26	0.44336
양파	2021-04-27	0.43302
양파	2021-04-28	0.41235
양파	2021-04-29	0.44078
양파	2021-04-30	0.54651
양파	2021-05-01	0.7373
양파	2021-05-02	0.72249
양파	2021-05-03	0.53735
양파	2021-05-04	0.38556
양파	2021-05-05	0.617
양파	2021-05-06	0.65083
양파	2021-05-07	0.38157
양파	2021-05-08	0.42433
양파	2021-05-09	0.42762
양파	2021-05-10	0.45464
양파	2021-05-11	0.43984
양파	2021-05-12	0.43068
양파	2021-05-13	0.41869
양파	2021-05-14	0.39238
양파	2021-05-15	0.40624
양파	2021-05-16	0.4154
양파	2021-05-17	0.47015
양파	2021-05-18	0.40647
양파	2021-05-19	0.42457
양파	2021-05-20	0.44383
양파	2021-05-21	0.40389
양파	2021-05-22	0.39872
양파	2021-05-23	0.42151
양파	2021-05-24	0.45253
양파	2021-05-25	0.45535
양파	2021-05-26	0.4349
양파	2021-05-27	0.4537
양파	2021-05-28	0.42222
양파	2021-05-29	0.42997
양파	2021-05-30	0.42175
양파	2021-05-31	0.51456
양파	2021-06-01	0.49693
양파	2021-06-02	0.46991
양파	2021-06-03	0.49928
양파	2021-06-04	0.41329
양파	2021-06-05	0.43749
양파	2021-06-06	0.48425
양파	2021-06-07	0.53993
양파	2021-06-08	0.48777
양파	2021-06-09	0.53006
양파	2021-06-10	0.50845
양파	2021-06-11	0.46592
양파	2021-06-12	0.4732
양파	2021-06-13	0.50915
양파	2021-06-14	0.52348
양파	2021-06-15	0.55191
양파	2021-06-16	0.52654
양파	2021-06-17	0.49364
양파	2021-06-18	0.42856
양파	2021-06-19	0.41963
양파	2021-06-20	0.48425
양파	2021-06-21	0.46803
양파	2021-06-22	0.48589
양파	2021-06-23	0.49952
양파	2021-06-24	0.45629
양파	2021-06-25	0.39402
양파	2021-06-26	0.42433
양파	2021-06-27	0.44336
양파	2021-06-28	0.45911
양파	2021-06-29	0.40694
양파	2021-06-30	0.40953
양파	2021-07-01	0.42198
양파	2021-07-02	0.3764
양파	2021-07-03	0.3771
양파	2021-07-04	0.38368
양파	2021-07-05	0.38392
양파	2021-07-06	0.37053
양파	2021-07-07	0.37992
양파	2021-07-08	0.53852
양파	2021-07-09	0.38791
양파	2021-07-10	0.46921
양파	2021-07-11	0.38086
양파	2021-07-12	0.38556
양파	2021-07-13	0.37522
양파	2021-07-14	0.45065
양파	2021-07-15	0.35384
양파	2021-07-16	0.38321
양파	2021-07-17	0.35549
양파	2021-07-18	0.37405
양파	2021-07-19	0.38298
양파	2021-07-20	0.37029
양파	2021-07-21	0.31437
양파	2021-07-22	0.31836
양파	2021-07-23	0.32142
양파	2021-07-24	0.32353
양파	2021-07-25	0.32541
양파	2021-07-26	0.2796
양파	2021-07-27	0.328
양파	2021-07-28	0.3132
양파	2021-07-29	0.3139
양파	2021-07-30	0.27654
양파	2021-07-31	0.35972
양파	2021-08-01	0.28359
양파	2021-08-02	0.30662
양파	2021-08-03	0.31648
양파	2021-08-04	0.32682
양파	2021-08-05	0.34656
양파	2021-08-06	0.61112
양파	2021-08-07	0.49035
양파	2021-08-08	0.46404
양파	2021-08-09	0.36724
양파	2021-08-10	0.32776
양파	2021-08-11	0.34304
양파	2021-08-12	0.33317
양파	2021-08-13	0.33552
양파	2021-08-14	0.36465
양파	2021-08-15	0.31672
양파	2021-08-16	0.36818
양파	2021-08-17	0.31766
양파	2021-08-18	0.32518
양파	2021-08-19	0.32424
양파	2021-08-20	0.30897
양파	2021-08-21	0.34773
양파	2021-08-22	0.3529
양파	2021-08-23	0.35431
양파	2021-08-24	0.33763
양파	2021-08-25	0.39003
양파	2021-08-26	0.33575
양파	2021-08-27	0.32494
양파	2021-08-28	0.32377
양파	2021-08-29	0.34398
양파	2021-08-30	0.3482
양파	2021-08-31	0.35243
양파	2021-09-01	0.33787
양파	2021-09-02	0.32659
양파	2021-09-03	0.324
양파	2021-09-04	0.3233
양파	2021-09-05	0.33129
양파	2021-09-06	0.32518
양파	2021-09-07	0.35384
양파	2021-09-08	0.29886
양파	2021-09-09	0.31625
양파	2021-09-10	0.28524
양파	2021-09-11	0.26808
양파	2021-09-12	0.34445
양파	2021-09-13	0.31508
양파	2021-09-14	0.27866
양파	2021-09-15	0.27067
양파	2021-09-16	0.29534
양파	2021-09-17	0.23542
양파	2021-09-18	0.42057
양파	2021-09-19	0.32988
양파	2021-09-20	0.26949
양파	2021-09-21	0.25234
양파	2021-09-22	0.24271
양파	2021-09-23	0.30944
양파	2021-09-24	0.30027
양파	2021-09-25	0.30427
양파	2021-09-26	0.29134
양파	2021-09-27	0.30709
양파	2021-09-28	0.32236
양파	2021-09-29	0.31461
양파	2021-09-30	0.29487
양파	2021-10-01	0.27396
양파	2021-10-02	0.2951
양파	2021-10-03	0.28852
양파	2021-10-04	0.33035
양파	2021-10-05	0.31367
양파	2021-10-06	0.32001
양파	2021-10-07	0.32306
양파	2021-10-08	0.2951
양파	2021-10-09	0.31555
양파	2021-10-10	0.32635
양파	2021-10-11	0.31108
양파	2021-10-12	0.32518
양파	2021-10-13	0.35784
양파	2021-10-14	0.33669
양파	2021-10-15	0.27936
양파	2021-10-16	0.25046
양파	2021-10-17	0.29322
양파	2021-10-18	0.31226
양파	2021-10-19	0.30239
양파	2021-10-20	0.29228
양파	2021-10-21	0.30991
양파	2021-10-22	0.28876
양파	2021-10-23	0.28852
양파	2021-10-24	0.29863
양파	2021-10-25	0.32118
양파	2021-10-26	0.32917
양파	2021-10-27	0.30239
양파	2021-10-28	0.31132
양파	2021-10-29	0.28406
양파	2021-10-30	0.30027
양파	2021-10-31	0.31414
양파	2021-11-01	0.31977
양파	2021-11-02	0.32212
양파	2021-11-03	0.31108
양파	2021-11-04	0.3193
양파	2021-11-05	0.30568
양파	2021-11-06	0.285
양파	2021-11-07	0.32259
양파	2021-11-08	0.35596
양파	2021-11-09	0.34961
양파	2021-11-10	0.35055
양파	2021-11-11	0.31226
양파	2021-11-12	0.33058
양파	2021-11-13	0.31249
양파	2021-11-14	0.33199
양파	2021-11-15	0.36089
양파	2021-11-16	0.33458
양파	2021-11-17	0.30356
양파	2021-11-18	0.32377
양파	2021-11-19	0.28758
양파	2021-11-20	0.2702
양파	2021-11-21	0.28477
양파	2021-11-22	0.31578
양파	2021-11-23	0.30591
양파	2021-11-24	0.27842
양파	2021-11-25	0.28101
양파	2021-11-26	0.50892
양파	2021-11-27	0.57682
양파	2021-11-28	0.62217
양파	2021-11-29	0.50539
양파	2021-11-30	0.35126
양파	2021-12-01	0.28124
양파	2021-12-02	0.37452
양파	2021-12-03	0.27866
양파	2021-12-04	0.26785
양파	2021-12-05	0.29487
양파	2021-12-06	0.31108
양파	2021-12-07	0.30004
양파	2021-12-08	0.27842
양파	2021-12-09	0.29463
양파	2021-12-10	0.24741
양파	2021-12-11	0.26456
양파	2021-12-12	0.27795
양파	2021-12-13	0.29487
양파	2021-12-14	0.28218
양파	2021-12-15	0.28265
양파	2021-12-16	0.26385
양파	2021-12-17	0.26009
양파	2021-12-18	0.25093
양파	2021-12-19	0.2749
양파	2021-12-20	0.30779
양파	2021-12-21	0.26785
양파	2021-12-22	0.27866
양파	2021-12-23	0.26244
양파	2021-12-24	0.2171
양파	2021-12-25	0.22697
양파	2021-12-26	0.28218
양파	2021-12-27	0.28712
양파	2021-12-28	0.26902
양파	2021-12-29	0.26644
양파	2021-12-30	0.24177
양파	2021-12-31	0.20488
양파	2022-01-01	0.22532
양파	2022-01-02	0.27584
양파	2022-01-03	0.30685
양파	2022-01-04	0.30004
양파	2022-01-05	0.34092
양파	2022-01-06	0.28547
양파	2022-01-07	0.27842
양파	2022-01-08	0.28336
양파	2022-01-09	0.30685
양파	2022-01-10	0.31555
양파	2022-01-11	0.30662
양파	2022-01-12	0.29134
양파	2022-01-13	0.28688
양파	2022-01-14	0.28242
양파	2022-01-15	0.28054
양파	2022-01-16	0.28265
양파	2022-01-17	0.32894
양파	2022-01-18	0.30004
양파	2022-01-19	0.28289
양파	2022-01-20	0.26738
양파	2022-01-21	0.2796
양파	2022-01-22	0.27889
양파	2022-01-23	0.28782
양파	2022-01-24	0.29017
양파	2022-01-25	0.27443
양파	2022-01-26	0.28829
양파	2022-01-27	0.24929
양파	2022-01-28	0.57024
양파	2022-01-29	0.61747
양파	2022-01-30	0.55285
양파	2022-01-31	0.22556
양파	2022-02-01	0.21404
양파	2022-02-02	0.43984
양파	2022-02-03	0.48683
양파	2022-02-04	0.29369
양파	2022-02-05	0.27819
양파	2022-02-06	0.33505
양파	2022-02-07	0.30779
양파	2022-02-08	0.29534
양파	2022-02-09	0.31508
양파	2022-02-10	0.28453
양파	2022-02-11	0.28758
양파	2022-02-12	0.28007
양파	2022-02-13	0.28852
양파	2022-02-14	0.28477
양파	2022-02-15	0.3038
양파	2022-02-16	0.31977
양파	2022-02-17	0.33364
양파	2022-02-18	0.32588
양파	2022-02-19	0.29745
양파	2022-02-20	0.3522
양파	2022-02-21	0.33223
양파	2022-02-22	0.33693
양파	2022-02-23	0.46874
양파	2022-02-24	0.48025
양파	2022-02-25	0.42339
양파	2022-02-26	0.38298
양파	2022-02-27	0.33881
양파	2022-02-28	0.3912
양파	2022-03-01	0.37147
양파	2022-03-02	0.52677
양파	2022-03-03	0.39614
양파	2022-03-04	0.31484
양파	2022-03-05	0.33716
양파	2022-03-06	0.36489
양파	2022-03-07	0.88579
양파	2022-03-08	0.7131
양파	2022-03-09	0.38979
양파	2022-03-10	0.31531
양파	2022-03-11	0.35854
양파	2022-03-12	0.35408
양파	2022-03-13	0.39943
양파	2022-03-14	0.71944
양파	2022-03-15	0.87733
양파	2022-03-16	0.45511
양파	2022-03-17	0.4342
양파	2022-03-18	0.37123
양파	2022-03-19	0.38321
양파	2022-03-20	0.53288
양파	2022-03-21	0.38368
양파	2022-03-22	0.39943
양파	2022-03-23	0.4349
양파	2022-03-24	0.38697
양파	2022-03-25	0.3818
양파	2022-03-26	0.32635
양파	2022-03-27	0.37381
양파	2022-03-28	0.38721
양파	2022-03-29	0.39872
양파	2022-03-30	0.50586
양파	2022-03-31	0.42245
양파	2022-04-01	0.38533
양파	2022-04-02	0.34515
양파	2022-04-03	0.36254
양파	2022-04-04	0.36935
양파	2022-04-05	0.60267
양파	2022-04-06	0.4974
양파	2022-04-07	0.39661
양파	2022-04-08	0.37499
양파	2022-04-09	0.33364
양파	2022-04-10	0.32118
양파	2022-04-11	0.35619
양파	2022-04-12	0.33481
양파	2022-04-13	0.37264
양파	2022-04-14	0.3764
양파	2022-04-15	0.36442
양파	2022-04-16	0.36465
양파	2022-04-17	0.37969
양파	2022-04-18	0.36794
양파	2022-04-19	0.37734
양파	2022-04-20	0.38345
양파	2022-04-21	0.39872
양파	2022-04-22	0.39144
양파	2022-04-23	0.37381
양파	2022-04-24	0.47297
양파	2022-04-25	0.38227
양파	2022-04-26	0.40013
양파	2022-04-27	0.37123
양파	2022-04-28	0.34938
양파	2022-04-29	0.44994
양파	2022-04-30	0.37381
양파	2022-05-01	0.42104
양파	2022-05-02	0.40835
양파	2022-05-03	0.40318
양파	2022-05-04	0.3811
양파	2022-05-05	0.38439
양파	2022-05-06	0.38533
양파	2022-05-07	0.38462
양파	2022-05-08	0.50445
양파	2022-05-09	0.49223
양파	2022-05-10	0.43843
양파	2022-05-11	0.42621
양파	2022-05-12	0.42551
양파	2022-05-13	0.37076
양파	2022-05-14	0.38462
양파	2022-05-15	0.40271
양파	2022-05-16	0.40412
양파	2022-05-17	0.39755
양파	2022-05-18	0.39003
양파	2022-05-19	0.41658
양파	2022-05-20	0.40929
양파	2022-05-21	0.38697
양파	2022-05-22	0.40553
양파	2022-05-23	0.43655
양파	2022-05-24	0.54299
양파	2022-05-25	0.45746
양파	2022-05-26	0.48871
양파	2022-05-27	0.40976
양파	2022-05-28	0.38321
양파	2022-05-29	0.40389
양파	2022-05-30	0.48025
양파	2022-05-31	0.39449
양파	2022-06-01	0.41611
양파	2022-06-02	0.45629
양파	2022-06-03	0.46545
양파	2022-06-04	0.51925
양파	2022-06-05	0.68396
양파	2022-06-06	0.68561
양파	2022-06-07	0.59656
양파	2022-06-08	0.59844
양파	2022-06-09	0.56178
양파	2022-06-10	0.51197
양파	2022-06-11	0.52184
양파	2022-06-12	0.56131
양파	2022-06-13	0.66751
양파	2022-06-14	0.61112
양파	2022-06-15	0.57236
양파	2022-06-16	0.52301
양파	2022-06-17	0.51972
양파	2022-06-18	0.83527
양파	2022-06-19	0.89683
양파	2022-06-20	0.70205
양파	2022-06-21	0.5505
양파	2022-06-22	0.5498
양파	2022-06-23	0.5834
양파	2022-06-24	0.58222
양파	2022-06-25	0.49693
양파	2022-06-26	0.58293
양파	2022-06-27	0.53688
양파	2022-06-28	0.53218
양파	2022-06-29	0.46521
양파	2022-06-30	0.453
양파	2022-07-01	0.38016
양파	2022-07-02	0.41493
양파	2022-07-03	0.46286
양파	2022-07-04	0.47015
양파	2022-07-05	0.44783
양파	2022-07-06	0.46404
양파	2022-07-07	0.47414
양파	2022-07-08	0.37217
양파	2022-07-09	0.35173
양파	2022-07-10	0.43467
양파	2022-07-11	0.45605
양파	2022-07-12	0.40037
양파	2022-07-13	0.49317
양파	2022-07-14	0.40154
양파	2022-07-15	0.367
양파	2022-07-16	0.32964
양파	2022-07-17	0.37241
양파	2022-07-18	0.43091
양파	2022-07-19	0.39144
양파	2022-07-20	0.4248
양파	2022-07-21	0.41258
양파	2022-07-22	0.46028
양파	2022-07-23	0.38791
양파	2022-07-24	0.43443
양파	2022-07-25	0.40882
양파	2022-07-26	0.39261
양파	2022-07-27	0.40365
양파	2022-07-28	0.4194
양파	2022-07-29	0.37381
양파	2022-07-30	0.36465
양파	2022-07-31	0.43138
양파	2022-08-01	0.44313
양파	2022-08-02	0.47344
양파	2022-08-03	0.47837
양파	2022-08-04	0.46474
양파	2022-08-05	0.41846
양파	2022-08-06	0.41587
양파	2022-08-07	0.46333
양파	2022-08-08	0.46545
양파	2022-08-09	0.45605
양파	2022-08-10	0.44125
양파	2022-08-11	0.47532
양파	2022-08-12	0.42833
양파	2022-08-13	0.44642
양파	2022-08-14	0.41681
양파	2022-08-15	0.45112
양파	2022-08-16	0.46921
양파	2022-08-17	0.47955
양파	2022-08-18	0.47273
양파	2022-08-19	0.44618
양파	2022-08-20	0.48589
양파	2022-08-21	0.46991
양파	2022-08-22	0.48307
양파	2022-08-23	0.4819
양파	2022-08-24	0.44595
양파	2022-08-25	0.47344
양파	2022-08-26	0.46874
양파	2022-08-27	0.44853
양파	2022-08-28	0.42245
양파	2022-08-29	0.42833
양파	2022-08-30	0.45582
양파	2022-08-31	0.40271
양파	2022-09-01	0.39896
양파	2022-09-02	0.35267
양파	2022-09-03	0.34069
양파	2022-09-04	0.37828
양파	2022-09-05	0.34844
양파	2022-09-06	0.3139
양파	2022-09-07	0.32565
양파	2022-09-08	0.26973
양파	2022-09-09	0.27795
양파	2022-09-10	0.22462
양파	2022-09-11	0.26103
양파	2022-09-12	0.33011
양파	2022-09-13	0.39073
양파	2022-09-14	0.40624
양파	2022-09-15	0.35173
양파	2022-09-16	0.35854
양파	2022-09-17	0.35737
양파	2022-09-18	0.37616
양파	2022-09-19	0.41423
양파	2022-09-20	0.39684
양파	2022-09-21	1.18724
양파	2022-09-22	1.09232
양파	2022-09-23	0.87874
양파	2022-09-24	0.46803
양파	2022-09-25	0.41352
양파	2022-09-26	0.42269
양파	2022-09-27	0.40953
양파	2022-09-28	0.40342
양파	2022-09-29	0.38439
양파	2022-09-30	0.34703
양파	2022-10-01	0.33129
양파	2022-10-02	0.37499
양파	2022-10-03	0.43138
양파	2022-10-04	0.39966
양파	2022-10-05	0.41987
양파	2022-10-06	0.35502
양파	2022-10-07	0.41376
양파	2022-10-08	0.43161
양파	2022-10-09	0.42245
양파	2022-10-10	0.44078
양파	2022-10-11	0.39708
양파	2022-10-12	0.39144
양파	2022-10-13	0.37358
양파	2022-10-14	0.38627
양파	2022-10-15	0.39097
양파	2022-10-16	0.39966
양파	2022-10-17	0.42339
양파	2022-10-18	0.46921
양파	2022-10-19	0.37123
양파	2022-10-20	0.36042
양파	2022-10-21	0.35525
양파	2022-10-22	0.32259
양파	2022-10-23	0.36371
양파	2022-10-24	0.41564
양파	2022-10-25	0.3818
양파	2022-10-26	0.36559
양파	2022-10-27	0.40271
양파	2022-10-28	0.32941
양파	2022-10-29	0.28993
양파	2022-10-30	0.2951
양파	2022-10-31	0.33176
양파	2022-11-01	0.37475
양파	2022-11-02	0.40131
양파	2022-11-03	0.3764
양파	2022-11-04	0.36559
양파	2022-11-05	0.37757
양파	2022-11-06	0.54651
양파	2022-11-07	0.47861
양파	2022-11-08	0.44195
양파	2022-11-09	0.48754
양파	2022-11-10	0.43819
양파	2022-11-11	0.37499
양파	2022-11-12	0.35572
양파	2022-11-13	0.40577
양파	2022-11-14	0.40882
양파	2022-11-15	0.40765
양파	2022-11-16	0.34679
양파	2022-11-17	0.34139
양파	2022-11-18	0.29745
양파	2022-11-19	0.28007
양파	2022-11-20	0.2944
양파	2022-11-21	0.35807
양파	2022-11-22	0.33928
양파	2022-11-23	0.34257
양파	2022-11-24	0.31742
양파	2022-11-25	0.27443
양파	2022-11-26	0.30662
양파	2022-11-27	0.30967
양파	2022-11-28	0.35831
양파	2022-11-29	0.34609
양파	2022-11-30	0.30873
양파	2022-12-01	0.29839
양파	2022-12-02	0.29087
양파	2022-12-03	0.21005
양파	2022-12-04	0.30192
양파	2022-12-05	0.29604
양파	2022-12-06	0.29534
양파	2022-12-07	0.30826
양파	2022-12-08	0.27819
양파	2022-12-09	0.30709
양파	2022-12-10	0.28688
양파	2022-12-11	0.30803
양파	2022-12-12	0.33904
양파	2022-12-13	0.33035
양파	2022-12-14	0.36747
양파	2022-12-15	0.35408
양파	2022-12-16	0.32259
양파	2022-12-17	0.29816
양파	2022-12-18	0.35243
양파	2022-12-19	0.34609
양파	2022-12-20	0.32612
양파	2022-12-21	0.33411
양파	2022-12-22	0.32823
양파	2022-12-23	0.26268
양파	2022-12-24	0.26221
양파	2022-12-25	0.31155
양파	2022-12-26	0.34562
양파	2022-12-27	0.35008
양파	2022-12-28	0.33693
양파	2022-12-29	0.27819
양파	2022-12-30	0.27396
양파	2022-12-31	0.3374
양파	2023-01-01	0.28899
양파	2023-01-02	0.35925
양파	2023-01-03	0.33669
양파	2023-01-04	0.41235
양파	2023-01-05	0.35596
양파	2023-01-06	0.38086
양파	2023-01-07	0.37311
양파	2023-01-08	0.38721
양파	2023-01-09	0.42386
양파	2023-01-10	0.39355
양파	2023-01-11	0.37405
양파	2023-01-12	0.32071
양파	2023-01-13	0.31038
양파	2023-01-14	0.37945
양파	2023-01-15	0.33011
양파	2023-01-16	0.3186
양파	2023-01-17	0.33787
양파	2023-01-18	0.31226
양파	2023-01-19	0.25775
양파	2023-01-20	0.23401
양파	2023-01-21	0.20065
양파	2023-01-22	0.22978
양파	2023-01-23	0.30967
양파	2023-01-24	0.2749
양파	2023-01-25	0.3193
양파	2023-01-26	0.29299
양파	2023-01-27	0.35525
양파	2023-01-28	0.35502
양파	2023-01-29	0.30027
양파	2023-01-30	0.30568
양파	2023-01-31	0.31367
양파	2023-02-01	0.29252
양파	2023-02-02	0.32541
양파	2023-02-03	0.33975
양파	2023-02-04	0.32095
양파	2023-02-05	0.31226
양파	2023-02-06	0.35102
양파	2023-02-07	0.35102
양파	2023-02-08	0.35643
양파	2023-02-09	0.32189
양파	2023-02-10	0.32142
양파	2023-02-11	0.30427
양파	2023-02-12	0.36089
양파	2023-02-13	0.33552
양파	2023-02-14	0.32306
양파	2023-02-15	0.35314
양파	2023-02-16	0.3132
양파	2023-02-17	0.32071
양파	2023-02-18	0.29651
양파	2023-02-19	0.32048
양파	2023-02-20	0.31907
양파	2023-02-21	0.34445
양파	2023-02-22	0.35032
양파	2023-02-23	0.32447
양파	2023-02-24	0.31085
양파	2023-02-25	0.30309
양파	2023-02-26	0.38556
양파	2023-02-27	0.30521
양파	2023-02-28	0.33716
양파	2023-03-01	0.45864
양파	2023-03-02	0.38016
양파	2023-03-03	0.35925
양파	2023-03-04	0.37452
양파	2023-03-05	0.44524
양파	2023-03-06	0.41117
양파	2023-03-07	0.43772
양파	2023-03-08	0.46827
양파	2023-03-09	0.4295
양파	2023-03-10	0.36677
양파	2023-03-11	0.3999
양파	2023-03-12	0.60313
양파	2023-03-13	0.55356
양파	2023-03-14	0.57682
양파	2023-03-15	0.55262
양파	2023-03-16	0.535
양파	2023-03-17	0.43467
양파	2023-03-18	0.44853
양파	2023-03-19	0.49364
양파	2023-03-20	0.46897
양파	2023-03-21	0.54299
양파	2023-03-22	0.53735
양파	2023-03-23	0.50398
양파	2023-03-24	0.47085
양파	2023-03-25	0.46404
양파	2023-03-26	0.47367
양파	2023-03-27	0.55567
양파	2023-03-28	0.57259
양파	2023-03-29	0.50069
양파	2023-03-30	0.46333
양파	2023-03-31	0.44148
양파	2023-04-01	0.44148
양파	2023-04-02	0.47109
양파	2023-04-03	0.51691
양파	2023-04-04	0.53523
양파	2023-04-05	0.49881
양파	2023-04-06	0.46592
양파	2023-04-07	0.47555
양파	2023-04-08	0.40013
양파	2023-04-09	0.44877
양파	2023-04-10	0.52607
양파	2023-04-11	0.53876
양파	2023-04-12	0.52536
양파	2023-04-13	0.48918
양파	2023-04-14	0.46286
양파	2023-04-15	0.47837
양파	2023-04-16	0.48213
양파	2023-04-17	0.49458
양파	2023-04-18	0.46874
양파	2023-04-19	0.50939
양파	2023-04-20	0.45417
양파	2023-04-21	0.40389
양파	2023-04-22	0.38533
양파	2023-04-23	0.44266
양파	2023-04-24	0.47367
양파	2023-04-25	0.453
양파	2023-04-26	0.42809
양파	2023-04-27	0.44313
양파	2023-04-28	0.34773
양파	2023-04-29	0.40835
양파	2023-04-30	0.38486
양파	2023-05-01	0.453
양파	2023-05-02	0.39661
양파	2023-05-03	0.40248
양파	2023-05-04	0.37969
양파	2023-05-05	0.367
양파	2023-05-06	0.41963
양파	2023-05-07	0.45229
양파	2023-05-08	0.44007
양파	2023-05-09	0.48613
양파	2023-05-10	0.56813
양파	2023-05-11	0.59421
양파	2023-05-12	0.60948
양파	2023-05-13	0.66211
양파	2023-05-14	0.67198
양파	2023-05-15	0.67809
양파	2023-05-16	0.79768
양파	2023-05-17	0.6224
양파	2023-05-18	0.56719
양파	2023-05-19	0.53053
양파	2023-05-20	0.50633
양파	2023-05-21	0.53335
양파	2023-05-22	0.60454
양파	2023-05-23	0.53758
양파	2023-05-24	0.51009
양파	2023-05-25	0.51197
양파	2023-05-26	0.43185
양파	2023-05-27	0.44595
양파	2023-05-28	0.49693
양파	2023-05-29	0.49834
양파	2023-05-30	0.5303
양파	2023-05-31	0.5303
양파	2023-06-01	0.56484
양파	2023-06-02	0.51456
양파	2023-06-03	0.52231
양파	2023-06-04	0.55567
양파	2023-06-05	0.55027
양파	2023-06-06	0.59468
양파	2023-06-07	0.6419
양파	2023-06-08	0.54792
양파	2023-06-09	0.52278
양파	2023-06-10	0.52818
양파	2023-06-11	0.56719
양파	2023-06-12	0.56789
양파	2023-06-13	0.56202
양파	2023-06-14	0.58974
양파	2023-06-15	0.54768
양파	2023-06-16	0.49082
양파	2023-06-17	0.47297
양파	2023-06-18	0.54252
양파	2023-06-19	0.57893
양파	2023-06-20	0.5686
양파	2023-06-21	0.55074
양파	2023-06-22	0.51831
양파	2023-06-23	0.48683
양파	2023-06-24	0.48566
양파	2023-06-25	0.55473
양파	2023-06-26	0.53594
양파	2023-06-27	0.49928
양파	2023-06-28	0.50093
양파	2023-06-29	0.44524
양파	2023-06-30	0.41329
양파	2023-07-01	0.39919
양파	2023-07-02	0.39567
양파	2023-07-03	0.4349
양파	2023-07-04	0.42175
양파	2023-07-05	0.43984
양파	2023-07-06	0.37381
양파	2023-07-07	0.36559
양파	2023-07-08	0.36583
양파	2023-07-09	0.40436
양파	2023-07-10	0.39073
양파	2023-07-11	0.38016
양파	2023-07-12	0.37123
양파	2023-07-13	0.40859
양파	2023-07-14	0.37288
양파	2023-07-15	0.31648
양파	2023-07-16	0.37405
양파	2023-07-17	0.38016
양파	2023-07-18	0.38674
양파	2023-07-19	0.35807
양파	2023-07-20	0.36512
양파	2023-07-21	0.32682
양파	2023-07-22	0.33575
양파	2023-07-23	0.3663
양파	2023-07-24	0.35267
양파	2023-07-25	0.35502
양파	2023-07-26	0.32541
양파	2023-07-27	0.32259
양파	2023-07-28	0.29933
양파	2023-07-29	0.29087
양파	2023-07-30	0.27278
양파	2023-07-31	0.30591
양파	2023-08-01	0.31367
양파	2023-08-02	0.33834
양파	2023-08-03	0.33622
양파	2023-08-04	0.2897
양파	2023-08-05	0.29416
양파	2023-08-06	0.31883
양파	2023-08-07	0.34491
양파	2023-08-08	0.34914
양파	2023-08-09	0.32494
양파	2023-08-10	0.33105
양파	2023-08-11	0.41094
양파	2023-08-12	0.43843
양파	2023-08-13	0.36207
양파	2023-08-14	0.35431
양파	2023-08-15	0.38674
양파	2023-08-16	0.38533
양파	2023-08-17	0.36371
양파	2023-08-18	0.31484
양파	2023-08-19	0.3085
양파	2023-08-20	0.30732
양파	2023-08-21	0.32659
양파	2023-08-22	0.32612
양파	2023-08-23	0.32377
양파	2023-08-24	0.34679
양파	2023-08-25	0.28007
양파	2023-08-26	0.29134
양파	2023-08-27	0.31155
양파	2023-08-28	0.34069
양파	2023-08-29	0.34327
양파	2023-08-30	0.33881
양파	2023-08-31	0.32941
양파	2023-09-01	0.28477
양파	2023-09-02	0.27208
양파	2023-09-03	0.32447
양파	2023-09-04	0.30803
양파	2023-09-05	0.33575
양파	2023-09-06	0.32612
양파	2023-09-07	0.3045
양파	2023-09-08	0.29346
양파	2023-09-09	0.28758
양파	2023-09-10	0.29463
양파	2023-09-11	0.34632
양파	2023-09-12	0.34116
양파	2023-09-13	0.34562
양파	2023-09-14	0.31766
양파	2023-09-15	0.30239
양파	2023-09-16	0.26573
양파	2023-09-17	0.30944
양파	2023-09-18	0.3374
양파	2023-09-19	0.29487
양파	2023-09-20	0.29416
양파	2023-09-21	0.2756
양파	2023-09-22	0.23636
양파	2023-09-23	0.23119
양파	2023-09-24	0.25281
양파	2023-09-25	0.24059
양파	2023-09-26	0.246
양파	2023-09-27	0.21146
양파	2023-09-28	0.1835
양파	2023-09-29	0.18091
양파	2023-09-30	0.19384
양파	2023-10-01	0.24623
양파	2023-10-02	0.24952
양파	2023-10-03	0.30685
양파	2023-10-04	0.29839
양파	2023-10-05	0.30685
양파	2023-10-06	0.26738
양파	2023-10-07	0.23965
양파	2023-10-08	0.29252
양파	2023-10-09	0.30967
양파	2023-10-10	0.33129
양파	2023-10-11	0.29839
양파	2023-10-12	0.324
양파	2023-10-13	0.28077
양파	2023-10-14	0.30662
양파	2023-10-15	0.32471
양파	2023-10-16	0.33599
양파	2023-10-17	0.29839
양파	2023-10-18	0.30497
양파	2023-10-19	0.31038
양파	2023-10-20	0.28383
양파	2023-10-21	0.27537
양파	2023-10-22	0.39355
양파	2023-10-23	0.33293
양파	2023-10-24	0.3475
양파	2023-10-25	0.30098
양파	2023-10-26	0.31014
양파	2023-10-27	0.28101
양파	2023-10-28	0.26221
양파	2023-10-29	0.28007
양파	2023-10-30	0.30497
양파	2023-10-31	0.30991
양파	2023-11-01	0.33082
양파	2023-11-02	0.31531
양파	2023-11-03	0.2655
양파	2023-11-04	0.26761
양파	2023-11-05	0.29886
양파	2023-11-06	0.32024
양파	2023-11-07	0.30427
양파	2023-11-08	0.29087
양파	2023-11-09	0.29933
양파	2023-11-10	0.26456
양파	2023-11-11	0.26879
양파	2023-11-12	0.28054
양파	2023-11-13	0.29675
양파	2023-11-14	0.30826
양파	2023-11-15	0.29087
양파	2023-11-16	0.3139
양파	2023-11-17	0.27372
양파	2023-11-18	0.25234
양파	2023-11-19	0.29299
양파	2023-11-20	0.32048
양파	2023-11-21	0.30309
양파	2023-11-22	0.28218
양파	2023-11-23	0.26244
양파	2023-11-24	0.25258
양파	2023-11-25	0.24529
양파	2023-11-26	0.26761
양파	2023-11-27	0.2944
양파	2023-11-28	0.29393
양파	2023-11-29	0.27631
양파	2023-11-30	0.27678
양파	2023-12-01	0.26526
양파	2023-12-02	0.23848
양파	2023-12-03	0.27231
양파	2023-12-04	0.2843
양파	2023-12-05	0.28899
양파	2023-12-06	0.28289
양파	2023-12-07	0.26973
양파	2023-12-08	0.26597
양파	2023-12-09	0.24224
양파	2023-12-10	0.30779
양파	2023-12-11	0.3233
양파	2023-12-12	0.28547
양파	2023-12-13	0.25751
양파	2023-12-14	0.28007
양파	2023-12-15	0.23683
양파	2023-12-16	0.23589
양파	2023-12-17	0.24341
양파	2023-12-18	0.26738
양파	2023-12-19	0.2561
양파	2023-12-20	0.25915
양파	2023-12-21	0.23519
양파	2023-12-22	0.21804
양파	2023-12-23	0.21874
양파	2023-12-24	0.22015
양파	2023-12-25	0.24412
양파	2023-12-26	0.26691
양파	2023-12-27	0.25328
양파	2023-12-28	0.22908
양파	2023-12-29	0.22579
양파	2023-12-30	0.21992
양파	2023-12-31	0.20582
양파	2024-01-01	0.25258
양파	2024-01-02	0.26855
양파	2024-01-03	0.2951
양파	2024-01-04	0.25939
양파	2024-01-05	0.2702
양파	2024-01-06	0.24318
양파	2024-01-07	0.28782
양파	2024-01-08	0.2615
양파	2024-01-09	0.28923
양파	2024-01-10	0.30168
양파	2024-01-11	0.28077
양파	2024-01-12	0.27466
양파	2024-01-13	0.27866
양파	2024-01-14	0.26644
양파	2024-01-15	0.30427
양파	2024-01-16	0.29604
양파	2024-01-17	0.29228
양파	2024-01-18	0.29205
양파	2024-01-19	0.28148
양파	2024-01-20	0.27748
양파	2024-01-21	0.29087
양파	2024-01-22	0.30591
양파	2024-01-23	0.30403
양파	2024-01-24	0.33058
양파	2024-01-25	0.30591
양파	2024-01-26	0.26432
양파	2024-01-27	0.29675
양파	2024-01-28	0.27654
양파	2024-01-29	0.31883
양파	2024-01-30	0.29722
양파	2024-01-31	0.28758
양파	2024-02-01	0.28712
양파	2024-02-02	0.26855
양파	2024-02-03	0.23143
양파	2024-02-04	0.25892
양파	2024-02-05	0.2709
양파	2024-02-06	0.23942
양파	2024-02-07	0.20182
양파	2024-02-08	0.20065
양파	2024-02-09	0.21851
양파	2024-02-10	0.19172
양파	2024-02-11	0.19478
양파	2024-02-12	0.23542
양파	2024-02-13	0.26056
양파	2024-02-14	0.25751
양파	2024-02-15	0.28077
양파	2024-02-16	0.26432
양파	2024-02-17	0.29064
양파	2024-02-18	0.30591
양파	2024-02-19	0.31343
양파	2024-02-20	0.30967
양파	2024-02-21	0.31155
양파	2024-02-22	0.29299
양파	2024-02-23	0.26268
양파	2024-02-24	0.26926
양파	2024-02-25	0.28876
양파	2024-02-26	0.29628
양파	2024-02-27	0.29957
양파	2024-02-28	0.26691
양파	2024-02-29	0.26996
양파	2024-03-01	0.28946
양파	2024-03-02	0.2803
양파	2024-03-03	0.31038
양파	2024-03-04	0.31766
양파	2024-03-05	0.31108
양파	2024-03-06	0.30239
양파	2024-03-07	0.31883
양파	2024-03-08	0.29228
양파	2024-03-09	0.29017
양파	2024-03-10	0.32142
양파	2024-03-11	0.36818
양파	2024-03-12	0.35149
양파	2024-03-13	0.36066
양파	2024-03-14	0.30944
양파	2024-03-15	0.27678
양파	2024-03-16	0.30897
양파	2024-03-17	0.34139
양파	2024-03-18	0.3623
양파	2024-03-19	0.38439
양파	2024-03-20	0.38979
양파	2024-03-21	0.35878
양파	2024-03-22	0.32424
양파	2024-03-23	0.34069
양파	2024-03-24	0.35431
양파	2024-03-25	0.44783
양파	2024-03-26	0.44125
양파	2024-03-27	0.42668
양파	2024-03-28	0.39167
양파	2024-03-29	0.55215
양파	2024-03-30	0.53476
양파	2024-03-31	0.68655
양파	2024-04-01	0.76549
양파	2024-04-02	0.5263
양파	2024-04-03	0.54862
양파	2024-04-04	0.48519
양파	2024-04-05	0.43185
양파	2024-04-06	0.35878
양파	2024-04-07	0.43138
양파	2024-04-08	0.51691
양파	2024-04-09	0.43702
양파	2024-04-10	0.42128
양파	2024-04-11	0.45253
양파	2024-04-12	0.39191
양파	2024-04-13	0.3858
양파	2024-04-14	0.43255
양파	2024-04-15	0.48589
양파	2024-04-16	0.46333
양파	2024-04-17	0.52278
양파	2024-04-18	0.49952
양파	2024-04-19	0.46451
양파	2024-04-20	0.3663
양파	2024-04-21	0.42034
양파	2024-04-22	0.46263
양파	2024-04-23	0.46874
양파	2024-04-24	0.43749
양파	2024-04-25	0.40154
양파	2024-04-26	0.3764
양파	2024-04-27	0.36066
양파	2024-04-28	0.39308
양파	2024-04-29	0.44571
양파	2024-04-30	0.41752
양파	2024-05-01	0.43514
양파	2024-05-02	0.40178
양파	2024-05-03	0.33904
양파	2024-05-04	0.32988
양파	2024-05-05	0.37875
양파	2024-05-06	0.39567
양파	2024-05-07	0.43796
양파	2024-05-08	0.39661
양파	2024-05-09	0.38744
양파	2024-05-10	0.35126
양파	2024-05-11	0.37593
양파	2024-05-12	0.41023
양파	2024-05-13	0.4241
양파	2024-05-14	0.45206
양파	2024-05-15	0.41822
양파	2024-05-16	0.46122
양파	2024-05-17	0.40412
양파	2024-05-18	0.38016
양파	2024-05-19	0.40107
양파	2024-05-20	0.4577
양파	2024-05-21	0.46004
양파	2024-05-22	0.48307
양파	2024-05-23	0.49012
양파	2024-05-24	0.47391
양파	2024-05-25	0.39426
양파	2024-05-26	0.43349
양파	2024-05-27	0.47532
양파	2024-05-28	0.49153
양파	2024-05-29	0.43537
양파	2024-05-30	0.43608
양파	2024-05-31	0.3999
양파	2024-06-01	0.406
양파	2024-06-02	0.48754
양파	2024-06-03	0.51667
양파	2024-06-04	0.46216
양파	2024-06-05	0.42081
양파	2024-06-06	0.43467
양파	2024-06-07	0.44031
양파	2024-06-08	0.41141
양파	2024-06-09	0.43702
양파	2024-06-10	0.50328
양파	2024-06-11	0.49176
양파	2024-06-12	0.50093
양파	2024-06-13	0.46615
양파	2024-06-14	0.45723
양파	2024-06-15	0.42692
양파	2024-06-16	0.50539
양파	2024-06-17	0.53241
양파	2024-06-18	0.51291
양파	2024-06-19	0.46897
양파	2024-06-20	0.46968
양파	2024-06-21	0.43443
양파	2024-06-22	0.36418
양파	2024-06-23	0.37828
양파	2024-06-24	0.43161
양파	2024-06-25	0.38885
양파	2024-06-26	0.39473
양파	2024-06-27	0.3717
양파	2024-06-28	0.34867
양파	2024-06-29	0.30732
양파	2024-06-30	0.46028
양파	2024-07-01	0.371
양파	2024-07-02	0.35408
양파	2024-07-03	0.3475
양파	2024-07-04	0.34304
양파	2024-07-05	0.32659
양파	2024-07-06	0.2843
양파	2024-07-07	0.32048
양파	2024-07-08	0.35878
양파	2024-07-09	0.31625
양파	2024-07-10	0.3092
양파	2024-07-11	0.28712
양파	2024-07-12	0.29628
양파	2024-07-13	0.31155
양파	2024-07-14	0.27372
양파	2024-07-15	0.31695
양파	2024-07-16	0.43866
양파	2024-07-17	0.33881
양파	2024-07-18	0.32494
양파	2024-07-19	0.28758
양파	2024-07-20	0.27231
양파	2024-07-21	0.31907
양파	2024-07-22	0.32095
양파	2024-07-23	0.30568
양파	2024-07-24	0.27678
양파	2024-07-25	0.25775
양파	2024-07-26	0.27278
양파	2024-07-27	0.24952
양파	2024-07-28	0.25493
양파	2024-07-29	0.26832
양파	2024-07-30	0.25704
양파	2024-07-31	0.25962
양파	2024-08-01	0.23895
양파	2024-08-02	0.25046
양파	2024-08-03	0.24741
양파	2024-08-04	0.27513
양파	2024-08-05	0.25704
양파	2024-08-06	0.28359
양파	2024-08-07	0.26127
양파	2024-08-08	0.28054
양파	2024-08-09	0.27231
양파	2024-08-10	0.2662
양파	2024-08-11	0.27631
양파	2024-08-12	0.28359
양파	2024-08-13	0.29557
양파	2024-08-14	0.25164
양파	2024-08-15	0.26714
양파	2024-08-16	0.47179
양파	2024-08-17	0.62593
양파	2024-08-18	0.47132
양파	2024-08-19	0.3522
양파	2024-08-20	0.36606
양파	2024-08-21	0.37828
양파	2024-08-22	0.39355
양파	2024-08-23	0.34891
양파	2024-08-24	0.26808
양파	2024-08-25	0.28524
양파	2024-08-26	0.30544
양파	2024-08-27	0.30051
양파	2024-08-28	0.3569
양파	2024-08-29	0.3038
양파	2024-08-30	0.28336
양파	2024-08-31	0.28312
양파	2024-09-01	0.36348
양파	2024-09-02	0.30474
양파	2024-09-03	0.28171
양파	2024-09-04	0.27842
양파	2024-09-05	0.27678
양파	2024-09-06	0.26315
양파	2024-09-07	0.26879
양파	2024-09-08	0.28336
양파	2024-09-09	0.28524
양파	2024-09-10	0.27161
양파	2024-09-11	0.27701
양파	2024-09-12	0.36113
양파	2024-09-13	0.34304
양파	2024-09-14	0.19196
양파	2024-09-15	0.18044
양파	2024-09-16	0.19008
양파	2024-09-17	0.1976
양파	2024-09-18	0.22932
양파	2024-09-19	0.26221
양파	2024-09-20	0.26503
양파	2024-09-21	0.24952
양파	2024-09-22	0.29393
양파	2024-09-23	0.29722
양파	2024-09-24	0.31907
양파	2024-09-25	0.29205
양파	2024-09-26	0.27607
양파	2024-09-27	0.27795
양파	2024-09-28	0.27936
양파	2024-09-29	0.31601
양파	2024-09-30	0.3045
양파	2024-10-01	0.30074
양파	2024-10-02	0.29581
양파	2024-10-03	0.30544
양파	2024-10-04	0.28571
양파	2024-10-05	0.29534
양파	2024-10-06	0.30521
양파	2024-10-07	0.3193
양파	2024-10-08	0.30027
양파	2024-10-09	0.3193
양파	2024-10-10	0.32118
양파	2024-10-11	0.28758
양파	2024-10-12	0.43584
양파	2024-10-13	0.52771
양파	2024-10-14	0.44219
양파	2024-10-15	1.3731
양파	2024-10-16	0.6708
양파	2024-10-17	0.35126
양파	2024-10-18	0.31742
양파	2024-10-19	0.30662
양파	2024-10-20	0.31484
양파	2024-10-21	0.31578
양파	2024-10-22	0.30168
양파	2024-10-23	0.29487
양파	2024-10-24	0.31132
양파	2024-10-25	0.30685
양파	2024-10-26	0.25915
양파	2024-10-27	0.26808
양파	2024-10-28	0.37875
양파	2024-10-29	0.31555
양파	2024-10-30	0.32588
양파	2024-10-31	0.27443
양파	2024-11-01	0.31508
양파	2024-11-02	0.28406
양파	2024-11-03	0.27443
양파	2024-11-04	0.31108
양파	2024-11-05	0.30027
양파	2024-11-06	0.27114
양파	2024-11-07	0.26315
양파	2024-11-08	0.23613
양파	2024-11-09	0.24341
양파	2024-11-10	0.26174
양파	2024-11-11	0.28688
양파	2024-11-12	0.30944
양파	2024-11-13	0.29181
양파	2024-11-14	0.28289
양파	2024-11-15	0.26573
양파	2024-11-16	0.25657
양파	2024-11-17	0.25915
양파	2024-11-18	0.29322
양파	2024-11-19	0.25634
양파	2024-11-20	0.26714
양파	2024-11-21	0.24177
양파	2024-11-22	0.25493
양파	2024-11-23	0.23119
양파	2024-11-24	0.34186
양파	2024-11-25	0.30615
양파	2024-11-26	0.26127
양파	2024-11-27	0.25211
양파	2024-11-28	0.23636
양파	2024-11-29	0.2366
양파	2024-11-30	0.24083
양파	2024-12-01	0.2944
양파	2024-12-02	0.26973
양파	2024-12-03	0.26503
양파	2024-12-04	0.2467
양파	2024-12-05	0.24623
양파	2024-12-06	0.22791
양파	2024-12-07	0.21099
양파	2024-12-08	0.24694
양파	2024-12-09	0.2514
양파	2024-12-10	0.24623
양파	2024-12-11	0.24882
양파	2024-12-12	0.25023
양파	2024-12-13	0.22109
양파	2024-12-14	0.22908
양파	2024-12-15	0.26738
양파	2024-12-16	0.26244
양파	2024-12-17	0.28336
양파	2024-12-18	0.26573
양파	2024-12-19	0.21757
양파	2024-12-20	0.24412
양파	2024-12-21	0.24506
양파	2024-12-22	0.26902
양파	2024-12-23	0.23284
양파	2024-12-24	0.21757
양파	2024-12-25	0.24905
양파	2024-12-26	0.26738
양파	2024-12-27	0.23237
양파	2024-12-28	0.26197
양파	2024-12-29	0.26761
양파	2024-12-30	0.23777
양파	2024-12-31	0.22321
양파	2025-01-01	0.25093
양파	2025-01-02	0.27184
양파	2025-01-03	0.25281
양파	2025-01-04	0.28359
양파	2025-01-05	0.29534
양파	2025-01-06	0.31555
양파	2025-01-07	0.29722
양파	2025-01-08	0.31132
양파	2025-01-09	0.39684
양파	2025-01-10	0.27772
양파	2025-01-11	0.34257
양파	2025-01-12	0.30662
양파	2025-01-13	0.31296
양파	2025-01-14	0.30779
양파	2025-01-15	0.28524
양파	2025-01-16	0.29228
양파	2025-01-17	0.26456
양파	2025-01-18	0.24905
양파	2025-01-19	0.26268
양파	2025-01-20	0.25634
양파	2025-01-21	0.27443
양파	2025-01-22	0.25093
양파	2025-01-23	0.24529
양파	2025-01-24	0.17621
양파	2025-01-25	0.16094
양파	2025-01-26	0.20817
양파	2025-01-27	0.17011
양파	2025-01-28	0.18867
양파	2025-01-29	0.20206
양파	2025-01-30	0.22744
양파	2025-01-31	0.24271
양파	2025-02-01	0.25258
양파	2025-02-02	0.3139
양파	2025-02-03	0.31038
양파	2025-02-04	0.32659
양파	2025-02-05	0.3374
양파	2025-02-06	0.32236
양파	2025-02-07	0.2803
양파	2025-02-08	0.29064
양파	2025-02-09	0.33693
양파	2025-02-10	0.34421
양파	2025-02-11	0.30685
양파	2025-02-12	0.29675
양파	2025-02-13	0.29463
양파	2025-02-14	0.27255
양파	2025-02-15	0.25446
양파	2025-02-16	0.324
양파	2025-02-17	0.32753
양파	2025-02-18	0.31273
양파	2025-02-19	0.31108
양파	2025-02-20	0.32189
양파	2025-02-21	0.28735
양파	2025-02-22	0.28359
양파	2025-02-23	0.32659
양파	2025-02-24	0.35267
양파	2025-02-25	0.34022
양파	2025-02-26	0.32659
양파	2025-02-27	0.31343
양파	2025-02-28	0.3475
양파	2025-03-01	0.28195
양파	2025-03-02	0.35267
양파	2025-03-03	0.37687
양파	2025-03-04	0.38909
양파	2025-03-05	0.34632
양파	2025-03-06	0.38133
양파	2025-03-07	0.328
양파	2025-03-08	0.31977
양파	2025-03-09	0.35502
양파	2025-03-10	0.40389
양파	2025-03-11	0.39919
양파	2025-03-12	0.3522
양파	2025-03-13	0.37217
양파	2025-03-14	0.31414
양파	2025-03-15	0.33011
양파	2025-03-16	0.39567
양파	2025-03-17	0.4443
양파	2025-03-18	0.40835
양파	2025-03-19	0.38533
양파	2025-03-20	0.37194
양파	2025-03-21	0.34445
양파	2025-03-22	0.29769
양파	2025-03-23	0.35807
양파	2025-03-24	0.41634
양파	2025-03-25	0.40412
양파	2025-03-26	0.37006
양파	2025-03-27	0.38298
양파	2025-03-28	0.33528
양파	2025-03-29	0.32706
양파	2025-03-30	0.40084
양파	2025-03-31	0.45253
양파	2025-04-01	0.44242
양파	2025-04-02	0.43561
양파	2025-04-03	0.46216
양파	2025-04-04	0.38462
양파	2025-04-05	0.39919
양파	2025-04-06	0.44548
양파	2025-04-07	0.53171
양파	2025-04-08	0.46709
양파	2025-04-09	0.49012
양파	2025-04-10	0.44618
양파	2025-04-11	0.39684
양파	2025-04-12	0.38721
양파	2025-04-13	0.43937
양파	2025-04-14	0.46733
양파	2025-04-15	0.44383
양파	2025-04-16	0.43608
양파	2025-04-17	0.44477
양파	2025-04-18	0.3186
양파	2025-04-19	0.33152
양파	2025-04-20	0.34491
양파	2025-04-21	0.38509
양파	2025-04-22	0.39355
양파	2025-04-23	0.38039
양파	2025-04-24	0.39285
양파	2025-04-25	0.29745
양파	2025-04-26	0.24929
양파	2025-04-27	0.27936
양파	2025-04-28	0.32447
양파	2025-04-29	0.32071
양파	2025-04-30	0.32847
양파	2025-05-01	0.32612
양파	2025-05-02	0.29745
양파	2025-05-03	0.27349
양파	2025-05-04	0.27255
양파	2025-05-05	0.30333
양파	2025-05-06	0.32635
양파	2025-05-07	0.42504
양파	2025-05-08	0.38439
양파	2025-05-09	0.31484
양파	2025-05-10	0.34116
양파	2025-05-11	0.48002
양파	2025-05-12	0.43161
양파	2025-05-13	0.42363
양파	2025-05-14	0.40624
양파	2025-05-15	0.33011
양파	2025-05-16	0.30732
양파	2025-05-17	0.41564
양파	2025-05-18	1.484
양파	2025-05-19	0.56155
양파	2025-05-20	0.44501
양파	2025-05-21	0.42457
양파	2025-05-22	0.41987
양파	2025-05-23	0.40953
양파	2025-05-24	0.34022
양파	2025-05-25	0.4295
양파	2025-05-26	0.39073
양파	2025-05-27	0.38274
양파	2025-05-28	0.39449
양파	2025-05-29	0.40365
양파	2025-05-30	0.38862
양파	2025-05-31	0.33387
양파	2025-06-01	1.0122
양파	2025-06-02	0.41587
양파	2025-06-03	0.37452
양파	2025-06-04	0.35995
양파	2025-06-05	0.38039
양파	2025-06-06	0.4107
양파	2025-06-07	0.39144
양파	2025-06-08	0.45253
양파	2025-06-09	0.47696
양파	2025-06-10	0.46592
양파	2025-06-11	0.48754
양파	2025-06-12	0.4927
양파	2025-06-13	0.40271
양파	2025-06-14	0.37006
양파	2025-06-15	1.12051
양파	2025-06-16	0.44266
양파	2025-06-17	0.41611
양파	2025-06-18	0.45018
양파	2025-06-19	0.44289
양파	2025-06-20	0.48213
양파	2025-06-21	0.40553
양파	2025-06-22	0.40389
양파	2025-06-23	0.37053
양파	2025-06-24	0.3569
양파	2025-06-25	0.35713
양파	2025-06-26	0.33693
양파	2025-06-27	0.33317
양파	2025-06-28	0.29863
양파	2025-06-29	0.35572
양파	2025-06-30	0.32095
양파	2025-07-01	0.35337
양파	2025-07-02	0.29957
양파	2025-07-03	0.29745
양파	2025-07-04	0.24647
양파	2025-07-05	0.27161
양파	2025-07-06	0.30168
양파	2025-07-07	0.29158
양파	2025-07-08	0.29228
양파	2025-07-09	0.26197
양파	2025-07-10	0.28923
양파	2025-07-11	0.25563
양파	2025-07-12	0.24036
양파	2025-07-13	1.4793
양파	2025-07-14	0.35361
양파	2025-07-15	0.29863
양파	2025-07-16	0.27067
양파	2025-07-17	0.285
양파	2025-07-18	0.2608
양파	2025-07-19	0.26009
양파	2025-07-20	0.27701
양파	2025-07-21	0.25046
양파	2025-07-22	0.26033
양파	2025-07-23	0.31813
양파	2025-07-24	0.29369
양파	2025-07-25	0.25328
양파	2025-07-26	0.26009
양파	2025-07-27	0.82165
양파	2025-07-28	0.27584
양파	2025-07-29	0.26738
양파	2025-07-30	0.25305
양파	2025-07-31	0.23072
양파	2025-08-01	0.24976
양파	2025-08-02	0.22579
양파	2025-08-03	0.27184
양파	2025-08-04	0.26785
양파	2025-08-05	0.24623
양파	2025-08-06	0.25868
양파	2025-08-07	0.24482
양파	2025-08-08	0.22814
양파	2025-08-09	0.23566
양파	2025-08-10	4.97972
양파	2025-08-11	1.64729
양파	2025-08-12	0.46521
양파	2025-08-13	0.31179
양파	2025-08-14	0.26526
양파	2025-08-15	0.38321
양파	2025-08-16	0.28101
양파	2025-08-17	0.34562
양파	2025-08-18	0.29581
양파	2025-08-19	0.32988
양파	2025-08-20	0.3092
양파	2025-08-21	0.29863
양파	2025-08-22	0.40342
양파	2025-08-23	0.36747
양파	2025-08-24	0.54721
양파	2025-08-25	0.47062
양파	2025-08-26	0.4006
양파	2025-08-27	0.35502
양파	2025-08-28	0.32823
양파	2025-08-29	0.28923
양파	2025-08-30	0.31601
양파	2025-08-31	0.30826
양파	2025-09-01	0.29275
양파	2025-09-02	0.29228
양파	2025-09-03	0.28923
양파	2025-09-04	0.27701
양파	2025-09-05	0.30145
양파	2025-09-06	0.27231
양파	2025-09-07	0.36606
양파	2025-09-08	0.27419
양파	2025-09-09	0.27161
양파	2025-09-10	0.25305
양파	2025-09-11	0.29228
양파	2025-09-12	0.36395
양파	2025-09-13	0.38556
양파	2025-09-14	0.3865
양파	2025-09-15	0.36254
양파	2025-09-16	0.3616
양파	2025-09-17	0.48072
양파	2025-09-18	0.42198
양파	2025-09-19	0.29463
양파	2025-09-20	0.2756
양파	2025-09-21	0.27396
양파	2025-09-22	0.2998
양파	2025-09-23	0.26902
양파	2025-09-24	0.26738
양파	2025-09-25	0.23895
양파	2025-09-26	0.24905
양파	2025-09-27	0.32353
양파	2025-09-28	0.27443
양파	2025-09-29	0.25587
양파	2025-09-30	0.21545
양파	2025-10-01	0.42927
양파	2025-10-02	0.18091
양파	2025-10-03	0.2037
양파	2025-10-04	0.20746
양파	2025-10-05	0.21028
양파	2025-10-06	0.17222
양파	2025-10-07	0.58575
양파	2025-10-08	0.50163
양파	2025-10-09	0.37123
양파	2025-10-10	0.35337
양파	2025-10-11	0.38603
양파	2025-10-12	0.33176
양파	2025-10-13	0.31061
양파	2025-10-14	0.30521
양파	2025-10-15	0.29839
양파	2025-10-16	0.2655
양파	2025-10-17	0.26385
양파	2025-10-18	0.29228
양파	2025-10-19	0.29134
양파	2025-10-20	0.26315
양파	2025-10-21	0.25023
양파	2025-10-22	0.27137
양파	2025-10-23	0.23143
양파	2025-10-24	0.23965
양파	2025-10-25	0.25657
양파	2025-10-26	0.26667
양파	2025-10-27	0.25798
양파	2025-10-28	0.32377
양파	2025-10-29	0.29675
양파	2025-10-30	0.25822
양파	2025-10-31	0.28758
양파	2025-11-01	0.28312
양파	2025-11-02	0.29416
양파	2025-11-03	0.33763
양파	2025-11-04	0.28077
양파	2025-11-05	0.28359
양파	2025-11-06	0.27513
양파	2025-11-07	0.24106
양파	2025-11-08	0.32682
양파	2025-11-09	0.28618
양파	2025-11-10	0.25516
양파	2025-11-11	0.25939
양파	2025-11-12	0.21851
양파	2025-11-13	0.21945
양파	2025-11-14	0.22344
양파	2025-11-15	0.21146
양파	2025-11-16	0.21545
양파	2025-11-17	0.23965
양파	2025-11-18	0.27842
양파	2025-11-19	0.26714
양파	2025-11-20	0.2514
양파	2025-11-21	0.22297
양파	2025-11-22	0.26479
양파	2025-11-23	0.25281
양파	2025-11-24	0.22133
양파	2025-11-25	0.23495
양파	2025-11-26	0.2178
양파	2025-11-27	0.21804
양파	2025-11-28	0.21428
양파	2025-11-29	0.20629
양파	2025-11-30	0.60854
양파	2025-12-01	0.23495
양파	2025-12-02	0.20089
양파	2025-12-03	0.19948
양파	2025-12-04	0.18726
양파	2025-12-05	0.26526
양파	2025-12-06	0.17504
양파	2025-12-07	0.52419
양파	2025-12-08	0.23213
양파	2025-12-09	0.21263
양파	2025-12-10	0.20347
양파	2025-12-11	0.25657
양파	2025-12-12	0.29745
양파	2025-12-13	0.29393
양파	2025-12-14	0.29322
양파	2025-12-15	0.27701
양파	2025-12-16	0.26738
양파	2025-12-17	0.25751
양파	2025-12-18	0.64073
양파	2025-12-19	0.45135
양파	2025-12-20	0.33011
양파	2025-12-21	0.4436
양파	2025-12-22	0.27161
양파	2025-12-23	0.26949
양파	2025-12-24	0.35149
양파	2025-12-25	0.75445
양파	2025-12-26	0.51855
양파	2025-12-27	0.48284
양파	2025-12-28	0.44689
양파	2025-12-29	0.39825
양파	2025-12-30	0.3381
양파	2025-12-31	0.29322
양파	2026-01-01	0.28782
양파	2026-01-02	0.30497
양파	2026-01-03	0.33011
양파	2026-01-04	0.99199
양파	2026-01-05	0.35337
양파	2026-01-06	0.33105
양파	2026-01-07	0.3327
양파	2026-01-08	0.2897
양파	2026-01-09	0.29863
양파	2026-01-10	0.33364
양파	2026-01-11	0.2944
양파	2026-01-12	0.28805
양파	2026-01-13	0.29886
양파	2026-01-14	0.28993
양파	2026-01-15	0.28852
양파	2026-01-16	0.27372
양파	2026-01-17	0.29017
양파	2026-01-18	0.37546
양파	2026-01-19	0.2749
양파	2026-01-20	0.29158
양파	2026-01-21	0.25328
양파	2026-01-22	0.25399
양파	2026-01-23	0.35643
양파	2026-01-24	0.35878
양파	2026-01-25	0.31132
양파	2026-01-26	0.27725
양파	2026-01-27	0.26597
양파	2026-01-28	0.26479
양파	2026-01-29	0.24459
양파	2026-01-30	0.24435
양파	2026-01-31	0.25986
양파	2026-02-01	0.28148
양파	2026-02-02	0.24247
양파	2026-02-03	0.22955
양파	2026-02-04	0.24764
양파	2026-02-05	0.24811
양파	2026-02-06	0.22227
양파	2026-02-07	0.22697
양파	2026-02-08	0.23378
양파	2026-02-09	0.23871
양파	2026-02-10	0.2077
양파	2026-02-11	0.20206
양파	2026-02-12	0.20135
양파	2026-02-13	0.15624
양파	2026-02-14	0.15718
양파	2026-02-15	0.14684
양파	2026-02-16	0.14473
양파	2026-02-17	0.13933
양파	2026-02-18	0.16799
양파	2026-02-19	0.17433
양파	2026-02-20	0.17316
양파	2026-02-21	0.18867
양파	2026-02-22	0.20018
양파	2026-02-23	0.18115
양파	2026-02-24	0.21193
양파	2026-02-25	0.18115
양파	2026-02-26	0.17621
양파	2026-02-27	1.22202
양파	2026-02-28	0.35079
양파	2026-03-01	0.32541
양파	2026-03-02	0.3381
양파	2026-03-03	0.27795
양파	2026-03-04	0.285
양파	2026-03-05	0.32283
양파	2026-03-06	0.2662
양파	2026-03-07	0.30803
양파	2026-03-08	0.31484
양파	2026-03-09	0.23119
양파	2026-03-10	0.24294
양파	2026-03-11	0.23801
양파	2026-03-12	0.22462
양파	2026-03-13	0.23707
양파	2026-03-14	0.30544
양파	2026-03-15	0.24294
양파	2026-03-16	0.25868
양파	2026-03-17	0.24506
양파	2026-03-18	0.23401
양파	2026-03-19	0.2326
양파	2026-03-20	0.20676
양파	2026-03-21	0.2124
양파	2026-03-22	0.23096
양파	2026-03-23	0.2084
양파	2026-03-24	0.23331
양파	2026-03-25	0.22391
양파	2026-03-26	0.20864
양파	2026-03-27	0.17668
양파	2026-03-28	0.18256
양파	2026-03-29	0.19995
양파	2026-03-30	0.21757
양파	2026-03-31	0.20605
양파	2026-04-01	0.20958
양파	2026-04-02	0.2084
양파	2026-04-03	0.18491
양파	2026-04-04	0.19078
양파	2026-04-05	0.21028
양파	2026-04-06	0.22438
양파	2026-04-07	0.22626
양파	2026-04-08	0.21334
양파	2026-04-09	0.20981
양파	2026-04-10	0.19384
양파	2026-04-11	0.19172
양파	2026-04-12	0.22109
양파	2026-04-13	0.22791
양파	2026-04-14	0.2366
양파	2026-04-15	0.24012
양파	2026-04-16	0.2272
양파	2026-04-17	0.19431
양파	2026-04-18	0.18185
양파	2026-04-19	0.18843
양파	2026-04-20	0.22391
양파	2026-04-21	0.22039
양파	2026-04-22	0.21028
양파	2026-04-23	0.20887
양파	2026-04-24	0.18279
양파	2026-04-25	0.18209
양파	2026-04-26	0.20488
양파	2026-04-27	0.19125
양파	2026-04-28	0.21122
양파	2026-04-29	0.22603
양파	2026-04-30	0.18655
양파	2026-05-01	0.17927
양파	2026-05-02	0.18256
양파	2026-05-03	0.19666
양파	2026-05-04	0.18961
양파	2026-05-05	0.19642
양파	2026-05-06	0.20112
양파	2026-05-07	0.19572
양파	2026-05-08	0.18397
양파	2026-05-09	0.22885
양파	2026-05-10	0.26785
양파	2026-05-11	0.27161
양파	2026-05-12	0.43937
양파	2026-05-13	0.33176
양파	2026-05-14	0.27584
양파	2026-05-15	0.25798
양파	2026-05-16	0.26996
양파	2026-05-17	0.24741
양파	2026-05-18	0.31108
양파	2026-05-19	0.33152
양파	2026-05-20	0.29745
양파	2026-05-21	0.26597
양파	2026-05-22	0.22814
양파	2026-05-23	0.20793
양파	2026-05-24	0.23237
양파	2026-05-25	0.2413
양파	2026-05-26	0.25281
양파	2026-05-27	0.24435
양파	2026-05-28	0.26221
양파	2026-05-29	0.20887
양파	2026-05-30	0.21522
양파	2026-05-31	0.22908
양파	2026-06-01	0.24318
양파	2026-06-02	0.24388
양파	2026-06-03	0.21592
양파	2026-06-04	0.23096
양파	2026-06-05	0.22509
양파	2026-06-06	0.26691
양파	2026-06-07	0.25657
양파	2026-06-08	0.27372
양파	2026-06-09	0.24858
양파	2026-06-10	0.25117
양파	2026-06-11	0.25023
양파	2026-06-12	0.23942
양파	2026-06-13	0.23378
양파	2026-06-14	0.26056
양파	2026-06-15	0.30356
양파	2026-06-16	0.36395
양파	2026-06-17	0.28899
양파	2026-06-18	0.26456
양파	2026-06-19	0.26456
양파	2026-06-20	0.21827
양파	2026-06-21	0.25258
양파	2026-06-22	0.23354
양파	2026-06-23	0.25187
양파	2026-06-24	0.23824
양파	2026-06-25	0.21428
양파	2026-06-26	0.1976
양파	2026-06-27	0.21945
양파	2026-06-28	0.23448
양파	2026-06-29	0.23096
양파	2026-06-30	0.23848
양파	2026-07-01	0.2225
양파	2026-07-02	0.21522
양파	2026-07-03	0.1983
양파	2026-07-04	0.19125
양파	2026-07-05	0.20253
양파	2026-07-06	0.20864
양파	2026-07-07	0.22156
양파	2026-07-08	0.18984
양파	2026-07-09	0.20699
양파	2026-07-10	0.1835
양파	2026-07-11	0.17128
양파	2026-07-12	0.19948
양파	2026-07-13	0.20958
양파	2026-07-14	0.18232
양파	2026-07-15	0.1842
양파	2026-07-16	0.17504
양파	2026-07-17	0.2124
양파	2026-07-18	0.17105
양파	2026-07-19	0.16494
양파	2026-07-20	0.16682
양파	2026-07-21	0.17997
양파	2026-07-22	0.17809
양파	2026-07-23	0.16353
양파	2026-07-24	0.15859
양파	2026-07-25	0.12076
양파	2026-07-26	0.15507
양파	2026-07-27	0.18021
양파	2026-07-28	0.17222
양파	2026-07-29	0.17527
양파	2026-07-30	0.17786
양파	2026-07-31	0.17786
양파	2026-08-01	0.16423
양파	2026-08-02	0.16282
양파	2026-08-03	0.18279
양파	2026-08-04	0.19595
양파	2026-08-05	0.19219
양파	2026-08-06	0.21592
양파	2026-08-07	0.17786
양파	2026-08-08	0.17011
양파	2026-08-09	0.19078
양파	2026-08-10	0.203
양파	2026-08-11	0.19501
양파	2026-08-12	0.17762
양파	2026-08-13	0.22485
양파	2026-08-14	0.20605
양파	2026-08-15	0.18655
양파	2026-08-16	0.18138
양파	2026-08-17	0.203
양파	2026-08-18	0.2171
양파	2026-08-19	0.17927
양파	2026-08-20	0.18961
양파	2026-08-21	0.16071
양파	2026-08-22	0.17574
양파	2026-08-23	0.18514
양파	2026-08-24	0.18585
양파	2026-08-25	0.17974
양파	2026-08-26	0.21592
양파	2026-08-27	0.20864
양파	2026-08-28	0.19243
양파	2026-08-29	0.17386
양파	2026-08-30	0.20135
양파	2026-08-31	0.20511
양파	2026-09-01	0.20535
양파	2026-09-02	0.18608
양파	2026-09-03	0.19924
양파	2026-09-04	0.18326
양파	2026-09-05	0.27137
양파	2026-09-06	0.29322
양파	2026-09-07	0.2897
양파	2026-09-08	0.28124
양파	2026-09-09	0.25516
양파	2026-09-10	0.24976
양파	2026-09-11	0.24106
양파	2026-09-12	0.23002
양파	2026-09-13	0.40107
양파	2026-09-14	100
양파	2026-09-15	100
양파	2026-09-16	100
양파	2026-09-17	100
양파	2026-09-18	100
양파	2026-09-19	100
양파	2026-09-21	100
